time,温度,湿度,A,B,C
2025-04-01 00:00:00,22.309,72.995,99.343,81.655,74.669
2025-04-01 00:00:01,22.54,74.77,99.855,81.364,75.539
2025-04-01 00:00:02,22.44,73.513,99.213,81.692,76.556
2025-04-01 00:00:03,21.852,74.975,99.549,81.144,76.352
2025-04-01 00:00:04,21.773,74.749,99.446,81.073,74.34
2025-04-01 00:00:05,22.259,74.419,99.482,81.053,77.232
2025-04-01 00:00:06,22.544,74.742,100.006,80.607,76.936
2025-04-01 00:00:07,22.486,73.5,99.131,80.488,79.334
2025-04-01 00:00:08,22.923,74.69,99.515,80.906,78.836
2025-04-01 00:00:09,22.651,73.616,98.37,81.351,78.997
2025-04-01 00:00:10,22.663,72.905,98.134,81.789,79.597
2025-04-01 00:00:11,22.298,73.7,99.557,80.748,79.617
2025-04-01 00:00:12,22.229,74.392,100.445,81.26,79.373
2025-04-01 00:00:13,23.051,74.115,100.292,81.035,80.519
2025-04-01 00:00:14,22.665,74.996,100.292,81.071,80.281
2025-04-01 00:00:15,22.936,75.243,100.79,80.413,79.87
2025-04-01 00:00:16,22.323,73.781,100.876,80.09,79.288
2025-04-01 00:00:17,22.646,73.142,100.928,81.225,80.718
2025-04-01 00:00:18,22.431,72.818,101.093,80.639,79.742
2025-04-01 00:00:19,22.626,74.456,101.532,80.385,82.908
2025-04-01 00:00:20,23.169,73.126,100.752,80.431,82.239
2025-04-01 00:00:21,22.492,72.775,100.631,81.271,81.514
2025-04-01 00:00:22,22.814,72.635,100.696,80.04,82.505
2025-04-01 00:00:23,23.06,73.507,100.195,80.563,81.959
2025-04-01 00:00:24,22.845,72.49,100.748,80.56,84.327
2025-04-01 00:00:25,23.005,72.098,100.52,80.119,83.446
2025-04-01 00:00:26,23.048,72.673,100.092,79.209,85.66
2025-04-01 00:00:27,23.272,71.207,99.599,79.104,83.935
2025-04-01 00:00:28,23.049,73.437,99.631,78.734,83.566
2025-04-01 00:00:29,23.29,73.133,99.557,79.738,82.981
2025-04-01 00:00:30,23.255,74.321,99.794,78.997,83.76
2025-04-01 00:00:31,23.393,73.443,99.835,80.229,82.727
2025-04-01 00:00:32,23.36,72.963,99.663,79.945,84.493
2025-04-01 00:00:33,23.815,73.212,99.966,80.976,82.761
2025-04-01 00:00:34,23.143,72.271,100.586,78.275,84.759
2025-04-01 00:00:35,23.724,70.881,101.217,77.997,84.239
2025-04-01 00:00:36,23.265,71.23,100.013,78.581,85.632
2025-04-01 00:00:37,23.119,72.655,99.481,79.145,83.389
2025-04-01 00:00:38,23.788,72.315,100.841,78.514,84.163
2025-04-01 00:00:39,23.311,72.857,101.368,78.671,86.294
2025-04-01 00:00:40,23.342,72.23,101.002,79.15,86.402
2025-04-01 00:00:41,23.057,72.904,100.787,78.074,85.974
2025-04-01 00:00:42,22.857,70.774,101.104,78.176,84.51
2025-04-01 00:00:43,23.689,73.299,100.283,78.178,84.118
2025-04-01 00:00:44,23.159,71.676,100.393,78.406,86.547
2025-04-01 00:00:45,23.751,71.805,99.755,77.784,85.297
2025-04-01 00:00:46,24.079,72.736,99.833,77.917,85.377
2025-04-01 00:00:47,23.497,70.915,99.348,78.398,85.783
2025-04-01 00:00:48,23.197,70.404,99.422,77.539,83.244
2025-04-01 00:00:49,23.657,70.528,98.567,76.365,84.276
2025-04-01 00:00:50,23.769,71.759,99.545,77.563,84.71
2025-04-01 00:00:51,23.462,70.543,100.292,77.482,83.819
2025-04-01 00:00:52,23.544,72.917,99.422,77.97,84.614
2025-04-01 00:00:53,23.936,73.387,98.503,77.56,84.516
2025-04-01 00:00:54,23.911,69.985,98.399,77.015,85.304
2025-04-01 00:00:55,23.739,70.862,98.752,76.811,84.12
2025-04-01 00:00:56,23.258,70.767,99.333,77.65,83.425
2025-04-01 00:00:57,23.493,70.288,98.492,76.788,84.5
2025-04-01 00:00:58,23.68,70.816,98.413,76.394,82.724
2025-04-01 00:00:59,23.424,70.218,97.77,76.573,83.366
2025-04-01 00:01:00,23.292,68.803,98.419,75.77,82.783
2025-04-01 00:01:01,23.231,71.944,98.542,76.66,82.977
2025-04-01 00:01:02,23.255,68.056,97.941,76.07,83.726
2025-04-01 00:01:03,23.226,70.325,98.039,76.722,83.49
2025-04-01 00:01:04,23.273,69.332,97.251,76.566,82.499
2025-04-01 00:01:05,23.732,70.332,97.867,75.567,83.883
2025-04-01 00:01:06,23.127,68.728,98.28,77.148,82.301
2025-04-01 00:01:07,23.611,69.675,98.617,75.926,81.48
2025-04-01 00:01:08,23.446,68.248,98.433,75.827,80.973
2025-04-01 00:01:09,23.338,69.123,99.334,76.78,80.713
2025-04-01 00:01:10,23.021,69.242,98.925,77.051,80.721
2025-04-01 00:01:11,23.105,69.422,99.22,77.008,81.219
2025-04-01 00:01:12,23.805,68.441,98.317,75.651,79.378
2025-04-01 00:01:13,23.213,68.628,98.97,76.174,81.414
2025-04-01 00:01:14,23.314,68.554,98.036,76.533,79.92
2025-04-01 00:01:15,23.32,68.507,98.385,75.855,80.299
2025-04-01 00:01:16,23.404,68.471,98.001,75.889,79.257
2025-04-01 00:01:17,22.982,69.033,97.14,76.553,79.075
2025-04-01 00:01:18,22.835,68.467,98.772,76.237,77.796
2025-04-01 00:01:19,22.965,69.212,98.309,75.431,79.042
2025-04-01 00:01:20,22.867,68.762,98.183,75.809,78.574
2025-04-01 00:01:21,23.145,68.549,98.559,76.209,76.511
2025-04-01 00:01:22,22.926,69.273,98.184,75.825,77.191
2025-04-01 00:01:23,22.902,66.515,98.292,75.431,78.558
2025-04-01 00:01:24,22.833,69.295,100.03,75.322,77.047
2025-04-01 00:01:25,23.117,67.343,98.374,75.158,76.25
2025-04-01 00:01:26,22.545,66.035,98.282,75.985,75.096
2025-04-01 00:01:27,22.522,68.609,98.848,75.376,76.955
2025-04-01 00:01:28,22.888,68.384,97.999,75.47,74.262
2025-04-01 00:01:29,22.547,67.326,96.899,75.374,75.636
2025-04-01 00:01:30,22.644,67.097,98.218,75.003,75.255
2025-04-01 00:01:31,22.273,66.045,98.733,75.777,72.818
2025-04-01 00:01:32,22.454,66.005,98.512,75.932,76.931
2025-04-01 00:01:33,22.531,67.254,98.493,75.202,74.28
2025-04-01 00:01:34,21.958,68.378,98.902,75.619,72.914
2025-04-01 00:01:35,22.102,67.037,99.847,75.831,73.761
2025-04-01 00:01:36,22.392,67.215,98.885,77.173,73.048
2025-04-01 00:01:37,22.893,66.135,100.058,76.145,73.201
2025-04-01 00:01:38,22.311,66.686,99.335,76.151,75.288
2025-04-01 00:01:39,22.109,66.46,100.933,75.922,73.48
2025-04-01 00:01:40,21.826,66.745,101.217,76.273,71.78
2025-04-01 00:01:41,22.151,66.025,100.425,75.941,70.959
2025-04-01 00:01:42,21.237,65.996,101.134,76.341,72.251
2025-04-01 00:01:43,21.926,65.621,101.304,76.936,70.654
2025-04-01 00:01:44,21.796,67.402,102.156,76.298,71.259
2025-04-01 00:01:45,21.694,66.267,101.762,75.968,71.233
2025-04-01 00:01:46,22.5,66.693,101.164,75.776,71.212
2025-04-01 00:01:47,21.016,65.965,101.032,75.621,68.916
2025-04-01 00:01:48,21.707,67.524,101.374,76.129,71.302
2025-04-01 00:01:49,21.689,66.889,100.774,75.857,69.633
2025-04-01 00:01:50,21.765,66.397,99.928,75.148,68.133
2025-04-01 00:01:51,21.1,67.802,100.372,75.883,69.502
2025-04-01 00:01:52,21.397,66.441,100.38,75.858,68.063
2025-04-01 00:01:53,21.046,66.84,101.088,76.488,66.512
2025-04-01 00:01:54,21.414,66.382,100.245,76.619,68.871
2025-04-01 00:01:55,21.47,66.174,101.562,76.929,70.488
2025-04-01 00:01:56,21.42,67.112,100.063,77.08,66.543
2025-04-01 00:01:57,21.271,65.649,99.297,77.163,68.282
2025-04-01 00:01:58,21.346,65.848,97.91,76.565,66.237
2025-04-01 00:01:59,21.305,66.642,98.907,78.143,65.236
2025-04-01 00:02:00,21.336,65.798,97.625,76.633,65.823
2025-04-01 00:02:01,21.185,65.568,96.988,76.621,66.787
2025-04-01 00:02:02,20.607,64.864,96.344,77.315,65.571
2025-04-01 00:02:03,20.862,65.963,96.952,76.328,67.098
2025-04-01 00:02:04,21.176,66.026,96.769,76.027,66.346
2025-04-01 00:02:05,20.766,68.174,95.797,76.461,67.268
2025-04-01 00:02:06,20.768,64.868,95.684,76.857,66.345
2025-04-01 00:02:07,21.01,66.304,95.677,75.725,64.666
2025-04-01 00:02:08,20.933,65.042,96.022,76.366,66.102
2025-04-01 00:02:09,21.186,66.319,95.931,76.758,66.734
2025-04-01 00:02:10,21.044,65.297,95.969,76.724,67.486
2025-04-01 00:02:11,20.734,66.389,95.243,76.3,64.749
2025-04-01 00:02:12,20.873,65.542,95.459,77.22,65.632
2025-04-01 00:02:13,19.958,65.095,95.529,77.078,64.28
2025-04-01 00:02:14,20.554,67.014,95.86,77.017,64.883
2025-04-01 00:02:15,20.727,65.919,95.603,76.672,66.013
2025-04-01 00:02:16,20.035,66.253,95.509,77.488,66.383
2025-04-01 00:02:17,20.636,65.79,95.018,76.804,65.572
2025-04-01 00:02:18,20.791,66.395,95.956,78.046,67.37
2025-04-01 00:02:19,21.01,66.724,96.365,76.641,64.602
2025-04-01 00:02:20,20.806,64.735,97.01,77.675,65.274
2025-04-01 00:02:21,21.238,66.372,96.468,77.078,66.467
2025-04-01 00:02:22,21.119,65.005,96.272,77.451,67.162
2025-04-01 00:02:23,20.16,66.106,97.639,77.141,65.007
2025-04-01 00:02:24,20.574,66.157,97.19,77.107,66.705
2025-04-01 00:02:25,20.588,66.054,96.247,77.029,64.839
2025-04-01 00:02:26,20.656,66.334,96.512,77.518,66.735
2025-04-01 00:02:27,20.452,66.916,97.008,76.633,67.191
2025-04-01 00:02:28,20.804,66.88,96.25,76.24,67.477
2025-04-01 00:02:29,20.843,67.119,97.378,76.341,66.572
2025-04-01 00:02:30,20.163,65.763,96.857,76.785,67.257
2025-04-01 00:02:31,20.905,65.673,96.244,77.364,67.29
2025-04-01 00:02:32,20.43,65.665,95.574,76.71,66.941
2025-04-01 00:02:33,20.946,67.223,96.941,75.778,67.047
2025-04-01 00:02:34,20.804,67.898,97.141,77.107,67.5
2025-04-01 00:02:35,20.603,67.039,97.748,77.374,68.674
2025-04-01 00:02:36,21.248,65.62,98.083,77.161,68.627
2025-04-01 00:02:37,20.929,67.046,98.792,76.068,68.146
2025-04-01 00:02:38,20.683,66.557,99.894,76.565,69.132
2025-04-01 00:02:39,20.761,66.755,100.413,77.746,69.101
2025-04-01 00:02:40,21.426,67.465,101.11,76.483,67.582
2025-04-01 00:02:41,21.143,66.908,100.336,75.573,69.556
2025-04-01 00:02:42,21.02,66.93,99.96,77.346,68.357
2025-04-01 00:02:43,20.818,67.167,100.68,76.629,69.156
2025-04-01 00:02:44,20.943,69.001,100.443,76.059,71.601
2025-04-01 00:02:45,20.84,68.316,101.385,77.064,69.937
2025-04-01 00:02:46,20.361,68.717,101.134,76.249,71.929
2025-04-01 00:02:47,21.108,66.995,101.927,76.153,70.618
2025-04-01 00:02:48,20.992,67.066,101.578,74.87,70.313
2025-04-01 00:02:49,20.489,67.628,102.105,76.027,71.575
2025-04-01 00:02:50,20.73,69.252,101.343,75.563,72.322
2025-04-01 00:02:51,20.877,67.235,103.087,75.318,73.385
2025-04-01 00:02:52,21.08,67.477,103.491,76.419,70.428
2025-04-01 00:02:53,21.532,66.861,103.704,75.454,73.606
2025-04-01 00:02:54,21.051,68.304,104.277,74.927,72.401
2025-04-01 00:02:55,20.497,69.142,103.419,74.618,70.958
2025-04-01 00:02:56,21.309,69.227,103.644,75.758,73.76
2025-04-01 00:02:57,21.099,66.859,103.163,74.834,75.479
2025-04-01 00:02:58,20.663,67.826,104.088,75.211,75.074
2025-04-01 00:02:59,20.539,68.764,103.896,74.103,75.12
2025-04-01 00:03:00,20.943,69.7,104.078,74.991,76.279
2025-04-01 00:03:01,21.415,69.356,102.61,74.627,75.069
2025-04-01 00:03:02,21.114,68.471,102.732,74.992,75.644
2025-04-01 00:03:03,21.563,69.714,104.073,74.866,75.571
2025-04-01 00:03:04,21.34,70.232,103.258,74.669,76.298
2025-04-01 00:03:05,21.522,68.785,103.456,74.693,75.824
2025-04-01 00:03:06,21.721,69.349,103.567,73.956,77.505
2025-04-01 00:03:07,21.728,70.585,104.018,73.719,77.311
2025-04-01 00:03:08,21.282,70.857,103.375,73.979,77.945
2025-04-01 00:03:09,22.222,68.637,104.078,72.59,79.492
2025-04-01 00:03:10,21.095,69.763,104.251,73.83,78.38
2025-04-01 00:03:11,21.678,69.674,104.662,73.744,77.538
2025-04-01 00:03:12,21.474,70.327,104.01,73.294,78.956
2025-04-01 00:03:13,22.184,71.161,104.853,73.764,78.905
2025-04-01 00:03:14,21.481,69.501,103.228,74.175,79.598
2025-04-01 00:03:15,21.611,69.237,103.331,73.926,81.078
2025-04-01 00:03:16,21.627,70.182,102.988,73.687,80.97
2025-04-01 00:03:17,21.603,70.577,101.975,73.119,80.525
2025-04-01 00:03:18,21.892,69.654,101.433,72.086,80.413
2025-04-01 00:03:19,22.166,71.18,101.676,72.383,80.348
2025-04-01 00:03:20,21.869,70.922,102.207,72.791,81.627
2025-04-01 00:03:21,21.7,71.221,101.091,72.789,82.443
2025-04-01 00:03:22,22.171,70.342,101.836,73.405,81.642
2025-04-01 00:03:23,22.29,70.752,102.355,72.906,81.667
2025-04-01 00:03:24,22.56,71.025,100.424,72.754,81.391
2025-04-01 00:03:25,22.151,70.943,99.531,72.534,82.401
2025-04-01 00:03:26,22.385,70.888,99.613,71.824,83.081
2025-04-01 00:03:27,22.76,71.945,98.431,73.042,82.779
2025-04-01 00:03:28,22.237,72.384,98.064,71.934,82.799
2025-04-01 00:03:29,22.552,71.085,97.947,72.452,83.574
2025-04-01 00:03:30,22.519,70.86,97.888,72.643,82.516
2025-04-01 00:03:31,22.24,71.865,98.05,73.247,83.216
2025-04-01 00:03:32,22.683,72.641,97.711,72.353,84.376
2025-04-01 00:03:33,23.099,71.711,96.729,72.299,83.863
2025-04-01 00:03:34,23.479,71.916,97.502,72.745,82.716
2025-04-01 00:03:35,22.416,72.895,97.364,71.801,84.769
2025-04-01 00:03:36,23.171,72.075,97.742,72.035,84.823
2025-04-01 00:03:37,23.268,71.693,98.399,71.176,84.506
2025-04-01 00:03:38,23.34,72.722,98.695,71.718,84.83
2025-04-01 00:03:39,22.885,71.223,99.576,71.221,85.145
2025-04-01 00:03:40,23.15,72.346,99.957,71.942,84.996
2025-04-01 00:03:41,22.91,73.377,99.603,72.525,84.216
2025-04-01 00:03:42,23.299,73.532,100.756,71.92,84.652
2025-04-01 00:03:43,23.527,72.448,99.315,71.215,85.351
2025-04-01 00:03:44,23.129,73.109,98.412,71.191,85.152
2025-04-01 00:03:45,23.305,73.034,98.984,72.768,84.928
2025-04-01 00:03:46,23.53,73.199,99.217,72.162,84.996
2025-04-01 00:03:47,23.52,72.971,99.508,71.967,85.221
2025-04-01 00:03:48,23.137,72.806,99.792,70.847,84.169
2025-04-01 00:03:49,23.777,73.773,100.922,71.162,84.419
2025-04-01 00:03:50,23.541,72.604,100.509,70.906,83.745
2025-04-01 00:03:51,23.469,73.155,99.94,70.37,85.274
2025-04-01 00:03:52,23.462,73.673,101.393,72.093,84.027
2025-04-01 00:03:53,23.685,73.231,101.013,71.633,84.065
2025-04-01 00:03:54,23.808,75.282,101.064,71.515,84.31
2025-04-01 00:03:55,23.142,74.562,100.986,71.145,83.536
2025-04-01 00:03:56,23.284,73.288,100.474,72.219,84.808
2025-04-01 00:03:57,23.047,73.484,100.297,70.742,84.256
2025-04-01 00:03:58,23.717,73.786,101.4,71.422,82.709
2025-04-01 00:03:59,23.717,71.533,101.318,71.577,83.647
2025-04-01 00:04:00,23.513,73.278,102.425,71.48,83.548
2025-04-01 00:04:01,23.304,71.912,102.359,71.867,83.102
2025-04-01 00:04:02,24.039,73.955,103.515,71.731,84.387
2025-04-01 00:04:03,24.138,73.46,103.713,71.057,83.712
2025-04-01 00:04:04,24.142,75.177,103.701,71.189,83.48
2025-04-01 00:04:05,23.692,73.361,104.266,71.369,82.106
2025-04-01 00:04:06,23.727,73.219,103.436,71.704,82.497
2025-04-01 00:04:07,23.732,73.019,103.516,71.346,80.288
2025-04-01 00:04:08,23.655,75.148,104.7,71.042,81.661
2025-04-01 00:04:09,23.33,73.763,103.239,71.63,80.894
2025-04-01 00:04:10,23.518,74.922,103.324,72.509,81.107
2025-04-01 00:04:11,23.945,73.598,102.278,71.137,80.622
2025-04-01 00:04:12,23.698,72.553,102.576,71.459,82.046
2025-04-01 00:04:13,23.553,73.144,101.658,71.263,82.394
2025-04-01 00:04:14,23.616,74.591,101.087,70.738,80.659
2025-04-01 00:04:15,24.21,75.064,101.459,71.401,81.759
2025-04-01 00:04:16,24.124,74.54,102.868,72.176,80.384
2025-04-01 00:04:17,24.0,73.811,102.765,71.762,78.304
2025-04-01 00:04:18,23.712,73.79,102.297,71.56,79.176
2025-04-01 00:04:19,23.285,73.321,102.888,71.821,79.136
2025-04-01 00:04:20,23.693,73.979,102.628,71.731,79.221
2025-04-01 00:04:21,23.523,73.902,101.911,72.545,75.93
2025-04-01 00:04:22,23.79,72.589,102.242,72.246,79.742
2025-04-01 00:04:23,23.894,72.977,101.464,72.738,78.359
2025-04-01 00:04:24,23.364,73.352,101.152,72.484,76.794
2025-04-01 00:04:25,23.944,73.764,101.171,72.408,76.139
2025-04-01 00:04:26,23.545,74.552,100.622,72.134,76.973
2025-04-01 00:04:27,23.532,74.703,101.005,71.81,75.625
2025-04-01 00:04:28,23.313,73.91,100.711,72.377,76.299
2025-04-01 00:04:29,23.4,73.377,99.924,72.161,76.514
2025-04-01 00:04:30,23.458,73.383,100.112,72.424,74.624
2025-04-01 00:04:31,23.342,73.212,100.619,72.641,73.993
2025-04-01 00:04:32,23.278,74.545,101.235,72.333,73.535
2025-04-01 00:04:33,23.225,72.873,100.046,72.008,75.933
2025-04-01 00:04:34,23.924,73.129,99.89,72.255,73.589
2025-04-01 00:04:35,23.219,73.148,100.039,72.049,72.586
2025-04-01 00:04:36,23.474,73.79,100.462,71.979,74.099
2025-04-01 00:04:37,23.237,72.814,99.832,72.153,73.847
2025-04-01 00:04:38,22.302,73.127,99.668,72.418,72.776
2025-04-01 00:04:39,24.079,72.532,99.897,72.667,72.784
2025-04-01 00:04:40,23.106,74.249,99.214,72.924,72.133
2025-04-01 00:04:41,22.902,72.602,98.271,73.031,71.893
2025-04-01 00:04:42,23.424,72.281,97.944,72.543,72.262
2025-04-01 00:04:43,23.435,73.43,98.11,72.348,71.849
2025-04-01 00:04:44,22.779,71.02,98.484,73.299,69.378
2025-04-01 00:04:45,22.659,73.368,97.292,72.218,72.164
2025-04-01 00:04:46,22.602,71.175,98.201,72.007,70.657
2025-04-01 00:04:47,22.93,72.502,98.555,72.09,69.572
2025-04-01 00:04:48,22.832,72.898,98.736,73.229,71.476
2025-04-01 00:04:49,22.975,71.11,98.562,72.786,69.923
2025-04-01 00:04:50,22.661,72.383,97.57,73.039,69.727
2025-04-01 00:04:51,22.498,71.343,96.225,71.818,70.316
2025-04-01 00:04:52,22.642,71.697,96.893,72.866,69.707
2025-04-01 00:04:53,22.39,71.751,95.86,72.874,69.621
2025-04-01 00:04:54,22.714,71.116,96.069,72.307,67.014
2025-04-01 00:04:55,22.596,70.921,94.574,73.009,67.194
2025-04-01 00:04:56,22.592,71.111,94.754,73.085,68.793
2025-04-01 00:04:57,22.514,71.957,95.068,72.04,68.403
2025-04-01 00:04:58,22.207,70.741,94.907,73.032,68.275
2025-04-01 00:04:59,21.769,72.097,95.429,72.892,68.192
2025-04-01 00:05:00,22.62,73.207,95.57,72.416,65.814
2025-04-01 00:05:01,22.519,70.941,94.706,72.158,66.748
2025-04-01 00:05:02,21.924,71.492,96.061,71.496,67.156
2025-04-01 00:05:03,22.371,71.364,95.275,72.804,66.855
2025-04-01 00:05:04,22.102,70.827,94.744,72.631,67.463
2025-04-01 00:05:05,21.987,70.881,94.926,72.602,67.243
2025-04-01 00:05:06,21.962,71.346,95.311,72.629,66.433
2025-04-01 00:05:07,21.669,70.202,95.32,71.648,66.957
2025-04-01 00:05:08,21.834,70.819,96.484,71.527,66.259
2025-04-01 00:05:09,21.844,69.012,97.292,72.145,66.797
2025-04-01 00:05:10,21.845,70.839,97.257,71.458,65.018
2025-04-01 00:05:11,21.553,70.621,98.164,72.049,65.043
2025-04-01 00:05:12,21.812,70.082,97.09,71.842,65.743
2025-04-01 00:05:13,21.48,68.952,97.973,70.824,65.151
2025-04-01 00:05:14,21.461,69.245,98.523,72.262,65.056
2025-04-01 00:05:15,21.595,68.735,97.718,71.984,67.07
2025-04-01 00:05:16,21.391,69.185,98.82,72.192,65.307
2025-04-01 00:05:17,21.18,68.516,98.828,71.529,65.258
2025-04-01 00:05:18,21.292,68.933,97.508,70.86,65.991
2025-04-01 00:05:19,21.201,68.87,97.437,70.908,66.847
2025-04-01 00:05:20,21.412,69.793,99.335,70.524,68.1
2025-04-01 00:05:21,21.539,69.457,99.143,71.511,64.799
2025-04-01 00:05:22,21.476,69.987,99.413,72.138,67.562
2025-04-01 00:05:23,21.064,69.31,99.418,70.826,65.595
2025-04-01 00:05:24,21.123,69.389,99.921,71.479,66.783
2025-04-01 00:05:25,21.278,69.018,100.046,70.429,66.765
2025-04-01 00:05:26,20.679,69.743,100.354,70.188,66.399
2025-04-01 00:05:27,21.391,68.756,100.133,70.372,65.32
2025-04-01 00:05:28,21.47,67.418,98.436,70.261,68.566
2025-04-01 00:05:29,21.283,68.967,98.08,70.249,66.092
2025-04-01 00:05:30,20.393,67.169,98.355,71.651,67.28
2025-04-01 00:05:31,21.101,67.898,98.884,69.357,68.105
2025-04-01 00:05:32,20.44,68.019,99.365,70.183,69.392
2025-04-01 00:05:33,21.25,68.871,99.634,70.339,67.234
2025-04-01 00:05:34,20.297,67.674,100.11,69.888,68.171
2025-04-01 00:05:35,20.502,66.904,100.879,69.509,66.721
2025-04-01 00:05:36,21.015,67.304,100.416,70.314,69.81
2025-04-01 00:05:37,20.46,66.751,100.533,70.399,68.884
2025-04-01 00:05:38,20.043,67.803,100.467,69.736,69.606
2025-04-01 00:05:39,20.529,66.943,101.42,69.453,68.608
2025-04-01 00:05:40,20.973,67.61,101.837,69.29,71.09
2025-04-01 00:05:41,20.472,68.078,101.04,69.22,68.842
2025-04-01 00:05:42,20.486,66.953,100.089,68.89,69.691
2025-04-01 00:05:43,20.858,67.599,100.185,69.258,69.237
2025-04-01 00:05:44,20.796,67.579,100.473,68.949,70.972
2025-04-01 00:05:45,21.163,64.59,100.1,69.761,71.563
2025-04-01 00:05:46,21.04,66.023,99.062,69.139,72.016
2025-04-01 00:05:47,20.678,66.464,99.755,68.684,70.747
2025-04-01 00:05:48,20.562,65.653,99.805,69.262,73.149
2025-04-01 00:05:49,21.098,67.036,99.687,68.991,71.445
2025-04-01 00:05:50,20.57,65.413,99.869,67.571,72.246
2025-04-01 00:05:51,20.446,65.802,100.322,68.331,72.568
2025-04-01 00:05:52,20.919,66.396,101.113,68.249,74.54
2025-04-01 00:05:53,20.602,65.176,101.055,68.962,72.708
2025-04-01 00:05:54,20.323,66.222,100.762,67.891,73.747
2025-04-01 00:05:55,20.982,67.148,101.117,67.588,73.768
2025-04-01 00:05:56,21.078,64.204,100.948,68.38,72.501
2025-04-01 00:05:57,20.456,66.594,101.84,67.922,74.369
2025-04-01 00:05:58,20.718,64.947,101.034,68.24,74.603
2025-04-01 00:05:59,20.699,65.009,99.825,67.511,74.127
2025-04-01 00:06:00,20.808,66.044,100.173,67.506,76.501
2025-04-01 00:06:01,20.74,66.391,99.777,67.954,75.793
2025-04-01 00:06:02,20.438,65.869,100.124,67.869,76.888
2025-04-01 00:06:03,20.921,66.589,99.619,68.658,76.747
2025-04-01 00:06:04,20.831,65.943,100.41,68.716,77.859
2025-04-01 00:06:05,20.993,65.521,99.914,68.098,76.975
2025-04-01 00:06:06,21.176,65.993,99.647,68.574,76.169
2025-04-01 00:06:07,21.246,65.62,98.357,67.404,76.385
2025-04-01 00:06:08,21.154,65.981,98.332,67.348,77.08
2025-04-01 00:06:09,20.262,66.279,98.771,67.388,80.836
2025-04-01 00:06:10,20.769,67.445,97.861,66.948,79.092
2025-04-01 00:06:11,21.137,66.685,97.606,67.539,79.485
2025-04-01 00:06:12,21.388,65.992,97.966,67.598,79.872
2025-04-01 00:06:13,20.862,65.285,97.804,68.279,78.943
2025-04-01 00:06:14,20.969,67.309,98.346,67.512,80.343
2025-04-01 00:06:15,21.758,66.401,97.57,67.37,82.717
2025-04-01 00:06:16,20.505,65.469,97.169,66.733,82.937
2025-04-01 00:06:17,21.207,65.996,96.43,66.822,79.09
2025-04-01 00:06:18,21.141,64.687,95.869,67.398,81.169
2025-04-01 00:06:19,21.258,66.46,96.834,67.399,80.461
2025-04-01 00:06:20,21.312,65.624,97.047,67.498,81.816
2025-04-01 00:06:21,21.654,66.523,96.781,66.995,82.889
2025-04-01 00:06:22,21.788,65.817,96.469,67.466,81.688
2025-04-01 00:06:23,22.47,66.066,96.48,67.181,82.219
2025-04-01 00:06:24,22.124,66.899,96.028,67.218,81.711
2025-04-01 00:06:25,21.61,65.523,95.769,67.2,82.56
2025-04-01 00:06:26,21.747,66.349,96.478,68.054,82.694
2025-04-01 00:06:27,22.032,65.985,97.641,67.483,82.556
2025-04-01 00:06:28,22.564,67.649,97.746,68.299,82.925
2025-04-01 00:06:29,21.75,66.136,97.713,67.098,84.281
2025-04-01 00:06:30,21.972,67.209,98.201,66.994,84.682
2025-04-01 00:06:31,21.843,65.233,96.45,67.36,82.762
2025-04-01 00:06:32,22.302,66.002,95.971,66.511,84.526
2025-04-01 00:06:33,21.581,66.007,96.323,67.445,83.758
2025-04-01 00:06:34,22.081,66.122,96.837,66.511,83.6
2025-04-01 00:06:35,21.685,66.429,96.561,67.701,83.596
2025-04-01 00:06:36,22.215,66.677,98.03,68.427,85.099
2025-04-01 00:06:37,22.421,65.941,98.421,66.276,83.686
2025-04-01 00:06:38,22.107,66.587,98.889,67.113,84.674
2025-04-01 00:06:39,22.206,68.094,98.621,66.435,84.202
2025-04-01 00:06:40,22.666,66.761,99.639,67.817,83.604
2025-04-01 00:06:41,22.34,65.406,99.85,66.903,83.58
2025-04-01 00:06:42,22.589,66.809,99.051,67.274,85.523
2025-04-01 00:06:43,22.395,66.565,99.629,67.563,83.457
2025-04-01 00:06:44,22.234,67.75,100.32,68.432,84.65
2025-04-01 00:06:45,22.437,66.795,99.449,66.603,85.118
2025-04-01 00:06:46,23.242,67.396,100.242,68.125,86.046
2025-04-01 00:06:47,22.572,67.721,99.427,67.588,81.751
2025-04-01 00:06:48,22.721,66.826,99.624,67.385,84.561
2025-04-01 00:06:49,23.112,69.486,99.658,67.837,85.254
2025-04-01 00:06:50,22.909,67.964,98.174,67.239,84.315
2025-04-01 00:06:51,23.005,66.511,97.333,68.232,85.611
2025-04-01 00:06:52,23.579,66.503,97.33,67.384,84.189
2025-04-01 00:06:53,23.21,67.603,98.259,67.945,85.42
2025-04-01 00:06:54,22.733,68.117,98.057,67.0,84.976
2025-04-01 00:06:55,23.225,67.717,97.32,69.156,83.416
2025-04-01 00:06:56,22.883,67.021,97.501,69.046,83.89
2025-04-01 00:06:57,22.999,67.528,98.322,68.42,85.176
2025-04-01 00:06:58,23.467,67.233,98.737,68.024,82.514
2025-04-01 00:06:59,23.205,68.903,98.599,67.95,83.573
2025-04-01 00:07:00,23.135,67.883,98.212,68.914,84.401
2025-04-01 00:07:01,23.092,68.966,98.941,68.377,82.088
2025-04-01 00:07:02,23.343,68.651,98.311,68.394,83.606
2025-04-01 00:07:03,23.254,68.871,98.482,68.273,82.577
2025-04-01 00:07:04,23.664,68.383,98.917,68.524,82.63
2025-04-01 00:07:05,23.467,68.262,98.588,69.028,84.089
2025-04-01 00:07:06,23.393,68.197,98.301,68.667,82.588
2025-04-01 00:07:07,24.399,68.339,97.674,68.207,82.485
2025-04-01 00:07:08,23.6,67.706,96.566,68.633,82.25
2025-04-01 00:07:09,23.316,68.29,96.332,68.388,81.722
2025-04-01 00:07:10,23.189,69.574,95.865,68.677,83.975
2025-04-01 00:07:11,23.25,70.351,97.085,68.204,81.819
2025-04-01 00:07:12,23.204,68.32,96.369,67.661,80.278
2025-04-01 00:07:13,23.614,69.267,96.466,68.792,79.434
2025-04-01 00:07:14,23.656,70.019,95.927,67.869,79.661
2025-04-01 00:07:15,23.866,69.837,95.103,67.749,80.773
2025-04-01 00:07:16,23.404,70.942,95.543,68.712,80.202
2025-04-01 00:07:17,23.587,70.646,95.693,67.908,78.591
2025-04-01 00:07:18,23.573,69.684,95.87,68.383,77.268
2025-04-01 00:07:19,24.259,70.235,95.588,69.181,78.598
2025-04-01 00:07:20,23.822,69.078,95.966,67.992,79.678
2025-04-01 00:07:21,23.927,69.807,94.27,68.813,78.877
2025-04-01 00:07:22,24.143,69.927,94.269,68.442,78.357
2025-04-01 00:07:23,23.888,70.198,93.191,69.092,78.177
2025-04-01 00:07:24,23.812,69.478,92.552,69.108,77.605
2025-04-01 00:07:25,23.709,71.207,93.834,67.928,76.165
2025-04-01 00:07:26,23.758,70.24,92.92,68.163,78.947
2025-04-01 00:07:27,23.841,69.873,92.233,68.572,75.656
2025-04-01 00:07:28,23.786,68.662,92.88,68.019,74.081
2025-04-01 00:07:29,23.79,69.88,91.499,68.587,75.781
2025-04-01 00:07:30,24.434,69.895,91.331,68.057,76.131
2025-04-01 00:07:31,23.461,70.725,91.547,68.299,75.304
2025-04-01 00:07:32,23.241,72.742,91.684,68.775,75.211
2025-04-01 00:07:33,23.971,70.08,91.063,69.13,75.275
2025-04-01 00:07:34,24.266,72.541,90.547,67.253,73.326
2025-04-01 00:07:35,23.766,71.343,89.494,68.001,75.238
2025-04-01 00:07:36,24.091,70.721,90.798,68.108,73.798
2025-04-01 00:07:37,24.328,71.895,90.707,67.825,73.064
2025-04-01 00:07:38,23.752,70.82,90.297,67.893,74.739
2025-04-01 00:07:39,23.874,72.215,89.751,67.295,71.618
2025-04-01 00:07:40,23.551,72.104,88.695,67.359,75.147
2025-04-01 00:07:41,23.592,71.664,89.511,67.167,71.59
2025-04-01 00:07:42,23.646,72.102,89.081,67.78,71.915
2025-04-01 00:07:43,23.97,72.531,89.557,67.737,72.52
2025-04-01 00:07:44,24.178,72.017,89.547,68.421,69.906
2025-04-01 00:07:45,23.918,72.355,89.779,67.144,69.807
2025-04-01 00:07:46,23.431,71.204,89.008,68.374,71.386
2025-04-01 00:07:47,23.434,70.711,88.022,67.929,69.154
2025-04-01 00:07:48,23.535,72.489,87.322,67.161,70.248
2025-04-01 00:07:49,23.624,71.789,87.62,67.469,69.716
2025-04-01 00:07:50,23.77,72.622,89.123,68.285,69.064
2025-04-01 00:07:51,23.119,72.188,87.516,66.368,68.787
2025-04-01 00:07:52,23.224,73.137,87.178,67.507,69.276
2025-04-01 00:07:53,24.046,71.942,87.996,67.072,68.765
2025-04-01 00:07:54,23.621,73.002,88.406,67.31,67.996
2025-04-01 00:07:55,23.574,73.56,89.207,66.925,66.874
2025-04-01 00:07:56,22.997,73.411,89.756,67.218,70.646
2025-04-01 00:07:57,23.691,72.631,90.038,67.698,68.231
2025-04-01 00:07:58,23.512,72.489,90.415,66.793,69.512
2025-04-01 00:07:59,22.874,74.017,90.476,67.087,67.647
2025-04-01 00:08:00,22.906,72.916,90.082,67.086,67.561
2025-04-01 00:08:01,23.429,72.996,90.251,67.281,69.219
2025-04-01 00:08:02,22.806,73.364,91.697,66.424,66.964
2025-04-01 00:08:03,23.342,73.039,91.93,65.673,66.393
2025-04-01 00:08:04,22.961,72.415,91.779,66.16,68.892
2025-04-01 00:08:05,23.281,75.291,92.078,65.379,66.753
2025-04-01 00:08:06,23.314,73.854,92.68,66.356,66.331
2025-04-01 00:08:07,23.555,71.852,92.777,66.066,66.27
2025-04-01 00:08:08,22.425,73.256,94.155,66.341,65.726
2025-04-01 00:08:09,22.471,73.623,92.432,65.593,65.692
2025-04-01 00:08:10,22.835,74.151,93.186,65.862,66.869
2025-04-01 00:08:11,23.33,73.662,93.119,65.389,68.165
2025-04-01 00:08:12,22.932,72.735,93.534,65.205,65.765
2025-04-01 00:08:13,22.324,73.125,93.321,65.636,69.08
2025-04-01 00:08:14,22.961,73.906,93.849,65.444,66.076
2025-04-01 00:08:15,22.618,74.445,93.621,65.035,66.142
2025-04-01 00:08:16,22.982,73.856,93.822,65.71,66.074
2025-04-01 00:08:17,22.2,73.421,94.866,64.455,67.333
2025-04-01 00:08:18,22.781,74.398,95.092,64.291,68.231
2025-04-01 00:08:19,22.873,74.756,96.004,64.303,67.881
2025-04-01 00:08:20,22.113,73.785,96.136,64.283,66.274
2025-04-01 00:08:21,22.407,74.081,96.601,64.837,67.163
2025-04-01 00:08:22,22.453,73.952,96.012,63.747,67.87
2025-04-01 00:08:23,22.334,74.575,96.453,64.448,66.575
2025-04-01 00:08:24,21.966,72.911,96.773,65.766,67.124
2025-04-01 00:08:25,22.486,74.031,97.235,64.986,68.364
2025-04-01 00:08:26,21.861,73.028,97.655,64.313,67.9
2025-04-01 00:08:27,22.117,73.144,96.594,64.016,67.948
2025-04-01 00:08:28,22.194,73.11,97.344,64.41,67.788
2025-04-01 00:08:29,22.111,73.789,96.919,64.68,68.393
2025-04-01 00:08:30,22.137,73.859,96.253,63.85,69.303
2025-04-01 00:08:31,21.366,74.128,97.461,63.707,67.284
2025-04-01 00:08:32,21.185,72.592,96.897,64.241,67.953
2025-04-01 00:08:33,21.893,72.389,96.623,64.319,67.147
2025-04-01 00:08:34,21.884,73.375,96.508,63.707,68.393
2025-04-01 00:08:35,22.162,73.362,95.612,63.258,67.956
2025-04-01 00:08:36,21.631,74.102,95.738,62.966,68.142
2025-04-01 00:08:37,21.61,73.63,95.416,64.014,68.563
2025-04-01 00:08:38,21.169,72.675,94.585,63.756,68.662
2025-04-01 00:08:39,21.699,74.26,94.835,64.528,69.741
2025-04-01 00:08:40,21.973,72.316,95.615,63.474,69.146
2025-04-01 00:08:41,21.385,72.503,95.446,63.872,69.878
2025-04-01 00:08:42,21.609,74.573,95.862,63.713,71.232
2025-04-01 00:08:43,21.792,73.391,96.745,63.429,71.357
2025-04-01 00:08:44,21.756,71.329,96.384,63.261,72.464
2025-04-01 00:08:45,21.649,73.215,96.042,63.268,70.456
2025-04-01 00:08:46,21.644,72.948,94.57,63.951,70.995
2025-04-01 00:08:47,20.292,73.24,93.203,63.357,73.278
2025-04-01 00:08:48,20.714,71.639,94.374,63.668,73.19
2025-04-01 00:08:49,21.358,72.336,94.205,62.887,73.184
2025-04-01 00:08:50,20.713,71.396,94.187,63.086,70.784
2025-04-01 00:08:51,21.485,72.169,92.974,62.993,76.097
2025-04-01 00:08:52,20.995,72.425,93.087,63.076,74.098
2025-04-01 00:08:53,20.672,72.723,94.603,62.652,72.482
2025-04-01 00:08:54,21.384,71.172,94.22,63.493,74.274
2025-04-01 00:08:55,20.905,72.041,94.736,63.731,72.004
2025-04-01 00:08:56,20.785,73.089,93.777,62.509,73.81
2025-04-01 00:08:57,21.285,71.837,92.906,62.986,76.216
2025-04-01 00:08:58,20.977,72.872,93.313,62.915,72.786
2025-04-01 00:08:59,20.665,72.397,93.23,64.003,74.381
2025-04-01 00:09:00,20.685,70.34,94.336,63.671,75.72
2025-04-01 00:09:01,20.506,71.873,92.915,63.317,76.524
2025-04-01 00:09:02,21.475,72.082,93.441,63.741,76.548
2025-04-01 00:09:03,21.371,70.92,92.944,63.408,76.607
2025-04-01 00:09:04,20.979,71.872,93.691,63.052,77.208
2025-04-01 00:09:05,20.752,71.848,93.079,62.943,76.696
2025-04-01 00:09:06,21.097,69.645,93.364,63.669,77.495
2025-04-01 00:09:07,20.887,70.489,92.667,63.237,78.545
2025-04-01 00:09:08,21.181,70.685,92.817,62.693,78.725
2025-04-01 00:09:09,21.132,71.482,92.573,64.071,79.802
2025-04-01 00:09:10,20.96,70.706,92.142,64.389,80.566
2025-04-01 00:09:11,20.861,70.573,92.753,63.459,80.054
2025-04-01 00:09:12,21.129,70.612,92.284,63.494,79.907
2025-04-01 00:09:13,20.953,70.075,93.192,63.499,79.025
2025-04-01 00:09:14,20.461,70.301,93.173,62.747,80.381
2025-04-01 00:09:15,21.051,71.664,93.922,63.618,78.468
2025-04-01 00:09:16,21.515,70.592,94.487,64.364,81.363
2025-04-01 00:09:17,20.873,71.064,93.742,63.394,80.764
2025-04-01 00:09:18,21.076,71.663,94.023,63.528,80.966
2025-04-01 00:09:19,20.91,70.233,93.744,63.653,82.877
2025-04-01 00:09:20,21.109,69.292,93.156,65.137,81.202
2025-04-01 00:09:21,20.951,70.06,93.67,63.956,81.411
2025-04-01 00:09:22,21.769,69.461,94.775,64.138,83.035
2025-04-01 00:09:23,21.218,70.66,95.265,63.773,83.04
2025-04-01 00:09:24,21.108,69.487,95.91,63.678,82.34
2025-04-01 00:09:25,21.216,68.597,95.669,64.358,83.515
2025-04-01 00:09:26,21.174,69.077,95.577,62.74,83.845
2025-04-01 00:09:27,21.611,69.746,96.417,64.115,81.734
2025-04-01 00:09:28,20.983,68.776,97.851,64.436,83.581
2025-04-01 00:09:29,20.977,67.834,96.744,63.981,83.717
2025-04-01 00:09:30,21.415,68.0,96.881,63.476,85.376
2025-04-01 00:09:31,21.215,68.395,96.829,64.037,83.459
2025-04-01 00:09:32,21.118,68.626,96.448,64.293,84.525
2025-04-01 00:09:33,20.778,68.651,96.924,64.437,86.682
2025-04-01 00:09:34,21.366,68.475,97.607,64.094,83.827
2025-04-01 00:09:35,21.229,69.248,97.275,64.226,83.522
2025-04-01 00:09:36,21.764,67.741,96.71,64.038,83.339
2025-04-01 00:09:37,21.148,68.201,96.927,63.997,83.387
2025-04-01 00:09:38,21.636,67.904,97.322,63.961,84.884
2025-04-01 00:09:39,21.535,68.066,97.36,64.486,83.222
2025-04-01 00:09:40,21.386,66.583,96.348,64.334,84.094
2025-04-01 00:09:41,22.014,67.292,95.763,64.213,85.013
2025-04-01 00:09:42,22.109,66.195,95.564,64.425,83.628
2025-04-01 00:09:43,21.621,68.585,96.288,64.151,86.109
2025-04-01 00:09:44,21.692,68.535,94.829,65.198,86.089
2025-04-01 00:09:45,21.168,67.091,96.043,65.087,85.295
2025-04-01 00:09:46,22.12,68.64,94.653,64.339,84.644
2025-04-01 00:09:47,21.842,67.013,94.866,65.042,84.715
2025-04-01 00:09:48,22.282,66.337,94.813,65.016,84.521
2025-04-01 00:09:49,21.85,67.193,94.36,64.719,84.278
2025-04-01 00:09:50,22.192,68.189,93.312,65.707,85.006
2025-04-01 00:09:51,22.209,66.377,93.44,64.096,85.869
2025-04-01 00:09:52,22.272,66.103,93.262,63.214,86.101
2025-04-01 00:09:53,22.035,67.564,92.308,65.144,85.395
2025-04-01 00:09:54,22.017,66.901,92.796,64.783,83.352
2025-04-01 00:09:55,21.922,66.056,92.147,63.929,84.939
2025-04-01 00:09:56,22.366,68.005,91.963,63.854,85.704
2025-04-01 00:09:57,22.102,67.336,93.091,65.124,82.735
2025-04-01 00:09:58,22.554,66.333,92.918,64.452,85.039
2025-04-01 00:09:59,21.876,66.187,92.285,64.689,83.391
2025-04-01 00:10:00,22.903,66.598,93.141,64.258,84.752
2025-04-01 00:10:01,22.702,66.427,93.467,64.233,82.025
2025-04-01 00:10:02,22.614,65.424,91.499,64.229,82.874
2025-04-01 00:10:03,22.404,66.162,92.293,63.772,84.141
2025-04-01 00:10:04,22.441,67.08,92.076,64.61,83.547
2025-04-01 00:10:05,22.594,66.072,91.744,63.805,82.711
2025-04-01 00:10:06,22.977,64.956,91.736,64.219,82.757
2025-04-01 00:10:07,22.89,66.022,92.307,63.568,82.646
2025-04-01 00:10:08,22.997,65.442,91.885,64.563,82.849
2025-04-01 00:10:09,23.196,65.533,92.448,63.724,80.559
2025-04-01 00:10:10,23.158,66.175,91.978,64.67,82.179
2025-04-01 00:10:11,23.262,66.276,92.559,63.525,80.449
2025-04-01 00:10:12,23.042,65.088,92.81,64.37,80.725
2025-04-01 00:10:13,22.791,66.511,91.817,65.541,80.299
2025-04-01 00:10:14,23.565,65.328,91.768,64.342,79.202
2025-04-01 00:10:15,23.582,67.98,92.79,64.811,79.866
2025-04-01 00:10:16,22.718,66.203,93.215,63.574,80.873
2025-04-01 00:10:17,23.205,65.404,92.469,64.22,81.09
2025-04-01 00:10:18,24.011,65.112,92.679,63.936,80.28
2025-04-01 00:10:19,23.74,65.957,91.641,63.65,78.499
2025-04-01 00:10:20,23.71,66.111,92.128,62.904,79.071
2025-04-01 00:10:21,22.744,66.126,91.532,63.761,80.729
2025-04-01 00:10:22,23.36,66.485,91.792,63.579,78.661
2025-04-01 00:10:23,23.277,67.025,91.875,63.141,77.45
2025-04-01 00:10:24,23.511,64.753,91.456,62.688,79.58
2025-04-01 00:10:25,23.549,64.497,91.202,62.743,76.966
2025-04-01 00:10:26,23.921,66.362,90.786,62.85,78.957
2025-04-01 00:10:27,23.484,65.407,90.627,63.427,77.249
2025-04-01 00:10:28,23.609,66.164,90.608,62.218,76.489
2025-04-01 00:10:29,23.423,65.775,91.392,62.682,77.293
2025-04-01 00:10:30,23.285,64.538,91.723,62.596,75.919
2025-04-01 00:10:31,23.867,64.63,92.631,62.75,75.449
2025-04-01 00:10:32,24.111,66.397,92.322,62.164,74.684
2025-04-01 00:10:33,23.797,63.853,92.241,62.487,74.288
2025-04-01 00:10:34,24.255,66.683,91.48,62.391,74.308
2025-04-01 00:10:35,23.726,65.632,92.86,61.278,74.684
2025-04-01 00:10:36,24.033,66.083,92.947,62.299,76.012
2025-04-01 00:10:37,23.284,64.533,93.362,62.685,72.974
2025-04-01 00:10:38,24.02,66.51,93.457,61.178,72.584
2025-04-01 00:10:39,24.455,65.372,92.146,61.584,74.849
2025-04-01 00:10:40,23.732,63.763,93.14,62.995,73.179
2025-04-01 00:10:41,24.107,66.825,93.701,62.334,72.138
2025-04-01 00:10:42,24.091,64.725,92.92,61.753,72.361
2025-04-01 00:10:43,23.89,66.161,94.521,60.989,71.211
2025-04-01 00:10:44,24.063,66.024,93.951,61.913,72.057
2025-04-01 00:10:45,23.943,66.288,94.724,60.894,70.89
2025-04-01 00:10:46,23.792,66.418,95.094,61.244,73.055
2025-04-01 00:10:47,24.007,65.986,95.783,61.163,71.274
2025-04-01 00:10:48,23.928,66.595,95.635,60.591,69.86
2025-04-01 00:10:49,24.049,67.17,95.861,61.641,71.879
2025-04-01 00:10:50,23.349,67.145,96.151,61.137,70.412
2025-04-01 00:10:51,23.9,66.946,96.028,60.874,71.58
2025-04-01 00:10:52,24.345,66.05,96.506,60.03,68.264
2025-04-01 00:10:53,24.219,66.751,97.317,61.317,70.202
2025-04-01 00:10:54,24.379,65.913,97.433,60.861,71.521
2025-04-01 00:10:55,23.989,66.448,96.548,60.703,68.685
2025-04-01 00:10:56,24.312,65.515,96.601,60.457,69.163
2025-04-01 00:10:57,24.485,67.585,97.241,60.264,69.952
2025-04-01 00:10:58,23.843,67.821,96.919,60.163,68.482
2025-04-01 00:10:59,23.941,67.149,96.245,60.103,67.675
2025-04-01 00:11:00,24.852,66.444,95.678,60.23,66.787
2025-04-01 00:11:01,23.806,69.035,94.48,60.196,67.089
2025-04-01 00:11:02,23.362,65.98,95.088,60.217,67.441
2025-04-01 00:11:03,24.384,66.422,95.011,61.069,67.834
2025-04-01 00:11:04,23.944,66.556,95.824,59.881,67.008
2025-04-01 00:11:05,23.428,67.533,95.623,59.916,66.963
2025-04-01 00:11:06,23.472,67.055,95.242,58.893,67.153
2025-04-01 00:11:07,23.943,67.819,95.394,59.967,66.748
2025-04-01 00:11:08,23.385,68.801,94.775,60.274,67.521
2025-04-01 00:11:09,23.54,67.915,95.006,60.107,66.777
2025-04-01 00:11:10,23.317,68.226,96.06,59.587,67.662
2025-04-01 00:11:11,23.755,67.121,95.804,59.815,66.48
2025-04-01 00:11:12,23.683,68.519,95.606,59.298,66.385
2025-04-01 00:11:13,23.124,68.408,95.319,59.447,69.357
2025-04-01 00:11:14,24.094,69.5,95.695,59.531,67.314
2025-04-01 00:11:15,23.303,67.297,94.987,59.475,66.952
2025-04-01 00:11:16,23.442,70.309,95.352,59.439,66.561
2025-04-01 00:11:17,24.166,69.666,94.286,58.51,65.922
2025-04-01 00:11:18,23.44,69.172,94.526,59.726,67.359
2025-04-01 00:11:19,23.301,69.025,94.398,59.129,67.383
2025-04-01 00:11:20,23.253,69.172,93.637,60.344,68.326
2025-04-01 00:11:21,23.636,69.842,92.196,59.324,67.629
2025-04-01 00:11:22,23.174,69.074,91.362,59.662,67.242
2025-04-01 00:11:23,22.706,69.668,90.853,59.412,67.041
2025-04-01 00:11:24,22.873,69.256,90.862,59.25,68.32
2025-04-01 00:11:25,23.032,69.815,90.382,60.018,67.328
2025-04-01 00:11:26,23.135,69.481,89.951,59.901,67.422
2025-04-01 00:11:27,22.657,70.236,89.74,59.278,69.51
2025-04-01 00:11:28,23.14,69.821,89.098,58.811,68.296
2025-04-01 00:11:29,22.906,69.811,88.91,58.56,68.143
2025-04-01 00:11:30,22.69,70.91,90.193,59.246,68.28
2025-04-01 00:11:31,22.882,69.611,89.467,58.925,67.279
2025-04-01 00:11:32,23.493,70.676,88.967,59.195,68.086
2025-04-01 00:11:33,22.768,71.075,89.037,59.3,70.613
2025-04-01 00:11:34,22.784,70.335,89.476,59.535,68.726
2025-04-01 00:11:35,23.043,70.407,89.984,60.155,70.776
2025-04-01 00:11:36,22.677,69.664,91.278,59.621,69.121
2025-04-01 00:11:37,22.833,70.919,91.74,59.268,67.942
2025-04-01 00:11:38,22.775,70.564,89.857,59.516,69.363
2025-04-01 00:11:39,22.207,71.054,91.197,58.926,70.284
2025-04-01 00:11:40,22.717,70.01,90.661,59.166,70.587
2025-04-01 00:11:41,22.311,71.508,91.507,59.518,70.305
2025-04-01 00:11:42,22.343,72.861,91.343,60.526,70.194
2025-04-01 00:11:43,22.399,70.408,89.977,60.045,70.676
2025-04-01 00:11:44,22.014,71.212,90.331,60.651,71.494
2025-04-01 00:11:45,22.545,72.501,90.948,60.086,71.008
2025-04-01 00:11:46,22.525,71.831,91.483,60.011,72.687
2025-04-01 00:11:47,22.911,71.094,91.113,60.716,73.22
2025-04-01 00:11:48,22.031,71.889,91.694,59.504,74.844
2025-04-01 00:11:49,22.037,71.298,92.306,60.734,72.809
2025-04-01 00:11:50,22.619,71.082,92.74,60.789,73.604
2025-04-01 00:11:51,21.538,71.279,92.095,59.753,73.129
2025-04-01 00:11:52,21.828,71.516,93.705,59.746,74.317
2025-04-01 00:11:53,22.42,70.563,93.311,59.941,73.871
2025-04-01 00:11:54,21.678,72.576,92.492,60.233,75.104
2025-04-01 00:11:55,22.605,72.353,93.536,60.581,75.167
2025-04-01 00:11:56,21.702,72.908,92.318,59.929,75.747
2025-04-01 00:11:57,21.478,72.727,94.046,59.917,73.973
2025-04-01 00:11:58,21.777,72.161,95.614,61.36,75.352
2025-04-01 00:11:59,21.731,71.627,94.881,61.47,77.187
2025-04-01 00:12:00,21.532,72.593,95.582,60.188,76.176
2025-04-01 00:12:01,21.509,72.67,95.747,61.389,77.587
2025-04-01 00:12:02,21.654,72.197,95.877,59.997,77.566
2025-04-01 00:12:03,21.444,73.065,96.042,60.657,77.159
2025-04-01 00:12:04,21.25,72.193,96.726,61.032,75.9
2025-04-01 00:12:05,21.515,72.904,96.486,60.512,76.977
2025-04-01 00:12:06,21.446,73.615,96.348,60.458,78.64
2025-04-01 00:12:07,20.965,73.655,96.839,60.407,77.676
2025-04-01 00:12:08,21.513,73.34,95.131,60.577,78.681
2025-04-01 00:12:09,21.356,74.861,95.336,60.767,78.488
2025-04-01 00:12:10,21.774,73.468,95.853,61.971,79.191
2025-04-01 00:12:11,21.191,74.158,97.33,61.082,79.934
2025-04-01 00:12:12,20.99,72.725,97.319,60.24,80.244
2025-04-01 00:12:13,21.044,74.999,98.417,61.119,80.305
2025-04-01 00:12:14,21.632,72.579,97.946,60.97,81.286
2025-04-01 00:12:15,21.409,73.879,98.03,61.299,82.223
2025-04-01 00:12:16,21.204,74.88,97.712,60.334,82.473
2025-04-01 00:12:17,20.868,73.865,98.425,60.705,82.052
2025-04-01 00:12:18,21.026,73.487,97.582,61.096,82.47
2025-04-01 00:12:19,21.184,72.693,98.339,60.765,82.712
2025-04-01 00:12:20,21.336,73.339,97.35,60.814,81.983
2025-04-01 00:12:21,21.018,72.819,97.208,60.936,82.292
2025-04-01 00:12:22,21.531,73.384,97.104,60.335,82.299
2025-04-01 00:12:23,21.049,74.596,97.491,60.427,82.843
2025-04-01 00:12:24,21.484,74.949,98.018,60.434,81.694
2025-04-01 00:12:25,20.679,73.372,97.629,61.819,82.145
2025-04-01 00:12:26,21.295,72.345,97.401,61.054,82.487
2025-04-01 00:12:27,20.996,73.951,97.508,61.479,83.446
2025-04-01 00:12:28,20.485,75.385,96.896,60.888,81.919
2025-04-01 00:12:29,21.306,74.686,96.89,60.546,83.313
2025-04-01 00:12:30,20.916,74.236,97.531,60.888,85.451
2025-04-01 00:12:31,21.42,74.183,95.029,61.125,84.132
2025-04-01 00:12:32,20.748,74.416,96.128,60.809,84.116
2025-04-01 00:12:33,21.083,72.757,95.843,60.516,85.152
2025-04-01 00:12:34,21.216,73.346,96.086,60.422,84.792
2025-04-01 00:12:35,20.636,73.943,95.855,60.96,86.313
2025-04-01 00:12:36,21.034,73.114,95.081,60.732,85.934
2025-04-01 00:12:37,21.311,72.187,94.793,59.921,83.017
2025-04-01 00:12:38,20.904,72.062,93.106,60.543,84.518
2025-04-01 00:12:39,20.963,74.435,93.297,60.778,86.291
2025-04-01 00:12:40,21.434,73.211,92.715,59.717,85.471
2025-04-01 00:12:41,22.039,73.648,91.179,60.774,83.8
2025-04-01 00:12:42,21.023,73.623,91.17,60.669,84.779
2025-04-01 00:12:43,21.376,73.631,91.031,59.985,83.559
2025-04-01 00:12:44,21.062,72.85,92.065,59.933,83.856
2025-04-01 00:12:45,21.738,73.437,92.368,59.732,83.398
2025-04-01 00:12:46,21.128,74.227,93.103,60.412,84.542
2025-04-01 00:12:47,21.393,72.809,92.6,59.963,83.995
2025-04-01 00:12:48,21.713,72.657,91.336,59.265,82.812
2025-04-01 00:12:49,21.057,72.764,91.781,59.513,84.142
2025-04-01 00:12:50,21.576,73.114,91.193,59.124,85.827
2025-04-01 00:12:51,21.353,74.24,90.845,59.365,84.758
2025-04-01 00:12:52,20.948,72.386,91.244,59.926,84.372
2025-04-01 00:12:53,21.313,72.115,89.699,58.829,85.251
2025-04-01 00:12:54,21.527,72.284,89.612,59.304,83.481
2025-04-01 00:12:55,21.394,72.916,89.531,59.799,84.144
2025-04-01 00:12:56,21.857,72.468,89.675,59.377,83.973
2025-04-01 00:12:57,21.522,73.842,88.974,58.514,82.758
2025-04-01 00:12:58,21.727,71.518,89.72,59.262,83.343
2025-04-01 00:12:59,21.846,73.877,88.47,58.825,83.221
2025-04-01 00:13:00,22.376,71.61,88.884,59.307,82.472
2025-04-01 00:13:01,21.984,72.716,89.66,58.589,83.915
2025-04-01 00:13:02,21.596,72.518,89.306,57.941,84.717
2025-04-01 00:13:03,22.336,72.016,88.839,58.964,85.126
2025-04-01 00:13:04,21.951,71.66,88.139,57.908,84.714
2025-04-01 00:13:05,22.029,73.009,88.989,59.356,83.286
2025-04-01 00:13:06,21.629,71.987,89.655,57.14,82.276
2025-04-01 00:13:07,21.943,71.502,89.098,59.309,83.094
2025-04-01 00:13:08,22.152,72.527,88.728,58.07,83.337
2025-04-01 00:13:09,21.656,72.1,88.969,58.042,82.347
2025-04-01 00:13:10,22.062,71.715,89.312,57.304,82.053
2025-04-01 00:13:11,22.219,70.983,90.253,58.464,81.435
2025-04-01 00:13:12,22.038,71.312,88.66,57.623,81.327
2025-04-01 00:13:13,22.73,72.292,90.178,58.063,81.592
2025-04-01 00:13:14,22.852,71.86,90.759,56.887,78.091
2025-04-01 00:13:15,21.993,72.815,90.947,57.186,81.792
2025-04-01 00:13:16,21.867,72.175,92.723,57.559,80.985
2025-04-01 00:13:17,22.076,71.29,92.279,57.748,78.227
2025-04-01 00:13:18,22.949,70.424,91.387,57.38,80.32
2025-04-01 00:13:19,22.227,71.852,92.665,57.697,79.392
2025-04-01 00:13:20,22.57,69.624,93.243,57.964,80.285
2025-04-01 00:13:21,23.106,69.201,94.146,57.921,78.999
2025-04-01 00:13:22,22.945,70.121,92.057,57.549,78.495
2025-04-01 00:13:23,23.076,70.182,93.279,57.081,77.326
2025-04-01 00:13:24,22.859,69.07,93.582,56.433,78.224
2025-04-01 00:13:25,23.556,68.654,93.968,56.666,76.49
2025-04-01 00:13:26,22.795,70.694,93.97,58.112,78.784
2025-04-01 00:13:27,22.609,69.626,94.205,56.883,77.111
2025-04-01 00:13:28,23.056,70.33,94.895,57.052,76.944
2025-04-01 00:13:29,23.923,69.84,94.273,56.988,76.754
2025-04-01 00:13:30,23.593,69.571,94.235,57.344,76.234
2025-04-01 00:13:31,23.08,70.093,93.55,56.057,75.36
2025-04-01 00:13:32,22.717,69.417,94.729,56.034,76.176
2025-04-01 00:13:33,23.267,70.161,94.479,56.384,75.215
2025-04-01 00:13:34,23.447,68.517,94.114,55.88,75.791
2025-04-01 00:13:35,23.521,68.576,94.847,56.595,73.491
2025-04-01 00:13:36,23.345,68.406,94.699,56.914,72.837
2025-04-01 00:13:37,23.11,68.787,94.8,56.943,74.465
2025-04-01 00:13:38,23.299,70.354,94.116,54.704,73.567
2025-04-01 00:13:39,23.623,67.355,93.158,56.179,74.357
2025-04-01 00:13:40,23.962,70.004,94.164,55.839,75.509
2025-04-01 00:13:41,23.89,69.317,92.379,55.882,73.748
2025-04-01 00:13:42,23.542,69.283,93.162,56.593,73.003
2025-04-01 00:13:43,23.587,67.86,92.53,55.84,73.247
2025-04-01 00:13:44,24.046,68.014,92.579,55.288,73.131
2025-04-01 00:13:45,24.049,68.695,93.267,56.7,71.629
2025-04-01 00:13:46,23.907,67.421,93.401,55.856,71.924
2025-04-01 00:13:47,23.108,68.124,92.447,55.785,69.776
2025-04-01 00:13:48,23.398,67.158,92.383,55.666,69.118
2025-04-01 00:13:49,24.07,69.16,92.792,55.316,71.71
2025-04-01 00:13:50,24.224,68.406,93.659,57.085,70.685
2025-04-01 00:13:51,24.049,67.181,93.207,56.4,72.598
2025-04-01 00:13:52,23.967,67.563,94.642,55.705,72.182
2025-04-01 00:13:53,23.956,67.799,94.982,56.072,69.538
2025-04-01 00:13:54,24.095,66.958,94.616,56.251,71.382
2025-04-01 00:13:55,23.569,66.867,94.316,56.184,70.752
2025-04-01 00:13:56,23.817,68.533,94.671,56.907,69.51
2025-04-01 00:13:57,24.221,66.626,92.937,56.265,70.135
2025-04-01 00:13:58,23.977,69.353,92.773,55.748,70.265
2025-04-01 00:13:59,24.034,66.536,92.437,56.257,69.892
2025-04-01 00:14:00,24.089,65.636,92.848,55.669,69.612
2025-04-01 00:14:01,24.222,68.092,92.396,55.223,71.83
2025-04-01 00:14:02,23.963,66.636,91.784,55.683,70.058
2025-04-01 00:14:03,23.815,65.683,92.473,56.337,68.328
2025-04-01 00:14:04,24.241,66.301,93.169,56.417,68.251
2025-04-01 00:14:05,23.64,67.41,92.593,55.733,68.138
2025-04-01 00:14:06,24.114,66.272,93.527,55.356,67.647
2025-04-01 00:14:07,23.742,67.61,93.033,56.415,68.907
2025-04-01 00:14:08,24.499,67.097,93.209,55.54,68.834
2025-04-01 00:14:09,24.893,66.5,93.655,56.522,68.132
2025-04-01 00:14:10,23.83,66.293,92.771,56.99,68.878
2025-04-01 00:14:11,24.456,66.217,92.328,56.911,68.815
2025-04-01 00:14:12,24.031,65.786,92.611,56.546,68.652
2025-04-01 00:14:13,23.991,67.022,92.164,55.876,67.07
2025-04-01 00:14:14,24.033,65.846,91.426,56.563,67.538
2025-04-01 00:14:15,24.276,64.904,90.979,56.447,69.785
2025-04-01 00:14:16,24.347,65.36,90.469,56.572,66.32
2025-04-01 00:14:17,23.939,66.824,91.431,57.112,67.306
2025-04-01 00:14:18,23.95,66.092,91.247,56.157,69.032
2025-04-01 00:14:19,24.461,66.377,90.437,56.382,66.818
2025-04-01 00:14:20,24.532,65.063,90.737,56.285,68.579
2025-04-01 00:14:21,23.783,66.067,90.215,57.783,67.523
2025-04-01 00:14:22,23.987,66.167,89.276,56.921,68.747
2025-04-01 00:14:23,24.372,64.105,90.307,55.858,69.401
2025-04-01 00:14:24,24.679,65.717,90.46,55.499,68.986
2025-04-01 00:14:25,24.103,64.571,90.209,56.508,68.715
2025-04-01 00:14:26,24.157,66.758,90.648,57.15,66.882
2025-04-01 00:14:27,23.719,64.638,90.357,57.036,70.166
2025-04-01 00:14:28,24.273,66.491,90.282,56.74,68.879
2025-04-01 00:14:29,24.087,65.978,91.006,57.221,68.598
2025-04-01 00:14:30,23.805,63.881,90.005,57.251,67.576
2025-04-01 00:14:31,23.888,65.955,89.682,57.53,66.351
2025-04-01 00:14:32,24.529,65.869,90.946,57.354,67.765
2025-04-01 00:14:33,24.287,65.68,90.524,57.109,69.28
2025-04-01 00:14:34,24.258,64.687,90.767,57.476,70.414
2025-04-01 00:14:35,23.494,66.907,90.784,56.973,69.582
2025-04-01 00:14:36,23.364,64.916,89.775,57.757,70.293
2025-04-01 00:14:37,23.223,65.081,91.092,56.988,69.496
2025-04-01 00:14:38,23.855,66.001,90.096,57.461,69.317
2025-04-01 00:14:39,23.274,66.156,90.324,57.399,70.589
2025-04-01 00:14:40,23.275,65.122,90.196,56.314,71.439
2025-04-01 00:14:41,23.906,66.253,89.957,57.791,71.331
2025-04-01 00:14:42,22.958,65.591,93.273,57.822,74.287
2025-04-01 00:14:43,23.632,65.111,91.835,57.03,70.355
2025-04-01 00:14:44,23.068,65.462,91.736,57.726,72.702
2025-04-01 00:14:45,23.429,65.071,92.821,57.333,73.978
2025-04-01 00:14:46,24.064,65.538,93.169,57.856,72.275
2025-04-01 00:14:47,23.416,65.933,93.054,57.646,72.714
2025-04-01 00:14:48,23.19,66.935,93.447,57.688,74.11
2025-04-01 00:14:49,23.159,65.96,94.017,57.398,73.064
2025-04-01 00:14:50,23.113,65.872,93.868,57.564,72.492
2025-04-01 00:14:51,22.974,65.148,95.529,58.344,73.95
2025-04-01 00:14:52,22.587,66.858,93.613,57.182,73.033
2025-04-01 00:14:53,22.785,66.378,93.813,56.911,75.128
2025-04-01 00:14:54,23.414,66.589,94.525,56.827,74.528
2025-04-01 00:14:55,23.332,67.126,94.703,57.574,74.931
2025-04-01 00:14:56,23.101,66.564,93.946,57.258,75.769
2025-04-01 00:14:57,22.853,66.763,93.969,57.46,75.707
2025-04-01 00:14:58,23.009,65.434,93.952,57.527,74.437
2025-04-01 00:14:59,22.851,65.308,94.357,56.848,75.948
2025-04-01 00:15:00,22.91,65.536,93.674,56.561,77.609
2025-04-01 00:15:01,23.146,65.588,92.905,57.073,75.92
2025-04-01 00:15:02,23.012,66.108,92.57,56.908,76.636
2025-04-01 00:15:03,22.488,65.72,92.373,57.083,77.765
2025-04-01 00:15:04,22.281,66.702,92.519,57.26,75.606
2025-04-01 00:15:05,21.875,67.666,90.711,57.718,76.366
2025-04-01 00:15:06,22.231,65.632,90.322,56.242,77.109
2025-04-01 00:15:07,22.38,66.753,90.19,56.704,78.45
2025-04-01 00:15:08,22.322,65.381,91.924,58.111,80.583
2025-04-01 00:15:09,22.305,66.325,90.496,57.77,77.605
2025-04-01 00:15:10,22.399,67.715,90.686,56.344,79.393
2025-04-01 00:15:11,22.532,65.927,90.344,56.07,76.194
2025-04-01 00:15:12,21.728,67.733,89.883,57.639,79.228
2025-04-01 00:15:13,21.847,67.615,89.117,56.037,80.699
2025-04-01 00:15:14,21.806,67.546,89.959,55.801,80.394
2025-04-01 00:15:15,22.266,67.665,90.022,56.386,80.983
2025-04-01 00:15:16,22.565,67.659,89.134,56.744,81.191
2025-04-01 00:15:17,22.042,65.617,88.996,56.188,80.446
2025-04-01 00:15:18,22.075,67.754,87.821,56.804,82.657
2025-04-01 00:15:19,21.752,68.023,87.668,56.305,81.99
2025-04-01 00:15:20,21.574,69.371,87.199,56.778,80.896
2025-04-01 00:15:21,21.629,67.708,87.056,57.065,82.693
2025-04-01 00:15:22,22.272,68.012,86.532,56.699,82.897
2025-04-01 00:15:23,21.745,68.663,84.44,56.161,81.991
2025-04-01 00:15:24,21.661,69.992,84.028,56.07,82.138
2025-04-01 00:15:25,21.881,67.737,84.39,56.314,81.629
2025-04-01 00:15:26,21.688,68.207,83.958,56.533,82.421
2025-04-01 00:15:27,21.953,69.472,83.662,56.125,83.27
2025-04-01 00:15:28,21.599,69.261,83.436,55.991,81.619
2025-04-01 00:15:29,21.658,67.388,84.441,55.893,82.169
2025-04-01 00:15:30,21.697,69.947,84.382,56.176,83.012
2025-04-01 00:15:31,21.339,69.585,83.796,55.257,82.585
2025-04-01 00:15:32,21.372,69.006,83.895,55.876,82.54
2025-04-01 00:15:33,21.658,67.362,84.053,56.079,84.595
2025-04-01 00:15:34,21.485,68.93,83.503,54.679,84.686
2025-04-01 00:15:35,21.255,69.902,83.956,54.762,83.714
2025-04-01 00:15:36,21.402,69.423,83.467,56.26,85.646
2025-04-01 00:15:37,22.144,68.153,83.443,55.331,84.598
2025-04-01 00:15:38,21.316,69.349,84.855,55.041,84.782
2025-04-01 00:15:39,21.119,68.958,85.172,54.972,83.006
2025-04-01 00:15:40,21.463,69.837,85.54,54.4,84.762
2025-04-01 00:15:41,21.822,70.175,85.563,53.876,83.78
2025-04-01 00:15:42,21.257,70.726,85.68,54.422,85.284
2025-04-01 00:15:43,21.231,69.45,84.402,54.496,84.906
2025-04-01 00:15:44,21.165,69.687,84.695,54.471,86.44
2025-04-01 00:15:45,20.896,70.684,86.23,53.68,85.43
2025-04-01 00:15:46,21.249,71.804,85.097,55.133,84.62
2025-04-01 00:15:47,21.6,68.021,84.409,54.685,85.021
2025-04-01 00:15:48,21.397,71.736,85.576,54.538,85.307
2025-04-01 00:15:49,21.302,70.262,86.251,54.975,86.087
2025-04-01 00:15:50,20.761,70.252,86.01,53.892,85.664
2025-04-01 00:15:51,21.164,71.361,85.912,53.822,84.787
2025-04-01 00:15:52,20.937,71.692,86.075,54.511,84.148
2025-04-01 00:15:53,20.472,70.232,86.984,53.494,84.902
2025-04-01 00:15:54,21.102,71.961,86.472,53.939,83.4
2025-04-01 00:15:55,21.47,70.806,85.848,53.101,86.346
2025-04-01 00:15:56,21.01,71.188,85.061,53.594,83.887
2025-04-01 00:15:57,21.051,71.691,85.933,52.404,84.161
2025-04-01 00:15:58,21.846,71.171,85.396,53.777,83.671
2025-04-01 00:15:59,21.536,71.24,85.97,53.103,84.599
2025-04-01 00:16:00,21.728,72.097,85.06,53.101,84.005
2025-04-01 00:16:01,21.76,70.845,86.278,54.095,82.287
2025-04-01 00:16:02,21.579,69.77,86.319,52.5,82.943
2025-04-01 00:16:03,21.382,71.353,86.177,52.703,82.113
2025-04-01 00:16:04,21.559,71.749,86.072,53.341,83.574
2025-04-01 00:16:05,21.879,73.134,86.112,53.813,81.041
2025-04-01 00:16:06,21.541,72.75,85.765,53.621,81.22
2025-04-01 00:16:07,21.532,73.539,86.355,53.15,82.873
2025-04-01 00:16:08,21.574,72.328,85.571,53.269,83.763
2025-04-01 00:16:09,21.815,71.093,85.926,53.274,82.177
2025-04-01 00:16:10,21.414,71.287,85.635,53.566,81.279
2025-04-01 00:16:11,22.101,73.165,86.823,53.375,81.436
2025-04-01 00:16:12,21.914,72.179,86.444,52.323,81.106
2025-04-01 00:16:13,21.461,72.172,86.383,53.188,81.156
2025-04-01 00:16:14,22.224,72.349,85.765,52.214,77.881
2025-04-01 00:16:15,21.212,73.358,85.951,53.11,79.964
2025-04-01 00:16:16,21.059,72.48,86.387,53.192,78.418
2025-04-01 00:16:17,21.974,72.254,85.628,52.43,79.115
2025-04-01 00:16:18,21.598,72.614,85.341,52.099,79.94
2025-04-01 00:16:19,21.678,72.057,85.194,52.852,79.85
2025-04-01 00:16:20,22.062,71.818,85.834,52.366,79.398
2025-04-01 00:16:21,22.272,72.681,85.544,52.775,80.613
2025-04-01 00:16:22,22.659,72.476,85.672,52.475,79.645
2025-04-01 00:16:23,22.171,72.842,84.903,52.674,78.229
2025-04-01 00:16:24,21.851,73.455,84.018,52.779,78.331
2025-04-01 00:16:25,22.285,74.365,83.905,52.787,77.832
2025-04-01 00:16:26,22.054,73.267,83.871,51.865,78.182
2025-04-01 00:16:27,22.028,73.615,83.304,52.527,77.862
2025-04-01 00:16:28,22.567,74.698,83.454,52.772,78.437
2025-04-01 00:16:29,22.671,73.183,84.285,52.564,79.112
2025-04-01 00:16:30,21.764,73.508,83.79,52.166,75.8
2025-04-01 00:16:31,22.684,73.808,82.823,52.604,74.123
2025-04-01 00:16:32,22.465,72.918,83.317,52.224,76.769
2025-04-01 00:16:33,22.623,72.298,83.479,53.074,74.916
2025-04-01 00:16:34,22.212,73.011,83.299,53.257,75.542
2025-04-01 00:16:35,22.235,74.335,84.413,52.734,75.867
2025-04-01 00:16:36,22.456,72.534,84.636,53.445,74.598
2025-04-01 00:16:37,22.811,75.101,83.341,52.908,75.789
2025-04-01 00:16:38,22.643,73.944,82.386,52.124,75.073
2025-04-01 00:16:39,22.631,72.872,83.898,51.995,72.574
2025-04-01 00:16:40,23.064,73.219,83.043,53.603,74.682
2025-04-01 00:16:41,22.595,74.359,83.983,52.918,73.295
2025-04-01 00:16:42,22.305,73.924,82.67,53.059,74.605
2025-04-01 00:16:43,23.069,73.097,82.91,52.481,74.18
2025-04-01 00:16:44,22.619,74.224,83.57,52.858,73.217
2025-04-01 00:16:45,23.077,74.452,82.921,52.503,72.446
2025-04-01 00:16:46,23.399,73.326,82.521,53.014,72.595
2025-04-01 00:16:47,22.857,72.917,82.264,53.308,72.217
2025-04-01 00:16:48,22.988,71.51,81.93,53.108,70.805
2025-04-01 00:16:49,22.792,73.313,82.374,54.857,70.806
2025-04-01 00:16:50,23.228,71.725,82.045,53.544,72.75
2025-04-01 00:16:51,23.062,72.708,81.469,53.101,71.364
2025-04-01 00:16:52,22.785,74.656,81.202,53.667,72.868
2025-04-01 00:16:53,23.304,73.28,81.737,53.226,72.536
2025-04-01 00:16:54,23.719,73.861,81.611,53.408,69.8
2025-04-01 00:16:55,23.082,73.735,81.735,53.074,69.988
2025-04-01 00:16:56,23.576,72.42,81.746,53.182,70.481
2025-04-01 00:16:57,23.341,73.934,80.154,54.337,71.193
2025-04-01 00:16:58,23.031,72.316,80.047,53.712,69.391
2025-04-01 00:16:59,24.046,71.934,79.723,53.227,69.913
2025-04-01 00:17:00,23.805,72.621,80.632,53.45,69.955
2025-04-01 00:17:01,23.745,71.981,79.99,53.966,68.926
2025-04-01 00:17:02,23.514,72.297,80.033,53.228,68.876
2025-04-01 00:17:03,23.223,72.997,80.335,53.069,68.747
2025-04-01 00:17:04,24.085,71.282,79.783,53.95,68.942
2025-04-01 00:17:05,23.637,72.186,80.503,54.333,69.566
2025-04-01 00:17:06,24.432,72.425,80.684,53.923,68.779
2025-04-01 00:17:07,23.698,72.709,80.578,54.972,69.762
2025-04-01 00:17:08,23.84,71.717,80.617,53.722,67.92
2025-04-01 00:17:09,23.933,72.493,81.355,53.9,69.069
2025-04-01 00:17:10,23.931,72.266,81.244,53.771,68.064
2025-04-01 00:17:11,24.162,71.129,81.058,54.608,69.125
2025-04-01 00:17:12,24.04,71.328,81.489,54.643,69.83
2025-04-01 00:17:13,24.13,73.635,82.355,54.492,69.736
2025-04-01 00:17:14,23.937,72.208,82.882,53.686,66.813
2025-04-01 00:17:15,24.589,72.768,83.053,53.579,68.584
2025-04-01 00:17:16,24.183,73.113,82.61,54.468,67.244
2025-04-01 00:17:17,24.081,72.106,83.069,53.721,69.121
2025-04-01 00:17:18,24.227,71.471,83.297,53.345,70.217
2025-04-01 00:17:19,23.928,71.941,82.439,54.762,68.235
2025-04-01 00:17:20,24.107,72.092,84.07,54.021,67.947
2025-04-01 00:17:21,24.32,70.615,83.918,54.304,69.638
2025-04-01 00:17:22,24.342,73.34,83.822,53.972,69.938
2025-04-01 00:17:23,24.806,71.825,82.116,54.262,68.829
2025-04-01 00:17:24,24.271,71.459,82.562,53.102,69.567
2025-04-01 00:17:25,24.403,71.563,82.459,53.326,68.875
2025-04-01 00:17:26,24.013,71.165,82.886,54.67,70.111
2025-04-01 00:17:27,24.683,71.499,82.607,54.596,67.323
2025-04-01 00:17:28,24.238,71.089,83.465,54.144,68.319
2025-04-01 00:17:29,24.914,71.651,83.309,53.794,69.58
2025-04-01 00:17:30,23.794,69.679,83.68,54.978,69.501
2025-04-01 00:17:31,24.746,70.967,83.911,53.977,68.517
2025-04-01 00:17:32,24.256,70.457,82.903,54.74,69.269
2025-04-01 00:17:33,24.251,70.473,81.769,54.512,71.523
2025-04-01 00:17:34,23.973,70.225,81.86,54.812,71.82
2025-04-01 00:17:35,24.492,70.802,81.571,54.249,69.532
2025-04-01 00:17:36,24.661,69.661,81.01,53.91,70.807
2025-04-01 00:17:37,23.897,70.655,81.515,53.982,70.095
2025-04-01 00:17:38,24.352,69.942,82.633,53.803,69.185
2025-04-01 00:17:39,24.055,70.112,83.059,54.109,71.903
2025-04-01 00:17:40,24.344,69.107,83.724,53.519,70.988
2025-04-01 00:17:41,24.328,69.861,84.207,54.477,72.735
2025-04-01 00:17:42,23.854,70.358,85.494,53.566,72.923
2025-04-01 00:17:43,23.654,69.41,84.759,53.507,71.841
2025-04-01 00:17:44,24.134,69.344,85.211,53.875,72.987
2025-04-01 00:17:45,24.402,69.546,84.522,52.482,73.053
2025-04-01 00:17:46,23.788,69.606,84.854,53.379,73.075
2025-04-01 00:17:47,24.112,69.962,84.844,52.734,74.542
2025-04-01 00:17:48,24.286,68.578,84.204,54.023,73.378
2025-04-01 00:17:49,23.882,68.698,83.78,52.808,74.424
2025-04-01 00:17:50,23.69,68.474,83.962,53.905,73.096
2025-04-01 00:17:51,23.904,67.783,83.299,52.713,74.996
2025-04-01 00:17:52,24.227,68.607,83.833,53.39,72.348
2025-04-01 00:17:53,23.957,67.995,83.868,52.73,73.589
2025-04-01 00:17:54,24.317,69.662,84.192,52.467,74.994
2025-04-01 00:17:55,23.523,67.582,83.587,53.125,75.285
2025-04-01 00:17:56,24.58,67.434,83.51,52.381,75.555
2025-04-01 00:17:57,23.928,67.195,83.656,52.574,75.212
2025-04-01 00:17:58,23.583,69.51,82.474,53.02,75.916
2025-04-01 00:17:59,24.181,68.191,81.666,53.02,76.122
2025-04-01 00:18:00,23.588,67.636,81.911,53.189,77.591
2025-04-01 00:18:01,23.478,68.555,82.268,52.237,76.982
2025-04-01 00:18:02,23.503,67.251,83.756,52.419,78.783
2025-04-01 00:18:03,22.838,67.153,82.391,52.147,77.614
2025-04-01 00:18:04,23.785,67.417,83.211,52.138,74.972
2025-04-01 00:18:05,23.472,65.466,82.776,51.986,77.991
2025-04-01 00:18:06,23.347,66.184,82.735,51.159,76.922
2025-04-01 00:18:07,23.119,67.261,82.6,51.679,79.38
2025-04-01 00:18:08,23.845,66.644,82.806,51.004,78.609
2025-04-01 00:18:09,23.336,65.747,82.968,51.171,77.694
2025-04-01 00:18:10,23.187,66.959,82.701,51.102,80.294
2025-04-01 00:18:11,23.506,67.402,82.784,51.826,80.011
2025-04-01 00:18:12,23.054,65.639,83.238,50.673,80.341
2025-04-01 00:18:13,23.012,67.259,84.411,51.627,78.28
2025-04-01 00:18:14,23.396,66.833,85.014,51.606,79.759
2025-04-01 00:18:15,23.3,65.817,84.174,51.296,79.723
2025-04-01 00:18:16,23.221,67.595,84.776,51.392,81.096
2025-04-01 00:18:17,23.177,66.962,85.075,50.647,80.099
2025-04-01 00:18:18,22.95,65.354,86.499,51.749,82.099
2025-04-01 00:18:19,22.622,66.112,86.271,51.005,82.884
2025-04-01 00:18:20,22.835,66.676,85.057,50.872,82.483
2025-04-01 00:18:21,23.341,66.86,85.066,50.109,81.413
2025-04-01 00:18:22,22.68,66.602,84.396,50.272,83.672
2025-04-01 00:18:23,23.03,67.07,84.938,50.058,82.35
2025-04-01 00:18:24,22.471,65.849,84.757,51.125,82.629
2025-04-01 00:18:25,22.724,67.83,84.377,49.476,82.47
2025-04-01 00:18:26,22.375,65.189,85.389,51.06,81.464
2025-04-01 00:18:27,22.609,64.972,85.174,49.849,83.271
2025-04-01 00:18:28,22.343,65.413,86.026,49.534,83.62
2025-04-01 00:18:29,21.934,66.314,85.311,50.143,82.225
2025-04-01 00:18:30,22.312,64.598,84.438,49.938,83.914
2025-04-01 00:18:31,22.647,66.48,83.949,50.845,84.14
2025-04-01 00:18:32,22.127,66.615,83.326,49.744,82.967
2025-04-01 00:18:33,22.12,64.329,82.923,49.804,83.445
2025-04-01 00:18:34,22.105,65.929,82.758,50.005,84.661
2025-04-01 00:18:35,22.059,65.726,82.287,49.627,83.587
2025-04-01 00:18:36,22.4,65.209,82.787,49.627,83.821
2025-04-01 00:18:37,22.163,65.978,81.855,50.589,82.691
2025-04-01 00:18:38,22.001,68.1,83.168,49.148,83.302
2025-04-01 00:18:39,21.696,65.577,82.628,50.225,85.023
2025-04-01 00:18:40,22.43,65.868,81.908,49.639,83.515
2025-04-01 00:18:41,21.92,65.801,83.3,50.548,83.767
2025-04-01 00:18:42,21.83,64.411,83.658,49.08,85.258
2025-04-01 00:18:43,21.519,64.454,84.497,49.247,84.165
2025-04-01 00:18:44,22.034,64.459,84.167,49.619,84.501
2025-04-01 00:18:45,21.894,66.081,84.937,48.776,83.83
2025-04-01 00:18:46,21.797,66.344,84.099,49.926,83.08
2025-04-01 00:18:47,21.287,65.048,84.741,49.537,85.412
2025-04-01 00:18:48,21.266,64.809,84.112,49.164,84.632
2025-04-01 00:18:49,21.612,64.025,84.955,49.004,85.673
2025-04-01 00:18:50,22.354,65.568,83.963,49.52,85.985
2025-04-01 00:18:51,21.621,65.787,85.15,49.653,84.038
2025-04-01 00:18:52,21.864,65.934,84.572,49.01,85.499
2025-04-01 00:18:53,22.182,64.342,85.103,49.136,82.494
2025-04-01 00:18:54,22.014,66.466,85.149,48.633,84.837
2025-04-01 00:18:55,21.624,65.508,84.885,50.025,83.96
2025-04-01 00:18:56,21.007,66.032,85.656,49.212,84.462
2025-04-01 00:18:57,21.611,65.213,83.772,50.222,83.049
2025-04-01 00:18:58,21.723,65.574,84.143,49.339,83.525
2025-04-01 00:18:59,21.627,66.395,85.156,49.814,83.474
2025-04-01 00:19:00,21.343,65.039,85.252,49.81,84.148
2025-04-01 00:19:01,21.08,65.653,83.675,49.586,83.308
2025-04-01 00:19:02,21.638,66.53,82.65,49.961,82.739
2025-04-01 00:19:03,21.792,65.175,82.947,49.628,83.378
2025-04-01 00:19:04,21.443,66.574,81.74,50.054,81.186
2025-04-01 00:19:05,21.374,65.404,82.301,49.652,80.959
2025-04-01 00:19:06,21.533,66.652,81.844,50.571,82.709
2025-04-01 00:19:07,21.008,66.747,81.843,48.686,82.476
2025-04-01 00:19:08,21.223,67.012,82.171,49.724,83.05
2025-04-01 00:19:09,21.394,66.711,81.229,49.487,81.319
2025-04-01 00:19:10,21.0,65.581,81.135,49.658,82.943
2025-04-01 00:19:11,21.631,67.036,82.177,49.97,82.837
2025-04-01 00:19:12,21.435,65.974,81.407,49.828,83.0
2025-04-01 00:19:13,21.628,64.737,80.728,49.665,81.164
2025-04-01 00:19:14,20.987,66.51,80.764,49.22,80.342
2025-04-01 00:19:15,21.529,67.583,79.879,50.02,81.521
2025-04-01 00:19:16,21.171,66.026,80.276,49.599,82.041
2025-04-01 00:19:17,21.554,66.588,79.666,51.037,81.63
2025-04-01 00:19:18,21.172,67.27,77.766,49.04,80.641
2025-04-01 00:19:19,21.567,65.759,77.375,50.501,81.15
2025-04-01 00:19:20,22.226,66.394,78.692,50.393,77.998
2025-04-01 00:19:21,21.279,65.401,78.524,49.525,78.859
2025-04-01 00:19:22,21.637,65.661,78.032,50.744,79.273
2025-04-01 00:19:23,21.681,67.86,77.649,50.391,80.061
2025-04-01 00:19:24,21.907,66.754,76.689,50.672,81.675
2025-04-01 00:19:25,21.819,65.902,76.797,50.544,78.694
2025-04-01 00:19:26,21.864,67.035,77.543,50.003,79.027
2025-04-01 00:19:27,21.247,66.704,77.209,50.809,76.357
2025-04-01 00:19:28,21.532,67.639,76.169,50.331,78.512
2025-04-01 00:19:29,21.291,68.649,76.038,51.084,76.162
2025-04-01 00:19:30,21.408,67.636,76.075,49.986,77.686
2025-04-01 00:19:31,22.163,65.965,75.296,51.015,77.308
2025-04-01 00:19:32,21.721,67.61,75.498,51.378,77.186
2025-04-01 00:19:33,21.471,66.648,75.427,50.937,74.04
2025-04-01 00:19:34,21.759,68.284,74.296,50.625,75.75
2025-04-01 00:19:35,22.186,68.383,73.626,50.367,74.921
2025-04-01 00:19:36,21.662,68.438,71.783,50.339,75.837
2025-04-01 00:19:37,21.853,68.687,72.514,50.635,75.148
2025-04-01 00:19:38,21.717,67.566,73.929,50.576,75.329
2025-04-01 00:19:39,21.741,68.631,74.015,50.441,74.552
2025-04-01 00:19:40,22.201,68.653,73.889,50.77,76.073
2025-04-01 00:19:41,22.504,67.85,74.494,50.901,73.863
2025-04-01 00:19:42,21.944,68.528,74.568,51.74,72.353
2025-04-01 00:19:43,22.679,69.645,72.878,50.325,71.843
2025-04-01 00:19:44,21.97,68.566,73.414,51.988,72.278
2025-04-01 00:19:45,22.848,68.793,73.117,51.864,73.213
2025-04-01 00:19:46,22.385,66.971,75.182,50.369,71.865
2025-04-01 00:19:47,22.947,70.088,73.646,52.11,73.119
2025-04-01 00:19:48,22.088,69.829,73.369,51.166,71.821
2025-04-01 00:19:49,22.706,68.549,74.35,51.297,73.163
2025-04-01 00:19:50,22.782,68.791,74.667,51.106,71.61
2025-04-01 00:19:51,22.25,71.154,75.324,50.947,70.413
2025-04-01 00:19:52,22.253,69.098,75.441,52.008,71.064
2025-04-01 00:19:53,22.581,69.246,75.471,51.297,72.229
2025-04-01 00:19:54,22.452,70.827,75.281,50.25,70.976
2025-04-01 00:19:55,23.044,69.286,75.588,51.233,70.021
2025-04-01 00:19:56,22.615,70.873,75.972,51.086,70.539
2025-04-01 00:19:57,22.766,69.942,75.535,50.915,69.988
2025-04-01 00:19:58,22.889,70.364,76.112,50.633,70.158
2025-04-01 00:19:59,23.46,71.176,76.352,49.818,69.484
2025-04-01 00:20:00,23.295,71.281,76.286,51.751,70.179
2025-04-01 00:20:01,23.255,71.028,76.274,50.886,68.138
2025-04-01 00:20:02,23.082,69.734,76.092,51.419,69.014
2025-04-01 00:20:03,23.218,71.64,76.284,51.557,70.593
2025-04-01 00:20:04,22.572,70.991,76.024,49.966,70.249
2025-04-01 00:20:05,23.143,70.901,75.674,51.429,70.709
2025-04-01 00:20:06,22.934,70.638,75.675,51.282,67.962
2025-04-01 00:20:07,23.315,72.098,77.04,50.562,70.096
2025-04-01 00:20:08,23.319,71.569,76.472,51.502,67.763
2025-04-01 00:20:09,23.206,71.86,76.307,50.847,69.741
2025-04-01 00:20:10,23.463,70.19,76.514,50.62,68.201
2025-04-01 00:20:11,23.531,70.643,75.78,50.617,69.611
2025-04-01 00:20:12,23.19,71.942,75.183,50.562,69.257
2025-04-01 00:20:13,23.784,71.279,75.783,50.015,68.45
2025-04-01 00:20:14,23.726,71.084,75.915,50.223,69.765
2025-04-01 00:20:15,23.61,71.755,75.346,50.324,70.74
2025-04-01 00:20:16,23.818,71.831,75.731,49.949,68.714
2025-04-01 00:20:17,24.123,72.563,75.853,50.407,68.513
2025-04-01 00:20:18,24.128,73.128,77.06,49.927,68.221
2025-04-01 00:20:19,24.108,73.302,77.244,50.407,70.441
2025-04-01 00:20:20,23.941,72.17,76.165,50.102,69.874
2025-04-01 00:20:21,24.582,74.095,75.985,49.826,68.581
2025-04-01 00:20:22,24.465,72.514,76.488,50.117,70.172
2025-04-01 00:20:23,23.385,71.75,75.213,49.137,70.219
2025-04-01 00:20:24,24.266,72.824,75.431,49.182,69.714
2025-04-01 00:20:25,23.386,72.214,75.529,49.273,70.406
2025-04-01 00:20:26,24.386,73.497,74.759,49.557,68.576
2025-04-01 00:20:27,24.424,72.325,75.77,49.294,69.242
2025-04-01 00:20:28,24.173,72.469,75.621,48.929,69.83
2025-04-01 00:20:29,24.175,72.157,75.5,49.132,70.054
2025-04-01 00:20:30,24.354,71.56,75.283,48.949,70.22
2025-04-01 00:20:31,24.462,72.549,74.552,49.712,69.674
2025-04-01 00:20:32,24.33,73.528,73.634,49.562,69.844
2025-04-01 00:20:33,23.852,72.686,73.685,48.467,69.344
2025-04-01 00:20:34,24.137,73.881,74.845,48.466,70.977
2025-04-01 00:20:35,24.653,71.763,75.106,48.709,71.289
2025-04-01 00:20:36,24.403,73.356,75.596,49.212,69.369
2025-04-01 00:20:37,24.387,73.223,74.663,48.559,70.525
2025-04-01 00:20:38,24.792,74.314,74.518,48.163,69.953
2025-04-01 00:20:39,24.334,74.207,76.244,49.754,72.56
2025-04-01 00:20:40,24.146,73.99,74.551,48.497,72.854
2025-04-01 00:20:41,24.138,72.53,73.145,48.705,72.89
2025-04-01 00:20:42,24.946,72.573,72.97,48.386,72.431
2025-04-01 00:20:43,24.288,72.976,73.284,48.113,72.291
2025-04-01 00:20:44,24.904,73.814,73.005,47.93,73.156
2025-04-01 00:20:45,24.52,72.989,72.308,47.654,73.965
2025-04-01 00:20:46,24.429,73.849,73.095,47.479,74.552
2025-04-01 00:20:47,24.648,73.0,72.91,48.354,73.615
2025-04-01 00:20:48,24.41,72.342,71.999,48.751,72.901
2025-04-01 00:20:49,24.176,72.5,70.502,47.69,75.327
2025-04-01 00:20:50,24.747,74.401,71.605,47.81,76.112
2025-04-01 00:20:51,24.736,73.778,69.65,48.016,75.68
2025-04-01 00:20:52,24.305,72.023,69.216,47.656,75.094
2025-04-01 00:20:53,24.258,72.701,68.491,47.669,75.29
2025-04-01 00:20:54,25.153,73.808,68.943,48.184,76.028
2025-04-01 00:20:55,24.578,73.984,69.68,47.8,76.574
2025-04-01 00:20:56,24.745,74.068,68.298,47.671,76.247
2025-04-01 00:20:57,24.232,73.343,68.934,47.622,76.747
2025-04-01 00:20:58,24.189,73.702,68.97,47.136,77.271
2025-04-01 00:20:59,24.997,73.885,67.575,46.995,77.81
2025-04-01 00:21:00,24.065,73.598,67.414,47.036,75.87
2025-04-01 00:21:01,23.962,74.142,67.708,47.375,76.283
2025-04-01 00:21:02,24.599,73.571,69.132,46.658,77.457
2025-04-01 00:21:03,24.336,73.875,69.301,47.052,77.016
2025-04-01 00:21:04,24.083,73.187,69.235,46.673,77.125
2025-04-01 00:21:05,24.028,72.041,68.505,46.651,79.565
2025-04-01 00:21:06,24.421,72.98,69.555,47.911,79.313
2025-04-01 00:21:07,24.365,73.464,68.117,46.521,78.308
2025-04-01 00:21:08,24.239,72.927,70.067,46.909,78.868
2025-04-01 00:21:09,24.06,74.314,68.483,45.835,78.726
2025-04-01 00:21:10,24.633,73.216,69.186,47.342,77.562
2025-04-01 00:21:11,23.688,73.35,68.166,46.759,81.064
2025-04-01 00:21:12,24.496,72.804,68.769,46.77,81.464
2025-04-01 00:21:13,24.964,73.589,69.033,46.838,80.752
2025-04-01 00:21:14,24.013,73.919,68.976,46.756,80.31
2025-04-01 00:21:15,24.235,74.229,68.073,46.73,80.652
2025-04-01 00:21:16,23.7,72.755,69.878,47.461,82.443
2025-04-01 00:21:17,23.804,72.518,69.753,47.345,80.66
2025-04-01 00:21:18,24.673,71.935,70.349,46.521,82.393
2025-04-01 00:21:19,24.132,71.968,69.245,46.159,83.975
2025-04-01 00:21:20,24.269,71.29,69.577,46.397,81.873
2025-04-01 00:21:21,24.157,72.458,70.869,46.634,81.8
2025-04-01 00:21:22,23.278,71.41,72.169,45.865,82.854
2025-04-01 00:21:23,23.279,72.41,72.631,46.179,81.567
2025-04-01 00:21:24,23.565,71.96,73.338,46.222,84.073
2025-04-01 00:21:25,23.929,70.091,72.775,46.272,81.627
2025-04-01 00:21:26,23.153,72.924,72.582,46.664,83.477
2025-04-01 00:21:27,23.823,70.983,73.564,47.068,84.023
2025-04-01 00:21:28,23.586,72.35,73.413,46.08,82.2
2025-04-01 00:21:29,23.992,71.764,72.464,46.318,83.175
2025-04-01 00:21:30,23.395,71.566,72.838,46.076,83.391
2025-04-01 00:21:31,23.24,71.098,73.624,46.405,82.219
2025-04-01 00:21:32,23.252,72.665,71.945,46.285,83.334
2025-04-01 00:21:33,23.222,71.614,71.651,46.378,82.836
2025-04-01 00:21:34,23.083,71.302,70.613,47.499,86.732
2025-04-01 00:21:35,22.915,70.991,70.712,46.896,84.272
2025-04-01 00:21:36,23.307,70.225,70.999,46.219,84.473
2025-04-01 00:21:37,23.91,70.42,70.886,46.546,85.974
2025-04-01 00:21:38,23.278,69.951,71.06,45.78,85.843
2025-04-01 00:21:39,23.559,70.534,70.94,46.624,84.498
2025-04-01 00:21:40,22.72,71.913,70.152,47.049,83.856
2025-04-01 00:21:41,23.291,71.929,70.631,47.222,83.963
2025-04-01 00:21:42,23.037,70.084,69.549,46.606,84.646
2025-04-01 00:21:43,23.193,69.573,69.816,47.431,83.174
2025-04-01 00:21:44,22.982,69.565,71.412,46.906,84.156
2025-04-01 00:21:45,22.593,71.21,71.586,47.466,83.168
2025-04-01 00:21:46,22.506,70.025,70.849,46.202,83.346
2025-04-01 00:21:47,22.838,69.138,71.418,46.626,84.592
2025-04-01 00:21:48,22.526,69.665,70.159,47.146,83.555
2025-04-01 00:21:49,22.873,70.417,70.323,47.293,85.6
2025-04-01 00:21:50,22.363,69.872,71.198,47.53,85.018
2025-04-01 00:21:51,22.526,68.725,72.025,46.91,83.129
2025-04-01 00:21:52,22.643,69.185,73.049,46.842,84.021
2025-04-01 00:21:53,22.531,69.393,73.283,46.625,84.726
2025-04-01 00:21:54,22.499,68.191,73.557,47.469,83.802
2025-04-01 00:21:55,22.444,68.853,72.896,48.354,84.874
2025-04-01 00:21:56,21.782,70.484,73.352,47.388,84.47
2025-04-01 00:21:57,21.58,68.84,72.276,48.877,84.063
2025-04-01 00:21:58,22.607,70.114,71.847,47.995,82.734
2025-04-01 00:21:59,22.635,69.263,72.126,47.791,84.838
2025-04-01 00:22:00,22.415,68.629,72.952,47.636,84.033
2025-04-01 00:22:01,22.427,68.401,72.961,47.36,83.077
2025-04-01 00:22:02,22.003,67.406,73.874,46.165,84.318
2025-04-01 00:22:03,21.289,68.511,72.524,47.321,84.654
2025-04-01 00:22:04,21.923,67.688,72.988,47.851,82.669
2025-04-01 00:22:05,22.394,68.504,72.901,47.467,83.618
2025-04-01 00:22:06,21.853,67.186,72.075,47.905,82.847
2025-04-01 00:22:07,21.813,67.299,72.307,46.601,83.459
2025-04-01 00:22:08,22.115,67.276,72.908,48.42,83.46
2025-04-01 00:22:09,21.74,68.345,73.144,47.952,81.846
2025-04-01 00:22:10,21.747,67.782,73.948,48.184,80.645
2025-04-01 00:22:11,21.605,67.536,72.744,48.322,82.962
2025-04-01 00:22:12,21.729,67.717,73.468,47.677,82.116
2025-04-01 00:22:13,21.906,67.296,72.587,47.591,81.505
2025-04-01 00:22:14,22.218,66.14,71.69,47.718,80.153
2025-04-01 00:22:15,22.179,66.854,72.618,48.1,80.492
2025-04-01 00:22:16,21.573,66.578,71.758,48.574,79.992
2025-04-01 00:22:17,21.638,68.404,70.498,47.862,80.393
2025-04-01 00:22:18,21.871,66.878,71.155,47.677,81.481
2025-04-01 00:22:19,21.53,66.432,72.044,48.339,78.612
2025-04-01 00:22:20,20.98,67.654,71.2,48.426,79.488
2025-04-01 00:22:21,22.183,67.049,71.158,48.472,80.299
2025-04-01 00:22:22,21.326,65.997,71.356,48.328,78.12
2025-04-01 00:22:23,21.656,65.761,70.86,48.906,78.099
2025-04-01 00:22:24,21.571,67.648,71.084,47.863,77.747
2025-04-01 00:22:25,21.639,64.414,71.18,48.202,77.466
2025-04-01 00:22:26,21.463,67.614,73.255,47.738,78.358
2025-04-01 00:22:27,21.633,67.104,73.092,47.835,77.447
2025-04-01 00:22:28,21.057,65.682,72.802,49.583,77.594
2025-04-01 00:22:29,21.628,65.212,72.883,49.025,77.23
2025-04-01 00:22:30,21.376,65.997,74.673,47.868,77.201
2025-04-01 00:22:31,21.498,66.387,75.117,47.785,76.569
2025-04-01 00:22:32,21.806,65.307,75.276,48.294,77.021
2025-04-01 00:22:33,21.587,66.235,74.581,47.751,78.759
2025-04-01 00:22:34,21.863,65.823,76.012,48.046,74.199
2025-04-01 00:22:35,21.506,65.711,76.627,47.964,75.916
2025-04-01 00:22:36,22.257,65.257,76.223,47.286,76.637
2025-04-01 00:22:37,21.456,64.777,75.318,48.37,75.48
2025-04-01 00:22:38,21.456,64.947,75.905,48.451,74.159
2025-04-01 00:22:39,21.534,65.457,75.532,47.202,74.788
2025-04-01 00:22:40,21.801,65.197,75.48,48.309,75.462
2025-04-01 00:22:41,21.485,64.034,75.702,47.528,74.102
2025-04-01 00:22:42,21.932,66.532,75.43,47.203,73.383
2025-04-01 00:22:43,21.625,66.045,74.95,47.039,73.741
2025-04-01 00:22:44,21.804,64.436,75.559,47.183,73.732
2025-04-01 00:22:45,21.585,66.04,74.843,47.317,73.447
2025-04-01 00:22:46,22.227,65.345,76.04,47.256,73.415
2025-04-01 00:22:47,21.46,65.191,75.082,48.063,72.62
2025-04-01 00:22:48,21.504,64.174,74.157,47.695,73.096
2025-04-01 00:22:49,22.169,64.771,75.571,47.065,71.737
2025-04-01 00:22:50,21.87,65.051,76.227,48.04,72.581
2025-04-01 00:22:51,22.118,64.649,75.399,47.045,71.586
2025-04-01 00:22:52,22.366,65.736,75.174,47.287,72.223
2025-04-01 00:22:53,22.211,64.283,75.901,47.551,72.521
2025-04-01 00:22:54,21.78,65.037,77.3,46.938,71.535
2025-04-01 00:22:55,22.06,65.052,76.423,47.041,73.0
2025-04-01 00:22:56,21.549,63.98,76.068,47.335,71.507
2025-04-01 00:22:57,21.964,67.032,76.31,46.977,71.956
2025-04-01 00:22:58,21.959,65.214,75.48,46.631,70.973
2025-04-01 00:22:59,21.933,65.753,75.994,46.308,71.319
2025-04-01 00:23:00,21.983,65.742,76.038,46.279,70.366
2025-04-01 00:23:01,22.233,64.784,75.491,46.189,73.125
2025-04-01 00:23:02,22.384,65.541,76.494,46.125,69.589
2025-04-01 00:23:03,21.501,65.478,76.9,45.386,70.722
2025-04-01 00:23:04,22.745,64.426,76.591,46.397,69.693
2025-04-01 00:23:05,22.33,65.562,75.99,46.659,69.281
2025-04-01 00:23:06,22.411,66.155,75.667,46.289,69.585
2025-04-01 00:23:07,22.65,65.98,76.141,44.694,68.113
2025-04-01 00:23:08,23.269,64.318,76.245,45.961,68.372
2025-04-01 00:23:09,23.295,66.113,75.901,46.269,69.778
2025-04-01 00:23:10,22.467,67.082,75.63,45.725,69.186
2025-04-01 00:23:11,23.001,66.451,77.087,46.284,68.286
2025-04-01 00:23:12,22.838,65.181,75.37,45.341,70.098
2025-04-01 00:23:13,22.784,64.065,76.137,44.992,68.81
2025-04-01 00:23:14,22.578,65.644,75.768,45.334,70.208
2025-04-01 00:23:15,22.772,64.501,76.001,45.64,68.575
2025-04-01 00:23:16,23.083,65.892,76.459,45.188,68.886
2025-04-01 00:23:17,23.046,64.894,76.704,45.918,69.017
2025-04-01 00:23:18,23.755,66.095,76.01,45.434,69.156
2025-04-01 00:23:19,22.831,65.838,76.733,46.029,69.127
2025-04-01 00:23:20,23.134,67.11,76.827,45.004,71.576
2025-04-01 00:23:21,23.196,66.282,77.085,43.878,68.625
2025-04-01 00:23:22,23.571,66.41,76.508,44.127,68.726
2025-04-01 00:23:23,23.336,66.766,76.06,44.224,69.107
2025-04-01 00:23:24,23.488,66.349,75.852,43.755,70.804
2025-04-01 00:23:25,23.129,66.413,75.888,45.832,70.093
2025-04-01 00:23:26,23.543,65.671,74.357,44.189,70.207
2025-04-01 00:23:27,23.365,65.705,75.653,43.567,69.142
2025-04-01 00:23:28,23.658,66.803,75.446,44.985,68.344
2025-04-01 00:23:29,24.155,66.107,73.831,44.271,70.514
2025-04-01 00:23:30,23.85,67.496,73.131,44.504,71.274
2025-04-01 00:23:31,23.448,65.768,74.086,44.261,70.427
2025-04-01 00:23:32,23.527,66.829,73.956,44.625,69.834
2025-04-01 00:23:33,23.712,66.404,72.912,43.45,70.36
2025-04-01 00:23:34,23.92,67.653,73.754,44.251,71.916
2025-04-01 00:23:35,24.018,66.972,73.132,44.097,71.863
2025-04-01 00:23:36,23.577,66.393,72.949,44.135,72.114
2025-04-01 00:23:37,24.286,67.947,73.797,44.468,71.092
2025-04-01 00:23:38,23.968,67.316,74.167,43.43,72.177
2025-04-01 00:23:39,23.737,66.193,75.372,43.432,72.988
2025-04-01 00:23:40,23.494,66.723,74.193,44.094,72.188
2025-04-01 00:23:41,23.756,67.037,75.26,44.421,73.465
2025-04-01 00:23:42,23.527,67.688,74.456,43.713,71.873
2025-04-01 00:23:43,24.471,67.258,74.184,44.303,72.82
2025-04-01 00:23:44,24.206,67.016,73.775,43.885,75.651
2025-04-01 00:23:45,24.321,68.305,75.044,43.401,73.075
2025-04-01 00:23:46,23.882,68.282,74.981,44.134,73.767
2025-04-01 00:23:47,23.45,66.642,74.319,44.122,73.323
2025-04-01 00:23:48,24.245,67.701,74.559,42.777,73.996
2025-04-01 00:23:49,24.227,68.463,75.195,43.632,73.331
2025-04-01 00:23:50,24.236,68.844,76.712,43.41,74.475
2025-04-01 00:23:51,24.366,67.419,76.646,43.029,74.575
2025-04-01 00:23:52,24.352,68.059,75.894,43.212,74.98
2025-04-01 00:23:53,23.739,69.906,77.007,43.281,74.483
2025-04-01 00:23:54,24.499,68.982,76.598,43.961,75.352
2025-04-01 00:23:55,24.719,69.916,76.428,43.597,72.887
2025-04-01 00:23:56,24.431,66.711,76.64,43.094,75.731
2025-04-01 00:23:57,23.834,70.648,75.223,43.685,76.802
2025-04-01 00:23:58,24.504,68.782,76.078,43.242,76.377
2025-04-01 00:23:59,24.285,68.491,76.03,43.667,74.1
2025-04-01 00:24:00,24.687,69.481,76.097,44.04,76.815
2025-04-01 00:24:01,25.264,69.796,76.375,43.283,76.908
2025-04-01 00:24:02,24.128,70.533,76.825,43.878,78.176
2025-04-01 00:24:03,24.016,69.131,76.451,44.004,78.667
2025-04-01 00:24:04,24.857,70.325,77.95,44.51,77.896
2025-04-01 00:24:05,24.043,70.516,78.064,44.106,78.905
2025-04-01 00:24:06,24.911,70.619,76.876,44.383,77.316
2025-04-01 00:24:07,24.642,69.195,76.127,43.514,77.928
2025-04-01 00:24:08,24.449,69.305,76.15,44.442,79.859
2025-04-01 00:24:09,24.137,70.496,75.607,43.374,78.861
2025-04-01 00:24:10,24.526,70.74,76.327,43.466,80.251
2025-04-01 00:24:11,24.538,71.365,77.217,44.143,81.213
2025-04-01 00:24:12,24.76,70.663,78.151,43.657,80.136
2025-04-01 00:24:13,25.102,71.185,77.493,44.873,79.014
2025-04-01 00:24:14,24.383,70.823,77.833,44.774,80.218
2025-04-01 00:24:15,24.89,70.98,77.271,45.146,79.322
2025-04-01 00:24:16,24.908,70.509,77.682,43.922,82.052
2025-04-01 00:24:17,24.452,70.845,76.237,44.145,83.115
2025-04-01 00:24:18,24.419,72.215,77.55,44.976,81.64
2025-04-01 00:24:19,24.805,71.017,76.727,44.309,82.629
2025-04-01 00:24:20,23.916,71.131,76.843,44.142,80.442
2025-04-01 00:24:21,24.666,71.315,75.547,44.926,83.085
2025-04-01 00:24:22,24.122,71.403,75.391,45.033,83.385
2025-04-01 00:24:23,24.384,70.947,74.281,44.463,83.152
2025-04-01 00:24:24,24.526,73.4,74.71,43.933,83.051
2025-04-01 00:24:25,24.303,70.439,73.911,43.898,84.178
2025-04-01 00:24:26,24.328,70.488,74.387,44.697,82.977
2025-04-01 00:24:27,24.366,72.279,73.83,44.901,83.067
2025-04-01 00:24:28,24.821,70.309,73.692,43.393,82.114
2025-04-01 00:24:29,23.729,71.277,74.296,45.358,83.242
2025-04-01 00:24:30,24.881,72.142,73.429,45.836,83.884
2025-04-01 00:24:31,24.619,72.059,72.966,44.668,83.491
2025-04-01 00:24:32,23.758,73.086,72.762,44.779,81.503
2025-04-01 00:24:33,24.456,72.4,73.194,44.945,84.842
2025-04-01 00:24:34,24.124,72.477,74.134,45.469,84.083
2025-04-01 00:24:35,23.931,72.581,72.311,44.994,83.049
2025-04-01 00:24:36,24.222,71.881,72.102,45.5,83.628
2025-04-01 00:24:37,24.324,72.892,71.423,45.889,84.701
2025-04-01 00:24:38,24.256,72.308,72.849,45.305,84.973
2025-04-01 00:24:39,23.601,73.427,71.897,44.35,82.272
2025-04-01 00:24:40,23.818,73.007,71.364,45.833,84.204
2025-04-01 00:24:41,23.808,71.72,71.879,46.059,84.902
2025-04-01 00:24:42,24.109,72.662,71.163,45.611,83.354
2025-04-01 00:24:43,24.178,73.382,71.755,46.529,83.936
2025-04-01 00:24:44,23.824,72.035,71.602,45.304,83.83
2025-04-01 00:24:45,24.124,72.338,71.64,46.021,86.209
2025-04-01 00:24:46,23.862,73.835,72.275,44.802,85.165
2025-04-01 00:24:47,23.915,72.027,71.93,45.751,85.565
2025-04-01 00:24:48,23.502,73.558,72.109,45.603,83.917
2025-04-01 00:24:49,24.192,73.048,72.303,44.547,83.797
2025-04-01 00:24:50,23.96,73.151,71.65,45.431,84.141
2025-04-01 00:24:51,23.758,70.377,71.837,45.886,84.232
2025-04-01 00:24:52,23.084,72.47,70.663,45.289,84.132
2025-04-01 00:24:53,23.675,72.926,70.906,45.872,82.817
2025-04-01 00:24:54,23.709,73.474,69.52,45.16,84.235
2025-04-01 00:24:55,23.605,72.217,69.195,45.134,84.262
2025-04-01 00:24:56,23.071,73.521,68.448,45.369,85.796
2025-04-01 00:24:57,23.134,74.119,67.703,45.081,85.212
2025-04-01 00:24:58,23.935,74.193,68.635,45.081,84.844
2025-04-01 00:24:59,22.89,73.567,69.577,45.642,82.754
2025-04-01 00:25:00,22.88,71.925,68.48,46.204,84.77
2025-04-01 00:25:01,23.248,71.652,67.039,44.887,83.784
2025-04-01 00:25:02,23.545,73.707,67.053,45.163,84.041
2025-04-01 00:25:03,23.029,74.712,68.041,46.066,84.777
2025-04-01 00:25:04,23.115,72.708,67.236,45.417,83.794
2025-04-01 00:25:05,23.166,72.281,68.444,45.165,82.501
2025-04-01 00:25:06,22.327,72.819,68.85,45.564,82.608
2025-04-01 00:25:07,22.646,73.041,69.492,45.634,80.909
2025-04-01 00:25:08,22.656,72.04,69.311,45.068,81.983
2025-04-01 00:25:09,22.68,73.116,68.301,44.927,81.097
2025-04-01 00:25:10,22.479,73.846,69.122,44.934,81.835
2025-04-01 00:25:11,22.633,72.892,70.075,44.646,80.146
2025-04-01 00:25:12,23.239,72.226,70.404,45.036,80.281
2025-04-01 00:25:13,22.68,73.96,70.743,44.986,80.459
2025-04-01 00:25:14,22.961,71.396,71.015,45.337,79.871
2025-04-01 00:25:15,22.553,74.173,71.654,44.607,80.133
2025-04-01 00:25:16,22.543,72.901,70.892,44.678,80.66
2025-04-01 00:25:17,22.444,72.523,70.378,45.126,81.193
2025-04-01 00:25:18,22.739,73.156,70.869,44.939,79.584
2025-04-01 00:25:19,22.232,70.762,70.481,44.012,79.196
2025-04-01 00:25:20,22.287,71.802,70.338,44.515,81.906
2025-04-01 00:25:21,21.798,71.242,70.726,44.93,79.535
2025-04-01 00:25:22,22.465,72.089,71.747,44.129,78.927
2025-04-01 00:25:23,21.946,72.135,70.324,45.534,79.477
2025-04-01 00:25:24,22.382,73.119,70.952,44.457,79.214
2025-04-01 00:25:25,22.326,72.544,71.131,44.276,79.093
2025-04-01 00:25:26,22.173,72.126,70.472,44.467,77.343
2025-04-01 00:25:27,22.078,71.588,69.774,44.354,78.298
2025-04-01 00:25:28,21.843,72.967,70.015,44.153,78.369
2025-04-01 00:25:29,21.881,70.417,70.384,43.712,78.074
2025-04-01 00:25:30,21.851,72.199,70.104,43.753,77.46
2025-04-01 00:25:31,22.185,74.062,69.01,43.498,75.854
2025-04-01 00:25:32,22.071,72.067,69.739,44.431,76.469
2025-04-01 00:25:33,21.863,71.845,69.493,42.585,75.158
2025-04-01 00:25:34,22.176,72.235,68.866,43.425,74.95
2025-04-01 00:25:35,22.203,71.552,69.108,43.347,75.422
2025-04-01 00:25:36,20.964,69.803,69.224,43.539,75.62
2025-04-01 00:25:37,21.591,70.878,69.504,42.204,74.525
2025-04-01 00:25:38,22.238,72.307,69.216,43.622,75.389
2025-04-01 00:25:39,22.009,69.52,69.23,42.856,76.073
2025-04-01 00:25:40,21.689,71.282,68.448,42.702,74.346
2025-04-01 00:25:41,22.001,70.919,69.851,44.246,74.136
2025-04-01 00:25:42,22.066,71.891,69.104,42.458,73.735
2025-04-01 00:25:43,22.035,71.031,69.93,42.662,73.738
2025-04-01 00:25:44,21.492,70.53,69.283,42.53,75.083
2025-04-01 00:25:45,21.586,69.988,69.934,43.15,72.301
2025-04-01 00:25:46,21.932,71.79,69.747,41.892,73.188
2025-04-01 00:25:47,21.8,71.427,69.856,41.991,73.051
2025-04-01 00:25:48,21.851,71.692,69.955,43.095,71.856
2025-04-01 00:25:49,21.093,69.652,69.698,42.529,73.19
2025-04-01 00:25:50,22.019,69.699,69.601,41.939,73.711
2025-04-01 00:25:51,21.73,69.689,70.512,42.579,72.361
2025-04-01 00:25:52,21.526,71.516,69.899,41.468,72.767
2025-04-01 00:25:53,21.62,69.311,69.391,42.081,71.894
2025-04-01 00:25:54,21.528,69.731,69.41,42.076,70.883
2025-04-01 00:25:55,22.161,70.044,69.074,41.896,72.069
2025-04-01 00:25:56,21.538,70.29,68.67,41.511,72.469
2025-04-01 00:25:57,21.91,68.71,67.343,41.498,72.713
2025-04-01 00:25:58,21.599,70.512,67.076,42.687,71.182
2025-04-01 00:25:59,21.536,70.339,66.703,42.099,72.03
2025-04-01 00:26:00,21.747,68.536,67.976,40.529,71.781
2025-04-01 00:26:01,22.09,71.504,67.929,41.533,71.165
2025-04-01 00:26:02,21.573,70.023,66.951,41.606,69.762
2025-04-01 00:26:03,21.284,69.388,66.051,41.777,70.309
2025-04-01 00:26:04,22.007,68.306,66.279,41.641,69.817
2025-04-01 00:26:05,21.563,70.062,65.665,42.086,70.577
2025-04-01 00:26:06,21.967,68.717,65.725,41.287,69.304
2025-04-01 00:26:07,22.371,66.975,65.298,41.352,69.623
2025-04-01 00:26:08,22.166,68.477,63.882,41.552,69.576
2025-04-01 00:26:09,22.172,68.698,64.878,40.984,68.869
2025-04-01 00:26:10,21.31,68.791,64.551,41.214,71.67
2025-04-01 00:26:11,21.995,68.398,63.477,40.694,70.203
2025-04-01 00:26:12,22.261,67.865,64.125,41.608,70.293
2025-04-01 00:26:13,22.135,68.54,64.013,40.706,69.524
2025-04-01 00:26:14,22.201,68.098,63.783,41.383,69.653
2025-04-01 00:26:15,21.949,67.734,62.515,40.761,69.519
2025-04-01 00:26:16,22.606,69.364,65.145,41.831,71.844
2025-04-01 00:26:17,21.987,65.923,65.014,41.51,70.307
2025-04-01 00:26:18,22.193,66.652,64.914,40.335,67.897
2025-04-01 00:26:19,21.995,66.548,63.915,40.969,68.995
2025-04-01 00:26:20,22.503,67.416,64.46,40.534,70.259
2025-04-01 00:26:21,22.576,67.912,64.314,40.791,71.09
2025-04-01 00:26:22,22.375,67.416,66.219,41.062,71.826
2025-04-01 00:26:23,22.336,66.533,66.519,41.073,71.047
2025-04-01 00:26:24,22.495,67.561,66.448,41.379,71.413
2025-04-01 00:26:25,23.354,65.337,65.219,40.788,72.332
2025-04-01 00:26:26,21.925,66.893,65.848,41.567,69.968
2025-04-01 00:26:27,22.575,66.989,65.351,41.548,72.277
2025-04-01 00:26:28,22.94,65.892,65.376,40.79,70.676
2025-04-01 00:26:29,22.818,65.632,65.033,40.817,71.648
2025-04-01 00:26:30,22.701,66.343,64.504,42.099,71.631
2025-04-01 00:26:31,22.891,66.409,64.027,42.062,70.435
2025-04-01 00:26:32,22.75,66.027,63.76,40.328,73.315
2025-04-01 00:26:33,22.646,66.05,63.917,40.863,71.261
2025-04-01 00:26:34,22.839,67.506,63.729,41.392,72.044
2025-04-01 00:26:35,23.432,66.954,64.486,41.537,71.741
2025-04-01 00:26:36,23.339,65.136,65.054,40.929,73.625
2025-04-01 00:26:37,22.991,66.261,64.175,41.135,71.509
2025-04-01 00:26:38,23.187,65.979,64.827,40.971,72.802
2025-04-01 00:26:39,23.269,66.166,64.644,41.144,73.585
2025-04-01 00:26:40,23.508,65.524,64.347,41.507,72.415
2025-04-01 00:26:41,23.026,65.052,64.586,40.935,72.704
2025-04-01 00:26:42,23.727,65.179,63.972,41.818,74.071
2025-04-01 00:26:43,23.226,65.625,65.262,41.499,73.175
2025-04-01 00:26:44,23.647,65.349,65.065,41.565,74.489
2025-04-01 00:26:45,23.633,66.324,65.143,41.511,73.574
2025-04-01 00:26:46,23.218,64.458,65.82,42.136,72.385
2025-04-01 00:26:47,23.778,64.894,64.612,41.436,74.527
2025-04-01 00:26:48,24.012,65.069,65.168,42.264,76.723
2025-04-01 00:26:49,24.365,66.719,64.935,41.744,74.71
2025-04-01 00:26:50,23.928,66.474,65.324,42.26,75.176
2025-04-01 00:26:51,23.697,65.942,64.436,42.796,74.143
2025-04-01 00:26:52,23.792,65.28,65.086,41.764,74.824
2025-04-01 00:26:53,24.267,65.88,64.259,42.594,75.755
2025-04-01 00:26:54,24.501,66.762,64.353,42.959,75.699
2025-04-01 00:26:55,24.114,65.189,65.4,41.685,75.15
2025-04-01 00:26:56,24.049,65.71,65.16,42.174,76.444
2025-04-01 00:26:57,24.263,63.985,65.268,41.512,75.75
2025-04-01 00:26:58,24.276,64.847,65.782,42.359,77.761
2025-04-01 00:26:59,24.121,64.896,64.327,42.707,79.17
2025-04-01 00:27:00,23.974,65.745,65.195,42.24,76.65
2025-04-01 00:27:01,24.019,64.894,65.877,41.835,79.541
2025-04-01 00:27:02,23.931,64.775,66.079,42.309,75.962
2025-04-01 00:27:03,24.542,64.31,66.286,41.721,78.987
2025-04-01 00:27:04,24.387,64.303,66.931,43.337,77.161
2025-04-01 00:27:05,24.593,64.672,67.619,42.456,77.019
2025-04-01 00:27:06,23.909,64.767,66.342,42.347,77.766
2025-04-01 00:27:07,24.369,64.533,67.069,42.14,79.064
2025-04-01 00:27:08,24.457,64.867,66.018,43.009,78.848
2025-04-01 00:27:09,24.581,65.478,66.675,42.878,80.368
2025-04-01 00:27:10,24.295,64.669,65.96,42.275,79.844
2025-04-01 00:27:11,24.898,65.308,65.444,43.506,81.673
2025-04-01 00:27:12,24.339,66.065,65.744,42.771,79.616
2025-04-01 00:27:13,24.004,65.116,65.021,42.755,79.15
2025-04-01 00:27:14,24.27,65.068,65.688,42.887,80.042
2025-04-01 00:27:15,24.522,65.314,66.58,41.658,80.881
2025-04-01 00:27:16,24.833,65.397,66.351,42.516,82.224
2025-04-01 00:27:17,24.008,64.622,65.61,42.707,80.802
2025-04-01 00:27:18,24.67,64.921,65.91,42.778,81.491
2025-04-01 00:27:19,25.021,65.588,65.363,43.498,81.428
2025-04-01 00:27:20,25.032,66.478,65.076,43.233,82.719
2025-04-01 00:27:21,24.696,65.756,66.119,42.687,82.258
2025-04-01 00:27:22,25.124,65.912,66.627,43.243,83.693
2025-04-01 00:27:23,24.745,64.771,66.217,43.982,83.766
2025-04-01 00:27:24,24.897,65.484,65.794,43.014,84.877
2025-04-01 00:27:25,24.727,63.657,65.538,43.506,82.963
2025-04-01 00:27:26,24.798,67.081,65.511,42.936,82.891
2025-04-01 00:27:27,25.437,63.726,64.294,42.157,83.702
2025-04-01 00:27:28,25.01,65.694,63.892,43.55,84.112
2025-04-01 00:27:29,25.085,66.322,62.978,43.82,83.873
2025-04-01 00:27:30,24.751,65.629,62.517,42.807,83.0
2025-04-01 00:27:31,24.524,66.923,62.385,42.303,81.909
2025-04-01 00:27:32,24.709,66.171,62.287,42.258,83.763
2025-04-01 00:27:33,24.906,65.01,61.622,42.869,84.876
2025-04-01 00:27:34,24.598,65.396,61.391,42.86,83.442
2025-04-01 00:27:35,25.085,66.731,61.44,42.764,86.384
2025-04-01 00:27:36,24.211,66.269,61.095,43.05,82.18
2025-04-01 00:27:37,25.375,66.889,61.597,42.66,85.549
2025-04-01 00:27:38,24.738,66.059,61.075,42.911,86.587
2025-04-01 00:27:39,25.384,66.609,61.333,42.304,85.044
2025-04-01 00:27:40,25.344,64.387,61.117,42.576,83.65
2025-04-01 00:27:41,25.283,65.914,60.541,42.952,84.677
2025-04-01 00:27:42,24.718,67.691,61.001,41.706,85.31
2025-04-01 00:27:43,24.887,66.245,61.223,42.254,85.316
2025-04-01 00:27:44,24.362,66.588,61.549,42.121,83.853
2025-04-01 00:27:45,24.729,67.491,61.769,42.155,85.734
2025-04-01 00:27:46,24.637,67.636,61.915,43.547,84.717
2025-04-01 00:27:47,24.046,67.223,62.374,42.496,84.223
2025-04-01 00:27:48,24.34,67.344,63.321,42.656,84.387
2025-04-01 00:27:49,24.974,67.737,64.544,42.586,84.998
2025-04-01 00:27:50,24.182,67.285,63.498,41.762,84.017
2025-04-01 00:27:51,24.809,67.749,63.82,42.443,85.201
2025-04-01 00:27:52,24.495,67.221,64.743,41.179,85.528
2025-04-01 00:27:53,24.409,68.32,63.763,41.99,83.342
2025-04-01 00:27:54,23.986,66.876,64.816,43.193,83.215
2025-04-01 00:27:55,24.526,67.74,63.431,41.408,85.03
2025-04-01 00:27:56,24.565,66.787,63.33,42.07,82.38
2025-04-01 00:27:57,25.096,67.261,63.517,41.424,83.937
2025-04-01 00:27:58,24.228,66.529,63.004,40.915,83.206
2025-04-01 00:27:59,24.081,68.281,64.095,41.397,82.658
2025-04-01 00:28:00,24.41,69.163,63.634,41.307,84.479
2025-04-01 00:28:01,24.223,68.437,64.479,41.738,84.477
2025-04-01 00:28:02,23.982,66.83,65.621,41.303,84.196
2025-04-01 00:28:03,24.363,70.181,64.741,39.754,81.986
2025-04-01 00:28:04,24.133,69.74,64.433,41.395,83.628
2025-04-01 00:28:05,24.105,68.078,64.589,40.928,82.558
2025-04-01 00:28:06,24.36,70.145,65.901,42.437,82.743
2025-04-01 00:28:07,23.705,69.01,66.192,40.976,84.109
2025-04-01 00:28:08,24.193,70.247,67.364,40.846,80.96
2025-04-01 00:28:09,23.65,69.062,68.302,41.214,82.272
2025-04-01 00:28:10,23.945,69.474,68.504,40.913,83.041
2025-04-01 00:28:11,23.752,69.679,67.986,39.043,80.03
2025-04-01 00:28:12,23.68,70.274,69.131,40.321,82.973
2025-04-01 00:28:13,22.553,69.295,69.019,39.803,83.008
2025-04-01 00:28:14,23.565,70.021,69.766,40.224,83.391
2025-04-01 00:28:15,23.265,70.562,69.582,39.801,81.218
2025-04-01 00:28:16,23.499,68.451,69.041,40.335,81.006
2025-04-01 00:28:17,23.423,68.092,69.096,41.005,81.313
2025-04-01 00:28:18,23.6,69.884,69.153,39.023,80.138
2025-04-01 00:28:19,22.856,69.68,69.048,40.354,81.385
2025-04-01 00:28:20,23.286,70.107,68.816,38.857,79.113
2025-04-01 00:28:21,23.557,69.721,68.886,38.797,79.047
2025-04-01 00:28:22,22.974,69.968,69.008,39.546,79.077
2025-04-01 00:28:23,23.271,70.318,69.133,39.122,78.877
2025-04-01 00:28:24,23.707,69.219,68.912,39.436,79.724
2025-04-01 00:28:25,23.178,70.712,69.835,40.119,80.384
2025-04-01 00:28:26,23.246,72.354,70.19,38.893,78.559
2025-04-01 00:28:27,22.919,70.321,70.318,39.314,80.075
2025-04-01 00:28:28,22.552,70.366,71.604,38.581,79.209
2025-04-01 00:28:29,22.715,69.26,70.034,39.242,78.225
2025-04-01 00:28:30,23.072,71.857,71.022,39.248,77.22
2025-04-01 00:28:31,23.493,71.954,70.557,38.296,76.754
2025-04-01 00:28:32,22.431,71.512,69.952,39.547,76.765
2025-04-01 00:28:33,22.486,71.211,70.056,39.079,75.862
2025-04-01 00:28:34,22.651,71.697,69.993,38.409,76.898
2025-04-01 00:28:35,22.282,72.236,68.971,39.119,76.363
2025-04-01 00:28:36,22.621,71.959,69.562,38.69,76.306
2025-04-01 00:28:37,22.724,72.476,69.685,38.38,75.379
2025-04-01 00:28:38,22.61,72.3,69.72,38.228,76.197
2025-04-01 00:28:39,22.396,72.19,69.201,39.172,75.49
2025-04-01 00:28:40,21.926,72.045,68.602,39.309,74.873
2025-04-01 00:28:41,22.683,71.371,67.376,37.88,76.173
2025-04-01 00:28:42,22.192,70.275,66.702,37.791,73.933
2025-04-01 00:28:43,22.389,71.479,66.738,37.899,74.012
2025-04-01 00:28:44,22.182,72.902,66.213,39.312,74.704
2025-04-01 00:28:45,22.018,73.135,65.157,39.113,73.63
2025-04-01 00:28:46,22.086,72.907,65.497,38.829,73.797
2025-04-01 00:28:47,22.067,73.725,65.461,38.623,72.777
2025-04-01 00:28:48,21.678,72.233,64.682,38.708,72.943
2025-04-01 00:28:49,21.761,72.089,64.892,37.887,74.125
2025-04-01 00:28:50,22.226,72.099,65.332,38.38,72.778
2025-04-01 00:28:51,22.356,73.52,65.154,38.556,73.574
2025-04-01 00:28:52,22.061,72.287,64.311,39.758,73.699
2025-04-01 00:28:53,21.733,72.164,63.751,37.777,70.115
2025-04-01 00:28:54,21.983,73.329,62.781,37.542,72.511
2025-04-01 00:28:55,22.318,72.882,63.438,39.567,72.813
2025-04-01 00:28:56,21.821,71.929,63.389,39.058,70.363
2025-04-01 00:28:57,22.322,72.672,62.277,39.046,71.561
2025-04-01 00:28:58,21.863,72.56,61.822,38.88,71.62
2025-04-01 00:28:59,21.959,72.212,62.606,38.588,70.811
2025-04-01 00:29:00,21.669,72.22,63.233,37.874,72.217
2025-04-01 00:29:01,22.053,72.999,62.797,38.655,71.571
2025-04-01 00:29:02,22.322,73.454,63.899,38.97,72.232
2025-04-01 00:29:03,21.767,73.427,64.111,39.347,70.352
2025-04-01 00:29:04,22.0,72.288,65.227,38.914,70.236
2025-04-01 00:29:05,21.651,73.008,64.24,38.401,69.824
2025-04-01 00:29:06,21.99,73.512,64.726,39.244,71.182
2025-04-01 00:29:07,22.021,72.209,65.427,39.329,69.579
2025-04-01 00:29:08,22.15,71.66,65.069,38.551,69.435
2025-04-01 00:29:09,21.782,72.62,65.341,38.715,70.733
2025-04-01 00:29:10,21.346,74.241,66.384,39.524,70.704
2025-04-01 00:29:11,21.931,73.477,64.195,38.573,69.826
2025-04-01 00:29:12,21.858,73.567,65.957,37.912,70.826
2025-04-01 00:29:13,21.644,73.062,65.133,38.833,69.645
2025-04-01 00:29:14,22.154,74.013,64.909,38.923,70.019
2025-04-01 00:29:15,21.815,72.86,65.752,39.107,71.109
2025-04-01 00:29:16,21.984,73.526,66.238,38.931,70.275
2025-04-01 00:29:17,21.945,73.03,66.329,39.226,72.231
2025-04-01 00:29:18,22.097,72.683,66.476,39.214,72.157
2025-04-01 00:29:19,22.163,72.921,66.195,39.506,71.345
2025-04-01 00:29:20,21.785,72.217,67.696,38.359,70.487
2025-04-01 00:29:21,22.1,72.339,67.451,38.354,70.251
2025-04-01 00:29:22,22.289,72.517,66.997,40.207,71.102
2025-04-01 00:29:23,22.272,73.013,67.07,39.398,70.411
2025-04-01 00:29:24,22.282,71.239,67.223,39.529,71.888
2025-04-01 00:29:25,21.474,71.595,68.159,37.813,69.918
2025-04-01 00:29:26,21.904,73.637,69.384,39.176,69.252
2025-04-01 00:29:27,22.081,73.534,68.757,39.029,71.135
2025-04-01 00:29:28,22.069,72.032,68.681,39.559,73.024
2025-04-01 00:29:29,21.969,72.254,69.967,40.083,72.439
2025-04-01 00:29:30,22.206,71.284,70.555,39.983,71.477
2025-04-01 00:29:31,22.984,72.993,70.833,40.091,72.666
2025-04-01 00:29:32,22.12,72.334,69.715,39.858,72.407
2025-04-01 00:29:33,22.195,72.992,69.28,39.329,71.766
2025-04-01 00:29:34,22.58,70.577,70.406,40.552,71.715
2025-04-01 00:29:35,21.883,71.616,70.448,40.146,72.686
2025-04-01 00:29:36,22.113,71.007,70.026,40.406,71.733
2025-04-01 00:29:37,22.077,71.595,70.96,39.689,73.084
2025-04-01 00:29:38,22.474,72.611,70.438,39.816,74.392
2025-04-01 00:29:39,22.213,70.342,70.618,39.932,72.126
2025-04-01 00:29:40,22.425,70.886,70.576,39.693,73.843
2025-04-01 00:29:41,22.184,70.762,71.073,40.791,74.54
2025-04-01 00:29:42,22.666,71.062,71.395,39.979,75.417
2025-04-01 00:29:43,23.099,71.8,71.413,40.634,73.916
2025-04-01 00:29:44,22.649,71.353,71.056,40.689,72.385
2025-04-01 00:29:45,22.587,69.67,71.896,40.178,74.873
2025-04-01 00:29:46,22.763,71.953,70.799,39.377,73.343
2025-04-01 00:29:47,22.765,71.54,71.206,41.331,73.992
2025-04-01 00:29:48,23.138,72.174,69.397,40.245,74.584
2025-04-01 00:29:49,23.386,71.569,70.314,40.562,75.858
2025-04-01 00:29:50,22.638,71.275,70.613,39.33,74.94
2025-04-01 00:29:51,23.095,72.133,70.493,40.636,76.407
2025-04-01 00:29:52,23.685,71.669,70.609,40.151,75.98
2025-04-01 00:29:53,23.297,71.282,70.492,40.877,75.694
2025-04-01 00:29:54,22.771,70.583,68.824,41.092,75.368
2025-04-01 00:29:55,23.584,71.849,68.848,41.22,77.393
2025-04-01 00:29:56,23.029,71.932,70.357,40.321,76.177
2025-04-01 00:29:57,23.081,70.11,69.823,40.602,76.676
2025-04-01 00:29:58,23.233,69.701,69.937,41.216,78.35
2025-04-01 00:29:59,23.115,68.255,70.468,41.047,77.578
2025-04-01 00:30:00,23.463,71.473,69.769,40.53,75.679
2025-04-01 00:30:01,23.555,69.803,70.633,40.868,79.252
2025-04-01 00:30:02,23.706,69.781,69.107,40.683,77.419
2025-04-01 00:30:03,23.674,68.879,69.656,39.734,78.68
2025-04-01 00:30:04,23.697,70.564,71.457,41.078,79.389
2025-04-01 00:30:05,23.755,69.74,69.896,40.059,80.79
2025-04-01 00:30:06,23.97,69.102,70.354,41.283,80.123
2025-04-01 00:30:07,23.865,68.854,69.916,40.791,80.024
2025-04-01 00:30:08,23.426,69.145,69.853,39.324,80.071
2025-04-01 00:30:09,23.475,68.408,70.318,40.881,79.636
2025-04-01 00:30:10,23.684,68.949,71.139,40.457,79.895
2025-04-01 00:30:11,23.885,68.848,70.06,40.34,80.837
2025-04-01 00:30:12,24.046,69.409,69.731,39.192,79.182
2025-04-01 00:30:13,23.319,69.241,71.566,39.514,82.189
2025-04-01 00:30:14,24.049,68.831,71.38,40.972,81.157
2025-04-01 00:30:15,24.259,69.001,71.17,39.493,83.896
2025-04-01 00:30:16,24.405,69.441,69.632,39.862,81.779
2025-04-01 00:30:17,24.111,69.107,71.079,39.93,82.973
2025-04-01 00:30:18,24.126,69.517,70.28,39.929,82.504
2025-04-01 00:30:19,24.419,67.435,71.144,39.921,80.948
2025-04-01 00:30:20,24.644,67.839,71.506,40.282,81.046
2025-04-01 00:30:21,24.611,65.985,70.435,39.025,82.877
2025-04-01 00:30:22,24.399,68.62,71.658,38.934,82.681
2025-04-01 00:30:23,24.54,65.458,71.975,39.362,81.72
2025-04-01 00:30:24,24.605,66.633,71.112,39.661,82.699
2025-04-01 00:30:25,24.326,68.417,70.694,39.019,83.414
2025-04-01 00:30:26,24.16,68.168,70.107,39.039,84.257
2025-04-01 00:30:27,24.25,67.18,70.973,38.938,85.654
2025-04-01 00:30:28,24.721,68.382,71.377,39.577,83.48
2025-04-01 00:30:29,24.844,67.333,70.695,38.523,83.861
2025-04-01 00:30:30,24.262,67.734,69.973,39.196,84.63
2025-04-01 00:30:31,25.011,66.85,72.362,38.561,84.357
2025-04-01 00:30:32,24.816,67.666,73.18,37.826,84.594
2025-04-01 00:30:33,24.706,66.686,72.915,37.821,84.686
2025-04-01 00:30:34,24.616,66.277,72.998,38.748,82.666
2025-04-01 00:30:35,24.778,66.133,74.405,37.923,82.811
2025-04-01 00:30:36,24.539,66.29,74.379,39.437,84.376
2025-04-01 00:30:37,25.269,67.48,75.768,38.117,85.307
2025-04-01 00:30:38,24.398,67.958,74.742,38.826,83.718
2025-04-01 00:30:39,24.859,66.297,73.166,37.98,85.784
2025-04-01 00:30:40,24.625,66.459,73.598,38.004,85.659
2025-04-01 00:30:41,25.114,66.819,73.488,38.865,84.344
2025-04-01 00:30:42,24.33,65.756,74.113,37.716,84.722
2025-04-01 00:30:43,24.677,66.44,73.882,38.225,84.891
2025-04-01 00:30:44,24.749,68.151,75.389,38.002,83.545
2025-04-01 00:30:45,25.344,66.171,75.341,37.773,83.633
2025-04-01 00:30:46,25.176,64.866,75.945,38.006,85.165
2025-04-01 00:30:47,25.141,65.457,76.131,37.516,85.282
2025-04-01 00:30:48,24.698,66.493,76.342,37.521,86.151
2025-04-01 00:30:49,25.386,64.869,76.472,37.298,84.294
2025-04-01 00:30:50,24.778,65.72,77.725,37.611,85.676
2025-04-01 00:30:51,25.04,64.715,77.687,37.956,82.4
2025-04-01 00:30:52,25.13,66.923,77.474,37.486,84.728
2025-04-01 00:30:53,24.903,65.046,78.639,37.354,85.613
2025-04-01 00:30:54,24.842,65.187,78.58,37.139,83.693
2025-04-01 00:30:55,24.969,65.915,77.261,37.867,83.251
2025-04-01 00:30:56,24.227,66.322,77.926,36.162,83.556
2025-04-01 00:30:57,25.264,65.293,78.664,37.435,83.948
2025-04-01 00:30:58,24.801,64.983,78.589,37.74,83.239
2025-04-01 00:30:59,24.739,65.331,78.315,36.786,85.439
2025-04-01 00:31:00,25.467,65.769,79.336,36.187,83.909
2025-04-01 00:31:01,25.028,65.862,77.784,36.151,84.347
2025-04-01 00:31:02,25.07,65.24,78.364,37.146,84.914
2025-04-01 00:31:03,25.124,64.185,78.243,36.209,83.829
2025-04-01 00:31:04,25.267,65.097,77.846,36.842,82.277
2025-04-01 00:31:05,24.464,65.501,78.213,36.186,83.85
2025-04-01 00:31:06,25.526,64.852,79.733,36.102,83.185
2025-04-01 00:31:07,24.926,65.316,78.111,36.019,81.733
2025-04-01 00:31:08,24.385,64.814,77.41,37.376,82.353
2025-04-01 00:31:09,24.782,64.563,77.219,35.937,82.876
2025-04-01 00:31:10,25.159,63.934,76.532,37.078,81.737
2025-04-01 00:31:11,24.451,64.585,76.166,35.994,81.58
2025-04-01 00:31:12,24.678,64.495,75.36,37.223,80.983
2025-04-01 00:31:13,24.427,64.427,75.325,36.424,81.932
2025-04-01 00:31:14,23.84,65.092,74.43,36.944,82.529
2025-04-01 00:31:15,24.345,64.882,74.69,36.135,82.307
2025-04-01 00:31:16,24.247,64.261,74.434,36.467,80.064
2025-04-01 00:31:17,24.241,64.564,74.663,35.818,79.603
2025-04-01 00:31:18,24.796,64.199,73.88,36.57,81.578
2025-04-01 00:31:19,24.361,65.338,74.484,35.912,82.067
2025-04-01 00:31:20,24.656,65.162,74.846,36.511,79.075
2025-04-01 00:31:21,24.555,64.832,75.47,36.382,81.323
2025-04-01 00:31:22,24.103,64.724,74.199,36.304,80.03
2025-04-01 00:31:23,24.091,64.998,75.821,35.148,78.631
2025-04-01 00:31:24,23.961,64.662,75.997,35.312,79.468
2025-04-01 00:31:25,24.532,65.151,75.911,36.616,79.778
2025-04-01 00:31:26,23.666,65.04,74.691,36.515,80.447
2025-04-01 00:31:27,23.694,64.823,74.946,36.697,79.596
2025-04-01 00:31:28,24.156,64.7,74.053,35.721,78.245
2025-04-01 00:31:29,23.881,64.863,73.806,36.502,77.184
2025-04-01 00:31:30,24.454,65.552,73.255,35.657,78.966
2025-04-01 00:31:31,23.63,64.824,73.156,36.766,76.623
2025-04-01 00:31:32,23.858,64.095,74.364,35.79,78.493
2025-04-01 00:31:33,23.849,64.401,73.209,36.551,76.074
2025-04-01 00:31:34,23.431,64.819,71.987,35.838,76.038
2025-04-01 00:31:35,23.705,65.868,72.617,36.572,76.689
2025-04-01 00:31:36,23.748,64.659,71.333,36.419,76.168
2025-04-01 00:31:37,23.592,65.254,71.56,36.944,75.108
2025-04-01 00:31:38,23.45,65.087,70.98,36.78,76.524
2025-04-01 00:31:39,24.116,65.692,69.777,36.649,76.698
2025-04-01 00:31:40,23.458,65.162,69.532,36.543,75.42
2025-04-01 00:31:41,23.247,65.022,70.478,37.281,76.864
2025-04-01 00:31:42,23.483,67.293,71.277,36.62,72.769
2025-04-01 00:31:43,23.622,66.313,70.8,37.595,75.141
2025-04-01 00:31:44,23.032,66.842,71.411,37.07,76.073
2025-04-01 00:31:45,22.938,66.912,71.154,36.931,73.74
2025-04-01 00:31:46,23.464,67.076,71.361,36.644,73.832
2025-04-01 00:31:47,23.151,67.473,71.413,36.418,74.254
2025-04-01 00:31:48,23.6,65.463,70.346,36.571,73.683
2025-04-01 00:31:49,23.605,66.534,70.562,37.09,72.401
2025-04-01 00:31:50,22.934,66.761,71.023,35.761,73.663
2025-04-01 00:31:51,22.874,66.392,71.571,37.453,73.756
2025-04-01 00:31:52,22.95,66.435,71.684,37.203,72.828
2025-04-01 00:31:53,22.967,66.742,70.828,37.287,74.518
2025-04-01 00:31:54,23.107,66.957,71.005,38.002,73.924
2025-04-01 00:31:55,22.846,66.564,71.648,38.211,71.553
2025-04-01 00:31:56,23.01,67.374,72.331,37.84,73.009
2025-04-01 00:31:57,22.86,66.68,72.926,36.905,71.24
2025-04-01 00:31:58,22.169,67.25,73.711,37.046,71.878
2025-04-01 00:31:59,22.329,67.283,73.864,38.174,72.22
2025-04-01 00:32:00,23.111,67.296,73.777,37.772,71.987
2025-04-01 00:32:01,22.725,67.32,74.911,37.246,70.447
2025-04-01 00:32:02,22.29,67.905,75.433,37.533,71.103
2025-04-01 00:32:03,23.199,66.171,74.869,37.299,73.636
2025-04-01 00:32:04,22.916,66.757,75.391,38.256,72.346
2025-04-01 00:32:05,22.052,67.275,77.07,37.318,71.451
2025-04-01 00:32:06,22.409,67.491,76.352,37.332,71.864
2025-04-01 00:32:07,22.51,68.111,77.439,36.478,72.93
2025-04-01 00:32:08,22.288,67.477,77.841,37.214,72.515
2025-04-01 00:32:09,22.082,67.449,77.784,37.402,72.429
2025-04-01 00:32:10,22.546,68.42,78.81,37.967,72.083
2025-04-01 00:32:11,22.235,68.976,78.764,37.116,72.905
2025-04-01 00:32:12,22.211,67.816,78.173,38.226,71.18
2025-04-01 00:32:13,22.775,68.435,80.023,37.465,72.299
2025-04-01 00:32:14,22.223,68.345,78.769,37.61,70.191
2025-04-01 00:32:15,21.892,69.144,78.952,37.808,71.067
2025-04-01 00:32:16,22.165,67.748,77.962,38.006,71.541
2025-04-01 00:32:17,22.363,69.161,79.074,38.454,71.066
2025-04-01 00:32:18,22.549,67.56,80.35,39.039,70.601
2025-04-01 00:32:19,22.265,69.454,79.748,37.7,71.883
2025-04-01 00:32:20,21.65,69.541,78.011,38.115,73.273
2025-04-01 00:32:21,21.795,68.84,78.588,39.428,72.309
2025-04-01 00:32:22,21.935,69.277,79.261,38.254,70.011
2025-04-01 00:32:23,21.863,71.019,79.122,38.631,71.9
2025-04-01 00:32:24,22.25,70.612,79.23,38.659,71.211
2025-04-01 00:32:25,21.813,70.372,79.156,38.191,71.132
2025-04-01 00:32:26,22.374,70.527,78.495,37.91,71.897
2025-04-01 00:32:27,22.433,69.347,79.077,37.605,71.409
2025-04-01 00:32:28,22.055,69.686,78.825,37.907,72.188
2025-04-01 00:32:29,21.614,70.069,80.044,37.941,72.226
2025-04-01 00:32:30,22.282,70.509,78.317,37.712,71.159
2025-04-01 00:32:31,22.189,71.139,77.881,38.763,72.564
2025-04-01 00:32:32,21.974,70.518,77.327,38.467,71.934
2025-04-01 00:32:33,21.944,70.031,77.43,37.053,74.498
2025-04-01 00:32:34,21.984,70.237,76.734,38.651,72.877
2025-04-01 00:32:35,21.869,71.891,76.969,38.528,72.985
2025-04-01 00:32:36,21.96,70.653,76.235,38.339,73.253
2025-04-01 00:32:37,22.324,71.135,76.254,37.341,72.609
2025-04-01 00:32:38,21.954,70.946,75.99,37.698,73.015
2025-04-01 00:32:39,22.519,71.303,74.794,37.349,71.783
2025-04-01 00:32:40,21.77,70.659,76.062,38.542,72.942
2025-04-01 00:32:41,22.574,70.935,75.772,37.361,72.25
2025-04-01 00:32:42,22.385,71.456,75.498,38.412,72.439
2025-04-01 00:32:43,22.259,70.529,75.571,38.245,73.088
2025-04-01 00:32:44,22.054,71.405,75.761,37.833,73.002
2025-04-01 00:32:45,21.885,70.156,75.463,37.411,74.457
2025-04-01 00:32:46,22.605,70.854,75.608,38.169,75.312
2025-04-01 00:32:47,22.206,72.619,75.134,37.139,72.706
2025-04-01 00:32:48,21.979,70.803,74.276,37.627,76.211
2025-04-01 00:32:49,22.444,71.493,74.938,37.293,75.228
2025-04-01 00:32:50,22.0,72.906,74.51,36.889,75.73
2025-04-01 00:32:51,22.492,70.188,74.637,36.771,75.095
2025-04-01 00:32:52,22.484,71.445,73.989,37.021,75.698
2025-04-01 00:32:53,23.027,72.801,73.686,36.627,75.696
2025-04-01 00:32:54,21.68,71.776,73.236,36.756,75.514
2025-04-01 00:32:55,22.698,70.806,73.85,36.642,75.542
2025-04-01 00:32:56,22.444,72.735,72.845,36.49,77.819
2025-04-01 00:32:57,22.622,71.957,73.636,37.026,77.234
2025-04-01 00:32:58,22.675,72.147,73.373,37.243,76.474
2025-04-01 00:32:59,22.699,71.968,73.762,37.293,79.012
2025-04-01 00:33:00,22.671,72.181,72.668,36.165,78.169
2025-04-01 00:33:01,22.805,72.235,72.91,36.524,78.262
2025-04-01 00:33:02,22.588,72.867,72.9,36.455,78.362
2025-04-01 00:33:03,22.472,72.71,73.045,36.586,79.26
2025-04-01 00:33:04,22.484,72.196,71.967,36.408,79.029
2025-04-01 00:33:05,23.028,73.941,72.539,36.304,79.839
2025-04-01 00:33:06,23.167,72.715,72.765,36.671,80.571
2025-04-01 00:33:07,23.087,72.415,73.295,36.474,80.823
2025-04-01 00:33:08,22.74,72.66,73.811,35.803,80.862
2025-04-01 00:33:09,23.49,72.193,73.527,36.507,80.134
2025-04-01 00:33:10,22.917,72.516,74.038,36.78,80.257
2025-04-01 00:33:11,22.917,70.985,73.347,36.533,78.611
2025-04-01 00:33:12,23.053,73.977,73.182,35.914,81.583
2025-04-01 00:33:13,23.38,74.023,72.354,36.151,80.338
2025-04-01 00:33:14,22.698,71.657,72.337,35.331,81.827
2025-04-01 00:33:15,22.996,73.786,73.782,35.291,80.212
2025-04-01 00:33:16,23.924,72.902,73.358,35.693,81.368
2025-04-01 00:33:17,23.2,73.141,73.405,35.345,80.834
2025-04-01 00:33:18,23.147,73.116,74.313,34.074,81.905
2025-04-01 00:33:19,23.221,73.218,74.676,35.464,81.732
2025-04-01 00:33:20,23.085,71.797,74.941,35.01,82.92
2025-04-01 00:33:21,23.664,72.931,73.724,35.262,81.451
2025-04-01 00:33:22,23.586,71.979,73.808,35.327,82.694
2025-04-01 00:33:23,23.882,73.304,73.253,35.511,81.734
2025-04-01 00:33:24,22.88,72.753,73.156,34.343,83.249
2025-04-01 00:33:25,24.047,73.674,74.542,34.495,83.057
2025-04-01 00:33:26,23.688,72.854,74.578,34.641,84.069
2025-04-01 00:33:27,24.423,72.343,74.393,34.89,82.329
2025-04-01 00:33:28,23.413,71.344,75.51,34.845,84.775
2025-04-01 00:33:29,24.096,72.79,75.721,34.029,83.512
2025-04-01 00:33:30,23.791,71.728,76.056,33.929,83.653
2025-04-01 00:33:31,23.8,72.708,75.691,34.226,84.718
2025-04-01 00:33:32,24.093,72.279,75.087,34.444,83.898
2025-04-01 00:33:33,24.176,71.072,75.627,34.153,84.464
2025-04-01 00:33:34,23.665,72.855,75.655,34.507,83.539
2025-04-01 00:33:35,24.097,73.462,76.238,35.169,84.397
2025-04-01 00:33:36,25.086,72.019,76.199,33.723,86.557
2025-04-01 00:33:37,24.215,71.044,75.376,35.787,85.18
2025-04-01 00:33:38,24.81,71.733,76.032,34.23,83.507
2025-04-01 00:33:39,24.019,70.109,75.932,33.119,87.052
2025-04-01 00:33:40,24.485,71.717,76.404,35.378,84.303
2025-04-01 00:33:41,25.161,72.994,76.592,33.519,83.588
2025-04-01 00:33:42,24.728,72.145,76.669,34.111,83.087
2025-04-01 00:33:43,24.319,71.796,76.039,34.242,84.913
2025-04-01 00:33:44,24.197,73.378,75.601,35.083,85.246
2025-04-01 00:33:45,24.786,72.842,75.304,34.085,85.867
2025-04-01 00:33:46,24.597,73.122,74.648,34.132,86.322
2025-04-01 00:33:47,24.652,70.839,74.851,33.358,84.545
2025-04-01 00:33:48,24.284,71.049,75.225,33.993,85.336
2025-04-01 00:33:49,25.161,71.163,72.746,33.396,84.282
2025-04-01 00:33:50,24.404,71.36,72.174,34.002,86.056
2025-04-01 00:33:51,24.814,71.576,72.575,33.908,86.634
2025-04-01 00:33:52,24.877,72.793,72.365,34.452,85.154
2025-04-01 00:33:53,25.235,71.531,71.438,33.68,83.389
2025-04-01 00:33:54,24.704,71.294,70.151,34.137,84.214
2025-04-01 00:33:55,24.435,71.042,70.169,33.373,87.149
2025-04-01 00:33:56,25.018,71.29,71.274,34.003,84.046
2025-04-01 00:33:57,24.893,70.733,70.049,34.58,85.604
2025-04-01 00:33:58,24.59,70.872,69.511,34.257,84.266
2025-04-01 00:33:59,24.835,71.39,69.087,33.714,84.001
2025-04-01 00:34:00,25.09,71.061,69.261,34.332,83.397
2025-04-01 00:34:01,25.261,69.929,69.596,33.551,85.368
2025-04-01 00:34:02,25.361,70.388,69.163,34.418,84.457
2025-04-01 00:34:03,25.435,71.619,69.613,33.996,83.634
2025-04-01 00:34:04,25.332,71.426,69.884,34.052,84.486
2025-04-01 00:34:05,24.883,71.168,69.191,34.776,82.989
2025-04-01 00:34:06,25.122,70.349,68.375,33.818,83.594
2025-04-01 00:34:07,25.041,70.183,68.883,34.876,83.398
2025-04-01 00:34:08,24.86,72.25,68.48,34.928,83.467
2025-04-01 00:34:09,24.568,70.189,68.524,35.439,82.983
2025-04-01 00:34:10,25.036,70.007,68.258,35.205,81.793
2025-04-01 00:34:11,25.337,69.616,68.133,34.706,82.866
2025-04-01 00:34:12,24.886,69.149,67.936,34.247,82.558
2025-04-01 00:34:13,25.336,69.712,67.677,35.405,83.271
2025-04-01 00:34:14,24.99,68.937,67.005,33.932,81.266
2025-04-01 00:34:15,25.187,69.982,67.541,34.902,80.947
2025-04-01 00:34:16,25.086,69.632,66.305,34.66,81.161
2025-04-01 00:34:17,25.441,69.414,66.126,35.093,82.079
2025-04-01 00:34:18,24.976,69.464,65.676,34.785,80.81
2025-04-01 00:34:19,25.926,69.92,66.419,34.662,79.457
2025-04-01 00:34:20,25.187,70.793,67.469,34.931,80.154
2025-04-01 00:34:21,24.699,69.894,66.766,35.084,79.59
2025-04-01 00:34:22,24.969,70.851,66.184,35.005,80.704
2025-04-01 00:34:23,24.632,68.664,66.806,35.816,79.956
2025-04-01 00:34:24,24.948,67.953,66.92,35.69,78.162
2025-04-01 00:34:25,24.804,68.51,66.489,35.316,77.631
2025-04-01 00:34:26,25.434,68.209,67.054,34.855,80.467
2025-04-01 00:34:27,25.3,69.493,66.716,35.619,78.445
2025-04-01 00:34:28,25.082,69.013,67.879,35.337,80.007
2025-04-01 00:34:29,24.777,67.598,68.332,35.47,78.308
2025-04-01 00:34:30,24.941,67.817,68.577,34.656,78.122
2025-04-01 00:34:31,24.786,69.853,69.469,35.213,77.888
2025-04-01 00:34:32,25.484,68.102,69.413,35.104,77.012
2025-04-01 00:34:33,24.945,65.685,71.106,35.634,78.308
2025-04-01 00:34:34,24.86,69.555,71.873,35.291,78.157
2025-04-01 00:34:35,24.484,67.489,70.713,35.246,76.954
2025-04-01 00:34:36,24.451,66.955,71.884,35.087,74.803
2025-04-01 00:34:37,24.35,66.689,73.279,35.937,77.408
2025-04-01 00:34:38,24.632,66.896,73.875,35.23,76.642
2025-04-01 00:34:39,24.962,66.595,73.257,35.978,74.612
2025-04-01 00:34:40,24.088,66.354,72.483,35.744,76.233
2025-04-01 00:34:41,24.207,66.786,72.606,34.862,76.266
2025-04-01 00:34:42,24.241,66.567,72.299,36.4,77.683
2025-04-01 00:34:43,24.86,67.023,72.236,36.37,75.468
2025-04-01 00:34:44,24.711,66.488,72.661,35.586,75.905
2025-04-01 00:34:45,24.496,66.682,71.654,35.675,74.001
2025-04-01 00:34:46,24.23,66.233,72.6,35.736,75.472
2025-04-01 00:34:47,23.97,65.42,73.574,36.899,74.181
2025-04-01 00:34:48,24.643,66.229,72.242,35.905,75.665
2025-04-01 00:34:49,23.913,66.043,71.584,35.327,73.714
2025-04-01 00:34:50,24.193,66.534,71.044,35.456,73.866
2025-04-01 00:34:51,24.234,66.491,70.94,36.198,72.817
2025-04-01 00:34:52,23.968,65.887,71.129,36.331,75.542
2025-04-01 00:34:53,24.466,67.113,71.314,35.559,71.979
2025-04-01 00:34:54,24.117,65.746,70.583,34.398,72.99
2025-04-01 00:34:55,23.34,66.655,72.163,34.93,72.713
2025-04-01 00:34:56,24.075,66.103,70.574,35.922,73.036
2025-04-01 00:34:57,23.369,64.137,72.722,36.583,73.075
2025-04-01 00:34:58,23.346,66.346,71.96,34.883,72.975
2025-04-01 00:34:59,23.763,64.174,72.074,36.13,72.818
2025-04-01 00:35:00,24.063,65.244,72.874,36.205,72.189
2025-04-01 00:35:01,23.753,63.705,72.032,36.181,71.074
2025-04-01 00:35:02,23.547,65.844,71.911,36.007,71.305
2025-04-01 00:35:03,23.515,64.524,72.976,37.071,73.579
2025-04-01 00:35:04,23.473,65.338,73.172,35.86,73.056
2025-04-01 00:35:05,23.391,65.711,73.618,36.05,71.583
2025-04-01 00:35:06,22.804,65.869,73.38,36.171,71.657
2025-04-01 00:35:07,23.673,65.764,73.821,35.734,70.959
2025-04-01 00:35:08,22.614,63.999,74.096,36.177,73.433
2025-04-01 00:35:09,23.158,64.901,74.155,35.7,71.305
2025-04-01 00:35:10,23.639,65.982,74.512,36.293,73.216
2025-04-01 00:35:11,23.371,65.935,72.77,35.595,73.069
2025-04-01 00:35:12,22.917,64.827,74.08,35.673,71.283
2025-04-01 00:35:13,23.564,63.908,74.712,34.75,69.02
2025-04-01 00:35:14,23.47,65.674,73.54,35.245,70.677
2025-04-01 00:35:15,22.76,65.161,74.182,36.207,72.011
2025-04-01 00:35:16,22.941,64.741,72.755,35.399,73.423
2025-04-01 00:35:17,22.914,64.94,74.162,34.955,72.236
2025-04-01 00:35:18,22.817,64.712,73.768,36.185,71.715
2025-04-01 00:35:19,22.829,65.022,73.816,34.172,71.06
2025-04-01 00:35:20,22.853,65.669,73.083,34.987,72.178
2025-04-01 00:35:21,23.211,64.745,74.019,34.598,71.34
2025-04-01 00:35:22,22.772,65.2,73.57,34.989,71.857
2025-04-01 00:35:23,23.235,66.041,73.383,34.749,71.399
2025-04-01 00:35:24,22.528,63.184,72.77,35.447,71.38
2025-04-01 00:35:25,22.573,63.924,73.054,35.115,74.448
2025-04-01 00:35:26,23.212,63.62,72.347,34.824,70.059
2025-04-01 00:35:27,22.006,63.655,71.302,35.458,72.443
2025-04-01 00:35:28,22.353,66.286,71.063,33.627,72.233
2025-04-01 00:35:29,22.347,65.334,72.204,34.391,70.84
2025-04-01 00:35:30,22.602,64.288,72.288,34.82,71.99
2025-04-01 00:35:31,22.613,64.966,71.799,34.531,73.728
2025-04-01 00:35:32,22.07,63.866,71.704,33.82,71.892
2025-04-01 00:35:33,22.5,63.624,71.946,33.652,72.034
2025-04-01 00:35:34,21.959,63.826,71.977,33.94,73.026
2025-04-01 00:35:35,21.852,66.36,71.593,33.35,74.999
2025-04-01 00:35:36,22.461,64.945,71.45,33.727,74.621
2025-04-01 00:35:37,22.815,65.727,71.057,34.194,72.397
2025-04-01 00:35:38,22.505,66.127,70.83,33.244,72.35
2025-04-01 00:35:39,22.109,64.648,70.175,33.883,74.293
2025-04-01 00:35:40,22.104,65.76,71.846,33.789,75.088
2025-04-01 00:35:41,22.302,65.021,71.039,33.689,74.116
2025-04-01 00:35:42,21.691,66.353,71.232,33.89,75.172
2025-04-01 00:35:43,22.151,66.322,70.135,33.935,74.065
2025-04-01 00:35:44,22.003,64.593,69.785,33.98,74.36
2025-04-01 00:35:45,22.288,66.129,70.614,34.139,75.52
2025-04-01 00:35:46,22.359,66.735,70.374,33.286,73.749
2025-04-01 00:35:47,21.777,65.027,71.382,32.643,74.944
2025-04-01 00:35:48,22.331,65.212,71.22,34.104,75.178
2025-04-01 00:35:49,21.941,66.467,71.578,33.197,74.741
2025-04-01 00:35:50,21.771,64.183,71.823,32.317,74.822
2025-04-01 00:35:51,22.306,66.025,72.251,32.979,74.528
2025-04-01 00:35:52,22.289,65.05,72.027,31.948,76.596
2025-04-01 00:35:53,22.18,65.689,73.281,32.585,75.93
2025-04-01 00:35:54,22.384,64.764,74.683,31.735,77.44
2025-04-01 00:35:55,22.466,65.236,74.178,32.714,77.663
2025-04-01 00:35:56,22.453,65.655,73.99,32.269,75.172
2025-04-01 00:35:57,22.371,66.134,74.46,31.353,77.36
2025-04-01 00:35:58,21.99,66.482,75.061,33.127,76.993
2025-04-01 00:35:59,21.823,66.544,74.278,33.192,80.722
2025-04-01 00:36:00,21.735,65.663,74.995,32.84,78.628
2025-04-01 00:36:01,22.522,65.666,76.401,33.081,77.742
2025-04-01 00:36:02,22.272,67.09,76.721,32.295,80.811
2025-04-01 00:36:03,22.642,65.195,75.652,33.229,79.425
2025-04-01 00:36:04,22.433,66.659,75.248,32.249,79.291
2025-04-01 00:36:05,22.21,67.264,76.852,33.512,79.603
2025-04-01 00:36:06,22.265,66.013,76.526,31.267,76.88
2025-04-01 00:36:07,22.563,65.549,76.505,32.577,79.197
2025-04-01 00:36:08,22.407,65.75,77.605,31.916,79.323
2025-04-01 00:36:09,22.51,67.077,77.406,32.494,79.317
2025-04-01 00:36:10,22.896,66.554,78.264,31.884,80.622
2025-04-01 00:36:11,22.21,67.982,78.681,32.575,80.854
2025-04-01 00:36:12,22.641,67.87,78.255,31.644,81.04
2025-04-01 00:36:13,22.708,67.78,78.714,31.793,81.007
2025-04-01 00:36:14,22.633,68.786,77.107,32.059,81.819
2025-04-01 00:36:15,22.801,66.297,79.118,32.301,82.213
2025-04-01 00:36:16,22.033,66.828,78.476,31.623,81.084
2025-04-01 00:36:17,22.92,66.148,77.692,31.956,82.996
2025-04-01 00:36:18,22.781,68.386,77.306,32.121,81.506
2025-04-01 00:36:19,22.895,66.98,77.44,31.902,81.926
2025-04-01 00:36:20,23.335,67.077,76.99,32.069,81.851
2025-04-01 00:36:21,22.842,69.401,77.171,31.842,82.735
2025-04-01 00:36:22,22.941,67.624,78.664,31.793,83.881
2025-04-01 00:36:23,22.866,68.364,77.5,31.369,83.787
2025-04-01 00:36:24,22.516,69.283,78.361,31.592,83.097
2025-04-01 00:36:25,22.662,67.447,78.058,31.353,84.853
2025-04-01 00:36:26,22.818,67.926,76.77,32.338,81.687
2025-04-01 00:36:27,23.118,68.146,75.626,32.411,84.019
2025-04-01 00:36:28,23.163,68.389,77.05,32.084,83.88
2025-04-01 00:36:29,23.309,68.462,77.193,32.031,86.005
2025-04-01 00:36:30,23.455,69.813,76.528,32.687,83.994
2025-04-01 00:36:31,23.566,70.023,77.318,31.381,83.317
2025-04-01 00:36:32,23.287,68.626,76.743,31.529,83.792
2025-04-01 00:36:33,23.671,69.31,76.974,32.116,84.89
2025-04-01 00:36:34,23.313,68.963,77.586,32.19,83.306
2025-04-01 00:36:35,23.447,69.995,78.055,31.785,83.642
2025-04-01 00:36:36,23.215,69.863,77.258,32.549,84.247
2025-04-01 00:36:37,24.071,68.676,76.708,31.487,86.427
2025-04-01 00:36:38,23.819,70.147,76.984,32.128,85.639
2025-04-01 00:36:39,24.036,70.652,77.026,32.966,86.21
2025-04-01 00:36:40,23.604,69.869,77.465,32.36,83.23
2025-04-01 00:36:41,23.929,69.791,77.157,32.755,85.006
2025-04-01 00:36:42,23.639,70.155,77.074,31.756,83.414
2025-04-01 00:36:43,23.648,69.639,76.698,32.319,84.273
2025-04-01 00:36:44,24.032,70.27,77.018,32.165,83.096
2025-04-01 00:36:45,23.832,71.345,75.78,31.908,83.484
2025-04-01 00:36:46,24.31,69.75,75.564,33.525,84.24
2025-04-01 00:36:47,23.85,69.927,75.331,32.206,83.678
2025-04-01 00:36:48,23.561,72.149,76.219,32.79,82.855
2025-04-01 00:36:49,24.302,70.672,75.384,32.977,85.249
2025-04-01 00:36:50,24.356,70.756,75.576,33.64,84.982
2025-04-01 00:36:51,23.999,71.241,73.853,32.47,84.544
2025-04-01 00:36:52,24.782,71.519,74.343,32.404,84.629
2025-04-01 00:36:53,24.557,70.911,75.219,33.791,84.115
2025-04-01 00:36:54,24.889,70.665,73.377,33.159,83.584
2025-04-01 00:36:55,24.54,71.894,72.737,32.856,84.273
2025-04-01 00:36:56,24.109,71.026,73.738,32.826,85.088
2025-04-01 00:36:57,24.657,70.814,73.372,33.7,83.988
2025-04-01 00:36:58,24.539,71.482,74.262,32.884,83.841
2025-04-01 00:36:59,24.646,71.379,74.534,32.808,84.118
2025-04-01 00:37:00,24.777,69.939,74.415,33.296,84.74
2025-04-01 00:37:01,24.691,69.766,74.764,34.893,82.38
2025-04-01 00:37:02,24.647,73.073,74.348,33.152,83.281
2025-04-01 00:37:03,24.511,71.216,73.018,33.728,82.169
2025-04-01 00:37:04,25.172,71.529,73.949,33.832,82.819
2025-04-01 00:37:05,25.213,70.526,74.224,32.972,82.979
2025-04-01 00:37:06,24.904,71.402,74.018,33.492,82.073
2025-04-01 00:37:07,24.911,71.964,74.564,33.694,82.799
2025-04-01 00:37:08,24.906,72.827,74.38,32.913,83.153
2025-04-01 00:37:09,24.941,71.684,75.628,33.641,82.85
2025-04-01 00:37:10,24.357,71.822,76.096,33.924,83.178
2025-04-01 00:37:11,24.895,72.315,75.224,33.717,82.009
2025-04-01 00:37:12,25.419,70.753,75.512,34.191,82.586
2025-04-01 00:37:13,25.164,72.708,76.187,33.964,82.71
2025-04-01 00:37:14,25.44,72.077,76.129,33.381,81.966
2025-04-01 00:37:15,25.007,73.038,77.078,33.731,81.143
2025-04-01 00:37:16,24.602,71.997,78.006,33.796,80.438
2025-04-01 00:37:17,25.333,73.547,77.798,34.341,81.511
2025-04-01 00:37:18,25.557,72.699,77.921,33.811,81.051
2025-04-01 00:37:19,25.373,72.724,79.223,34.569,80.899
2025-04-01 00:37:20,24.539,73.383,78.52,34.121,80.68
2025-04-01 00:37:21,25.14,73.14,78.746,35.183,79.392
2025-04-01 00:37:22,25.451,73.184,79.829,34.228,80.314
2025-04-01 00:37:23,24.856,72.68,79.494,33.829,80.333
2025-04-01 00:37:24,25.148,73.023,80.871,33.632,80.834
2025-04-01 00:37:25,25.025,73.017,81.191,33.979,80.029
2025-04-01 00:37:26,25.705,72.37,80.472,33.193,80.609
2025-04-01 00:37:27,24.913,72.777,81.548,33.931,79.18
2025-04-01 00:37:28,25.413,71.202,81.677,33.597,76.849
2025-04-01 00:37:29,24.647,73.573,80.929,34.391,77.479
2025-04-01 00:37:30,25.189,73.032,81.48,33.697,79.504
2025-04-01 00:37:31,25.705,73.216,81.148,34.265,78.062
2025-04-01 00:37:32,24.85,73.421,81.356,33.561,76.369
2025-04-01 00:37:33,25.632,72.389,80.976,33.047,79.016
2025-04-01 00:37:34,25.561,73.638,81.727,33.604,77.381
2025-04-01 00:37:35,25.425,71.765,81.736,34.364,77.619
2025-04-01 00:37:36,25.65,72.255,81.442,35.366,77.46
2025-04-01 00:37:37,25.293,71.965,82.013,33.889,76.47
2025-04-01 00:37:38,25.384,71.748,81.318,34.256,77.701
2025-04-01 00:37:39,24.905,73.648,79.711,33.935,76.753
2025-04-01 00:37:40,25.035,72.112,79.973,33.147,76.212
2025-04-01 00:37:41,25.357,73.566,79.26,33.78,75.933
2025-04-01 00:37:42,24.73,71.995,78.815,33.388,75.631
2025-04-01 00:37:43,25.31,72.734,79.411,33.896,77.759
2025-04-01 00:37:44,25.574,73.219,79.362,33.286,74.178
2025-04-01 00:37:45,24.941,74.085,79.795,33.383,75.712
2025-04-01 00:37:46,24.889,72.373,78.793,33.421,75.787
2025-04-01 00:37:47,25.227,73.232,78.47,33.675,72.997
2025-04-01 00:37:48,25.283,72.005,77.898,33.757,73.91
2025-04-01 00:37:49,24.671,71.306,77.796,32.78,75.245
2025-04-01 00:37:50,24.941,71.79,76.855,33.164,73.608
2025-04-01 00:37:51,25.126,72.247,76.944,33.182,73.027
2025-04-01 00:37:52,24.972,71.103,76.176,33.598,73.607
2025-04-01 00:37:53,25.081,72.06,76.709,33.069,73.406
2025-04-01 00:37:54,24.976,71.561,75.687,32.643,74.186
2025-04-01 00:37:55,24.98,72.444,75.316,32.787,74.547
2025-04-01 00:37:56,24.784,70.621,75.919,32.917,73.596
2025-04-01 00:37:57,25.218,70.303,75.574,33.023,74.639
2025-04-01 00:37:58,24.705,72.663,75.289,33.164,73.643
2025-04-01 00:37:59,24.84,71.019,74.151,32.898,73.512
2025-04-01 00:38:00,24.594,72.421,74.253,32.739,72.822
2025-04-01 00:38:01,24.672,72.361,73.945,33.05,73.162
2025-04-01 00:38:02,24.313,71.029,73.279,33.057,72.134
2025-04-01 00:38:03,24.603,70.685,74.561,32.863,71.987
2025-04-01 00:38:04,24.874,72.315,73.43,31.498,71.94
2025-04-01 00:38:05,24.42,71.974,73.989,32.264,73.926
2025-04-01 00:38:06,24.302,71.522,74.021,32.141,72.755
2025-04-01 00:38:07,24.12,71.173,74.619,32.399,72.561
2025-04-01 00:38:08,24.006,71.117,73.994,32.283,71.007
2025-04-01 00:38:09,24.111,70.21,74.138,31.866,70.761
2025-04-01 00:38:10,24.099,71.211,73.632,31.266,70.696
2025-04-01 00:38:11,24.33,70.011,73.857,31.429,72.845
2025-04-01 00:38:12,24.231,70.886,73.367,32.145,71.167
2025-04-01 00:38:13,23.714,70.302,73.154,31.194,71.823
2025-04-01 00:38:14,24.476,70.297,72.931,30.837,72.197
2025-04-01 00:38:15,23.847,70.381,72.572,31.202,73.038
2025-04-01 00:38:16,24.143,69.125,71.702,30.924,71.027
2025-04-01 00:38:17,23.488,71.132,71.509,32.129,71.279
2025-04-01 00:38:18,23.496,70.125,71.6,32.012,73.498
2025-04-01 00:38:19,24.152,68.917,71.464,31.425,74.297
2025-04-01 00:38:20,23.96,70.984,72.046,31.743,73.26
2025-04-01 00:38:21,23.799,69.969,72.951,30.614,72.989
2025-04-01 00:38:22,24.066,69.612,72.63,30.498,73.111
2025-04-01 00:38:23,23.906,68.619,72.516,30.518,70.586
2025-04-01 00:38:24,23.377,68.949,73.697,30.92,73.43
2025-04-01 00:38:25,23.225,69.754,73.07,29.851,73.947
2025-04-01 00:38:26,23.767,69.099,73.494,31.788,72.519
2025-04-01 00:38:27,23.076,68.999,71.934,29.907,70.896
2025-04-01 00:38:28,23.764,67.717,72.075,30.552,72.079
2025-04-01 00:38:29,23.48,69.737,72.339,31.122,74.356
2025-04-01 00:38:30,23.272,69.828,73.747,30.343,72.923
2025-04-01 00:38:31,23.445,70.253,72.518,30.437,72.95
2025-04-01 00:38:32,23.282,67.684,72.764,30.598,72.884
2025-04-01 00:38:33,23.223,67.903,72.697,30.21,74.216
2025-04-01 00:38:34,23.649,68.543,72.709,30.063,72.892
2025-04-01 00:38:35,23.295,68.261,73.718,31.047,72.652
2025-04-01 00:38:36,23.236,68.886,73.536,30.628,73.923
2025-04-01 00:38:37,22.809,69.038,73.88,29.355,73.235
2025-04-01 00:38:38,23.293,66.881,73.819,30.144,74.347
2025-04-01 00:38:39,23.199,67.11,75.108,30.002,73.329
2025-04-01 00:38:40,22.799,68.702,74.914,30.912,76.379
2025-04-01 00:38:41,22.781,67.904,75.336,29.879,73.959
2025-04-01 00:38:42,23.215,66.786,77.072,30.233,75.68
2025-04-01 00:38:43,22.836,67.783,76.51,30.003,73.502
2025-04-01 00:38:44,22.271,68.096,78.642,30.875,75.355
2025-04-01 00:38:45,23.194,65.454,77.481,29.258,74.161
2025-04-01 00:38:46,22.604,66.954,77.439,29.52,76.911
2025-04-01 00:38:47,22.895,67.021,78.805,30.715,76.336
2025-04-01 00:38:48,22.97,68.149,78.589,30.291,77.671
2025-04-01 00:38:49,22.851,67.107,79.348,30.382,74.618
2025-04-01 00:38:50,22.571,67.101,79.77,30.758,76.467
2025-04-01 00:38:51,22.41,65.61,80.46,29.685,78.149
2025-04-01 00:38:52,22.976,65.704,80.368,31.082,75.957
2025-04-01 00:38:53,22.158,67.352,80.172,29.441,75.048
2025-04-01 00:38:54,22.741,66.313,81.335,30.111,78.292
2025-04-01 00:38:55,22.686,67.584,82.001,30.616,76.39
2025-04-01 00:38:56,22.535,66.21,81.277,30.011,77.365
2025-04-01 00:38:57,22.266,66.151,81.572,29.846,78.337
2025-04-01 00:38:58,22.791,65.464,82.201,28.857,77.77
2025-04-01 00:38:59,22.586,66.027,82.595,29.554,78.395
2025-04-01 00:39:00,22.365,64.381,81.9,30.536,78.261
2025-04-01 00:39:01,22.522,65.949,82.453,29.631,77.61
2025-04-01 00:39:02,22.096,66.826,81.31,29.597,79.2
2025-04-01 00:39:03,21.982,66.136,80.687,30.571,78.068
2025-04-01 00:39:04,22.409,64.72,79.896,30.305,78.906
2025-04-01 00:39:05,22.35,67.718,78.399,30.732,81.104
2025-04-01 00:39:06,22.587,66.442,77.904,30.801,79.002
2025-04-01 00:39:07,22.542,65.673,76.692,30.0,80.255
2025-04-01 00:39:08,22.089,63.981,77.074,30.952,79.991
2025-04-01 00:39:09,22.522,64.048,76.684,30.332,80.409
2025-04-01 00:39:10,22.395,65.372,75.962,30.202,80.456
2025-04-01 00:39:11,22.195,65.738,76.83,29.846,82.756
2025-04-01 00:39:12,22.538,64.261,76.574,30.76,80.264
2025-04-01 00:39:13,22.456,64.961,75.937,31.271,79.466
2025-04-01 00:39:14,22.389,65.071,75.838,30.686,81.692
2025-04-01 00:39:15,22.151,64.568,76.636,30.663,81.693
2025-04-01 00:39:16,22.301,64.786,76.573,30.135,82.984
2025-04-01 00:39:17,22.905,65.765,76.544,31.013,79.398
2025-04-01 00:39:18,22.334,64.345,77.569,31.073,83.24
2025-04-01 00:39:19,22.185,64.465,77.45,32.029,82.649
2025-04-01 00:39:20,22.35,64.519,77.959,30.489,84.417
2025-04-01 00:39:21,22.442,64.459,77.295,32.021,84.213
2025-04-01 00:39:22,22.961,63.677,76.886,30.316,84.285
2025-04-01 00:39:23,22.159,66.116,77.058,30.901,82.959
2025-04-01 00:39:24,22.356,63.969,76.822,31.713,82.956
2025-04-01 00:39:25,22.943,64.356,76.579,31.112,83.918
2025-04-01 00:39:26,22.734,63.508,76.341,30.465,83.989
2025-04-01 00:39:27,22.444,63.446,76.057,31.562,81.403
2025-04-01 00:39:28,22.193,64.474,75.415,31.364,84.368
2025-04-01 00:39:29,22.417,65.434,75.155,31.63,85.196
2025-04-01 00:39:30,23.082,65.069,75.209,31.639,84.109
2025-04-01 00:39:31,23.146,65.364,76.015,31.582,84.706
2025-04-01 00:39:32,22.639,63.588,76.146,31.64,83.759
2025-04-01 00:39:33,23.0,64.136,75.81,30.743,85.764
2025-04-01 00:39:34,22.838,64.626,73.85,31.576,81.986
2025-04-01 00:39:35,23.081,65.482,74.793,32.125,84.052
2025-04-01 00:39:36,22.736,64.78,75.484,32.22,85.792
2025-04-01 00:39:37,23.063,64.862,76.423,31.712,83.564
2025-04-01 00:39:38,22.867,65.244,74.887,31.78,85.468
2025-04-01 00:39:39,23.035,64.726,75.298,32.914,86.119
2025-04-01 00:39:40,22.956,65.052,74.531,31.872,82.831
2025-04-01 00:39:41,23.358,64.792,74.712,32.346,84.596
2025-04-01 00:39:42,23.645,64.586,74.917,31.946,87.007
2025-04-01 00:39:43,22.786,65.103,75.085,32.846,84.22
2025-04-01 00:39:44,23.359,65.197,75.162,32.334,85.354
2025-04-01 00:39:45,23.29,64.522,76.013,31.731,83.24
2025-04-01 00:39:46,23.048,64.0,75.945,31.376,83.556
2025-04-01 00:39:47,23.706,64.327,76.239,32.538,83.398
2025-04-01 00:39:48,22.944,65.267,76.264,32.692,84.084
2025-04-01 00:39:49,22.96,64.827,76.481,32.42,85.64
2025-04-01 00:39:50,23.645,64.12,76.863,31.573,86.209
2025-04-01 00:39:51,23.249,63.435,77.038,32.938,84.727
2025-04-01 00:39:52,23.422,65.932,77.908,32.652,84.977
2025-04-01 00:39:53,23.828,64.71,78.56,32.014,85.09
2025-04-01 00:39:54,23.584,65.119,79.429,32.596,83.398
2025-04-01 00:39:55,23.247,65.233,79.085,31.36,84.375
2025-04-01 00:39:56,23.538,65.714,79.245,32.256,84.515
2025-04-01 00:39:57,23.754,63.876,78.71,32.211,84.286
2025-04-01 00:39:58,23.252,64.814,78.218,32.012,84.593
2025-04-01 00:39:59,23.547,66.119,79.596,31.622,84.349
2025-04-01 00:40:00,24.236,66.501,78.687,32.33,84.136
2025-04-01 00:40:01,23.952,65.079,78.222,32.027,84.22
2025-04-01 00:40:02,24.417,65.512,79.006,32.823,84.013
2025-04-01 00:40:03,24.112,65.341,81.024,31.79,83.238
2025-04-01 00:40:04,24.249,64.375,80.057,32.433,83.118
2025-04-01 00:40:05,23.568,64.398,80.022,31.819,83.111
2025-04-01 00:40:06,24.332,64.331,81.156,32.009,83.007
2025-04-01 00:40:07,24.033,65.675,82.626,31.324,83.677
2025-04-01 00:40:08,24.042,66.998,81.789,32.407,82.885
2025-04-01 00:40:09,24.694,65.803,82.42,32.177,81.375
2025-04-01 00:40:10,24.774,65.229,81.732,32.553,81.345
2025-04-01 00:40:11,24.504,65.581,82.363,31.917,82.862
2025-04-01 00:40:12,24.509,67.321,82.71,31.92,83.973
2025-04-01 00:40:13,24.82,66.864,82.45,31.501,82.742
2025-04-01 00:40:14,24.344,66.086,83.426,31.428,81.806
2025-04-01 00:40:15,25.275,66.348,83.158,31.315,82.124
2025-04-01 00:40:16,24.35,65.817,83.924,31.704,81.594
2025-04-01 00:40:17,24.668,66.156,82.541,31.266,81.135
2025-04-01 00:40:18,24.429,66.849,83.009,30.402,82.936
2025-04-01 00:40:19,24.741,67.205,83.353,31.054,80.393
2025-04-01 00:40:20,25.461,66.347,83.337,31.872,80.112
2025-04-01 00:40:21,25.043,67.415,82.622,31.795,79.876
2025-04-01 00:40:22,25.067,66.851,82.438,31.828,79.503
2025-04-01 00:40:23,25.441,67.76,82.701,31.181,80.365
2025-04-01 00:40:24,24.609,66.147,83.094,30.405,79.294
2025-04-01 00:40:25,25.046,67.358,81.455,30.499,79.159
2025-04-01 00:40:26,24.811,66.45,83.594,30.599,78.962
2025-04-01 00:40:27,24.404,67.65,82.392,31.442,79.13
2025-04-01 00:40:28,25.388,67.825,83.789,31.833,77.218
2025-04-01 00:40:29,25.788,66.346,82.203,31.19,78.808
2025-04-01 00:40:30,25.313,67.57,81.322,30.011,77.863
2025-04-01 00:40:31,24.803,68.827,81.447,30.303,77.695
2025-04-01 00:40:32,25.644,67.992,82.161,30.693,79.099
2025-04-01 00:40:33,24.974,65.857,81.566,30.518,76.859
2025-04-01 00:40:34,25.503,68.445,80.907,30.248,77.234
2025-04-01 00:40:35,25.484,68.664,80.443,30.353,75.518
2025-04-01 00:40:36,25.293,68.967,81.43,30.006,78.624
2025-04-01 00:40:37,25.645,69.101,80.568,29.818,77.052
2025-04-01 00:40:38,25.35,70.357,80.332,30.04,75.736
2025-04-01 00:40:39,25.515,66.766,79.582,28.997,78.191
2025-04-01 00:40:40,26.037,68.043,80.075,29.69,77.0
2025-04-01 00:40:41,25.092,70.351,78.68,29.237,74.068
2025-04-01 00:40:42,25.295,67.849,78.704,30.421,76.819
2025-04-01 00:40:43,25.225,68.291,79.171,29.348,75.175
2025-04-01 00:40:44,25.399,69.407,77.187,29.027,75.816
2025-04-01 00:40:45,25.312,68.278,77.739,29.313,76.325
2025-04-01 00:40:46,25.884,68.235,77.76,29.552,76.561
2025-04-01 00:40:47,25.162,70.495,77.258,28.541,75.427
2025-04-01 00:40:48,25.688,68.037,76.616,28.654,74.47
2025-04-01 00:40:49,25.674,69.271,76.253,28.987,74.038
2025-04-01 00:40:50,25.637,70.648,75.93,29.588,74.531
2025-04-01 00:40:51,25.202,70.765,75.038,28.567,73.375
2025-04-01 00:40:52,25.704,68.771,75.407,29.245,75.222
2025-04-01 00:40:53,25.416,68.603,74.812,28.928,74.927
2025-04-01 00:40:54,25.817,70.303,75.121,28.821,72.208
2025-04-01 00:40:55,25.636,69.24,74.377,29.478,73.977
2025-04-01 00:40:56,25.67,70.717,74.117,29.157,74.35
2025-04-01 00:40:57,25.323,69.353,74.071,27.907,74.1
2025-04-01 00:40:58,25.48,69.532,74.468,29.735,74.109
2025-04-01 00:40:59,25.744,70.979,74.818,28.824,73.189
2025-04-01 00:41:00,25.399,71.07,74.861,28.254,73.514
2025-04-01 00:41:01,25.068,70.792,74.871,29.64,73.562
2025-04-01 00:41:02,26.334,70.321,73.502,28.303,75.365
2025-04-01 00:41:03,25.068,69.018,75.103,28.81,73.272
2025-04-01 00:41:04,25.315,70.067,74.274,28.293,72.006
2025-04-01 00:41:05,24.971,72.047,74.92,29.176,73.754
2025-04-01 00:41:06,24.728,72.032,76.016,27.865,73.017
2025-04-01 00:41:07,25.018,71.432,73.678,28.15,73.08
2025-04-01 00:41:08,25.431,70.123,74.16,28.467,73.826
2025-04-01 00:41:09,25.669,71.868,74.594,28.45,73.454
2025-04-01 00:41:10,25.772,70.743,73.783,28.407,72.715
2025-04-01 00:41:11,25.335,71.287,74.632,28.449,70.707
2025-04-01 00:41:12,25.652,72.356,74.257,29.452,73.155
2025-04-01 00:41:13,24.685,71.197,74.796,28.152,73.273
2025-04-01 00:41:14,24.839,72.408,75.201,28.155,72.766
2025-04-01 00:41:15,25.597,71.561,73.782,27.489,71.802
2025-04-01 00:41:16,25.276,73.986,74.76,27.979,72.28
2025-04-01 00:41:17,24.872,71.548,75.221,28.661,73.542
2025-04-01 00:41:18,24.801,70.828,76.353,27.348,73.856
2025-04-01 00:41:19,25.069,72.309,76.669,27.845,72.195
2025-04-01 00:41:20,25.086,72.046,75.229,28.446,75.031
2025-04-01 00:41:21,25.288,72.876,75.31,29.127,72.373
2025-04-01 00:41:22,24.805,73.108,76.639,27.621,71.688
2025-04-01 00:41:23,24.899,72.815,77.56,28.524,73.246
2025-04-01 00:41:24,24.721,71.968,77.733,28.192,71.968
2025-04-01 00:41:25,24.951,72.425,77.431,28.604,72.325
2025-04-01 00:41:26,24.89,73.118,77.736,27.317,73.33
2025-04-01 00:41:27,24.437,71.777,78.332,28.067,72.128
2025-04-01 00:41:28,24.832,71.734,77.884,28.758,73.927
2025-04-01 00:41:29,23.926,71.542,78.251,28.343,73.552
2025-04-01 00:41:30,24.509,71.633,78.508,28.47,72.441
2025-04-01 00:41:31,24.27,71.076,78.138,29.014,75.888
2025-04-01 00:41:32,23.911,72.489,79.015,28.655,73.55
2025-04-01 00:41:33,24.036,72.635,78.301,28.933,74.428
2025-04-01 00:41:34,23.967,70.272,79.195,28.09,72.508
2025-04-01 00:41:35,24.126,71.334,79.431,29.233,74.51
2025-04-01 00:41:36,24.251,73.135,79.589,29.219,73.915
2025-04-01 00:41:37,23.953,71.835,79.9,28.821,73.213
2025-04-01 00:41:38,24.206,71.507,80.444,28.968,74.646
2025-04-01 00:41:39,24.396,73.118,80.922,29.27,76.26
2025-04-01 00:41:40,23.774,74.193,81.126,28.716,73.437
2025-04-01 00:41:41,23.617,73.777,80.492,28.173,75.612
2025-04-01 00:41:42,24.549,73.092,79.822,29.17,77.318
2025-04-01 00:41:43,23.901,72.512,79.815,29.656,75.273
2025-04-01 00:41:44,23.68,72.203,80.541,29.103,76.561
2025-04-01 00:41:45,23.603,74.874,79.625,29.907,75.984
2025-04-01 00:41:46,23.824,74.133,79.677,29.468,76.525
2025-04-01 00:41:47,24.158,73.479,79.874,28.712,75.891
2025-04-01 00:41:48,23.935,72.108,78.632,29.77,77.092
2025-04-01 00:41:49,23.722,72.383,78.154,27.93,76.813
2025-04-01 00:41:50,23.516,71.525,78.594,29.442,77.814
2025-04-01 00:41:51,23.273,72.272,78.317,29.115,76.526
2025-04-01 00:41:52,23.171,71.528,77.656,28.424,78.29
2025-04-01 00:41:53,23.589,70.841,77.403,29.978,77.155
2025-04-01 00:41:54,23.301,71.622,77.838,29.858,74.924
2025-04-01 00:41:55,23.463,71.529,77.676,29.716,79.954
2025-04-01 00:41:56,23.593,71.745,76.738,30.398,77.342
2025-04-01 00:41:57,23.655,71.342,78.112,29.159,78.618
2025-04-01 00:41:58,23.102,72.223,76.196,30.706,80.871
2025-04-01 00:41:59,22.766,71.778,76.085,30.237,78.319
2025-04-01 00:42:00,23.601,72.421,76.588,29.844,77.883
2025-04-01 00:42:01,22.772,72.448,76.756,30.029,77.179
2025-04-01 00:42:02,23.077,71.208,76.837,29.514,79.886
2025-04-01 00:42:03,22.977,72.019,76.565,29.687,79.93
2025-04-01 00:42:04,23.295,72.152,76.971,30.209,78.679
2025-04-01 00:42:05,23.239,71.997,76.58,29.682,80.827
2025-04-01 00:42:06,23.188,70.311,75.855,30.124,80.81
2025-04-01 00:42:07,22.823,71.735,74.993,29.97,79.041
2025-04-01 00:42:08,22.863,72.886,74.969,29.667,81.332
2025-04-01 00:42:09,23.055,71.047,75.124,30.875,81.122
2025-04-01 00:42:10,22.661,71.877,74.944,30.554,79.248
2025-04-01 00:42:11,22.908,71.575,74.768,31.098,82.293
2025-04-01 00:42:12,22.821,70.845,74.35,29.605,79.275
2025-04-01 00:42:13,22.948,72.66,73.663,30.239,82.783
2025-04-01 00:42:14,22.462,70.132,74.07,30.64,81.657
2025-04-01 00:42:15,22.457,71.312,73.985,30.389,82.786
2025-04-01 00:42:16,22.813,71.151,74.258,30.335,80.563
2025-04-01 00:42:17,22.336,70.991,74.32,30.422,81.92
2025-04-01 00:42:18,22.558,69.869,73.511,30.349,82.386
2025-04-01 00:42:19,22.401,70.978,74.097,30.14,81.531
2025-04-01 00:42:20,22.404,70.761,73.711,30.94,83.643
2025-04-01 00:42:21,22.353,69.285,73.711,29.502,80.742
2025-04-01 00:42:22,22.696,70.965,74.827,30.147,82.587
2025-04-01 00:42:23,22.569,70.887,73.187,30.815,83.48
2025-04-01 00:42:24,22.82,70.074,73.696,30.726,84.921
2025-04-01 00:42:25,22.587,71.877,73.836,30.35,82.927
2025-04-01 00:42:26,22.608,70.032,74.327,29.836,82.459
2025-04-01 00:42:27,23.092,70.636,73.875,30.297,85.044
2025-04-01 00:42:28,22.962,68.1,73.631,30.146,84.45
2025-04-01 00:42:29,22.465,68.34,72.7,29.925,83.39
2025-04-01 00:42:30,22.56,69.175,72.457,30.077,85.849
2025-04-01 00:42:31,22.862,69.466,73.766,30.604,83.134
2025-04-01 00:42:32,22.021,68.981,72.913,30.442,84.46
2025-04-01 00:42:33,22.494,68.854,73.32,30.959,82.845
2025-04-01 00:42:34,22.45,68.425,72.264,30.245,82.803
2025-04-01 00:42:35,22.207,69.181,74.023,30.196,83.649
2025-04-01 00:42:36,22.538,68.755,73.62,29.936,84.136
2025-04-01 00:42:37,22.075,69.882,74.452,29.549,84.759
2025-04-01 00:42:38,23.314,67.809,74.536,29.682,84.438
2025-04-01 00:42:39,22.583,68.136,74.629,29.663,84.594
2025-04-01 00:42:40,22.624,68.053,76.244,30.301,84.08
2025-04-01 00:42:41,22.208,68.165,76.173,29.536,83.342
2025-04-01 00:42:42,22.707,67.926,75.751,29.652,84.811
2025-04-01 00:42:43,23.254,69.338,76.128,28.856,82.931
2025-04-01 00:42:44,22.624,69.435,75.511,30.014,83.847
2025-04-01 00:42:45,22.985,67.822,75.873,29.866,83.56
2025-04-01 00:42:46,23.053,68.639,76.966,29.749,85.513
2025-04-01 00:42:47,21.954,68.431,76.32,28.954,85.054
2025-04-01 00:42:48,22.664,67.234,76.853,29.474,85.649
2025-04-01 00:42:49,22.727,68.689,78.549,29.275,84.029
2025-04-01 00:42:50,22.629,69.276,78.97,29.057,87.075
2025-04-01 00:42:51,22.45,67.383,78.994,29.847,85.527
2025-04-01 00:42:52,22.675,68.016,78.747,30.354,86.338
2025-04-01 00:42:53,22.427,65.732,78.153,29.634,83.606
2025-04-01 00:42:54,23.054,66.14,78.071,29.732,84.075
2025-04-01 00:42:55,23.15,68.058,78.88,28.769,84.907
2025-04-01 00:42:56,23.286,67.48,78.487,29.729,85.494
2025-04-01 00:42:57,22.977,66.393,78.831,29.221,83.531
2025-04-01 00:42:58,22.853,67.271,80.169,29.823,83.469
2025-04-01 00:42:59,23.51,67.605,78.774,29.196,85.41
2025-04-01 00:43:00,23.128,67.602,79.314,29.203,83.571
2025-04-01 00:43:01,23.316,66.586,78.566,28.748,83.427
2025-04-01 00:43:02,23.572,65.266,79.309,27.912,82.534
2025-04-01 00:43:03,23.035,65.674,79.454,29.003,82.428
2025-04-01 00:43:04,23.384,65.812,78.829,28.331,83.019
2025-04-01 00:43:05,23.695,65.994,78.33,28.226,81.711
2025-04-01 00:43:06,23.476,67.09,78.455,28.577,83.574
2025-04-01 00:43:07,23.423,65.194,77.694,29.196,84.176
2025-04-01 00:43:08,23.85,64.824,78.872,28.786,82.143
2025-04-01 00:43:09,23.318,66.442,78.477,28.178,83.197
2025-04-01 00:43:10,23.34,65.919,78.266,28.045,83.942
2025-04-01 00:43:11,23.738,65.058,77.79,27.983,81.965
2025-04-01 00:43:12,23.422,67.863,78.227,27.563,79.957
2025-04-01 00:43:13,23.722,66.097,79.219,27.893,79.878
2025-04-01 00:43:14,23.614,64.287,79.168,28.169,83.204
2025-04-01 00:43:15,23.733,65.577,79.097,28.284,83.961
2025-04-01 00:43:16,24.097,64.663,79.426,28.38,81.607
2025-04-01 00:43:17,24.068,66.07,79.392,27.807,81.609
2025-04-01 00:43:18,23.879,64.3,77.959,27.227,81.141
2025-04-01 00:43:19,23.964,64.67,78.382,27.742,80.478
2025-04-01 00:43:20,24.074,65.855,78.009,27.497,80.715
2025-04-01 00:43:21,24.135,64.6,78.284,26.12,81.044
2025-04-01 00:43:22,24.098,64.892,77.289,27.32,79.755
2025-04-01 00:43:23,24.125,64.944,77.267,27.098,81.814
2025-04-01 00:43:24,24.756,64.079,77.669,27.435,80.268
2025-04-01 00:43:25,24.29,65.744,77.615,27.253,80.056
2025-04-01 00:43:26,24.397,66.434,78.332,27.958,79.559
2025-04-01 00:43:27,23.979,66.573,77.942,27.355,79.275
2025-04-01 00:43:28,24.255,63.876,77.506,28.007,79.542
2025-04-01 00:43:29,25.03,65.193,76.813,26.233,80.486
2025-04-01 00:43:30,25.099,65.079,76.048,27.083,79.236
2025-04-01 00:43:31,24.534,64.495,75.677,26.333,78.975
2025-04-01 00:43:32,24.2,65.37,74.943,27.462,78.728
2025-04-01 00:43:33,24.955,63.708,75.906,26.49,79.017
2025-04-01 00:43:34,24.48,65.732,76.455,26.6,77.528
2025-04-01 00:43:35,25.147,64.398,75.418,26.694,78.014
2025-04-01 00:43:36,24.768,63.78,75.263,25.478,78.24
2025-04-01 00:43:37,24.71,64.738,75.516,26.893,76.945
2025-04-01 00:43:38,24.836,64.988,74.142,25.891,76.928
2025-04-01 00:43:39,25.229,64.069,74.551,26.89,79.183
2025-04-01 00:43:40,24.884,63.502,74.52,26.53,75.882
2025-04-01 00:43:41,24.706,64.406,73.994,27.064,77.372
2025-04-01 00:43:42,24.665,63.249,74.429,27.179,77.426
2025-04-01 00:43:43,25.046,64.468,73.243,26.554,76.676
2025-04-01 00:43:44,25.035,64.735,73.067,26.453,76.941
2025-04-01 00:43:45,25.179,64.417,73.605,26.877,76.904
2025-04-01 00:43:46,25.084,62.705,73.608,25.8,74.656
2025-04-01 00:43:47,25.226,64.222,73.119,26.219,74.937
2025-04-01 00:43:48,25.145,64.574,73.22,26.498,74.804
2025-04-01 00:43:49,25.627,64.272,73.525,26.449,75.049
2025-04-01 00:43:50,25.231,63.883,74.57,26.681,73.469
2025-04-01 00:43:51,25.499,64.154,72.987,25.939,73.057
2025-04-01 00:43:52,25.43,63.908,73.561,27.655,74.467
2025-04-01 00:43:53,25.166,65.911,73.125,26.665,74.068
2025-04-01 00:43:54,25.003,64.855,73.302,26.297,74.217
2025-04-01 00:43:55,25.626,63.467,73.829,26.284,72.978
2025-04-01 00:43:56,25.454,64.504,73.028,26.505,75.371
2025-04-01 00:43:57,25.907,63.623,74.147,26.521,73.945
2025-04-01 00:43:58,25.387,65.651,73.137,26.31,73.012
2025-04-01 00:43:59,25.718,63.926,73.546,26.425,75.57
2025-04-01 00:44:00,25.257,65.173,73.48,27.428,73.747
2025-04-01 00:44:01,25.445,65.891,73.354,26.665,74.653
2025-04-01 00:44:02,25.357,66.12,74.154,27.333,73.768
2025-04-01 00:44:03,25.507,63.715,74.388,25.797,74.724
2025-04-01 00:44:04,25.597,63.89,74.027,26.176,72.514
2025-04-01 00:44:05,25.436,66.108,74.329,25.864,74.538
2025-04-01 00:44:06,25.602,64.222,74.288,26.699,73.666
2025-04-01 00:44:07,25.798,65.165,73.926,26.045,72.943
2025-04-01 00:44:08,25.258,64.829,73.499,27.106,72.985
2025-04-01 00:44:09,25.603,64.978,73.724,26.617,73.551
2025-04-01 00:44:10,25.432,66.081,73.472,26.724,73.267
2025-04-01 00:44:11,25.433,64.775,75.31,27.774,72.088
2025-04-01 00:44:12,25.797,65.992,73.811,26.478,73.275
2025-04-01 00:44:13,25.635,65.057,73.607,27.003,73.904
2025-04-01 00:44:14,25.852,65.499,73.532,26.308,72.792
2025-04-01 00:44:15,25.535,66.089,73.913,27.219,71.534
2025-04-01 00:44:16,25.605,64.364,73.189,27.391,71.882
2025-04-01 00:44:17,25.406,66.119,73.475,27.78,74.003
2025-04-01 00:44:18,25.668,66.095,73.969,27.034,72.841
2025-04-01 00:44:19,25.548,65.088,72.269,27.863,71.779
2025-04-01 00:44:20,25.451,67.144,71.442,27.643,73.317
2025-04-01 00:44:21,25.796,65.319,70.867,27.585,72.016
2025-04-01 00:44:22,25.076,66.333,70.902,27.482,72.582
2025-04-01 00:44:23,25.21,65.301,70.792,27.27,73.278
2025-04-01 00:44:24,25.146,65.911,70.473,27.631,74.344
2025-04-01 00:44:25,25.471,66.215,69.398,27.739,74.854
2025-04-01 00:44:26,25.413,65.794,69.325,28.065,73.577
2025-04-01 00:44:27,25.482,66.77,70.207,27.882,73.428
2025-04-01 00:44:28,25.367,64.997,69.95,27.335,73.511
2025-04-01 00:44:29,25.383,67.58,69.32,27.155,75.685
2025-04-01 00:44:30,25.733,68.026,68.314,28.221,75.577
2025-04-01 00:44:31,25.278,67.269,67.861,28.524,74.618
2025-04-01 00:44:32,25.258,66.066,68.362,27.397,74.606
2025-04-01 00:44:33,25.067,66.884,69.041,28.09,73.937
2025-04-01 00:44:34,25.801,67.041,69.384,26.893,73.197
2025-04-01 00:44:35,24.909,68.338,68.323,27.789,75.696
2025-04-01 00:44:36,25.182,67.51,68.174,28.64,74.797
2025-04-01 00:44:37,24.945,67.275,67.713,28.43,74.357
2025-04-01 00:44:38,24.651,67.296,67.622,28.121,73.846
2025-04-01 00:44:39,24.889,66.606,67.794,28.072,75.351
2025-04-01 00:44:40,24.685,66.862,67.232,28.092,75.666
2025-04-01 00:44:41,24.749,67.971,68.576,29.053,75.885
2025-04-01 00:44:42,24.994,67.86,67.377,28.498,74.852
2025-04-01 00:44:43,25.123,66.195,67.922,28.729,78.105
2025-04-01 00:44:44,24.932,69.7,67.479,28.687,77.643
2025-04-01 00:44:45,25.124,68.67,67.316,28.742,76.946
2025-04-01 00:44:46,24.926,68.492,67.705,28.54,78.222
2025-04-01 00:44:47,24.335,67.924,68.164,29.179,77.551
2025-04-01 00:44:48,24.866,67.479,67.121,28.459,76.061
2025-04-01 00:44:49,24.669,67.922,66.747,28.841,77.087
2025-04-01 00:44:50,24.862,68.319,66.481,29.254,75.379
2025-04-01 00:44:51,24.652,68.656,65.999,28.886,76.797
2025-04-01 00:44:52,24.398,69.56,66.709,28.066,78.425
2025-04-01 00:44:53,24.236,68.823,66.268,28.645,77.984
2025-04-01 00:44:54,24.406,70.407,66.005,29.267,77.456
2025-04-01 00:44:55,24.56,68.967,65.973,27.91,77.643
2025-04-01 00:44:56,24.365,67.487,66.25,27.988,79.322
2025-04-01 00:44:57,24.429,69.361,64.876,28.859,79.244
2025-04-01 00:44:58,24.367,69.798,65.382,28.046,78.399
2025-04-01 00:44:59,23.876,70.547,65.396,28.656,78.736
2025-04-01 00:45:00,23.984,70.071,66.246,28.238,78.936
2025-04-01 00:45:01,23.586,68.699,65.504,28.413,78.639
2025-04-01 00:45:02,23.957,69.579,66.209,28.66,79.745
2025-04-01 00:45:03,23.712,69.888,65.143,28.05,79.187
2025-04-01 00:45:04,24.074,68.682,64.816,28.361,79.552
2025-04-01 00:45:05,24.177,70.302,65.714,28.009,79.883
2025-04-01 00:45:06,23.709,69.52,65.276,28.888,78.828
2025-04-01 00:45:07,23.745,69.934,65.067,27.396,80.925
2025-04-01 00:45:08,23.935,69.605,65.234,29.341,82.38
2025-04-01 00:45:09,23.533,71.341,65.148,28.593,79.792
2025-04-01 00:45:10,23.9,70.486,65.267,27.961,82.296
2025-04-01 00:45:11,22.942,69.463,65.884,28.663,82.737
2025-04-01 00:45:12,23.435,69.924,65.92,28.317,81.517
2025-04-01 00:45:13,23.604,69.862,65.34,27.616,82.156
2025-04-01 00:45:14,23.015,70.097,65.863,28.715,83.147
2025-04-01 00:45:15,23.855,69.988,64.604,27.701,81.424
2025-04-01 00:45:16,23.293,70.442,64.781,28.874,82.064
2025-04-01 00:45:17,23.371,71.388,65.919,27.837,82.628
2025-04-01 00:45:18,23.331,72.004,66.767,27.453,81.181
2025-04-01 00:45:19,23.309,70.544,66.011,27.954,83.151
2025-04-01 00:45:20,23.184,72.755,67.077,27.623,83.474
2025-04-01 00:45:21,22.898,73.384,65.657,27.047,83.287
2025-04-01 00:45:22,23.33,71.426,65.529,27.81,82.039
2025-04-01 00:45:23,23.259,70.55,65.792,28.508,84.478
2025-04-01 00:45:24,23.093,71.561,66.062,27.05,83.393
2025-04-01 00:45:25,22.918,71.663,65.997,27.103,84.97
2025-04-01 00:45:26,22.887,72.911,67.173,26.974,82.283
2025-04-01 00:45:27,22.867,72.923,65.93,27.131,85.166
2025-04-01 00:45:28,22.992,72.001,66.924,27.817,83.061
2025-04-01 00:45:29,23.006,71.444,67.091,27.61,82.798
2025-04-01 00:45:30,23.228,71.952,67.76,27.393,84.127
2025-04-01 00:45:31,23.425,73.874,67.519,26.613,85.217
2025-04-01 00:45:32,23.693,71.35,67.344,27.523,84.349
2025-04-01 00:45:33,22.449,71.718,66.461,26.852,83.219
2025-04-01 00:45:34,22.993,71.407,67.291,27.033,86.199
2025-04-01 00:45:35,23.249,72.544,68.201,27.264,84.476
2025-04-01 00:45:36,22.765,71.971,68.527,26.928,85.074
2025-04-01 00:45:37,23.026,71.113,68.019,27.55,83.584
2025-04-01 00:45:38,22.452,70.67,67.862,27.143,83.651
2025-04-01 00:45:39,22.912,72.486,68.764,27.433,83.841
2025-04-01 00:45:40,22.712,71.7,69.159,26.309,84.605
2025-04-01 00:45:41,23.265,73.709,68.064,25.261,85.053
2025-04-01 00:45:42,22.474,72.361,69.773,26.313,84.964
2025-04-01 00:45:43,23.199,71.325,69.244,25.346,85.992
2025-04-01 00:45:44,22.854,72.578,70.975,25.874,84.74
2025-04-01 00:45:45,22.483,71.072,70.406,25.695,83.984
2025-04-01 00:45:46,22.457,72.227,70.084,26.511,82.58
2025-04-01 00:45:47,22.799,72.753,69.839,26.124,85.261
2025-04-01 00:45:48,23.27,73.05,70.36,26.353,83.962
2025-04-01 00:45:49,23.226,72.472,70.197,24.766,85.185
2025-04-01 00:45:50,22.234,72.019,69.524,25.712,84.281
2025-04-01 00:45:51,22.741,71.997,69.299,26.675,84.169
2025-04-01 00:45:52,23.008,72.045,69.464,25.742,86.289
2025-04-01 00:45:53,22.746,72.633,69.002,26.063,83.266
2025-04-01 00:45:54,22.644,73.24,69.175,25.399,83.619
2025-04-01 00:45:55,22.548,72.486,68.66,25.236,83.77
2025-04-01 00:45:56,23.152,73.391,68.86,25.387,83.386
2025-04-01 00:45:57,22.737,72.796,69.119,24.979,83.109
2025-04-01 00:45:58,23.169,72.674,68.283,25.885,85.293
2025-04-01 00:45:59,22.857,71.82,68.433,26.005,83.633
2025-04-01 00:46:00,23.009,72.996,67.555,25.558,86.368
2025-04-01 00:46:01,22.766,71.401,68.307,25.548,82.615
2025-04-01 00:46:02,22.847,72.855,67.765,24.799,84.623
2025-04-01 00:46:03,23.03,71.302,67.457,23.886,81.658
2025-04-01 00:46:04,23.336,72.554,67.804,25.375,84.459
2025-04-01 00:46:05,22.927,72.776,68.091,25.043,83.721
2025-04-01 00:46:06,23.057,71.74,68.222,25.508,83.664
2025-04-01 00:46:07,22.976,71.663,67.475,25.263,82.093
2025-04-01 00:46:08,23.058,72.861,67.005,25.118,83.809
2025-04-01 00:46:09,23.503,71.103,67.847,24.821,82.441
2025-04-01 00:46:10,23.011,72.124,67.979,24.396,82.904
2025-04-01 00:46:11,22.954,71.554,67.785,24.392,83.083
2025-04-01 00:46:12,22.885,73.17,67.445,24.406,83.169
2025-04-01 00:46:13,22.868,71.918,67.02,24.899,82.355
2025-04-01 00:46:14,23.136,71.448,67.805,24.503,83.086
2025-04-01 00:46:15,22.692,71.165,67.578,25.264,81.55
2025-04-01 00:46:16,23.354,71.867,67.846,24.339,83.221
2025-04-01 00:46:17,23.791,72.255,67.232,24.588,82.242
2025-04-01 00:46:18,23.378,71.315,67.467,25.293,80.626
2025-04-01 00:46:19,23.517,71.588,68.061,24.108,82.032
2025-04-01 00:46:20,23.302,71.223,68.424,24.879,82.521
2025-04-01 00:46:21,23.803,70.101,70.22,25.364,80.206
2025-04-01 00:46:22,23.695,70.394,69.719,24.847,81.371
2025-04-01 00:46:23,23.317,70.29,71.41,25.561,80.228
2025-04-01 00:46:24,24.114,70.907,72.231,25.184,80.687
2025-04-01 00:46:25,23.438,71.086,73.385,23.773,80.984
2025-04-01 00:46:26,23.645,70.999,73.805,24.687,79.399
2025-04-01 00:46:27,23.741,69.488,75.171,24.831,78.44
2025-04-01 00:46:28,24.126,70.077,75.065,24.498,81.044
2025-04-01 00:46:29,23.527,70.795,74.83,24.223,78.737
2025-04-01 00:46:30,23.94,69.987,75.533,25.103,79.333
2025-04-01 00:46:31,23.496,70.209,74.994,25.121,77.182
2025-04-01 00:46:32,23.564,70.79,75.623,24.588,79.955
2025-04-01 00:46:33,23.507,69.838,75.06,24.666,78.989
2025-04-01 00:46:34,24.38,70.638,76.125,25.823,78.655
2025-04-01 00:46:35,23.959,70.047,76.556,24.139,78.624
2025-04-01 00:46:36,23.862,70.526,76.291,25.13,77.854
2025-04-01 00:46:37,23.737,70.224,75.956,24.981,77.084
2025-04-01 00:46:38,24.646,70.044,75.534,25.76,78.693
2025-04-01 00:46:39,23.817,70.446,76.253,26.07,77.265
2025-04-01 00:46:40,24.233,69.705,76.479,24.579,77.741
2025-04-01 00:46:41,24.37,69.623,77.418,24.665,77.602
2025-04-01 00:46:42,24.532,69.84,77.111,26.133,77.506
2025-04-01 00:46:43,24.445,69.075,77.288,25.512,76.618
2025-04-01 00:46:44,24.926,67.621,77.663,25.408,77.767
2025-04-01 00:46:45,24.725,69.933,78.408,26.057,77.41
2025-04-01 00:46:46,25.014,68.241,77.049,25.229,77.117
2025-04-01 00:46:47,24.648,68.572,77.005,25.61,75.591
2025-04-01 00:46:48,24.997,68.515,76.831,25.322,74.666
2025-04-01 00:46:49,24.456,68.408,77.819,25.447,76.948
2025-04-01 00:46:50,24.349,68.498,76.391,25.266,74.627
2025-04-01 00:46:51,24.726,68.761,77.586,25.487,74.874
2025-04-01 00:46:52,24.786,69.127,76.707,25.296,75.897
2025-04-01 00:46:53,24.734,67.605,76.322,26.097,75.488
2025-04-01 00:46:54,24.587,69.187,76.512,25.671,75.488
2025-04-01 00:46:55,25.343,68.69,76.763,25.542,75.434
2025-04-01 00:46:56,25.326,69.625,77.482,26.195,73.482
2025-04-01 00:46:57,24.838,68.1,77.699,25.648,75.01
2025-04-01 00:46:58,24.853,68.392,77.194,26.845,74.261
2025-04-01 00:46:59,25.396,67.546,78.564,26.505,74.898
2025-04-01 00:47:00,25.109,65.702,78.801,25.706,76.206
2025-04-01 00:47:01,24.959,68.552,78.948,26.575,74.09
2025-04-01 00:47:02,25.042,66.999,79.423,27.309,73.168
2025-04-01 00:47:03,25.3,66.574,78.683,27.24,72.24
2025-04-01 00:47:04,25.437,67.631,78.86,26.269,73.413
2025-04-01 00:47:05,25.858,66.2,78.242,26.028,72.632
2025-04-01 00:47:06,25.042,66.864,77.23,25.732,73.593
2025-04-01 00:47:07,25.638,66.302,78.321,27.343,75.423
2025-04-01 00:47:08,25.69,65.627,78.016,25.946,73.826
2025-04-01 00:47:09,25.521,67.454,78.25,25.945,74.465
2025-04-01 00:47:10,25.433,67.335,77.123,26.708,72.852
2025-04-01 00:47:11,25.636,66.678,77.48,26.958,74.166
2025-04-01 00:47:12,25.432,65.313,78.539,26.349,73.522
2025-04-01 00:47:13,25.556,66.381,78.116,26.759,74.333
2025-04-01 00:47:14,25.475,66.213,77.318,26.826,73.785
2025-04-01 00:47:15,25.658,66.517,77.255,26.778,71.589
2025-04-01 00:47:16,25.044,67.741,75.958,26.875,73.017
2025-04-01 00:47:17,25.717,66.06,76.093,27.561,73.066
2025-04-01 00:47:18,25.39,65.521,76.207,25.89,72.51
2025-04-01 00:47:19,25.592,65.05,77.105,26.652,72.692
2025-04-01 00:47:20,25.332,66.103,78.008,27.013,73.462
2025-04-01 00:47:21,25.482,66.105,77.333,27.025,73.714
2025-04-01 00:47:22,26.276,65.948,76.993,26.001,72.973
2025-04-01 00:47:23,26.012,66.554,76.329,27.438,73.68
2025-04-01 00:47:24,25.27,64.695,76.367,27.659,74.373
2025-04-01 00:47:25,25.716,65.717,75.904,25.956,73.096
2025-04-01 00:47:26,26.289,65.491,75.068,26.184,75.339
2025-04-01 00:47:27,25.947,64.117,75.362,26.81,75.255
2025-04-01 00:47:28,25.72,65.457,75.431,26.76,75.273
2025-04-01 00:47:29,26.051,66.181,74.979,26.363,74.871
2025-04-01 00:47:30,25.759,66.046,74.987,27.046,72.035
2025-04-01 00:47:31,26.006,65.012,75.031,27.261,73.964
2025-04-01 00:47:32,25.578,65.929,75.316,27.719,73.424
2025-04-01 00:47:33,25.758,65.522,74.469,27.44,73.955
2025-04-01 00:47:34,25.385,64.686,74.908,26.351,75.149
2025-04-01 00:47:35,25.664,63.925,74.137,27.024,74.249
2025-04-01 00:47:36,25.992,62.903,75.659,26.626,73.565
2025-04-01 00:47:37,25.828,64.686,74.186,26.866,76.473
2025-04-01 00:47:38,25.732,64.378,74.316,25.707,75.817
2025-04-01 00:47:39,25.44,65.723,74.053,27.619,75.735
2025-04-01 00:47:40,25.539,65.725,74.369,27.014,78.72
2025-04-01 00:47:41,25.487,63.793,75.296,26.46,76.036
2025-04-01 00:47:42,25.53,63.668,74.689,26.25,77.569
2025-04-01 00:47:43,25.176,65.956,75.46,26.222,76.944
2025-04-01 00:47:44,26.034,64.255,76.505,26.662,76.618
2025-04-01 00:47:45,25.903,64.311,76.394,25.94,77.827
2025-04-01 00:47:46,25.612,64.192,76.093,26.204,77.425
2025-04-01 00:47:47,25.678,63.417,76.528,26.402,76.26
2025-04-01 00:47:48,25.594,64.792,77.385,26.831,76.474
2025-04-01 00:47:49,25.308,64.727,78.857,27.097,77.143
2025-04-01 00:47:50,25.005,63.104,78.51,26.377,77.435
2025-04-01 00:47:51,25.374,65.0,79.023,26.628,80.519
2025-04-01 00:47:52,25.274,64.007,79.264,26.748,76.64
2025-04-01 00:47:53,25.152,63.323,78.328,26.426,79.173
2025-04-01 00:47:54,25.982,65.14,79.765,26.47,79.057
2025-04-01 00:47:55,25.168,64.434,79.067,27.127,79.15
2025-04-01 00:47:56,25.214,63.824,79.965,25.689,78.63
2025-04-01 00:47:57,25.458,64.807,79.748,25.368,78.468
2025-04-01 00:47:58,25.071,64.658,80.48,25.826,78.13
2025-04-01 00:47:59,24.993,63.498,80.683,26.847,79.016
2025-04-01 00:48:00,24.843,63.351,81.34,26.033,78.876
2025-04-01 00:48:01,25.398,64.046,81.768,25.798,78.662
2025-04-01 00:48:02,24.862,65.461,81.452,25.796,78.894
2025-04-01 00:48:03,24.931,64.884,82.284,25.904,80.758
2025-04-01 00:48:04,24.858,65.518,81.734,25.076,79.853
2025-04-01 00:48:05,24.619,65.122,82.826,25.691,79.812
2025-04-01 00:48:06,24.749,64.526,83.955,25.328,78.971
2025-04-01 00:48:07,24.788,64.405,83.511,25.266,82.281
2025-04-01 00:48:08,24.941,63.853,83.351,25.538,81.09
2025-04-01 00:48:09,24.851,65.66,82.917,25.258,81.787
2025-04-01 00:48:10,25.309,65.093,82.864,25.341,80.32
2025-04-01 00:48:11,24.945,64.525,83.284,25.077,81.485
2025-04-01 00:48:12,24.955,66.343,84.107,24.133,81.403
2025-04-01 00:48:13,24.561,63.927,84.375,24.712,80.944
2025-04-01 00:48:14,24.47,63.753,84.973,23.77,81.265
2025-04-01 00:48:15,25.027,65.282,84.278,24.357,83.66
2025-04-01 00:48:16,24.462,64.721,85.483,24.551,82.88
2025-04-01 00:48:17,24.07,64.361,87.22,24.504,83.256
2025-04-01 00:48:18,24.092,64.487,86.692,25.097,85.085
2025-04-01 00:48:19,24.406,65.42,87.942,24.047,83.824
2025-04-01 00:48:20,24.111,65.255,87.587,24.463,81.65
2025-04-01 00:48:21,24.185,64.232,86.918,24.097,84.561
2025-04-01 00:48:22,24.184,65.797,86.593,23.749,83.912
2025-04-01 00:48:23,24.074,64.367,87.164,23.589,85.142
2025-04-01 00:48:24,24.016,66.044,87.359,23.795,85.65
2025-04-01 00:48:25,24.885,63.126,87.964,24.217,84.45
2025-04-01 00:48:26,23.741,64.999,87.146,23.94,84.409
2025-04-01 00:48:27,24.237,66.451,87.393,23.042,84.144
2025-04-01 00:48:28,23.99,66.409,87.698,24.402,83.987
2025-04-01 00:48:29,23.931,65.923,88.537,23.932,85.296
2025-04-01 00:48:30,23.706,67.529,88.422,23.815,82.726
2025-04-01 00:48:31,23.8,66.256,88.198,23.161,85.012
2025-04-01 00:48:32,23.849,65.835,87.891,23.815,86.385
2025-04-01 00:48:33,23.426,66.37,88.218,24.043,84.956
2025-04-01 00:48:34,23.555,65.872,87.544,22.896,85.24
2025-04-01 00:48:35,23.754,66.539,87.526,23.831,85.375
2025-04-01 00:48:36,23.942,64.059,88.619,23.971,86.369
2025-04-01 00:48:37,23.863,65.339,87.291,23.182,85.805
2025-04-01 00:48:38,23.332,67.089,88.051,23.034,84.871
2025-04-01 00:48:39,23.701,66.99,87.048,23.238,86.147
2025-04-01 00:48:40,23.75,66.539,87.679,23.161,84.257
2025-04-01 00:48:41,23.471,67.697,87.48,24.263,83.448
2025-04-01 00:48:42,23.288,67.402,87.03,21.923,83.94
2025-04-01 00:48:43,23.904,66.818,88.343,23.948,85.807
2025-04-01 00:48:44,22.901,67.396,87.975,23.395,84.496
2025-04-01 00:48:45,23.209,68.37,87.885,22.23,83.517
2025-04-01 00:48:46,23.429,67.235,87.267,22.385,86.579
2025-04-01 00:48:47,23.404,67.48,86.724,23.261,83.152
2025-04-01 00:48:48,23.059,66.55,84.902,24.205,84.245
2025-04-01 00:48:49,23.286,68.411,84.476,23.591,85.689
2025-04-01 00:48:50,22.93,67.571,83.844,22.8,85.422
2025-04-01 00:48:51,22.962,67.945,84.562,22.517,84.992
2025-04-01 00:48:52,23.14,68.741,83.893,22.293,83.739
2025-04-01 00:48:53,22.785,66.697,84.284,22.569,83.789
2025-04-01 00:48:54,23.035,67.012,84.67,23.063,84.246
2025-04-01 00:48:55,22.776,67.865,83.949,23.613,82.862
2025-04-01 00:48:56,23.316,67.958,83.693,24.247,85.0
2025-04-01 00:48:57,22.834,68.042,83.512,23.386,83.569
2025-04-01 00:48:58,22.739,68.156,84.358,22.581,80.737
2025-04-01 00:48:59,22.973,68.587,81.778,23.936,84.129
2025-04-01 00:49:00,22.794,67.782,82.45,23.333,85.321
2025-04-01 00:49:01,22.429,69.886,83.405,24.812,84.694
2025-04-01 00:49:02,22.949,67.908,84.288,23.17,84.289
2025-04-01 00:49:03,22.618,69.45,83.301,23.101,85.736
2025-04-01 00:49:04,22.809,68.946,82.47,23.376,82.409
2025-04-01 00:49:05,23.414,68.146,82.67,23.941,83.959
2025-04-01 00:49:06,22.885,70.516,81.71,23.499,82.517
2025-04-01 00:49:07,21.875,69.63,82.793,24.11,80.853
2025-04-01 00:49:08,22.823,67.616,82.954,24.231,83.679
2025-04-01 00:49:09,22.51,67.534,82.624,23.661,83.538
2025-04-01 00:49:10,22.194,69.358,84.618,23.63,83.779
2025-04-01 00:49:11,22.946,70.39,84.03,23.896,83.231
2025-04-01 00:49:12,22.804,69.016,85.222,24.583,83.498
2025-04-01 00:49:13,22.994,70.069,84.727,23.669,82.495
2025-04-01 00:49:14,22.991,70.381,84.852,24.486,82.901
2025-04-01 00:49:15,22.847,70.328,85.19,23.974,82.397
2025-04-01 00:49:16,23.363,69.685,86.205,24.711,81.133
2025-04-01 00:49:17,22.968,68.941,86.618,24.468,81.885
2025-04-01 00:49:18,22.322,70.105,85.372,23.753,82.039
2025-04-01 00:49:19,22.227,70.261,87.015,24.162,81.489
2025-04-01 00:49:20,22.947,69.979,86.964,24.063,80.486
2025-04-01 00:49:21,22.698,70.39,86.538,24.647,79.965
2025-04-01 00:49:22,22.981,70.003,86.726,23.912,80.032
2025-04-01 00:49:23,22.736,69.875,87.051,24.414,81.446
2025-04-01 00:49:24,22.666,71.935,87.106,24.858,80.833
2025-04-01 00:49:25,22.768,71.659,88.305,25.228,80.495
2025-04-01 00:49:26,23.344,70.664,88.087,25.356,80.4
2025-04-01 00:49:27,23.151,70.981,88.5,24.151,80.253
2025-04-01 00:49:28,22.903,71.498,89.135,24.684,80.049
2025-04-01 00:49:29,23.239,70.914,89.693,26.122,80.405
2025-04-01 00:49:30,23.193,70.486,88.035,25.03,82.07
2025-04-01 00:49:31,22.689,71.93,87.651,25.012,77.95
2025-04-01 00:49:32,23.152,69.906,87.927,24.71,78.03
2025-04-01 00:49:33,23.431,70.597,87.023,25.162,78.823
2025-04-01 00:49:34,23.357,72.906,88.028,25.466,77.339
2025-04-01 00:49:35,23.405,70.094,88.34,24.733,78.092
2025-04-01 00:49:36,23.453,70.489,88.583,25.33,78.991
2025-04-01 00:49:37,23.495,72.403,88.15,25.432,77.74
2025-04-01 00:49:38,23.015,71.736,88.391,24.917,76.921
2025-04-01 00:49:39,23.395,71.954,89.456,25.139,77.551
2025-04-01 00:49:40,23.299,71.468,88.729,24.851,77.476
2025-04-01 00:49:41,23.423,71.919,90.366,24.777,77.683
2025-04-01 00:49:42,23.491,73.0,90.545,25.738,78.429
2025-04-01 00:49:43,23.412,72.007,90.64,25.133,78.378
2025-04-01 00:49:44,23.655,72.511,89.061,26.487,77.14
2025-04-01 00:49:45,23.729,70.873,89.732,25.086,74.689
2025-04-01 00:49:46,23.427,72.488,89.22,25.622,75.705
2025-04-01 00:49:47,23.374,72.447,89.012,25.817,74.817
2025-04-01 00:49:48,23.448,72.737,88.398,25.948,76.964
2025-04-01 00:49:49,23.223,72.689,89.222,24.735,76.27
2025-04-01 00:49:50,24.019,71.847,87.914,25.142,76.733
2025-04-01 00:49:51,23.836,73.407,87.916,26.475,76.064
2025-04-01 00:49:52,24.06,71.47,89.497,25.529,76.112
2025-04-01 00:49:53,23.874,72.391,88.344,26.495,76.05
2025-04-01 00:49:54,24.306,70.609,88.172,24.826,75.237
2025-04-01 00:49:55,24.072,70.678,88.947,25.958,76.396
2025-04-01 00:49:56,24.168,71.48,88.041,26.062,76.363
2025-04-01 00:49:57,24.352,71.101,87.492,26.191,75.927
2025-04-01 00:49:58,25.02,72.257,87.574,25.347,73.063
2025-04-01 00:49:59,23.773,72.401,87.957,25.053,76.822
2025-04-01 00:50:00,24.142,71.483,87.305,25.929,74.346
2025-04-01 00:50:01,24.467,71.141,87.015,26.388,74.525
2025-04-01 00:50:02,24.289,71.268,87.52,25.477,75.991
2025-04-01 00:50:03,24.661,72.39,86.972,25.19,75.951
2025-04-01 00:50:04,24.358,71.111,86.059,25.523,73.053
2025-04-01 00:50:05,24.444,70.301,86.829,25.177,75.526
2025-04-01 00:50:06,24.969,71.615,85.889,25.215,74.749
2025-04-01 00:50:07,24.888,71.376,86.26,25.186,74.607
2025-04-01 00:50:08,24.582,71.225,84.819,25.922,74.293
2025-04-01 00:50:09,24.917,72.005,85.406,25.004,74.738
2025-04-01 00:50:10,24.89,70.801,85.75,25.695,75.049
2025-04-01 00:50:11,25.124,70.589,85.58,24.668,74.431
2025-04-01 00:50:12,24.778,72.779,85.78,25.492,73.865
2025-04-01 00:50:13,24.763,70.816,85.477,24.949,73.187
2025-04-01 00:50:14,25.229,71.552,84.577,25.332,75.063
2025-04-01 00:50:15,24.986,72.504,84.568,25.552,73.129
2025-04-01 00:50:16,24.896,74.002,85.042,24.972,74.4
2025-04-01 00:50:17,24.803,72.119,84.573,25.151,74.827
2025-04-01 00:50:18,25.307,71.875,83.891,25.208,75.469
2025-04-01 00:50:19,25.087,72.4,84.98,24.595,75.156
2025-04-01 00:50:20,25.28,72.027,82.902,25.731,75.745
2025-04-01 00:50:21,25.459,70.137,83.549,24.082,72.469
2025-04-01 00:50:22,25.813,72.142,83.085,24.165,75.084
2025-04-01 00:50:23,25.403,71.18,84.378,24.839,74.553
2025-04-01 00:50:24,25.589,72.101,83.685,24.203,75.326
2025-04-01 00:50:25,25.6,71.268,82.247,25.041,73.327
2025-04-01 00:50:26,25.187,71.233,83.41,24.542,74.243
2025-04-01 00:50:27,25.609,70.76,81.609,24.983,75.624
2025-04-01 00:50:28,25.64,72.098,83.117,23.507,75.482
2025-04-01 00:50:29,25.763,72.421,82.282,24.251,73.895
2025-04-01 00:50:30,25.648,70.527,83.24,23.986,75.154
2025-04-01 00:50:31,25.839,72.894,82.066,23.276,74.137
2025-04-01 00:50:32,25.752,69.551,82.643,23.744,74.574
2025-04-01 00:50:33,26.095,71.196,82.945,24.344,75.891
2025-04-01 00:50:34,26.21,71.715,83.307,23.792,74.425
2025-04-01 00:50:35,25.983,71.304,83.023,23.423,77.41
2025-04-01 00:50:36,25.683,70.855,83.358,23.768,75.702
2025-04-01 00:50:37,25.666,70.345,83.87,24.363,77.168
2025-04-01 00:50:38,26.338,70.075,84.38,24.099,73.812
2025-04-01 00:50:39,25.752,71.378,84.526,23.546,76.723
2025-04-01 00:50:40,25.598,71.022,85.847,23.471,77.216
2025-04-01 00:50:41,25.886,70.735,84.464,23.577,76.18
2025-04-01 00:50:42,25.847,70.682,84.452,23.921,77.968
2025-04-01 00:50:43,25.856,67.827,84.867,24.128,76.661
2025-04-01 00:50:44,25.969,70.25,85.965,24.022,75.304
2025-04-01 00:50:45,26.076,69.353,86.059,24.15,77.149
2025-04-01 00:50:46,25.888,70.394,85.405,22.574,75.37
2025-04-01 00:50:47,26.479,69.881,86.273,23.63,77.336
2025-04-01 00:50:48,26.043,70.275,87.706,22.73,77.191
2025-04-01 00:50:49,26.081,70.663,88.189,23.344,77.675
2025-04-01 00:50:50,26.278,68.378,87.706,22.682,79.057
2025-04-01 00:50:51,26.473,68.727,87.397,22.577,76.317
2025-04-01 00:50:52,26.273,69.394,87.768,22.693,77.467
2025-04-01 00:50:53,25.755,69.252,88.347,23.031,78.397
2025-04-01 00:50:54,25.792,69.585,86.597,22.987,78.061
2025-04-01 00:50:55,25.893,67.725,87.185,21.923,78.98
2025-04-01 00:50:56,25.445,67.618,86.216,21.712,78.621
2025-04-01 00:50:57,25.953,70.179,86.958,21.631,80.175
2025-04-01 00:50:58,25.843,68.688,86.584,22.713,80.585
2025-04-01 00:50:59,25.228,69.346,86.829,23.501,79.676
2025-04-01 00:51:00,26.242,67.807,88.313,21.781,81.088
2025-04-01 00:51:01,25.914,69.133,87.28,22.002,78.975
2025-04-01 00:51:02,25.799,68.228,87.238,22.64,80.176
2025-04-01 00:51:03,25.593,69.099,87.452,22.456,79.851
2025-04-01 00:51:04,25.302,68.515,88.555,22.162,80.237
2025-04-01 00:51:05,25.644,67.904,88.185,22.263,80.213
2025-04-01 00:51:06,26.284,67.182,87.986,21.939,80.036
2025-04-01 00:51:07,25.651,67.983,88.201,23.291,81.415
2025-04-01 00:51:08,25.507,68.014,86.577,21.535,80.01
2025-04-01 00:51:09,25.708,69.437,85.436,22.791,81.535
2025-04-01 00:51:10,25.532,66.351,85.718,22.747,81.083
2025-04-01 00:51:11,25.514,66.816,85.765,22.482,81.261
2025-04-01 00:51:12,26.125,66.556,84.731,22.283,81.519
2025-04-01 00:51:13,25.221,67.908,85.666,22.674,82.631
2025-04-01 00:51:14,25.029,66.812,84.747,21.816,81.992
2025-04-01 00:51:15,25.899,66.343,85.336,22.44,83.017
2025-04-01 00:51:16,25.973,66.607,85.272,22.283,81.23
2025-04-01 00:51:17,25.666,66.593,84.483,21.868,82.783
2025-04-01 00:51:18,24.919,67.945,84.953,22.117,83.032
2025-04-01 00:51:19,25.525,66.598,83.289,21.416,83.387
2025-04-01 00:51:20,25.446,66.971,83.652,21.986,83.6
2025-04-01 00:51:21,24.856,66.4,82.862,21.652,83.742
2025-04-01 00:51:22,25.115,65.576,83.523,22.432,83.8
2025-04-01 00:51:23,24.694,66.27,83.687,21.516,82.602
2025-04-01 00:51:24,25.479,66.397,83.906,21.54,83.314
2025-04-01 00:51:25,25.366,66.067,83.842,22.421,83.694
2025-04-01 00:51:26,25.546,66.316,81.836,21.433,83.012
2025-04-01 00:51:27,25.197,65.759,80.893,22.621,83.806
2025-04-01 00:51:28,25.107,65.728,81.341,22.427,83.843
2025-04-01 00:51:29,25.046,64.927,81.069,21.33,85.895
2025-04-01 00:51:30,25.085,64.965,80.852,22.796,85.747
2025-04-01 00:51:31,24.49,65.484,79.831,21.997,83.337
2025-04-01 00:51:32,24.447,65.326,80.402,22.825,84.64
2025-04-01 00:51:33,24.122,65.924,79.835,21.332,85.138
2025-04-01 00:51:34,24.636,64.8,80.07,23.182,85.393
2025-04-01 00:51:35,24.75,65.919,80.482,21.612,84.266
2025-04-01 00:51:36,24.655,65.453,78.326,21.967,84.15
2025-04-01 00:51:37,24.989,64.944,78.913,21.224,85.621
2025-04-01 00:51:38,24.752,64.042,78.892,22.68,85.018
2025-04-01 00:51:39,24.59,63.895,78.973,22.086,84.156
2025-04-01 00:51:40,24.414,64.739,79.115,22.666,85.418
2025-04-01 00:51:41,24.766,64.972,79.41,22.802,85.101
2025-04-01 00:51:42,24.257,64.703,79.678,22.394,84.237
2025-04-01 00:51:43,24.234,64.608,80.087,22.299,85.565
2025-04-01 00:51:44,24.587,64.763,81.03,22.491,84.786
2025-04-01 00:51:45,24.759,64.569,79.734,22.354,86.458
2025-04-01 00:51:46,24.771,65.047,79.714,23.198,83.312
2025-04-01 00:51:47,24.147,64.487,80.398,22.796,85.013
2025-04-01 00:51:48,24.07,62.324,80.272,22.578,84.069
2025-04-01 00:51:49,24.938,63.633,80.261,22.765,83.934
2025-04-01 00:51:50,23.996,63.83,80.494,22.812,85.312
2025-04-01 00:51:51,24.211,64.803,81.61,22.265,86.599
2025-04-01 00:51:52,24.235,63.765,81.215,22.618,84.775
2025-04-01 00:51:53,24.316,64.825,83.146,23.563,85.168
2025-04-01 00:51:54,23.886,63.764,81.817,23.855,84.232
2025-04-01 00:51:55,23.928,64.604,83.134,23.609,84.218
2025-04-01 00:51:56,24.372,65.533,84.031,24.203,85.103
2025-04-01 00:51:57,23.991,64.425,83.54,22.901,85.188
2025-04-01 00:51:58,23.266,64.149,81.932,23.483,84.45
2025-04-01 00:51:59,23.427,63.656,82.634,23.3,85.032
2025-04-01 00:52:00,23.861,64.648,82.262,23.019,84.939
2025-04-01 00:52:01,23.743,64.644,82.39,23.56,84.722
2025-04-01 00:52:02,23.364,63.98,82.643,24.306,84.594
2025-04-01 00:52:03,23.456,63.479,81.314,22.546,83.965
2025-04-01 00:52:04,23.356,65.13,82.385,23.204,83.409
2025-04-01 00:52:05,23.769,65.503,84.01,23.105,83.431
2025-04-01 00:52:06,23.361,63.938,83.403,24.636,82.679
2025-04-01 00:52:07,23.257,64.241,83.486,24.1,82.253
2025-04-01 00:52:08,23.212,63.021,83.376,23.251,81.847
2025-04-01 00:52:09,22.182,63.52,85.065,23.972,85.09
2025-04-01 00:52:10,23.394,64.756,84.089,23.533,81.166
2025-04-01 00:52:11,23.578,64.226,85.525,24.566,82.338
2025-04-01 00:52:12,23.428,64.017,85.087,23.394,83.624
2025-04-01 00:52:13,23.344,64.089,84.966,23.685,81.968
2025-04-01 00:52:14,23.188,64.016,85.417,24.121,84.015
2025-04-01 00:52:15,22.923,65.355,85.146,23.614,80.556
2025-04-01 00:52:16,23.295,64.946,85.142,24.483,83.953
2025-04-01 00:52:17,22.749,64.137,84.457,23.247,82.389
2025-04-01 00:52:18,23.473,63.04,85.184,25.468,82.662
2025-04-01 00:52:19,23.232,64.695,86.017,23.759,81.271
2025-04-01 00:52:20,23.123,63.617,84.66,24.356,81.024
2025-04-01 00:52:21,22.951,64.67,85.142,24.759,80.013
2025-04-01 00:52:22,23.153,63.316,84.352,24.042,80.833
2025-04-01 00:52:23,22.403,65.181,83.55,24.302,80.346
2025-04-01 00:52:24,23.42,64.877,82.868,23.708,80.705
2025-04-01 00:52:25,22.522,65.448,83.112,23.942,79.317
2025-04-01 00:52:26,23.243,64.664,83.03,23.935,81.827
2025-04-01 00:52:27,23.179,64.861,82.546,24.431,80.539
2025-04-01 00:52:28,23.388,64.503,82.291,24.277,79.41
2025-04-01 00:52:29,22.886,66.505,83.105,24.357,79.784
2025-04-01 00:52:30,23.209,64.499,82.984,24.46,80.087
2025-04-01 00:52:31,22.561,64.505,82.707,25.417,79.708
2025-04-01 00:52:32,22.708,64.785,82.08,24.107,80.485
2025-04-01 00:52:33,23.326,64.591,81.546,23.849,81.1
2025-04-01 00:52:34,23.02,63.581,81.057,24.088,78.035
2025-04-01 00:52:35,22.6,64.197,80.513,24.401,80.082
2025-04-01 00:52:36,23.309,64.859,80.934,24.256,78.567
2025-04-01 00:52:37,22.664,65.167,79.748,24.009,78.009
2025-04-01 00:52:38,23.624,65.398,80.235,23.452,79.503
2025-04-01 00:52:39,22.812,63.365,80.424,23.687,79.644
2025-04-01 00:52:40,23.385,65.772,81.029,24.684,77.798
2025-04-01 00:52:41,23.046,66.538,80.523,23.412,80.906
2025-04-01 00:52:42,22.612,66.691,79.889,23.643,78.284
2025-04-01 00:52:43,23.15,65.222,79.669,23.83,77.158
2025-04-01 00:52:44,23.048,65.841,79.702,24.127,78.042
2025-04-01 00:52:45,23.126,64.564,79.618,22.678,77.095
2025-04-01 00:52:46,23.748,66.135,79.31,23.831,78.299
2025-04-01 00:52:47,23.364,65.388,78.344,24.463,76.237
2025-04-01 00:52:48,23.525,66.808,76.974,23.943,74.571
2025-04-01 00:52:49,23.042,66.1,77.545,22.885,75.861
2025-04-01 00:52:50,23.433,66.46,76.943,24.349,78.114
2025-04-01 00:52:51,23.326,66.378,76.23,22.718,76.206
2025-04-01 00:52:52,23.7,66.626,77.6,23.298,74.799
2025-04-01 00:52:53,23.829,66.517,77.215,24.755,75.898
2025-04-01 00:52:54,23.66,65.543,78.311,23.721,75.806
2025-04-01 00:52:55,22.885,64.872,78.113,23.672,75.562
2025-04-01 00:52:56,23.227,66.885,78.193,23.903,75.27
2025-04-01 00:52:57,22.858,67.624,77.8,23.464,76.23
2025-04-01 00:52:58,23.358,67.247,78.017,22.527,74.92
2025-04-01 00:52:59,23.316,67.057,77.909,22.918,74.923
2025-04-01 00:53:00,23.69,65.541,77.396,22.494,74.481
2025-04-01 00:53:01,23.752,67.564,77.516,22.695,74.958
2025-04-01 00:53:02,23.742,66.659,77.225,23.938,74.851
2025-04-01 00:53:03,24.16,68.082,77.377,22.613,74.22
2025-04-01 00:53:04,23.66,68.102,76.802,22.663,75.534
2025-04-01 00:53:05,24.143,67.82,76.066,23.18,74.371
2025-04-01 00:53:06,24.063,68.774,76.001,22.506,75.076
2025-04-01 00:53:07,24.168,67.854,76.063,22.518,74.859
2025-04-01 00:53:08,24.731,67.749,76.695,22.574,75.765
2025-04-01 00:53:09,24.386,69.324,75.865,22.403,73.905
2025-04-01 00:53:10,24.791,68.989,75.849,22.781,74.637
2025-04-01 00:53:11,23.884,67.93,75.005,22.034,75.357
2025-04-01 00:53:12,24.202,69.114,75.933,21.21,73.822
2025-04-01 00:53:13,24.638,69.125,76.495,21.765,74.267
2025-04-01 00:53:14,24.324,69.889,74.994,21.894,73.877
2025-04-01 00:53:15,24.481,67.552,73.828,21.544,75.313
2025-04-01 00:53:16,24.169,68.81,73.997,21.924,74.733
2025-04-01 00:53:17,24.56,68.931,74.884,21.518,73.613
2025-04-01 00:53:18,25.08,69.053,75.649,20.784,74.626
2025-04-01 00:53:19,24.607,71.661,73.628,21.363,74.838
2025-04-01 00:53:20,24.717,68.712,74.023,21.503,74.197
2025-04-01 00:53:21,23.417,68.983,74.665,21.267,73.63
2025-04-01 00:53:22,25.111,68.982,74.625,21.056,75.635
2025-04-01 00:53:23,25.389,69.9,75.231,21.037,72.878
2025-04-01 00:53:24,25.192,70.955,76.1,21.604,74.705
2025-04-01 00:53:25,24.714,68.684,74.413,21.159,74.294
2025-04-01 00:53:26,25.517,70.728,75.869,20.14,74.988
2025-04-01 00:53:27,24.829,70.864,77.17,20.521,77.432
2025-04-01 00:53:28,24.96,69.369,77.285,20.775,75.554
2025-04-01 00:53:29,24.824,69.771,76.391,21.189,75.868
2025-04-01 00:53:30,25.058,69.372,77.215,20.887,76.096
2025-04-01 00:53:31,25.296,69.993,78.198,21.761,73.278
2025-04-01 00:53:32,25.453,69.074,78.347,20.843,76.148
2025-04-01 00:53:33,25.435,70.468,76.953,20.687,76.74
2025-04-01 00:53:34,26.013,70.841,77.916,21.329,74.903
2025-04-01 00:53:35,24.927,70.225,77.367,20.472,75.287
2025-04-01 00:53:36,24.941,71.639,76.546,20.689,76.163
2025-04-01 00:53:37,25.358,72.008,75.764,21.765,75.223
2025-04-01 00:53:38,25.149,69.633,75.531,21.201,75.243
2025-04-01 00:53:39,25.19,71.491,75.303,20.652,75.689
2025-04-01 00:53:40,24.956,71.511,75.263,21.177,75.293
2025-04-01 00:53:41,25.233,70.94,75.086,21.503,77.581
2025-04-01 00:53:42,25.517,70.379,75.573,20.684,76.917
2025-04-01 00:53:43,25.676,71.656,74.069,20.105,75.59
2025-04-01 00:53:44,25.597,71.501,73.403,19.722,75.706
2025-04-01 00:53:45,26.009,70.378,73.893,19.443,76.338
2025-04-01 00:53:46,25.927,71.2,74.123,21.109,77.075
2025-04-01 00:53:47,25.834,71.87,73.923,20.661,76.695
2025-04-01 00:53:48,25.658,71.466,73.373,20.834,78.07
2025-04-01 00:53:49,25.994,71.343,72.505,20.726,77.827
2025-04-01 00:53:50,26.246,72.249,72.342,20.805,77.754
2025-04-01 00:53:51,25.961,71.831,72.172,19.482,76.896
2025-04-01 00:53:52,26.072,70.369,73.134,20.96,78.248
2025-04-01 00:53:53,26.043,71.612,73.692,19.506,78.613
2025-04-01 00:53:54,25.979,72.195,73.553,20.609,80.039
2025-04-01 00:53:55,26.307,71.565,72.869,20.128,77.818
2025-04-01 00:53:56,26.059,69.987,73.171,21.806,78.673
2025-04-01 00:53:57,25.847,72.269,73.331,20.846,80.391
2025-04-01 00:53:58,25.419,71.644,73.695,20.562,79.511
2025-04-01 00:53:59,26.011,72.074,73.586,20.337,79.301
2025-04-01 00:54:00,26.511,71.608,72.901,19.343,81.023
2025-04-01 00:54:01,25.481,74.204,74.124,21.228,80.025
2025-04-01 00:54:02,25.74,70.992,73.532,20.506,79.609
2025-04-01 00:54:03,26.305,71.976,74.542,20.357,81.929
2025-04-01 00:54:04,25.905,72.087,74.966,21.014,78.445
2025-04-01 00:54:05,25.695,72.517,75.468,21.524,81.3
2025-04-01 00:54:06,26.63,73.299,75.255,20.826,80.93
2025-04-01 00:54:07,26.09,71.954,75.371,20.61,81.216
2025-04-01 00:54:08,26.351,71.257,75.227,21.294,82.556
2025-04-01 00:54:09,25.667,72.688,75.844,20.851,82.328
2025-04-01 00:54:10,25.752,71.265,75.565,20.458,81.095
2025-04-01 00:54:11,26.572,72.665,75.519,21.309,82.789
2025-04-01 00:54:12,26.173,72.565,75.256,20.775,82.577
2025-04-01 00:54:13,26.098,71.357,75.221,21.766,82.15
2025-04-01 00:54:14,25.335,71.119,75.452,20.889,83.252
2025-04-01 00:54:15,26.543,72.631,75.245,22.02,82.142
2025-04-01 00:54:16,26.506,72.133,75.512,21.291,83.499
2025-04-01 00:54:17,26.271,71.638,74.189,20.574,84.585
2025-04-01 00:54:18,25.758,71.994,74.219,21.48,84.111
2025-04-01 00:54:19,26.19,71.025,75.892,21.234,82.59
2025-04-01 00:54:20,26.038,71.148,74.959,21.537,82.594
2025-04-01 00:54:21,25.673,71.866,74.975,20.835,82.644
2025-04-01 00:54:22,26.047,71.646,75.569,22.664,85.712
2025-04-01 00:54:23,25.507,72.384,75.391,21.336,84.309
2025-04-01 00:54:24,26.389,72.312,76.159,20.532,83.423
2025-04-01 00:54:25,26.21,70.126,76.127,21.793,84.84
2025-04-01 00:54:26,26.1,72.145,76.591,21.736,84.13
2025-04-01 00:54:27,25.552,71.515,76.258,22.141,84.328
2025-04-01 00:54:28,25.918,70.564,76.906,22.264,86.15
2025-04-01 00:54:29,25.639,73.452,76.628,21.936,83.549
2025-04-01 00:54:30,25.964,72.107,76.537,22.194,85.251
2025-04-01 00:54:31,25.807,71.213,75.919,22.264,85.049
2025-04-01 00:54:32,25.658,71.202,75.449,22.014,83.974
2025-04-01 00:54:33,25.999,73.167,75.832,22.601,84.257
2025-04-01 00:54:34,25.616,73.248,76.966,22.093,84.584
2025-04-01 00:54:35,26.024,71.02,76.078,22.862,84.705
2025-04-01 00:54:36,25.539,71.77,76.585,22.092,84.955
2025-04-01 00:54:37,25.445,70.378,77.367,22.491,84.257
2025-04-01 00:54:38,25.957,70.323,77.719,22.314,83.096
2025-04-01 00:54:39,25.641,72.357,76.601,21.972,85.511
2025-04-01 00:54:40,25.948,71.248,77.785,21.749,85.191
2025-04-01 00:54:41,25.163,72.184,77.187,22.311,85.714
2025-04-01 00:54:42,24.703,72.345,77.296,22.762,86.122
2025-04-01 00:54:43,25.511,70.506,77.275,21.39,84.744
2025-04-01 00:54:44,25.411,70.993,77.465,22.606,84.024
2025-04-01 00:54:45,24.827,69.468,77.727,23.26,85.147
2025-04-01 00:54:46,25.487,70.819,79.733,22.476,85.944
2025-04-01 00:54:47,25.399,70.391,78.432,22.552,83.61
2025-04-01 00:54:48,25.541,68.82,79.385,23.795,85.271
2025-04-01 00:54:49,24.997,70.295,79.574,23.44,85.829
2025-04-01 00:54:50,25.223,69.93,79.738,22.805,84.208
2025-04-01 00:54:51,24.714,68.6,78.385,22.757,84.064
2025-04-01 00:54:52,25.358,70.982,79.109,22.834,84.649
2025-04-01 00:54:53,24.923,70.36,79.735,22.606,86.249
2025-04-01 00:54:54,25.165,69.456,79.577,22.942,85.868
2025-04-01 00:54:55,24.982,69.397,79.63,23.175,84.888
2025-04-01 00:54:56,24.898,70.0,80.396,23.222,83.775
2025-04-01 00:54:57,25.133,69.215,80.782,22.889,85.427
2025-04-01 00:54:58,24.388,69.373,81.284,22.523,85.074
2025-04-01 00:54:59,24.932,69.385,81.847,22.438,84.147
2025-04-01 00:55:00,24.944,70.414,82.261,22.698,83.736
2025-04-01 00:55:01,24.712,68.309,83.126,23.604,83.318
2025-04-01 00:55:02,24.29,68.535,82.21,22.0,83.326
2025-04-01 00:55:03,24.638,68.957,82.272,23.941,83.575
2025-04-01 00:55:04,24.505,69.036,82.055,22.705,85.207
2025-04-01 00:55:05,23.739,68.811,80.651,22.319,82.581
2025-04-01 00:55:06,24.159,68.839,81.201,22.688,83.863
2025-04-01 00:55:07,23.985,68.359,81.155,22.589,83.352
2025-04-01 00:55:08,24.574,68.638,80.745,22.685,83.001
2025-04-01 00:55:09,23.982,69.217,79.164,22.436,84.146
2025-04-01 00:55:10,24.404,67.259,78.603,22.932,82.404
2025-04-01 00:55:11,24.305,67.923,78.707,22.382,82.316
2025-04-01 00:55:12,24.112,68.502,78.442,23.014,82.641
2025-04-01 00:55:13,23.94,67.369,78.407,22.864,82.207
2025-04-01 00:55:14,24.38,67.212,78.516,22.287,84.444
2025-04-01 00:55:15,23.969,67.704,78.514,22.191,82.459
2025-04-01 00:55:16,24.31,68.019,77.605,22.244,83.612
2025-04-01 00:55:17,23.954,68.071,78.958,22.347,81.592
2025-04-01 00:55:18,23.795,68.337,78.954,22.817,82.444
2025-04-01 00:55:19,23.558,67.752,78.863,22.27,82.443
2025-04-01 00:55:20,24.31,66.51,77.741,22.641,82.062
2025-04-01 00:55:21,23.869,66.764,77.984,21.102,81.822
2025-04-01 00:55:22,23.282,67.534,77.861,21.944,82.074
2025-04-01 00:55:23,24.016,67.251,77.558,21.812,81.313
2025-04-01 00:55:24,23.634,66.374,77.677,21.117,80.944
2025-04-01 00:55:25,23.497,66.806,77.496,21.63,80.165
2025-04-01 00:55:26,23.671,66.375,77.185,21.564,80.908
2025-04-01 00:55:27,23.43,65.608,76.86,22.034,82.214
2025-04-01 00:55:28,23.215,65.552,77.271,22.213,78.906
2025-04-01 00:55:29,23.52,66.239,76.272,22.061,80.14
2025-04-01 00:55:30,23.703,66.004,75.001,22.775,80.491
2025-04-01 00:55:31,23.21,67.111,74.581,21.197,80.71
2025-04-01 00:55:32,23.291,66.777,74.95,21.433,78.788
2025-04-01 00:55:33,23.426,66.693,74.178,21.166,79.881
2025-04-01 00:55:34,23.714,65.955,73.375,21.839,77.959
2025-04-01 00:55:35,23.447,67.764,72.269,21.697,78.703
2025-04-01 00:55:36,23.648,65.413,73.103,21.854,78.241
2025-04-01 00:55:37,23.224,66.022,73.539,21.802,77.845
2025-04-01 00:55:38,23.321,63.585,72.833,21.3,79.45
2025-04-01 00:55:39,23.242,66.325,72.098,21.633,77.837
2025-04-01 00:55:40,23.038,66.003,73.071,21.732,77.14
2025-04-01 00:55:41,23.276,65.855,73.533,21.474,79.367
2025-04-01 00:55:42,23.124,65.995,73.187,21.201,78.762
2025-04-01 00:55:43,23.327,65.142,73.262,20.03,76.603
2025-04-01 00:55:44,23.308,64.89,72.645,20.471,77.364
2025-04-01 00:55:45,23.695,64.634,73.506,21.08,77.551
2025-04-01 00:55:46,22.919,64.707,72.718,20.774,78.385
2025-04-01 00:55:47,23.167,64.105,74.61,20.269,76.98
2025-04-01 00:55:48,22.639,63.927,74.483,20.281,76.67
2025-04-01 00:55:49,23.011,65.167,75.222,19.672,77.266
2025-04-01 00:55:50,23.083,65.486,74.355,20.434,77.221
2025-04-01 00:55:51,22.961,65.027,75.486,19.746,75.558
2025-04-01 00:55:52,23.362,65.803,77.077,19.995,75.998
2025-04-01 00:55:53,23.418,65.053,75.336,18.563,75.82
2025-04-01 00:55:54,23.419,64.295,77.077,19.798,76.824
2025-04-01 00:55:55,23.568,64.586,77.091,20.748,76.988
2025-04-01 00:55:56,23.011,63.23,77.784,19.719,76.399
2025-04-01 00:55:57,23.027,64.9,77.161,20.132,77.302
2025-04-01 00:55:58,23.342,64.341,76.529,19.325,75.162
2025-04-01 00:55:59,23.598,64.753,77.046,19.389,75.193
2025-04-01 00:56:00,23.003,65.047,77.272,19.191,75.804
2025-04-01 00:56:01,24.05,65.094,77.953,20.622,77.413
2025-04-01 00:56:02,22.861,63.962,78.653,19.037,76.206
2025-04-01 00:56:03,23.414,63.032,79.799,18.969,74.034
2025-04-01 00:56:04,23.581,63.729,80.737,19.228,74.864
2025-04-01 00:56:05,23.259,62.729,81.216,19.179,75.453
2025-04-01 00:56:06,23.718,64.111,80.827,20.284,75.82
2025-04-01 00:56:07,23.631,64.644,81.645,19.851,76.202
2025-04-01 00:56:08,23.739,63.769,82.763,19.46,73.759
2025-04-01 00:56:09,23.522,63.376,81.946,19.157,74.504
2025-04-01 00:56:10,23.46,64.316,83.284,19.075,74.968
2025-04-01 00:56:11,23.582,64.668,84.149,19.834,72.648
2025-04-01 00:56:12,23.638,65.176,84.111,19.46,74.445
2025-04-01 00:56:13,23.475,61.707,84.822,19.477,75.664
2025-04-01 00:56:14,23.374,63.748,84.042,19.679,73.997
2025-04-01 00:56:15,23.851,63.756,85.1,18.898,74.577
2025-04-01 00:56:16,24.152,63.937,85.515,19.003,73.883
2025-04-01 00:56:17,23.573,64.614,85.14,19.085,73.43
2025-04-01 00:56:18,24.136,64.036,84.478,18.845,74.438
2025-04-01 00:56:19,23.79,64.299,84.857,19.847,74.972
2025-04-01 00:56:20,24.121,63.406,85.839,18.675,75.647
2025-04-01 00:56:21,23.423,63.29,85.767,19.315,74.878
2025-04-01 00:56:22,24.113,63.932,85.281,19.227,75.256
2025-04-01 00:56:23,24.052,63.964,84.876,19.123,74.884
2025-04-01 00:56:24,24.303,63.776,84.968,19.023,75.212
2025-04-01 00:56:25,23.454,63.37,84.362,19.705,74.936
2025-04-01 00:56:26,23.766,62.07,84.797,18.929,74.257
2025-04-01 00:56:27,24.175,63.38,84.419,19.659,75.508
2025-04-01 00:56:28,24.53,64.186,84.124,18.63,77.548
2025-04-01 00:56:29,23.98,62.683,84.873,19.349,75.434
2025-04-01 00:56:30,23.986,64.442,84.379,19.386,76.258
2025-04-01 00:56:31,24.296,64.64,84.343,19.511,75.842
2025-04-01 00:56:32,24.009,65.52,83.567,19.8,75.908
2025-04-01 00:56:33,23.908,63.111,84.706,20.507,77.663
2025-04-01 00:56:34,24.389,64.142,84.428,19.711,77.631
2025-04-01 00:56:35,24.579,65.146,85.048,19.641,76.012
2025-04-01 00:56:36,24.781,63.095,85.823,19.665,76.234
2025-04-01 00:56:37,24.751,64.183,86.012,19.625,76.936
2025-04-01 00:56:38,25.08,62.644,86.613,20.138,78.89
2025-04-01 00:56:39,24.671,64.129,87.43,19.59,76.458
2025-04-01 00:56:40,24.393,63.754,87.351,20.704,76.101
2025-04-01 00:56:41,24.368,63.367,86.677,19.684,76.0
2025-04-01 00:56:42,24.194,64.225,87.367,21.064,77.32
2025-04-01 00:56:43,25.108,66.185,87.836,19.463,77.484
2025-04-01 00:56:44,24.871,66.657,87.45,20.294,77.623
2025-04-01 00:56:45,24.352,65.245,86.022,19.43,78.755
2025-04-01 00:56:46,25.135,65.718,86.938,20.355,80.177
2025-04-01 00:56:47,25.179,65.946,87.238,20.391,77.852
2025-04-01 00:56:48,24.836,65.398,86.865,19.593,79.703
2025-04-01 00:56:49,25.579,66.094,86.814,19.934,78.469
2025-04-01 00:56:50,25.048,65.214,86.924,19.905,77.731
2025-04-01 00:56:51,25.509,65.129,86.766,20.134,78.143
2025-04-01 00:56:52,25.249,66.925,84.489,20.158,77.314
2025-04-01 00:56:53,25.551,65.711,84.873,21.26,79.084
2025-04-01 00:56:54,25.505,65.479,84.947,21.184,79.92
2025-04-01 00:56:55,25.247,66.921,84.072,20.225,78.051
2025-04-01 00:56:56,25.233,65.792,83.531,20.248,78.083
2025-04-01 00:56:57,25.98,66.14,82.412,21.557,79.925
2025-04-01 00:56:58,25.198,67.272,83.007,20.609,79.041
2025-04-01 00:56:59,25.472,65.505,82.878,20.77,79.924
2025-04-01 00:57:00,25.41,66.686,83.56,20.417,78.85
2025-04-01 00:57:01,25.544,66.46,84.463,21.343,80.07
2025-04-01 00:57:02,25.605,65.009,85.062,21.115,78.18
2025-04-01 00:57:03,25.736,66.121,85.363,20.964,79.035
2025-04-01 00:57:04,26.252,67.423,84.726,21.534,80.991
2025-04-01 00:57:05,26.087,67.514,83.944,21.403,81.997
2025-04-01 00:57:06,25.486,65.855,84.953,21.21,80.618
2025-04-01 00:57:07,26.261,67.878,84.728,21.7,82.518
2025-04-01 00:57:08,26.449,68.636,84.972,21.57,81.947
2025-04-01 00:57:09,25.738,66.434,85.783,20.693,81.718
2025-04-01 00:57:10,26.202,68.841,85.706,21.675,83.578
2025-04-01 00:57:11,26.133,67.661,84.75,21.004,82.655
2025-04-01 00:57:12,25.792,68.502,84.518,21.555,82.607
2025-04-01 00:57:13,26.171,65.966,84.713,21.419,82.529
2025-04-01 00:57:14,26.014,66.278,84.716,21.137,81.279
2025-04-01 00:57:15,26.046,68.267,85.176,22.475,82.06
2025-04-01 00:57:16,26.404,68.385,85.205,21.7,81.633
2025-04-01 00:57:17,25.564,67.063,85.552,20.958,83.927
2025-04-01 00:57:18,26.408,67.529,85.539,21.7,82.059
2025-04-01 00:57:19,25.824,67.87,86.257,21.452,82.712
2025-04-01 00:57:20,26.367,66.673,86.727,21.471,82.853
2025-04-01 00:57:21,25.597,68.661,86.171,21.778,84.171
2025-04-01 00:57:22,26.283,67.239,87.658,22.242,83.279
2025-04-01 00:57:23,26.268,67.838,87.175,21.85,82.825
2025-04-01 00:57:24,26.048,69.678,87.079,21.553,82.684
2025-04-01 00:57:25,26.06,68.107,86.704,21.875,83.197
2025-04-01 00:57:26,26.34,69.12,86.379,22.169,83.938
2025-04-01 00:57:27,26.141,70.292,86.229,21.234,84.297
2025-04-01 00:57:28,26.753,68.716,87.772,22.27,82.534
2025-04-01 00:57:29,26.048,69.713,86.696,21.001,85.116
2025-04-01 00:57:30,26.142,70.461,86.618,21.782,84.488
2025-04-01 00:57:31,26.093,69.73,86.785,22.248,83.033
2025-04-01 00:57:32,26.181,70.302,85.578,21.301,86.184
2025-04-01 00:57:33,26.518,68.407,86.824,22.097,84.532
2025-04-01 00:57:34,26.666,69.645,86.827,21.967,82.058
2025-04-01 00:57:35,26.267,68.252,86.576,21.666,85.197
2025-04-01 00:57:36,26.266,69.741,85.904,20.807,85.101
2025-04-01 00:57:37,26.594,69.954,86.384,21.037,84.557
2025-04-01 00:57:38,26.122,71.195,86.969,20.75,85.583
2025-04-01 00:57:39,26.28,70.467,86.956,21.217,84.449
2025-04-01 00:57:40,26.543,68.643,87.175,22.274,84.814
2025-04-01 00:57:41,26.084,70.029,86.059,21.497,84.075
2025-04-01 00:57:42,26.195,69.304,86.415,21.646,85.574
2025-04-01 00:57:43,26.231,69.375,85.104,20.319,84.263
2025-04-01 00:57:44,26.294,70.069,84.963,21.227,84.917
2025-04-01 00:57:45,26.52,71.078,84.854,22.216,86.264
2025-04-01 00:57:46,26.183,69.962,85.171,20.647,85.391
2025-04-01 00:57:47,25.988,70.187,85.801,21.546,82.98
2025-04-01 00:57:48,25.649,71.162,85.977,21.019,84.007
2025-04-01 00:57:49,26.309,71.076,85.008,21.268,85.842
2025-04-01 00:57:50,26.13,70.437,84.981,20.041,86.297
2025-04-01 00:57:51,25.954,71.766,84.894,20.393,85.596
2025-04-01 00:57:52,25.937,70.586,83.082,19.626,85.269
2025-04-01 00:57:53,26.252,70.803,83.922,21.068,86.803
2025-04-01 00:57:54,26.279,70.51,83.925,21.113,85.279
2025-04-01 00:57:55,26.014,71.803,82.463,19.686,84.256
2025-04-01 00:57:56,26.175,72.374,83.134,20.261,84.744
2025-04-01 00:57:57,25.439,70.632,81.481,20.772,85.624
2025-04-01 00:57:58,25.488,71.287,81.333,20.136,83.567
2025-04-01 00:57:59,25.992,71.254,81.72,20.507,85.417
2025-04-01 00:58:00,25.441,71.724,82.343,21.45,84.644
2025-04-01 00:58:01,24.963,70.948,81.592,19.794,84.138
2025-04-01 00:58:02,25.559,71.945,82.798,19.977,84.907
2025-04-01 00:58:03,25.391,72.174,83.26,20.425,85.081
2025-04-01 00:58:04,25.402,70.412,83.616,20.241,85.138
2025-04-01 00:58:05,26.234,71.063,84.156,20.055,84.486
2025-04-01 00:58:06,25.008,72.375,82.886,20.588,84.251
2025-04-01 00:58:07,25.375,70.538,82.515,20.529,84.927
2025-04-01 00:58:08,25.112,72.523,81.459,20.584,83.876
2025-04-01 00:58:09,25.503,70.726,82.562,19.19,81.523
2025-04-01 00:58:10,25.732,72.27,82.49,19.248,84.172
2025-04-01 00:58:11,25.375,70.736,81.915,19.753,84.034
2025-04-01 00:58:12,24.841,72.08,81.946,20.629,83.346
2025-04-01 00:58:13,24.956,69.776,81.273,19.033,83.164
2025-04-01 00:58:14,25.397,70.666,82.126,20.107,83.717
2025-04-01 00:58:15,25.432,71.69,81.554,18.672,81.896
2025-04-01 00:58:16,25.047,71.335,82.199,19.767,82.401
2025-04-01 00:58:17,25.432,72.361,81.928,19.478,81.504
2025-04-01 00:58:18,24.796,72.513,81.607,19.522,81.365
2025-04-01 00:58:19,24.935,71.146,81.454,18.477,82.935
2025-04-01 00:58:20,24.652,72.161,82.427,18.97,80.778
2025-04-01 00:58:21,24.612,71.857,82.877,19.136,81.533
2025-04-01 00:58:22,24.795,70.45,82.53,19.751,83.211
2025-04-01 00:58:23,24.849,70.431,82.124,18.949,82.357
2025-04-01 00:58:24,24.683,71.48,81.939,17.848,81.203
2025-04-01 00:58:25,24.913,72.502,83.29,18.278,80.887
2025-04-01 00:58:26,24.496,72.901,84.219,19.543,79.629
2025-04-01 00:58:27,24.351,73.696,83.182,19.001,81.316
2025-04-01 00:58:28,24.394,72.475,82.309,19.114,79.777
2025-04-01 00:58:29,23.887,72.665,81.87,18.436,80.739
2025-04-01 00:58:30,24.584,72.828,82.744,19.269,78.87
2025-04-01 00:58:31,24.286,72.567,82.832,19.469,80.597
2025-04-01 00:58:32,24.345,71.721,82.156,19.775,80.339
2025-04-01 00:58:33,24.517,72.213,82.349,18.522,79.025
2025-04-01 00:58:34,24.027,71.064,82.626,17.953,79.555
2025-04-01 00:58:35,24.747,70.805,82.807,18.889,79.286
2025-04-01 00:58:36,24.291,72.834,83.235,17.535,79.963
2025-04-01 00:58:37,24.347,71.863,83.204,16.983,79.731
2025-04-01 00:58:38,23.808,72.644,83.158,17.894,77.052
2025-04-01 00:58:39,24.007,72.057,83.569,18.722,77.433
2025-04-01 00:58:40,23.268,70.013,83.541,18.03,79.836
2025-04-01 00:58:41,23.708,71.883,84.028,18.071,77.492
2025-04-01 00:58:42,23.196,71.379,84.081,18.841,79.932
2025-04-01 00:58:43,24.205,70.78,84.731,18.063,78.049
2025-04-01 00:58:44,23.65,71.143,84.407,18.977,77.619
2025-04-01 00:58:45,23.813,71.009,85.322,18.237,77.801
2025-04-01 00:58:46,23.766,71.093,85.519,18.49,79.536
2025-04-01 00:58:47,23.805,69.489,86.091,17.536,76.722
2025-04-01 00:58:48,23.418,71.207,85.183,17.652,76.625
2025-04-01 00:58:49,23.892,68.982,85.311,18.481,77.549
2025-04-01 00:58:50,23.83,70.798,84.522,17.406,78.244
2025-04-01 00:58:51,24.042,71.402,85.359,18.194,76.795
2025-04-01 00:58:52,23.321,69.953,85.544,17.638,77.001
2025-04-01 00:58:53,23.839,71.487,86.723,18.591,77.669
2025-04-01 00:58:54,23.959,71.052,86.703,17.263,77.012
2025-04-01 00:58:55,23.375,69.335,86.111,18.857,77.736
2025-04-01 00:58:56,23.94,70.747,85.361,18.416,76.99
2025-04-01 00:58:57,22.839,68.832,86.183,17.495,76.516
2025-04-01 00:58:58,23.523,69.896,85.743,17.891,75.458
2025-04-01 00:58:59,23.228,70.633,87.008,18.125,76.304
2025-04-01 00:59:00,22.946,69.784,86.786,18.599,75.978
2025-04-01 00:59:01,23.344,68.85,86.774,18.66,75.747
2025-04-01 00:59:02,23.877,68.604,86.604,17.803,76.769
2025-04-01 00:59:03,23.554,70.115,85.737,17.204,76.915
2025-04-01 00:59:04,23.463,69.338,84.692,18.756,76.359
2025-04-01 00:59:05,23.073,70.276,84.528,17.6,74.589
2025-04-01 00:59:06,23.203,69.453,85.035,17.602,75.31
2025-04-01 00:59:07,23.187,69.276,85.193,18.283,75.958
2025-04-01 00:59:08,23.179,69.969,84.851,17.9,77.43
2025-04-01 00:59:09,23.314,69.398,84.554,18.43,74.638
2025-04-01 00:59:10,23.147,68.6,83.37,18.345,74.641
2025-04-01 00:59:11,23.384,69.184,83.665,19.336,75.895
2025-04-01 00:59:12,22.739,69.245,84.157,18.124,75.763
2025-04-01 00:59:13,23.382,67.42,83.388,19.045,76.242
2025-04-01 00:59:14,22.821,68.229,83.054,18.628,74.203
2025-04-01 00:59:15,23.677,67.214,82.992,19.333,76.451
2025-04-01 00:59:16,23.574,68.842,82.434,19.264,75.657
2025-04-01 00:59:17,22.825,68.671,81.043,18.986,74.535
2025-04-01 00:59:18,23.645,67.687,81.484,19.395,73.095
2025-04-01 00:59:19,23.716,68.019,81.031,17.796,74.891
2025-04-01 00:59:20,23.366,68.244,79.731,18.442,75.842
2025-04-01 00:59:21,23.318,68.299,79.725,18.085,74.709
2025-04-01 00:59:22,23.854,67.874,78.556,19.606,75.053
2025-04-01 00:59:23,23.67,65.98,78.866,19.094,74.683
2025-04-01 00:59:24,22.893,67.086,78.701,18.549,75.486
2025-04-01 00:59:25,23.973,67.824,77.657,19.102,75.51
2025-04-01 00:59:26,23.224,66.824,76.794,19.066,74.39
2025-04-01 00:59:27,24.226,67.906,76.682,19.987,76.576
2025-04-01 00:59:28,23.525,67.019,76.326,20.063,74.686
2025-04-01 00:59:29,23.903,66.832,76.484,20.124,76.196
2025-04-01 00:59:30,23.718,68.019,76.764,20.596,76.335
2025-04-01 00:59:31,23.832,66.156,77.331,19.34,76.762
2025-04-01 00:59:32,23.617,65.179,77.571,19.571,77.271
2025-04-01 00:59:33,23.565,66.579,78.051,19.888,76.642
2025-04-01 00:59:34,23.643,67.109,78.307,19.584,75.959
2025-04-01 00:59:35,24.044,66.733,78.762,19.361,77.3
2025-04-01 00:59:36,24.257,65.887,79.034,18.694,77.676
2025-04-01 00:59:37,23.346,65.576,79.209,19.417,76.255
2025-04-01 00:59:38,23.909,65.416,78.372,20.319,76.358
2025-04-01 00:59:39,23.979,66.531,78.43,20.301,77.008
2025-04-01 00:59:40,24.304,65.385,78.114,20.931,76.377
2025-04-01 00:59:41,23.683,65.746,79.479,19.245,79.47
2025-04-01 00:59:42,24.134,66.081,78.473,20.245,78.178
2025-04-01 00:59:43,24.124,66.03,79.836,20.442,77.325
2025-04-01 00:59:44,24.317,65.799,79.431,20.567,78.987
2025-04-01 00:59:45,24.361,65.701,78.881,20.456,78.395
2025-04-01 00:59:46,23.983,64.895,81.018,20.601,78.049
2025-04-01 00:59:47,24.934,66.083,80.882,20.688,79.342
2025-04-01 00:59:48,24.233,64.895,81.819,20.27,80.396
2025-04-01 00:59:49,24.555,65.863,82.224,20.225,78.418
2025-04-01 00:59:50,24.479,65.814,81.734,20.535,80.451
2025-04-01 00:59:51,24.253,65.031,83.496,20.637,79.58
2025-04-01 00:59:52,24.439,64.693,82.681,21.037,78.883
2025-04-01 00:59:53,24.747,65.789,82.574,20.485,78.209
2025-04-01 00:59:54,24.738,64.361,82.555,19.935,79.602
2025-04-01 00:59:55,25.424,64.842,83.119,19.966,79.081
2025-04-01 00:59:56,24.818,66.402,83.104,21.379,78.301
2025-04-01 00:59:57,24.758,64.823,82.692,20.486,80.362
2025-04-01 00:59:58,25.034,63.954,84.082,20.022,77.932
2025-04-01 00:59:59,24.295,64.426,84.685,20.075,80.406
2025-04-01 01:00:00,24.959,65.899,84.837,21.029,80.47
2025-04-01 01:00:01,24.374,63.671,84.426,20.278,80.343
2025-04-01 01:00:02,24.839,64.593,84.836,19.877,80.586
2025-04-01 01:00:03,24.873,64.881,84.676,20.456,81.481
2025-04-01 01:00:04,24.764,63.943,84.162,20.005,81.882
2025-04-01 01:00:05,25.059,63.771,83.885,20.073,81.078
2025-04-01 01:00:06,25.312,64.881,84.176,20.317,82.843
2025-04-01 01:00:07,24.945,64.173,83.926,20.247,80.855
2025-04-01 01:00:08,25.158,63.891,84.09,19.938,81.386
2025-04-01 01:00:09,25.274,64.636,84.615,20.488,83.695
2025-04-01 01:00:10,24.85,64.126,83.74,20.461,81.9
2025-04-01 01:00:11,25.841,64.303,83.537,21.306,82.022
2025-04-01 01:00:12,25.276,64.484,84.485,20.262,81.931
2025-04-01 01:00:13,25.483,63.272,83.306,20.239,83.204
2025-04-01 01:00:14,25.261,64.243,84.44,19.965,84.244
2025-04-01 01:00:15,25.234,64.508,84.992,19.927,82.207
2025-04-01 01:00:16,25.654,64.143,83.989,18.778,82.033
2025-04-01 01:00:17,25.761,64.847,84.434,20.305,82.998
2025-04-01 01:00:18,25.591,64.944,85.166,18.968,83.307
2025-04-01 01:00:19,25.399,63.977,84.922,19.569,81.538
2025-04-01 01:00:20,26.054,63.159,86.145,20.16,81.399
2025-04-01 01:00:21,25.837,65.438,85.18,19.096,82.991
2025-04-01 01:00:22,26.458,62.534,85.722,18.877,83.091
2025-04-01 01:00:23,25.447,63.249,85.718,19.985,84.425
2025-04-01 01:00:24,26.086,64.56,85.253,18.975,83.129
2025-04-01 01:00:25,25.87,64.2,84.362,19.084,84.536
2025-04-01 01:00:26,26.158,65.339,85.147,19.551,82.427
2025-04-01 01:00:27,26.005,63.412,85.118,19.459,85.483
2025-04-01 01:00:28,25.714,64.99,84.141,19.803,84.972
2025-04-01 01:00:29,26.088,64.885,85.631,19.198,84.816
2025-04-01 01:00:30,26.144,64.055,85.235,18.715,86.006
2025-04-01 01:00:31,26.587,64.303,85.252,18.827,84.495
2025-04-01 01:00:32,26.055,63.914,85.119,18.706,83.246
2025-04-01 01:00:33,26.031,64.111,85.541,19.535,85.556
2025-04-01 01:00:34,26.206,63.668,85.196,18.976,83.768
2025-04-01 01:00:35,25.823,63.667,85.708,18.467,84.248
2025-04-01 01:00:36,26.148,63.571,86.402,18.408,84.345
2025-04-01 01:00:37,26.225,63.659,85.289,18.687,85.792
2025-04-01 01:00:38,26.329,63.353,85.628,18.581,85.761
2025-04-01 01:00:39,26.054,64.558,84.584,18.512,84.622
2025-04-01 01:00:40,25.882,65.186,86.021,17.861,85.464
2025-04-01 01:00:41,26.434,64.048,84.871,18.517,84.152
2025-04-01 01:00:42,26.118,63.817,83.658,17.441,85.208
2025-04-01 01:00:43,25.775,63.336,83.038,17.168,85.035
2025-04-01 01:00:44,26.346,63.399,83.029,18.062,84.689
2025-04-01 01:00:45,26.197,66.2,83.297,17.828,85.012
2025-04-01 01:00:46,26.228,65.055,83.563,18.823,84.15
2025-04-01 01:00:47,26.703,64.854,82.88,17.702,84.977
2025-04-01 01:00:48,26.207,65.78,83.331,17.701,84.622
2025-04-01 01:00:49,26.639,64.245,82.013,18.215,83.687
2025-04-01 01:00:50,26.555,63.883,82.457,18.255,84.3
2025-04-01 01:00:51,26.355,64.504,82.047,16.986,86.007
2025-04-01 01:00:52,26.169,65.452,82.415,17.424,85.77
2025-04-01 01:00:53,26.838,62.992,81.814,17.687,84.955
2025-04-01 01:00:54,26.347,63.601,81.114,17.675,85.711
2025-04-01 01:00:55,26.537,66.059,82.836,17.918,83.953
2025-04-01 01:00:56,25.888,63.883,81.548,16.563,85.539
2025-04-01 01:00:57,26.302,64.608,82.568,17.969,85.539
2025-04-01 01:00:58,26.436,66.216,82.62,17.499,84.54
2025-04-01 01:00:59,26.004,65.012,83.069,17.43,85.775
2025-04-01 01:01:00,26.341,66.39,82.83,17.827,83.509
2025-04-01 01:01:01,26.006,65.644,83.104,17.192,84.301
2025-04-01 01:01:02,26.844,66.0,82.833,17.11,83.581
2025-04-01 01:01:03,26.273,65.369,82.2,17.541,84.772
2025-04-01 01:01:04,26.025,65.955,83.583,17.101,84.916
2025-04-01 01:01:05,25.985,64.961,83.178,17.021,83.25
2025-04-01 01:01:06,25.799,65.219,83.353,17.092,82.81
2025-04-01 01:01:07,25.872,66.825,83.339,18.592,83.652
2025-04-01 01:01:08,25.896,65.117,83.645,17.046,83.762
2025-04-01 01:01:09,26.101,64.635,84.281,16.35,83.371
2025-04-01 01:01:10,26.652,65.865,84.241,17.284,83.484
2025-04-01 01:01:11,26.131,66.038,84.916,16.665,82.807
2025-04-01 01:01:12,26.324,67.255,85.511,16.987,81.094
2025-04-01 01:01:13,25.911,66.074,85.235,15.778,82.489
2025-04-01 01:01:14,25.684,66.586,85.932,16.371,83.701
2025-04-01 01:01:15,25.88,65.853,85.218,16.505,82.423
2025-04-01 01:01:16,26.349,65.776,85.517,17.092,83.837
2025-04-01 01:01:17,26.052,66.5,87.064,16.393,82.27
2025-04-01 01:01:18,25.706,66.686,86.136,16.621,80.054
2025-04-01 01:01:19,25.942,66.7,85.025,16.35,82.314
2025-04-01 01:01:20,25.911,66.831,85.36,16.787,82.23
2025-04-01 01:01:21,26.069,67.342,85.843,16.742,82.957
2025-04-01 01:01:22,25.436,67.383,86.344,16.493,80.163
2025-04-01 01:01:23,26.087,67.945,86.581,16.582,82.098
2025-04-01 01:01:24,25.338,67.295,86.643,16.255,82.626
2025-04-01 01:01:25,25.77,68.129,87.086,16.545,81.898
2025-04-01 01:01:26,25.974,67.616,87.518,16.421,81.947
2025-04-01 01:01:27,25.532,68.041,87.118,16.318,80.866
2025-04-01 01:01:28,26.049,66.68,88.031,17.073,79.581
2025-04-01 01:01:29,25.825,68.66,87.417,17.59,80.565
2025-04-01 01:01:30,25.146,68.153,88.672,18.126,81.435
2025-04-01 01:01:31,24.837,68.59,86.599,18.03,81.186
2025-04-01 01:01:32,25.0,67.297,86.646,16.589,79.578
2025-04-01 01:01:33,24.9,68.11,87.39,17.042,79.681
2025-04-01 01:01:34,25.378,67.185,87.176,16.403,80.533
2025-04-01 01:01:35,25.203,69.678,87.264,17.464,79.12
2025-04-01 01:01:36,25.327,68.749,86.407,17.164,79.2
2025-04-01 01:01:37,24.914,68.135,86.553,17.332,78.843
2025-04-01 01:01:38,25.347,68.25,85.781,17.259,78.958
2025-04-01 01:01:39,25.63,68.418,86.519,17.667,77.491
2025-04-01 01:01:40,25.076,69.092,85.605,18.708,79.293
2025-04-01 01:01:41,24.43,68.727,86.569,16.934,81.51
2025-04-01 01:01:42,24.982,69.025,86.602,16.883,79.632
2025-04-01 01:01:43,25.102,69.381,86.484,16.536,77.645
2025-04-01 01:01:44,25.18,68.929,86.036,17.234,78.644
2025-04-01 01:01:45,24.589,68.265,85.207,16.658,75.799
2025-04-01 01:01:46,24.431,70.846,84.855,17.008,76.54
2025-04-01 01:01:47,24.634,69.378,85.22,18.074,78.791
2025-04-01 01:01:48,24.611,70.246,86.01,18.485,76.054
2025-04-01 01:01:49,24.934,70.383,86.107,17.953,77.355
2025-04-01 01:01:50,24.367,69.103,85.032,18.528,78.486
2025-04-01 01:01:51,24.552,70.683,85.352,17.34,78.625
2025-04-01 01:01:52,24.406,68.925,84.959,17.681,76.931
2025-04-01 01:01:53,24.753,70.687,85.824,18.116,75.981
2025-04-01 01:01:54,24.335,70.097,86.014,17.439,76.7
2025-04-01 01:01:55,24.437,70.054,85.137,18.715,75.658
2025-04-01 01:01:56,24.173,70.801,84.462,18.212,76.993
2025-04-01 01:01:57,24.274,70.33,83.137,17.606,75.958
2025-04-01 01:01:58,24.396,72.916,83.528,18.155,75.755
2025-04-01 01:01:59,23.535,69.823,84.185,18.73,75.698
2025-04-01 01:02:00,24.038,69.628,83.591,18.537,77.241
2025-04-01 01:02:01,23.836,70.985,82.906,19.356,76.955
2025-04-01 01:02:02,23.767,70.753,81.611,18.904,77.015
2025-04-01 01:02:03,24.033,71.678,82.125,18.577,76.904
2025-04-01 01:02:04,23.996,70.621,81.773,17.937,75.621
2025-04-01 01:02:05,24.167,72.006,81.862,18.85,76.57
2025-04-01 01:02:06,24.371,72.348,81.892,18.52,76.496
2025-04-01 01:02:07,23.576,70.947,81.621,18.263,75.229
2025-04-01 01:02:08,23.728,71.617,80.303,19.123,77.107
2025-04-01 01:02:09,23.955,72.235,79.396,18.558,77.128
2025-04-01 01:02:10,23.803,71.986,79.534,19.056,75.954
2025-04-01 01:02:11,24.23,70.836,79.831,19.939,75.383
2025-04-01 01:02:12,23.473,72.025,79.524,18.789,76.076
2025-04-01 01:02:13,23.845,71.688,80.451,19.756,75.131
2025-04-01 01:02:14,23.39,70.389,80.405,18.442,74.162
2025-04-01 01:02:15,23.944,72.616,80.816,18.687,76.566
2025-04-01 01:02:16,23.994,71.958,78.985,18.8,75.189
2025-04-01 01:02:17,23.656,71.997,79.203,19.328,76.44
2025-04-01 01:02:18,23.649,71.463,78.854,18.797,78.192
2025-04-01 01:02:19,22.966,71.37,79.056,19.387,77.009
2025-04-01 01:02:20,23.349,71.356,78.312,18.58,75.978
2025-04-01 01:02:21,23.396,72.496,77.419,19.853,74.206
2025-04-01 01:02:22,22.588,71.301,78.45,18.302,75.784
2025-04-01 01:02:23,23.365,71.046,78.372,18.926,77.09
2025-04-01 01:02:24,23.478,70.952,79.428,18.59,74.991
2025-04-01 01:02:25,23.764,70.851,78.286,18.845,77.625
2025-04-01 01:02:26,23.111,72.196,79.111,19.365,75.374
2025-04-01 01:02:27,23.756,72.82,79.038,19.148,75.311
2025-04-01 01:02:28,23.506,71.173,78.783,19.652,77.163
2025-04-01 01:02:29,23.917,71.467,79.135,18.958,76.958
2025-04-01 01:02:30,23.932,70.572,79.882,18.746,77.2
2025-04-01 01:02:31,23.984,72.92,79.803,19.037,75.71
2025-04-01 01:02:32,23.646,72.294,78.975,19.616,77.246
2025-04-01 01:02:33,23.407,71.143,78.929,18.686,75.912
2025-04-01 01:02:34,23.892,73.059,79.177,18.852,78.639
2025-04-01 01:02:35,23.492,71.555,79.228,19.002,78.135
2025-04-01 01:02:36,23.438,70.469,79.518,19.14,76.244
2025-04-01 01:02:37,23.409,71.726,79.398,19.645,77.052
2025-04-01 01:02:38,23.554,70.623,78.788,19.49,77.922
2025-04-01 01:02:39,23.736,72.511,78.335,18.561,75.97
2025-04-01 01:02:40,23.902,71.162,79.032,20.13,78.537
2025-04-01 01:02:41,23.475,71.387,80.426,18.564,76.62
2025-04-01 01:02:42,23.827,71.14,79.754,19.106,77.317
2025-04-01 01:02:43,23.129,71.482,80.003,18.998,77.867
2025-04-01 01:02:44,23.565,71.429,81.541,18.639,78.323
2025-04-01 01:02:45,24.009,70.765,81.894,18.922,79.089
2025-04-01 01:02:46,23.607,73.065,80.807,18.476,76.937
2025-04-01 01:02:47,23.574,70.948,81.08,18.305,78.712
2025-04-01 01:02:48,23.547,71.775,80.907,19.061,78.573
2025-04-01 01:02:49,23.586,70.175,81.276,18.559,78.097
2025-04-01 01:02:50,23.496,70.684,81.035,18.672,79.592
2025-04-01 01:02:51,23.216,72.002,80.706,18.813,79.572
2025-04-01 01:02:52,23.733,68.516,81.742,18.891,79.924
2025-04-01 01:02:53,23.637,70.668,81.193,18.237,79.007
2025-04-01 01:02:54,23.407,70.87,81.765,18.762,79.234
2025-04-01 01:02:55,24.07,71.585,81.726,17.908,79.101
2025-04-01 01:02:56,23.706,72.226,81.766,18.065,80.381
2025-04-01 01:02:57,24.545,69.362,82.208,17.562,81.768
2025-04-01 01:02:58,23.489,71.009,81.766,17.777,80.198
2025-04-01 01:02:59,24.139,71.52,82.095,17.838,80.197
2025-04-01 01:03:00,24.601,72.273,82.047,17.865,81.381
2025-04-01 01:03:01,24.485,70.687,83.044,17.541,81.502
2025-04-01 01:03:02,23.679,69.55,81.376,18.052,79.419
2025-04-01 01:03:03,24.328,69.772,81.832,18.002,82.315
2025-04-01 01:03:04,24.392,70.25,80.524,17.993,79.072
2025-04-01 01:03:05,24.564,69.73,80.533,18.041,81.494
2025-04-01 01:03:06,24.353,70.644,81.875,18.859,81.772
2025-04-01 01:03:07,24.553,68.781,82.429,17.6,81.082
2025-04-01 01:03:08,24.932,69.791,81.341,17.373,82.15
2025-04-01 01:03:09,24.423,70.004,82.658,17.138,81.014
2025-04-01 01:03:10,24.776,68.502,82.43,17.646,82.03
2025-04-01 01:03:11,24.17,70.198,83.469,17.821,82.648
2025-04-01 01:03:12,24.524,69.628,83.716,17.446,83.759
2025-04-01 01:03:13,24.549,70.594,82.913,16.08,83.038
2025-04-01 01:03:14,25.237,69.781,82.504,17.133,81.721
2025-04-01 01:03:15,25.347,69.162,82.271,17.187,82.072
2025-04-01 01:03:16,24.51,69.166,81.672,17.727,83.608
2025-04-01 01:03:17,24.946,69.125,81.451,16.681,83.371
2025-04-01 01:03:18,24.845,69.434,81.642,16.908,82.959
2025-04-01 01:03:19,25.119,69.185,80.566,16.312,82.863
2025-04-01 01:03:20,24.839,68.657,80.441,16.309,83.316
2025-04-01 01:03:21,25.155,70.842,81.593,16.398,84.397
2025-04-01 01:03:22,25.143,68.771,81.667,16.272,83.629
2025-04-01 01:03:23,25.443,67.545,81.684,16.418,84.587
2025-04-01 01:03:24,24.692,69.42,82.097,17.539,84.182
2025-04-01 01:03:25,25.652,68.798,81.533,16.725,84.734
2025-04-01 01:03:26,25.202,67.079,81.435,17.006,83.699
2025-04-01 01:03:27,24.979,67.886,82.077,16.948,84.923
2025-04-01 01:03:28,25.586,67.277,81.818,15.808,83.476
2025-04-01 01:03:29,25.339,67.145,82.753,15.694,85.26
2025-04-01 01:03:30,26.013,68.146,83.093,16.546,84.271
2025-04-01 01:03:31,25.239,67.131,83.648,15.823,85.01
2025-04-01 01:03:32,25.563,67.426,83.958,16.703,85.885
2025-04-01 01:03:33,25.934,68.698,83.974,17.107,84.772
2025-04-01 01:03:34,25.54,65.796,84.523,15.246,87.215
2025-04-01 01:03:35,25.552,67.555,84.259,16.488,85.717
2025-04-01 01:03:36,26.311,65.892,83.241,15.468,85.529
2025-04-01 01:03:37,25.83,67.064,83.426,16.528,85.014
2025-04-01 01:03:38,25.825,67.628,84.223,15.656,83.281
2025-04-01 01:03:39,25.723,67.998,82.178,16.24,86.296
2025-04-01 01:03:40,25.766,65.498,83.534,15.454,85.067
2025-04-01 01:03:41,25.858,64.553,83.064,16.1,84.244
2025-04-01 01:03:42,25.946,67.913,84.265,16.552,85.014
2025-04-01 01:03:43,25.941,66.635,82.689,16.291,84.203
2025-04-01 01:03:44,25.885,65.841,83.172,16.442,85.86
2025-04-01 01:03:45,26.418,66.402,82.899,15.617,86.359
2025-04-01 01:03:46,25.734,67.349,83.874,14.924,85.283
2025-04-01 01:03:47,25.511,65.721,83.369,14.501,85.411
2025-04-01 01:03:48,26.311,66.032,82.897,16.411,85.0
2025-04-01 01:03:49,26.249,65.555,82.164,14.635,85.69
2025-04-01 01:03:50,25.95,65.938,82.117,16.043,85.964
2025-04-01 01:03:51,25.903,66.648,82.574,15.507,85.032
2025-04-01 01:03:52,26.554,64.792,82.609,16.284,86.56
2025-04-01 01:03:53,26.558,64.629,82.593,16.576,85.547
2025-04-01 01:03:54,26.189,64.699,82.044,16.216,86.221
2025-04-01 01:03:55,26.365,65.739,81.372,15.297,84.504
2025-04-01 01:03:56,26.539,66.342,81.484,15.606,84.823
2025-04-01 01:03:57,26.075,65.937,82.086,16.57,84.449
2025-04-01 01:03:58,26.523,66.18,82.515,15.865,85.281
2025-04-01 01:03:59,26.824,64.368,82.115,16.032,85.912
2025-04-01 01:04:00,26.581,65.406,81.198,16.389,84.133
2025-04-01 01:04:01,26.734,66.362,82.357,15.742,82.513
2025-04-01 01:04:02,26.832,65.109,82.762,16.015,85.302
2025-04-01 01:04:03,26.609,65.483,83.094,16.71,83.176
2025-04-01 01:04:04,26.407,64.763,84.765,15.822,83.483
2025-04-01 01:04:05,26.659,65.559,84.341,15.667,83.772
2025-04-01 01:04:06,26.689,65.136,84.554,15.422,83.952
2025-04-01 01:04:07,26.446,64.154,83.525,15.866,84.252
2025-04-01 01:04:08,26.56,65.119,84.331,16.01,85.676
2025-04-01 01:04:09,26.38,64.351,83.508,14.89,82.873
2025-04-01 01:04:10,26.912,64.251,85.011,16.344,83.361
2025-04-01 01:04:11,26.269,64.696,83.887,17.431,85.354
2025-04-01 01:04:12,26.376,65.061,84.513,17.534,84.306
2025-04-01 01:04:13,26.41,64.385,83.504,15.768,83.111
2025-04-01 01:04:14,26.796,65.464,84.22,16.823,83.691
2025-04-01 01:04:15,26.981,65.454,83.994,16.578,83.644
2025-04-01 01:04:16,26.337,64.084,83.943,16.499,83.029
2025-04-01 01:04:17,26.559,63.68,84.227,16.741,83.304
2025-04-01 01:04:18,26.869,64.454,82.667,17.033,84.542
2025-04-01 01:04:19,26.346,63.898,82.796,16.549,81.603
2025-04-01 01:04:20,26.113,64.507,83.038,16.764,81.633
2025-04-01 01:04:21,26.492,64.178,83.332,16.366,81.113
2025-04-01 01:04:22,26.315,64.098,84.041,16.958,83.786
2025-04-01 01:04:23,26.747,63.922,82.747,17.004,83.105
2025-04-01 01:04:24,26.626,64.378,82.461,18.274,82.854
2025-04-01 01:04:25,26.867,63.352,83.051,16.981,80.912
2025-04-01 01:04:26,26.355,63.344,82.529,16.829,80.932
2025-04-01 01:04:27,25.984,64.274,82.73,17.215,81.835
2025-04-01 01:04:28,26.351,63.579,82.832,17.211,81.707
2025-04-01 01:04:29,26.666,63.29,82.039,17.212,80.405
2025-04-01 01:04:30,25.786,62.89,83.027,17.546,79.15
2025-04-01 01:04:31,26.293,63.785,82.736,16.518,82.72
2025-04-01 01:04:32,26.758,62.093,81.336,16.746,79.842
2025-04-01 01:04:33,25.929,64.82,81.784,17.053,80.214
2025-04-01 01:04:34,26.454,63.79,83.119,18.271,80.719
2025-04-01 01:04:35,25.668,63.677,83.168,17.522,80.007
2025-04-01 01:04:36,26.226,63.325,82.113,17.306,80.641
2025-04-01 01:04:37,26.201,64.125,82.841,18.113,80.166
2025-04-01 01:04:38,26.071,63.734,83.524,18.26,79.535
2025-04-01 01:04:39,26.214,64.706,83.016,17.526,79.928
2025-04-01 01:04:40,26.054,62.816,83.16,18.217,79.74
2025-04-01 01:04:41,26.307,64.235,83.254,17.15,78.743
2025-04-01 01:04:42,25.762,64.757,82.122,17.54,79.244
2025-04-01 01:04:43,26.248,64.015,81.922,17.888,79.447
2025-04-01 01:04:44,25.321,65.811,82.031,17.869,79.726
2025-04-01 01:04:45,26.47,64.355,82.736,17.68,79.823
2025-04-01 01:04:46,26.081,64.405,82.076,17.656,78.128
2025-04-01 01:04:47,26.089,62.033,82.5,17.99,79.207
2025-04-01 01:04:48,25.729,63.731,84.528,18.792,76.466
2025-04-01 01:04:49,25.551,65.121,83.852,17.788,77.066
2025-04-01 01:04:50,25.486,64.241,83.415,17.46,79.301
2025-04-01 01:04:51,25.978,63.892,82.729,18.327,78.299
2025-04-01 01:04:52,25.777,63.994,83.264,17.884,77.601
2025-04-01 01:04:53,25.645,64.499,83.109,19.351,78.528
2025-04-01 01:04:54,25.089,64.356,83.041,17.75,77.764
2025-04-01 01:04:55,25.422,62.776,82.619,18.575,75.777
2025-04-01 01:04:56,25.354,64.153,82.817,17.759,77.442
2025-04-01 01:04:57,25.235,64.795,83.091,18.988,76.562
2025-04-01 01:04:58,25.081,63.218,82.428,18.897,77.759
2025-04-01 01:04:59,24.794,65.086,83.333,18.914,77.968
2025-04-01 01:05:00,25.979,63.495,81.919,19.022,75.571
2025-04-01 01:05:01,25.243,65.039,80.822,18.065,75.322
2025-04-01 01:05:02,25.469,65.339,81.025,19.313,77.975
2025-04-01 01:05:03,24.411,64.757,79.776,18.916,76.97
2025-04-01 01:05:04,25.708,64.29,80.992,18.991,77.56
2025-04-01 01:05:05,24.47,65.253,80.515,17.217,76.351
2025-04-01 01:05:06,25.016,65.106,81.745,18.522,77.383
2025-04-01 01:05:07,24.795,63.758,82.457,17.527,75.983
2025-04-01 01:05:08,24.989,64.404,80.982,18.94,77.002
2025-04-01 01:05:09,24.772,65.232,82.935,18.287,75.658
2025-04-01 01:05:10,25.031,65.766,81.984,17.733,75.898
2025-04-01 01:05:11,24.293,66.206,82.552,18.39,76.194
2025-04-01 01:05:12,24.557,65.762,81.791,17.57,77.534
2025-04-01 01:05:13,24.582,65.605,81.32,17.591,75.383
2025-04-01 01:05:14,24.004,64.647,81.871,18.149,76.409
2025-04-01 01:05:15,23.93,65.382,81.194,18.426,77.185
2025-04-01 01:05:16,24.172,65.086,80.319,18.062,79.463
2025-04-01 01:05:17,24.616,64.491,80.531,18.28,74.535
2025-04-01 01:05:18,24.386,63.695,80.832,17.712,76.677
2025-04-01 01:05:19,24.88,65.969,81.221,17.966,75.669
2025-04-01 01:05:20,24.877,65.078,80.779,18.117,75.113
2025-04-01 01:05:21,24.03,65.694,80.282,17.917,77.184
2025-04-01 01:05:22,24.249,66.662,81.316,18.068,77.974
2025-04-01 01:05:23,23.937,66.607,81.306,17.088,76.62
2025-04-01 01:05:24,24.209,66.284,80.631,17.813,76.271
2025-04-01 01:05:25,24.006,66.076,80.05,16.649,76.256
2025-04-01 01:05:26,23.634,67.065,80.242,17.934,76.278
2025-04-01 01:05:27,23.795,67.872,81.146,17.431,76.96
2025-04-01 01:05:28,24.183,66.553,81.732,17.276,77.424
2025-04-01 01:05:29,23.834,66.544,81.431,16.895,76.74
2025-04-01 01:05:30,23.612,65.604,80.547,17.513,75.97
2025-04-01 01:05:31,24.431,67.191,79.398,16.788,76.979
2025-04-01 01:05:32,24.483,65.599,80.757,16.057,76.348
2025-04-01 01:05:33,23.797,67.346,79.287,17.271,78.247
2025-04-01 01:05:34,24.178,68.528,78.853,16.742,77.355
2025-04-01 01:05:35,24.141,67.17,79.178,16.112,76.887
2025-04-01 01:05:36,23.917,68.12,77.824,16.356,75.288
2025-04-01 01:05:37,23.251,65.66,79.611,16.479,79.388
2025-04-01 01:05:38,23.736,68.209,77.902,16.832,78.473
2025-04-01 01:05:39,23.978,67.09,79.523,16.372,76.821
2025-04-01 01:05:40,23.686,67.763,80.472,16.584,77.17
2025-04-01 01:05:41,24.233,67.5,80.09,16.494,76.65
2025-04-01 01:05:42,23.699,67.301,80.813,16.261,78.311
2025-04-01 01:05:43,23.712,69.312,79.884,15.991,78.364
2025-04-01 01:05:44,23.458,68.136,80.807,16.515,79.874
2025-04-01 01:05:45,23.658,67.932,79.957,16.632,79.552
2025-04-01 01:05:46,23.728,69.384,81.695,16.229,79.108
2025-04-01 01:05:47,23.679,69.57,80.266,14.945,77.832
2025-04-01 01:05:48,23.906,66.958,80.617,15.702,79.602
2025-04-01 01:05:49,24.158,67.829,79.753,15.766,79.995
2025-04-01 01:05:50,24.065,67.949,80.277,15.477,80.72
2025-04-01 01:05:51,24.108,69.379,80.101,15.024,79.86
2025-04-01 01:05:52,23.681,68.732,80.737,15.322,79.211
2025-04-01 01:05:53,23.1,69.211,80.03,15.652,80.053
2025-04-01 01:05:54,23.34,69.495,80.195,15.373,79.713
2025-04-01 01:05:55,23.461,69.054,80.114,16.235,81.905
2025-04-01 01:05:56,23.731,71.021,81.031,14.997,78.971
2025-04-01 01:05:57,23.279,70.278,80.535,15.137,79.899
2025-04-01 01:05:58,23.894,69.778,81.384,14.654,79.926
2025-04-01 01:05:59,23.666,68.221,80.228,14.628,80.944
2025-04-01 01:06:00,23.961,68.927,81.119,16.498,81.875
2025-04-01 01:06:01,24.232,70.036,80.604,14.211,80.436
2025-04-01 01:06:02,23.458,70.694,80.667,15.233,83.1
2025-04-01 01:06:03,23.936,70.022,80.957,15.086,80.765
2025-04-01 01:06:04,23.383,70.532,80.259,15.457,81.535
2025-04-01 01:06:05,23.745,71.219,81.528,14.621,81.33
2025-04-01 01:06:06,23.954,68.86,81.047,15.139,81.923
2025-04-01 01:06:07,23.868,70.609,80.653,14.714,81.838
2025-04-01 01:06:08,23.531,70.8,80.718,15.379,82.863
2025-04-01 01:06:09,24.018,70.42,81.121,15.323,81.451
2025-04-01 01:06:10,23.985,70.449,80.431,15.841,83.496
2025-04-01 01:06:11,23.806,71.673,82.281,15.284,82.288
2025-04-01 01:06:12,24.072,70.296,82.85,15.098,83.399
2025-04-01 01:06:13,24.269,70.761,82.826,15.119,83.344
2025-04-01 01:06:14,24.635,70.15,83.305,13.242,83.033
2025-04-01 01:06:15,24.082,71.764,81.851,14.257,82.773
2025-04-01 01:06:16,24.248,70.413,83.047,15.226,83.148
2025-04-01 01:06:17,23.583,71.921,82.401,14.504,82.543
2025-04-01 01:06:18,24.219,71.541,83.263,14.93,82.667
2025-04-01 01:06:19,24.274,69.944,83.736,14.818,84.612
2025-04-01 01:06:20,24.636,70.606,83.595,12.965,82.313
2025-04-01 01:06:21,24.34,71.649,83.756,13.51,85.455
2025-04-01 01:06:22,24.655,71.945,83.869,13.995,86.613
2025-04-01 01:06:23,24.071,72.741,83.768,14.596,85.593
2025-04-01 01:06:24,24.758,72.118,84.217,14.723,84.714
2025-04-01 01:06:25,25.059,72.037,84.673,14.435,84.603
2025-04-01 01:06:26,24.554,70.811,85.118,14.306,83.371
2025-04-01 01:06:27,24.446,71.073,84.008,15.206,84.416
2025-04-01 01:06:28,25.032,71.73,85.064,14.49,84.504
2025-04-01 01:06:29,24.707,72.849,84.339,14.134,86.122
2025-04-01 01:06:30,25.199,70.456,83.782,14.315,87.488
2025-04-01 01:06:31,25.189,73.305,85.295,15.873,84.075
2025-04-01 01:06:32,24.754,71.266,85.549,14.551,86.738
2025-04-01 01:06:33,25.108,70.562,85.419,15.362,84.058
2025-04-01 01:06:34,24.711,72.015,86.059,15.173,85.618
2025-04-01 01:06:35,24.206,71.402,86.078,16.092,84.646
2025-04-01 01:06:36,24.786,71.028,85.826,15.414,85.793
2025-04-01 01:06:37,24.824,72.451,85.966,15.313,85.891
2025-04-01 01:06:38,24.734,71.217,86.266,15.41,85.976
2025-04-01 01:06:39,24.523,71.619,86.75,15.656,84.362
2025-04-01 01:06:40,25.227,70.742,86.448,15.005,85.128
2025-04-01 01:06:41,25.505,72.382,87.302,16.089,82.446
2025-04-01 01:06:42,25.677,70.096,87.357,15.473,86.277
2025-04-01 01:06:43,25.331,72.638,87.344,14.626,85.279
2025-04-01 01:06:44,25.049,70.524,87.163,14.919,84.859
2025-04-01 01:06:45,25.712,71.446,87.327,16.223,85.852
2025-04-01 01:06:46,25.459,71.384,87.981,16.229,85.392
2025-04-01 01:06:47,25.368,72.161,86.196,15.539,83.427
2025-04-01 01:06:48,25.638,73.003,86.693,16.102,85.485
2025-04-01 01:06:49,25.75,72.259,86.559,16.088,85.069
2025-04-01 01:06:50,25.454,71.435,86.007,16.293,85.86
2025-04-01 01:06:51,25.728,70.443,85.533,15.485,85.798
2025-04-01 01:06:52,25.463,72.288,86.02,15.854,85.259
2025-04-01 01:06:53,25.676,70.678,85.662,16.484,83.898
2025-04-01 01:06:54,25.464,71.29,85.646,16.63,85.467
2025-04-01 01:06:55,26.06,70.562,86.503,15.578,85.354
2025-04-01 01:06:56,26.234,72.059,85.805,15.988,84.262
2025-04-01 01:06:57,26.081,71.816,86.949,16.301,86.789
2025-04-01 01:06:58,26.333,70.14,88.425,15.939,84.653
2025-04-01 01:06:59,25.659,71.023,88.872,17.177,85.229
2025-04-01 01:07:00,26.46,70.965,89.863,16.979,84.648
2025-04-01 01:07:01,26.01,72.031,89.553,17.013,84.069
2025-04-01 01:07:02,26.388,70.894,90.711,15.545,84.991
2025-04-01 01:07:03,26.237,71.111,89.885,15.722,85.656
2025-04-01 01:07:04,26.357,72.027,91.819,16.9,84.921
2025-04-01 01:07:05,26.458,71.651,90.615,16.831,84.043
2025-04-01 01:07:06,26.539,69.726,92.966,16.273,84.882
2025-04-01 01:07:07,26.74,72.242,92.279,16.913,83.875
2025-04-01 01:07:08,25.98,70.105,92.233,16.67,86.439
2025-04-01 01:07:09,26.369,69.76,91.751,17.107,84.477
2025-04-01 01:07:10,26.031,70.543,91.477,16.714,87.039
2025-04-01 01:07:11,26.346,70.962,92.563,18.039,83.588
2025-04-01 01:07:12,26.562,70.071,90.777,16.703,83.733
2025-04-01 01:07:13,26.663,71.021,90.963,17.486,82.362
2025-04-01 01:07:14,27.08,70.341,91.414,16.767,81.159
2025-04-01 01:07:15,26.641,70.602,90.177,16.435,83.969
2025-04-01 01:07:16,26.631,71.543,90.012,17.685,83.06
2025-04-01 01:07:17,26.531,69.965,90.49,17.408,83.623
2025-04-01 01:07:18,26.357,70.347,90.079,17.412,83.108
2025-04-01 01:07:19,26.382,71.014,90.317,18.268,83.348
2025-04-01 01:07:20,26.917,70.755,89.666,17.729,81.556
2025-04-01 01:07:21,26.926,70.717,89.97,17.036,82.689
2025-04-01 01:07:22,26.913,69.625,90.337,18.227,82.642
2025-04-01 01:07:23,26.999,69.767,90.396,17.313,81.323
2025-04-01 01:07:24,26.773,68.927,90.163,18.013,83.858
2025-04-01 01:07:25,26.824,68.498,89.921,17.058,83.015
2025-04-01 01:07:26,26.175,69.628,90.628,17.667,82.305
2025-04-01 01:07:27,26.912,67.979,89.814,17.609,82.232
2025-04-01 01:07:28,26.913,69.634,90.5,15.617,80.322
2025-04-01 01:07:29,26.673,68.944,90.947,16.876,81.443
2025-04-01 01:07:30,26.899,68.556,91.073,16.698,81.065
2025-04-01 01:07:31,26.973,68.657,91.37,16.654,81.471
2025-04-01 01:07:32,26.899,68.379,91.062,16.94,80.067
2025-04-01 01:07:33,26.624,68.978,92.937,17.074,80.486
2025-04-01 01:07:34,26.261,67.65,92.063,16.948,78.716
2025-04-01 01:07:35,26.575,68.099,91.572,17.4,82.223
2025-04-01 01:07:36,26.545,68.571,91.655,16.954,79.922
2025-04-01 01:07:37,26.791,68.542,91.34,16.969,79.807
2025-04-01 01:07:38,26.346,66.682,90.181,16.987,80.202
2025-04-01 01:07:39,26.125,69.059,90.694,16.76,77.7
2025-04-01 01:07:40,26.497,67.103,90.994,16.465,80.468
2025-04-01 01:07:41,26.356,66.662,91.142,16.645,78.562
2025-04-01 01:07:42,26.909,67.242,90.883,16.833,78.066
2025-04-01 01:07:43,26.207,67.315,92.201,17.709,79.743
2025-04-01 01:07:44,26.762,66.956,93.122,16.762,81.323
2025-04-01 01:07:45,26.256,67.962,93.03,16.58,77.73
2025-04-01 01:07:46,26.75,66.515,93.386,17.443,80.058
2025-04-01 01:07:47,26.867,66.666,93.998,16.606,78.699
2025-04-01 01:07:48,26.68,66.757,93.918,16.979,79.155
2025-04-01 01:07:49,26.48,66.042,94.681,16.545,79.979
2025-04-01 01:07:50,26.317,66.422,93.914,16.354,77.748
2025-04-01 01:07:51,26.376,67.67,94.701,16.041,79.37
2025-04-01 01:07:52,26.557,67.721,94.195,16.467,79.151
2025-04-01 01:07:53,26.6,67.097,94.573,16.982,77.183
2025-04-01 01:07:54,26.353,66.836,94.913,16.074,76.189
2025-04-01 01:07:55,26.816,65.691,95.588,17.088,77.51
2025-04-01 01:07:56,25.822,66.142,95.901,16.524,77.237
2025-04-01 01:07:57,25.83,67.403,95.857,16.567,76.95
2025-04-01 01:07:58,25.731,66.165,95.015,16.38,77.084
2025-04-01 01:07:59,25.672,66.406,95.775,15.91,75.317
2025-04-01 01:08:00,26.22,66.961,96.196,15.995,77.573
2025-04-01 01:08:01,26.03,65.505,96.235,15.408,75.977
2025-04-01 01:08:02,25.892,65.93,96.583,15.966,76.071
2025-04-01 01:08:03,25.54,65.681,96.399,16.049,76.717
2025-04-01 01:08:04,26.097,65.307,97.071,16.224,76.655
2025-04-01 01:08:05,25.894,64.035,98.345,16.176,78.459
2025-04-01 01:08:06,25.835,62.874,97.759,15.597,78.35
2025-04-01 01:08:07,25.743,64.457,99.01,15.683,77.105
2025-04-01 01:08:08,25.696,65.571,99.783,16.622,77.012
2025-04-01 01:08:09,26.243,63.357,100.119,15.941,75.212
2025-04-01 01:08:10,26.022,65.799,100.51,14.665,75.876
2025-04-01 01:08:11,26.239,65.762,101.507,15.863,76.941
2025-04-01 01:08:12,25.961,64.291,101.178,14.461,75.41
2025-04-01 01:08:13,25.431,64.541,101.851,15.015,77.097
2025-04-01 01:08:14,25.953,63.635,103.413,14.752,77.076
2025-04-01 01:08:15,25.949,65.443,102.171,15.216,77.048
2025-04-01 01:08:16,25.718,64.095,102.546,14.901,77.293
2025-04-01 01:08:17,25.641,63.692,102.484,15.554,75.363
2025-04-01 01:08:18,25.7,63.331,103.236,14.492,77.694
2025-04-01 01:08:19,25.704,64.779,103.561,15.049,75.935
2025-04-01 01:08:20,25.133,63.205,103.781,14.731,76.858
2025-04-01 01:08:21,25.676,63.148,102.524,13.82,76.503
2025-04-01 01:08:22,25.44,65.849,104.188,15.06,75.514
2025-04-01 01:08:23,25.219,64.103,104.668,14.34,78.063
2025-04-01 01:08:24,25.076,65.745,102.783,12.924,76.717
2025-04-01 01:08:25,24.627,64.316,103.493,14.39,76.524
2025-04-01 01:08:26,25.199,63.582,102.944,14.204,76.947
2025-04-01 01:08:27,24.805,63.53,102.19,15.049,77.228
2025-04-01 01:08:28,24.955,64.515,102.631,14.004,77.946
2025-04-01 01:08:29,24.477,64.564,102.58,14.215,76.39
2025-04-01 01:08:30,24.891,64.881,102.897,14.432,77.038
2025-04-01 01:08:31,24.646,65.183,102.189,13.787,78.805
2025-04-01 01:08:32,23.937,62.719,101.516,14.151,75.796
2025-04-01 01:08:33,24.617,64.005,100.259,14.259,77.537
2025-04-01 01:08:34,24.614,64.0,100.377,13.238,77.638
2025-04-01 01:08:35,24.854,62.85,99.66,13.65,77.203
2025-04-01 01:08:36,24.709,62.965,98.607,13.663,77.553
2025-04-01 01:08:37,24.72,62.34,98.422,14.195,76.669
2025-04-01 01:08:38,24.396,63.596,97.959,13.798,79.481
2025-04-01 01:08:39,24.189,62.564,97.646,14.208,79.655
2025-04-01 01:08:40,24.373,64.992,98.514,13.862,79.639
2025-04-01 01:08:41,24.763,63.767,99.361,13.65,79.611
2025-04-01 01:08:42,24.469,63.823,97.658,14.235,77.743
2025-04-01 01:08:43,24.276,63.538,97.098,14.279,77.759
2025-04-01 01:08:44,24.147,64.922,96.172,13.933,79.517
2025-04-01 01:08:45,24.601,63.496,95.511,14.839,80.604
2025-04-01 01:08:46,24.721,64.103,95.388,14.042,79.249
2025-04-01 01:08:47,24.489,63.83,95.339,13.845,80.785
2025-04-01 01:08:48,23.972,62.725,95.111,14.44,80.163
2025-04-01 01:08:49,23.9,63.513,95.44,14.491,81.009
2025-04-01 01:08:50,23.883,63.7,95.37,14.236,79.615
2025-04-01 01:08:51,24.305,63.863,95.03,14.118,81.088
2025-04-01 01:08:52,24.267,64.262,95.476,13.12,79.753
2025-04-01 01:08:53,24.007,63.824,96.683,13.713,80.564
2025-04-01 01:08:54,23.699,64.31,96.307,13.973,79.979
2025-04-01 01:08:55,23.67,63.388,95.251,14.374,80.424
2025-04-01 01:08:56,23.773,62.99,94.176,13.339,79.579
2025-04-01 01:08:57,24.168,62.924,94.629,13.122,79.895
2025-04-01 01:08:58,23.86,64.214,95.142,13.495,81.709
2025-04-01 01:08:59,23.938,64.845,95.432,14.445,81.085
2025-04-01 01:09:00,24.359,63.354,95.793,13.751,81.018
2025-04-01 01:09:01,23.708,62.36,95.385,13.511,81.599
2025-04-01 01:09:02,24.41,64.005,95.573,14.151,81.44
2025-04-01 01:09:03,24.247,63.372,94.479,14.326,81.86
2025-04-01 01:09:04,23.915,64.787,94.941,14.267,80.771
2025-04-01 01:09:05,24.474,64.166,95.431,13.622,82.436
2025-04-01 01:09:06,23.288,63.566,95.302,14.88,81.678
2025-04-01 01:09:07,23.885,64.548,95.9,14.158,81.841
2025-04-01 01:09:08,23.925,64.519,95.64,14.94,83.402
2025-04-01 01:09:09,23.966,64.625,95.49,14.538,83.844
2025-04-01 01:09:10,23.849,63.641,96.625,14.614,83.286
2025-04-01 01:09:11,23.595,66.12,96.58,14.791,83.756
2025-04-01 01:09:12,24.256,63.864,96.786,14.998,82.735
2025-04-01 01:09:13,24.008,64.868,97.425,14.664,83.885
2025-04-01 01:09:14,24.334,65.83,97.046,15.176,82.465
2025-04-01 01:09:15,24.053,66.447,97.433,14.308,85.307
2025-04-01 01:09:16,23.755,64.871,98.288,15.257,83.305
2025-04-01 01:09:17,23.155,65.635,99.032,14.873,81.465
2025-04-01 01:09:18,23.886,64.882,97.597,14.398,83.614
2025-04-01 01:09:19,23.982,64.774,99.781,14.534,82.628
2025-04-01 01:09:20,23.608,65.274,98.358,15.469,83.953
2025-04-01 01:09:21,24.001,64.337,98.894,15.678,84.783
2025-04-01 01:09:22,23.717,65.745,98.638,14.92,82.583
2025-04-01 01:09:23,24.075,63.955,98.165,14.029,84.044
2025-04-01 01:09:24,23.762,64.585,99.278,15.25,84.447
2025-04-01 01:09:25,24.455,65.749,98.322,15.013,84.352
2025-04-01 01:09:26,24.04,66.592,98.522,15.14,85.761
2025-04-01 01:09:27,24.296,65.477,100.293,15.147,83.153
2025-04-01 01:09:28,23.897,64.404,99.257,15.13,85.663
2025-04-01 01:09:29,24.007,66.551,99.818,15.106,85.627
2025-04-01 01:09:30,24.354,64.443,100.061,15.785,84.837
2025-04-01 01:09:31,23.988,64.515,101.146,15.869,85.578
2025-04-01 01:09:32,24.158,66.114,101.119,15.985,84.026
2025-04-01 01:09:33,24.03,66.137,102.251,16.937,84.541
2025-04-01 01:09:34,23.795,65.902,102.803,15.989,84.014
2025-04-01 01:09:35,24.389,65.959,102.781,15.529,85.278
2025-04-01 01:09:36,24.545,66.815,101.922,16.497,86.18
2025-04-01 01:09:37,24.238,66.84,101.821,17.423,84.811
2025-04-01 01:09:38,25.014,66.264,102.138,16.853,84.977
2025-04-01 01:09:39,24.529,65.697,101.571,16.624,87.992
2025-04-01 01:09:40,24.471,67.314,100.24,15.562,85.868
2025-04-01 01:09:41,24.059,67.058,100.638,16.754,85.95
2025-04-01 01:09:42,24.235,65.713,101.027,16.571,86.529
2025-04-01 01:09:43,24.733,68.856,100.869,16.182,85.392
2025-04-01 01:09:44,24.842,66.941,100.66,17.491,84.895
2025-04-01 01:09:45,24.777,65.676,101.105,15.628,85.466
2025-04-01 01:09:46,24.378,66.824,101.364,16.336,85.173
2025-04-01 01:09:47,24.135,66.619,100.777,16.32,86.942
2025-04-01 01:09:48,24.721,65.486,101.536,16.19,86.437
2025-04-01 01:09:49,25.32,68.247,102.406,15.983,85.689
2025-04-01 01:09:50,25.075,67.16,100.23,16.643,84.923
2025-04-01 01:09:51,25.037,67.226,100.802,16.355,85.759
2025-04-01 01:09:52,25.215,68.268,100.651,16.632,84.868
2025-04-01 01:09:53,25.051,68.247,100.278,15.665,83.51
2025-04-01 01:09:54,24.511,68.007,99.788,16.511,85.687
2025-04-01 01:09:55,25.295,69.172,98.152,15.973,85.874
2025-04-01 01:09:56,25.131,68.87,98.738,16.41,83.856
2025-04-01 01:09:57,24.538,67.526,98.881,16.97,85.927
2025-04-01 01:09:58,25.504,68.712,98.34,16.179,85.754
2025-04-01 01:09:59,24.602,68.122,97.751,16.085,84.237
2025-04-01 01:10:00,25.483,68.797,97.254,16.721,85.224
2025-04-01 01:10:01,25.292,69.246,98.205,16.189,84.546
2025-04-01 01:10:02,25.297,69.199,98.525,16.557,83.924
2025-04-01 01:10:03,25.329,69.354,99.086,16.22,84.329
2025-04-01 01:10:04,25.64,68.012,97.741,16.523,85.108
2025-04-01 01:10:05,25.77,68.924,97.812,16.52,82.693
2025-04-01 01:10:06,26.206,69.245,97.176,15.971,84.76
2025-04-01 01:10:07,25.995,68.65,96.379,16.909,85.729
2025-04-01 01:10:08,26.128,68.554,96.718,17.091,84.217
2025-04-01 01:10:09,25.449,68.242,96.752,16.773,84.64
2025-04-01 01:10:10,25.74,68.937,96.405,15.962,83.997
2025-04-01 01:10:11,25.874,70.033,96.689,16.221,85.461
2025-04-01 01:10:12,25.798,69.657,97.762,16.065,83.729
2025-04-01 01:10:13,25.897,69.393,98.711,16.18,82.973
2025-04-01 01:10:14,26.454,69.151,97.637,16.184,84.858
2025-04-01 01:10:15,26.308,70.371,97.752,15.758,82.773
2025-04-01 01:10:16,26.488,69.468,98.63,16.001,81.909
2025-04-01 01:10:17,26.252,69.513,98.176,15.877,84.266
2025-04-01 01:10:18,26.031,70.932,97.597,17.02,83.136
2025-04-01 01:10:19,26.303,70.529,97.137,15.708,82.817
2025-04-01 01:10:20,26.522,70.498,98.283,16.431,83.973
2025-04-01 01:10:21,26.295,70.813,98.253,14.896,80.942
2025-04-01 01:10:22,26.945,70.197,97.705,15.529,81.468
2025-04-01 01:10:23,26.838,71.708,97.19,15.508,80.597
2025-04-01 01:10:24,26.511,70.47,97.723,14.853,83.353
2025-04-01 01:10:25,26.538,71.62,97.85,15.866,82.641
2025-04-01 01:10:26,26.879,69.627,98.95,16.704,81.324
2025-04-01 01:10:27,26.796,71.28,98.855,15.711,82.209
2025-04-01 01:10:28,26.912,68.863,98.048,15.131,83.25
2025-04-01 01:10:29,26.053,70.792,99.442,16.629,80.765
2025-04-01 01:10:30,25.932,69.911,100.37,14.914,81.501
2025-04-01 01:10:31,26.607,70.33,98.561,14.938,81.439
2025-04-01 01:10:32,26.632,71.291,98.054,15.056,81.216
2025-04-01 01:10:33,26.223,71.059,98.549,14.174,80.944
2025-04-01 01:10:34,27.041,71.371,99.119,14.55,80.867
2025-04-01 01:10:35,26.669,71.267,99.121,15.274,79.882
2025-04-01 01:10:36,26.73,70.807,99.022,15.189,79.513
2025-04-01 01:10:37,26.559,71.412,99.427,14.343,81.008
2025-04-01 01:10:38,26.504,71.754,99.235,14.207,79.199
2025-04-01 01:10:39,27.005,71.947,99.634,14.818,78.763
2025-04-01 01:10:40,26.824,70.457,100.631,15.633,78.223
2025-04-01 01:10:41,26.794,72.392,99.829,14.571,79.764
2025-04-01 01:10:42,26.727,71.044,99.362,13.775,79.787
2025-04-01 01:10:43,27.04,71.534,100.324,13.991,78.531
2025-04-01 01:10:44,27.053,71.35,101.274,15.337,79.126
2025-04-01 01:10:45,26.491,72.455,101.097,14.34,80.135
2025-04-01 01:10:46,26.923,71.151,101.215,14.276,77.419
2025-04-01 01:10:47,26.323,71.338,101.263,14.86,81.591
2025-04-01 01:10:48,27.03,71.74,101.13,13.878,78.734
2025-04-01 01:10:49,27.028,71.29,100.52,14.018,78.687
2025-04-01 01:10:50,26.977,71.254,100.311,13.832,79.415
2025-04-01 01:10:51,26.399,71.277,100.132,13.635,78.607
2025-04-01 01:10:52,26.185,71.617,101.305,13.413,76.283
2025-04-01 01:10:53,26.629,73.186,99.774,13.465,77.213
2025-04-01 01:10:54,26.834,71.842,100.303,14.813,77.465
2025-04-01 01:10:55,26.515,70.999,100.375,13.202,78.214
2025-04-01 01:10:56,26.486,71.078,100.35,13.91,78.17
2025-04-01 01:10:57,26.998,71.281,99.827,13.008,78.409
2025-04-01 01:10:58,26.282,70.977,102.085,13.141,76.942
2025-04-01 01:10:59,27.429,68.742,100.811,13.583,77.728
2025-04-01 01:11:00,27.123,71.099,101.537,12.394,77.879
2025-04-01 01:11:01,27.07,71.265,101.087,12.535,76.927
2025-04-01 01:11:02,27.01,71.877,101.449,13.069,77.92
2025-04-01 01:11:03,26.682,70.505,101.668,12.116,77.556
2025-04-01 01:11:04,26.807,72.632,100.963,13.557,78.654
2025-04-01 01:11:05,26.758,70.054,102.275,13.854,76.546
2025-04-01 01:11:06,27.361,70.636,102.028,12.958,76.633
2025-04-01 01:11:07,26.764,71.538,101.806,14.04,76.594
2025-04-01 01:11:08,26.723,71.863,102.733,13.347,76.702
2025-04-01 01:11:09,26.492,70.858,103.705,13.451,77.173
2025-04-01 01:11:10,26.786,71.129,103.056,12.333,76.967
2025-04-01 01:11:11,26.88,71.339,102.088,12.606,76.97
2025-04-01 01:11:12,26.202,71.181,102.506,12.394,78.165
2025-04-01 01:11:13,26.995,71.297,103.484,13.781,77.894
2025-04-01 01:11:14,26.288,70.028,102.924,13.608,76.965
2025-04-01 01:11:15,26.36,69.365,102.888,11.861,77.915
2025-04-01 01:11:16,26.311,71.451,102.363,12.728,76.725
2025-04-01 01:11:17,26.54,70.364,102.293,13.296,75.804
2025-04-01 01:11:18,26.836,70.541,102.799,12.852,77.665
2025-04-01 01:11:19,26.314,68.709,102.494,11.925,76.272
2025-04-01 01:11:20,26.35,69.958,102.312,14.17,77.771
2025-04-01 01:11:21,26.511,70.509,101.666,13.215,77.92
2025-04-01 01:11:22,27.002,69.754,101.18,12.382,78.056
2025-04-01 01:11:23,26.886,69.191,102.543,12.679,77.996
2025-04-01 01:11:24,26.328,68.181,102.368,13.328,77.389
2025-04-01 01:11:25,25.69,70.72,103.112,12.206,77.762
2025-04-01 01:11:26,25.665,70.147,102.811,13.19,77.424
2025-04-01 01:11:27,26.08,69.581,101.83,12.77,76.2
2025-04-01 01:11:28,25.265,69.137,101.199,13.222,77.381
2025-04-01 01:11:29,26.082,71.074,102.08,13.278,77.698
2025-04-01 01:11:30,25.677,68.637,102.138,12.803,78.444
2025-04-01 01:11:31,26.019,69.169,102.987,12.535,78.045
2025-04-01 01:11:32,25.882,69.935,102.297,12.894,78.14
2025-04-01 01:11:33,25.954,68.473,102.493,13.044,80.298
2025-04-01 01:11:34,25.424,69.62,102.468,13.738,77.479
2025-04-01 01:11:35,26.016,67.944,101.224,14.078,78.254
2025-04-01 01:11:36,25.205,69.724,101.378,13.524,77.448
2025-04-01 01:11:37,25.277,69.092,100.222,13.433,77.203
2025-04-01 01:11:38,25.426,68.733,99.741,13.494,77.519
2025-04-01 01:11:39,26.102,68.419,100.305,12.333,77.985
2025-04-01 01:11:40,25.181,67.908,99.135,13.654,80.028
2025-04-01 01:11:41,25.14,68.866,99.681,13.592,78.816
2025-04-01 01:11:42,26.565,67.503,99.643,13.503,77.872
2025-04-01 01:11:43,24.594,67.319,98.225,14.044,79.639
2025-04-01 01:11:44,24.68,67.821,99.331,14.282,80.842
2025-04-01 01:11:45,25.261,68.934,100.324,14.225,79.21
2025-04-01 01:11:46,25.095,69.342,101.694,13.683,79.166
2025-04-01 01:11:47,25.57,68.407,100.921,13.628,81.429
2025-04-01 01:11:48,24.981,69.263,101.042,14.822,78.719
2025-04-01 01:11:49,25.224,67.579,100.997,13.014,79.84
2025-04-01 01:11:50,25.198,68.282,101.177,14.8,80.062
2025-04-01 01:11:51,24.872,68.795,100.957,14.349,79.812
2025-04-01 01:11:52,24.674,67.839,101.661,13.634,79.08
2025-04-01 01:11:53,25.221,66.981,100.229,14.071,80.647
2025-04-01 01:11:54,24.918,68.262,100.886,14.471,78.956
2025-04-01 01:11:55,24.638,66.584,100.443,14.879,81.326
2025-04-01 01:11:56,24.879,68.067,100.626,13.65,81.574
2025-04-01 01:11:57,25.127,65.926,102.135,14.285,80.642
2025-04-01 01:11:58,24.472,68.354,101.451,14.142,82.252
2025-04-01 01:11:59,25.309,66.021,101.016,14.317,81.721
2025-04-01 01:12:00,25.182,66.355,101.365,14.836,81.554
2025-04-01 01:12:01,24.669,67.912,100.701,15.27,81.557
2025-04-01 01:12:02,24.721,65.55,100.811,15.206,81.597
2025-04-01 01:12:03,24.309,66.426,102.562,14.703,83.679
2025-04-01 01:12:04,24.503,66.623,101.278,14.99,81.284
2025-04-01 01:12:05,24.488,66.712,101.298,14.545,81.85
2025-04-01 01:12:06,24.853,65.752,101.633,15.708,83.726
2025-04-01 01:12:07,24.395,65.383,101.531,15.042,81.113
2025-04-01 01:12:08,24.116,65.898,101.361,15.385,82.387
2025-04-01 01:12:09,24.405,65.244,101.127,15.548,84.387
2025-04-01 01:12:10,24.145,65.542,102.902,15.1,82.1
2025-04-01 01:12:11,24.087,65.425,103.341,14.661,81.754
2025-04-01 01:12:12,24.639,65.242,102.998,15.224,83.366
2025-04-01 01:12:13,24.611,66.728,102.259,15.355,83.248
2025-04-01 01:12:14,24.437,66.484,101.945,15.502,83.329
2025-04-01 01:12:15,24.036,64.977,101.737,15.451,84.878
2025-04-01 01:12:16,23.701,65.897,101.987,14.839,84.986
2025-04-01 01:12:17,23.559,65.454,101.095,14.857,84.716
2025-04-01 01:12:18,23.923,65.2,100.96,15.136,82.876
2025-04-01 01:12:19,23.957,64.992,99.994,16.494,84.927
2025-04-01 01:12:20,23.805,66.058,99.638,16.558,84.149
2025-04-01 01:12:21,23.656,62.93,100.807,15.166,84.322
2025-04-01 01:12:22,24.028,64.629,99.509,15.716,84.766
2025-04-01 01:12:23,24.378,65.179,99.948,14.497,84.135
2025-04-01 01:12:24,23.513,65.272,99.458,15.669,85.556
2025-04-01 01:12:25,23.935,64.476,99.857,15.768,84.117
2025-04-01 01:12:26,24.151,64.593,99.746,15.641,86.443
2025-04-01 01:12:27,24.545,64.131,99.768,15.304,84.145
2025-04-01 01:12:28,24.318,64.821,100.269,15.601,84.191
2025-04-01 01:12:29,24.025,63.459,99.587,15.303,85.07
2025-04-01 01:12:30,23.734,64.013,99.873,15.889,84.677
2025-04-01 01:12:31,24.043,63.69,98.921,15.491,83.721
2025-04-01 01:12:32,24.5,64.411,98.886,15.283,85.483
2025-04-01 01:12:33,23.218,63.127,99.442,16.583,85.257
2025-04-01 01:12:34,23.919,63.216,98.466,14.659,85.387
2025-04-01 01:12:35,24.379,64.162,98.525,14.811,86.066
2025-04-01 01:12:36,24.085,65.372,98.611,14.513,85.85
2025-04-01 01:12:37,24.164,62.745,98.183,16.284,87.376
2025-04-01 01:12:38,24.175,64.712,98.265,15.318,85.589
2025-04-01 01:12:39,23.787,64.285,97.517,15.565,85.776
2025-04-01 01:12:40,24.317,64.518,97.896,15.151,85.219
2025-04-01 01:12:41,24.055,64.569,97.325,14.21,85.779
2025-04-01 01:12:42,24.193,64.829,95.455,15.457,84.794
2025-04-01 01:12:43,23.851,62.183,96.955,15.991,84.5
2025-04-01 01:12:44,24.366,64.333,96.709,14.795,85.411
2025-04-01 01:12:45,23.898,62.7,96.588,14.608,85.837
2025-04-01 01:12:46,24.181,62.041,96.803,15.762,86.852
2025-04-01 01:12:47,24.382,64.532,95.949,15.078,84.838
2025-04-01 01:12:48,24.194,64.053,97.164,15.256,85.123
2025-04-01 01:12:49,24.583,63.707,96.843,14.2,84.283
2025-04-01 01:12:50,24.225,62.558,96.086,14.91,84.126
2025-04-01 01:12:51,24.302,63.632,96.401,14.817,86.758
2025-04-01 01:12:52,23.817,63.802,95.228,14.546,84.707
2025-04-01 01:12:53,23.962,62.422,94.859,15.166,84.935
2025-04-01 01:12:54,24.373,64.171,94.925,14.258,84.457
2025-04-01 01:12:55,24.31,62.795,94.569,14.615,86.121
2025-04-01 01:12:56,24.608,63.372,94.626,14.258,83.886
2025-04-01 01:12:57,24.631,62.953,93.686,14.388,84.755
2025-04-01 01:12:58,24.965,63.904,94.183,14.378,86.406
2025-04-01 01:12:59,24.739,62.0,93.063,14.26,85.985
2025-04-01 01:13:00,24.858,62.455,93.664,15.565,85.207
2025-04-01 01:13:01,24.817,62.218,93.071,14.209,86.419
2025-04-01 01:13:02,24.795,65.0,92.907,14.102,84.301
2025-04-01 01:13:03,24.511,63.858,92.725,13.616,85.497
2025-04-01 01:13:04,24.686,63.034,92.703,14.049,85.489
2025-04-01 01:13:05,24.665,62.655,92.858,14.929,85.25
2025-04-01 01:13:06,24.305,63.384,92.813,13.927,85.776
2025-04-01 01:13:07,24.608,64.328,92.044,14.456,83.786
2025-04-01 01:13:08,25.165,63.21,92.626,14.074,83.47
2025-04-01 01:13:09,25.144,63.417,92.737,13.943,83.532
2025-04-01 01:13:10,24.964,64.411,92.025,13.417,84.213
2025-04-01 01:13:11,25.045,63.909,93.897,14.051,85.513
2025-04-01 01:13:12,24.867,63.473,93.685,13.748,85.062
2025-04-01 01:13:13,25.32,64.734,93.398,13.504,85.38
2025-04-01 01:13:14,25.284,62.726,94.253,13.818,85.523
2025-04-01 01:13:15,25.362,64.003,94.565,12.731,83.496
2025-04-01 01:13:16,25.388,63.613,96.017,14.198,82.392
2025-04-01 01:13:17,25.539,61.961,96.162,13.069,84.126
2025-04-01 01:13:18,25.107,63.968,96.253,13.251,81.578
2025-04-01 01:13:19,25.227,62.996,97.85,13.605,84.164
2025-04-01 01:13:20,25.618,64.384,97.419,12.913,83.367
2025-04-01 01:13:21,25.974,64.865,97.138,13.204,83.132
2025-04-01 01:13:22,25.188,66.322,97.423,12.364,81.119
2025-04-01 01:13:23,25.746,64.914,97.443,13.385,83.728
2025-04-01 01:13:24,25.751,65.299,97.918,11.771,83.329
2025-04-01 01:13:25,25.836,65.331,97.369,12.757,83.712
2025-04-01 01:13:26,26.021,64.765,97.804,13.061,80.833
2025-04-01 01:13:27,25.796,64.393,97.63,13.232,81.201
2025-04-01 01:13:28,25.71,63.844,97.906,12.32,81.699
2025-04-01 01:13:29,25.94,65.954,98.728,12.26,81.414
2025-04-01 01:13:30,26.297,65.132,98.04,12.598,80.167
2025-04-01 01:13:31,25.989,64.728,98.73,11.452,81.821
2025-04-01 01:13:32,26.059,63.897,99.489,12.026,80.49
2025-04-01 01:13:33,26.475,65.107,99.708,12.972,82.608
2025-04-01 01:13:34,26.106,64.938,100.358,12.652,80.819
2025-04-01 01:13:35,26.072,66.045,100.655,12.307,79.649
2025-04-01 01:13:36,26.123,64.968,100.493,13.101,81.017
2025-04-01 01:13:37,26.58,66.265,100.072,12.092,79.236
2025-04-01 01:13:38,26.183,65.91,100.929,12.459,79.612
2025-04-01 01:13:39,26.256,67.097,100.902,11.401,79.755
2025-04-01 01:13:40,25.844,64.371,101.604,12.017,80.988
2025-04-01 01:13:41,26.816,65.189,101.004,10.967,79.013
2025-04-01 01:13:42,26.588,65.446,101.965,12.887,80.158
2025-04-01 01:13:43,26.903,66.09,101.648,11.403,79.304
2025-04-01 01:13:44,26.741,67.027,101.29,11.711,78.166
2025-04-01 01:13:45,26.078,66.823,103.389,12.841,78.424
2025-04-01 01:13:46,26.169,66.62,102.423,11.622,78.859
2025-04-01 01:13:47,26.682,66.297,102.204,11.362,79.517
2025-04-01 01:13:48,27.006,66.287,101.623,12.496,79.903
2025-04-01 01:13:49,27.239,66.213,102.996,11.859,80.031
2025-04-01 01:13:50,26.585,65.592,103.113,12.774,78.317
2025-04-01 01:13:51,27.143,67.851,103.711,12.698,78.106
2025-04-01 01:13:52,26.692,65.529,102.369,12.268,77.998
2025-04-01 01:13:53,26.95,66.111,102.834,12.279,77.891
2025-04-01 01:13:54,26.708,66.18,102.228,11.33,77.757
2025-04-01 01:13:55,26.568,67.882,102.062,11.623,78.02
2025-04-01 01:13:56,27.008,68.023,101.914,12.129,79.072
2025-04-01 01:13:57,27.014,67.585,101.906,12.629,78.976
2025-04-01 01:13:58,26.574,67.551,103.538,12.242,78.833
2025-04-01 01:13:59,27.046,68.6,104.118,12.182,78.441
2025-04-01 01:14:00,27.503,67.835,102.521,12.45,78.227
2025-04-01 01:14:01,27.481,67.869,102.626,12.873,78.471
2025-04-01 01:14:02,26.587,67.718,104.097,12.618,76.133
2025-04-01 01:14:03,26.531,68.316,102.76,13.72,77.377
2025-04-01 01:14:04,27.489,69.173,103.215,12.747,77.558
2025-04-01 01:14:05,26.884,67.739,103.311,11.793,78.174
2025-04-01 01:14:06,26.913,65.988,101.999,13.286,75.641
2025-04-01 01:14:07,26.555,68.546,102.257,13.134,76.441
2025-04-01 01:14:08,27.633,67.09,100.955,12.226,75.777
2025-04-01 01:14:09,27.125,67.19,101.239,12.956,78.653
2025-04-01 01:14:10,26.591,68.658,100.487,13.228,77.025
2025-04-01 01:14:11,27.408,68.255,101.543,12.106,77.152
2025-04-01 01:14:12,26.988,67.596,101.403,12.858,76.332
2025-04-01 01:14:13,26.699,68.752,100.199,13.749,77.917
2025-04-01 01:14:14,27.044,69.466,100.868,12.346,79.685
2025-04-01 01:14:15,26.504,69.98,99.661,12.762,76.828
2025-04-01 01:14:16,27.068,70.069,100.144,13.463,76.032
2025-04-01 01:14:17,27.297,69.978,98.841,12.394,76.009
2025-04-01 01:14:18,27.226,69.776,98.742,13.221,77.808
2025-04-01 01:14:19,27.198,68.426,98.588,12.446,75.583
2025-04-01 01:14:20,27.1,70.014,98.395,14.17,77.376
2025-04-01 01:14:21,27.093,70.338,98.603,14.076,77.069
2025-04-01 01:14:22,26.842,70.012,98.827,13.614,78.384
2025-04-01 01:14:23,26.964,69.405,99.403,12.866,79.002
2025-04-01 01:14:24,27.038,70.207,98.937,13.492,77.633
2025-04-01 01:14:25,26.753,68.718,98.547,14.168,78.834
2025-04-01 01:14:26,26.486,70.724,97.624,13.475,78.098
2025-04-01 01:14:27,27.026,70.701,98.217,13.618,77.689
2025-04-01 01:14:28,26.877,70.147,97.463,13.703,77.807
2025-04-01 01:14:29,26.856,69.427,97.972,13.29,76.433
2025-04-01 01:14:30,26.589,69.633,98.841,14.157,79.215
2025-04-01 01:14:31,26.36,70.514,99.338,13.603,78.161
2025-04-01 01:14:32,26.992,69.796,100.544,13.781,77.866
2025-04-01 01:14:33,25.973,70.488,100.1,13.589,79.069
2025-04-01 01:14:34,26.712,70.749,100.708,15.217,79.26
2025-04-01 01:14:35,26.323,70.597,100.824,14.71,78.262
2025-04-01 01:14:36,26.464,70.677,100.973,14.142,79.405
2025-04-01 01:14:37,26.093,70.03,101.389,14.56,77.682
2025-04-01 01:14:38,26.516,70.194,101.888,13.313,78.017
2025-04-01 01:14:39,26.505,71.575,101.981,14.868,78.861
2025-04-01 01:14:40,27.007,71.133,102.284,13.723,80.996
2025-04-01 01:14:41,25.843,70.504,100.923,14.528,79.056
2025-04-01 01:14:42,26.196,71.22,102.634,14.935,79.488
2025-04-01 01:14:43,26.207,72.254,102.184,14.935,76.81
2025-04-01 01:14:44,26.269,71.805,102.236,14.361,80.093
2025-04-01 01:14:45,25.891,70.244,103.273,14.602,80.715
2025-04-01 01:14:46,26.366,70.148,103.296,14.096,79.665
2025-04-01 01:14:47,26.619,72.394,104.491,15.21,79.769
2025-04-01 01:14:48,25.998,70.556,104.298,14.512,79.928
2025-04-01 01:14:49,25.936,70.511,103.436,14.247,77.085
2025-04-01 01:14:50,26.56,69.738,103.674,14.403,80.296
2025-04-01 01:14:51,25.728,71.193,103.372,14.955,81.399
2025-04-01 01:14:52,26.113,71.943,104.423,13.996,81.615
2025-04-01 01:14:53,25.686,70.936,104.996,14.419,81.517
2025-04-01 01:14:54,26.103,71.299,104.612,14.504,79.5
2025-04-01 01:14:55,25.881,70.542,104.479,15.581,81.463
2025-04-01 01:14:56,26.46,70.343,105.615,15.76,79.771
2025-04-01 01:14:57,25.328,72.092,104.785,14.721,80.132
2025-04-01 01:14:58,25.429,72.111,104.221,15.232,80.537
2025-04-01 01:14:59,25.085,69.881,103.172,15.423,82.836
2025-04-01 01:15:00,25.11,72.777,103.855,15.062,80.861
2025-04-01 01:15:01,25.338,69.836,102.998,15.309,83.402
2025-04-01 01:15:02,25.532,71.969,102.574,14.496,83.58
2025-04-01 01:15:03,25.602,73.049,103.277,14.702,82.065
2025-04-01 01:15:04,25.497,71.38,103.659,13.703,82.703
2025-04-01 01:15:05,25.305,70.347,103.276,14.504,83.215
2025-04-01 01:15:06,25.274,71.575,102.814,15.144,83.696
2025-04-01 01:15:07,25.184,70.982,103.414,14.332,84.761
2025-04-01 01:15:08,25.123,70.983,103.244,14.837,84.346
2025-04-01 01:15:09,24.826,72.349,102.569,14.206,81.244
2025-04-01 01:15:10,25.221,70.909,101.332,15.372,82.427
2025-04-01 01:15:11,25.031,70.981,102.011,13.999,82.916
2025-04-01 01:15:12,25.243,71.03,101.3,14.259,83.637
2025-04-01 01:15:13,24.643,70.425,101.927,14.294,83.825
2025-04-01 01:15:14,24.909,70.189,102.085,14.355,83.963
2025-04-01 01:15:15,24.648,70.961,101.797,14.707,82.345
2025-04-01 01:15:16,24.513,71.307,102.728,14.442,83.741
2025-04-01 01:15:17,24.392,72.429,101.755,14.427,84.067
2025-04-01 01:15:18,25.124,72.61,101.016,13.74,84.577
2025-04-01 01:15:19,24.786,70.685,100.409,14.619,84.413
2025-04-01 01:15:20,24.187,71.299,99.541,13.87,83.909
2025-04-01 01:15:21,24.482,69.168,100.376,14.078,84.523
2025-04-01 01:15:22,24.393,70.773,100.629,14.317,85.202
2025-04-01 01:15:23,24.754,70.533,100.954,13.8,85.141
2025-04-01 01:15:24,24.415,70.816,100.334,13.632,83.819
2025-04-01 01:15:25,24.43,71.096,99.043,13.429,85.974
2025-04-01 01:15:26,24.5,70.765,99.962,13.582,85.747
2025-04-01 01:15:27,25.064,70.652,99.74,13.004,85.922
2025-04-01 01:15:28,24.423,71.267,99.423,12.048,84.465
2025-04-01 01:15:29,24.528,69.604,99.228,13.901,86.414
2025-04-01 01:15:30,24.784,70.857,99.801,13.874,84.74
2025-04-01 01:15:31,24.352,70.694,100.02,13.66,87.234
2025-04-01 01:15:32,24.328,69.317,99.268,13.753,84.11
2025-04-01 01:15:33,23.829,71.388,99.643,13.243,84.645
2025-04-01 01:15:34,24.006,70.42,98.905,13.684,83.646
2025-04-01 01:15:35,25.409,69.068,98.774,12.521,85.828
2025-04-01 01:15:36,24.046,70.234,98.384,13.129,85.29
2025-04-01 01:15:37,23.995,70.961,99.117,13.614,85.783
2025-04-01 01:15:38,23.917,68.04,98.756,12.915,85.771
2025-04-01 01:15:39,24.601,69.491,99.896,13.186,85.789
2025-04-01 01:15:40,24.074,70.099,100.258,12.819,84.221
2025-04-01 01:15:41,24.189,70.049,100.38,13.691,85.023
2025-04-01 01:15:42,24.022,69.105,101.545,13.258,86.221
2025-04-01 01:15:43,24.277,68.258,101.263,12.562,85.713
2025-04-01 01:15:44,24.288,67.867,100.98,11.758,85.624
2025-04-01 01:15:45,24.364,70.613,100.803,12.927,86.184
2025-04-01 01:15:46,23.73,69.537,98.928,12.973,84.302
2025-04-01 01:15:47,24.489,68.594,100.187,12.937,86.424
2025-04-01 01:15:48,24.902,68.206,100.874,13.303,86.306
2025-04-01 01:15:49,23.755,68.858,101.256,11.868,87.191
2025-04-01 01:15:50,23.949,69.442,101.485,12.652,87.878
2025-04-01 01:15:51,24.496,68.748,100.737,12.306,84.653
2025-04-01 01:15:52,24.188,67.305,100.321,11.308,84.024
2025-04-01 01:15:53,24.391,68.951,100.73,11.793,85.366
2025-04-01 01:15:54,24.572,68.837,101.648,12.64,85.746
2025-04-01 01:15:55,23.75,67.394,102.648,12.433,85.163
2025-04-01 01:15:56,24.173,67.223,101.129,12.275,86.142
2025-04-01 01:15:57,24.463,68.876,103.117,12.186,85.551
2025-04-01 01:15:58,24.279,67.32,103.376,12.326,84.914
2025-04-01 01:15:59,24.14,67.691,103.78,10.916,88.113
2025-04-01 01:16:00,24.346,67.165,101.978,11.702,85.076
2025-04-01 01:16:01,24.605,68.425,103.188,12.112,84.311
2025-04-01 01:16:02,24.495,68.389,103.74,12.069,84.56
2025-04-01 01:16:03,24.776,68.702,104.519,11.106,85.506
2025-04-01 01:16:04,24.532,66.595,104.301,10.773,85.273
2025-04-01 01:16:05,24.228,67.552,105.715,11.848,84.865
2025-04-01 01:16:06,24.006,66.044,107.944,11.889,85.803
2025-04-01 01:16:07,24.774,68.471,107.421,10.979,84.731
2025-04-01 01:16:08,24.581,66.474,108.686,12.052,84.76
2025-04-01 01:16:09,24.373,65.836,108.757,12.193,83.602
2025-04-01 01:16:10,24.242,65.665,109.01,11.604,85.537
2025-04-01 01:16:11,24.497,66.951,109.247,12.139,84.661
2025-04-01 01:16:12,24.265,66.435,110.823,11.494,84.578
2025-04-01 01:16:13,24.392,66.229,111.425,11.395,84.406
2025-04-01 01:16:14,24.803,66.248,109.872,11.094,82.628
2025-04-01 01:16:15,24.352,65.672,110.89,11.209,83.954
2025-04-01 01:16:16,24.479,67.092,110.017,11.18,84.42
2025-04-01 01:16:17,25.064,65.014,109.915,11.457,83.773
2025-04-01 01:16:18,24.699,66.055,111.227,11.743,83.095
2025-04-01 01:16:19,25.25,66.24,111.742,11.565,82.44
2025-04-01 01:16:20,24.789,64.709,111.145,11.73,83.418
2025-04-01 01:16:21,24.574,63.768,111.484,11.27,82.88
2025-04-01 01:16:22,25.089,65.363,110.848,11.46,85.425
2025-04-01 01:16:23,24.929,64.986,112.05,10.686,82.134
2025-04-01 01:16:24,25.058,65.723,111.23,11.264,81.843
2025-04-01 01:16:25,25.32,64.206,111.453,11.549,84.069
2025-04-01 01:16:26,25.423,64.249,110.878,13.363,82.163
2025-04-01 01:16:27,25.794,66.417,110.377,11.95,83.453
2025-04-01 01:16:28,25.502,64.413,110.877,10.776,82.318
2025-04-01 01:16:29,24.862,63.923,110.413,11.591,82.156
2025-04-01 01:16:30,24.909,64.976,111.179,10.94,81.663
2025-04-01 01:16:31,25.532,64.909,110.06,12.315,82.422
2025-04-01 01:16:32,24.993,63.668,109.658,11.513,81.141
2025-04-01 01:16:33,24.957,64.28,110.419,11.288,82.903
2025-04-01 01:16:34,25.241,63.751,110.643,11.284,82.683
2025-04-01 01:16:35,25.304,65.278,110.593,11.563,81.689
2025-04-01 01:16:36,25.566,63.616,109.552,12.013,81.932
2025-04-01 01:16:37,25.569,64.845,110.515,12.002,79.264
2025-04-01 01:16:38,25.19,64.433,110.383,12.158,82.417
2025-04-01 01:16:39,25.874,64.181,110.138,12.536,77.495
2025-04-01 01:16:40,25.143,64.134,109.121,12.754,80.482
2025-04-01 01:16:41,25.959,64.426,109.294,11.386,79.464
2025-04-01 01:16:42,25.473,64.97,108.54,11.9,80.571
2025-04-01 01:16:43,25.965,64.779,108.367,11.757,80.086
2025-04-01 01:16:44,25.487,62.978,107.85,11.212,80.744
2025-04-01 01:16:45,25.923,65.339,107.291,12.656,81.329
2025-04-01 01:16:46,25.084,63.531,107.788,12.117,79.934
2025-04-01 01:16:47,25.949,63.811,106.869,11.887,79.571
2025-04-01 01:16:48,26.071,63.283,105.137,12.222,79.638
2025-04-01 01:16:49,25.999,63.23,104.854,11.598,79.826
2025-04-01 01:16:50,26.822,63.386,103.704,12.501,79.097
2025-04-01 01:16:51,26.21,62.214,104.977,12.83,78.846
2025-04-01 01:16:52,26.011,63.615,104.857,12.529,79.01
2025-04-01 01:16:53,26.462,62.807,103.26,12.674,79.921
2025-04-01 01:16:54,26.774,62.17,103.766,12.736,78.704
2025-04-01 01:16:55,26.161,63.866,103.263,12.779,78.088
2025-04-01 01:16:56,25.947,62.562,104.319,12.982,77.938
2025-04-01 01:16:57,26.58,64.497,103.88,13.383,77.951
2025-04-01 01:16:58,26.462,62.188,103.052,12.572,78.063
2025-04-01 01:16:59,26.62,62.936,102.679,12.858,80.056
2025-04-01 01:17:00,26.69,64.318,102.901,12.381,77.607
2025-04-01 01:17:01,26.367,63.389,102.439,12.253,78.671
2025-04-01 01:17:02,26.093,63.646,102.481,13.691,77.948
2025-04-01 01:17:03,27.292,61.482,102.832,13.4,77.73
2025-04-01 01:17:04,26.382,63.287,102.254,12.689,78.491
2025-04-01 01:17:05,26.688,62.643,102.307,13.151,79.327
2025-04-01 01:17:06,26.957,63.546,102.422,12.96,78.099
2025-04-01 01:17:07,26.558,61.905,102.055,12.914,79.115
2025-04-01 01:17:08,26.822,62.15,103.226,13.485,77.779
2025-04-01 01:17:09,27.031,63.629,103.544,13.497,80.874
2025-04-01 01:17:10,26.428,63.141,103.753,13.863,77.714
2025-04-01 01:17:11,27.088,63.214,104.369,13.443,78.771
2025-04-01 01:17:12,26.769,63.891,104.648,13.908,78.078
2025-04-01 01:17:13,27.232,62.252,105.7,13.385,79.16
2025-04-01 01:17:14,26.707,62.14,105.46,14.016,77.599
2025-04-01 01:17:15,26.739,62.833,106.032,13.135,78.336
2025-04-01 01:17:16,27.157,64.537,105.798,13.514,78.404
2025-04-01 01:17:17,27.059,63.532,104.055,14.503,77.919
2025-04-01 01:17:18,27.447,64.441,103.443,14.844,77.311
2025-04-01 01:17:19,26.618,63.02,104.642,13.888,78.342
2025-04-01 01:17:20,27.385,62.779,103.475,13.18,77.188
2025-04-01 01:17:21,27.327,65.047,104.736,14.048,77.691
2025-04-01 01:17:22,26.975,64.037,104.514,13.186,78.393
2025-04-01 01:17:23,26.982,62.691,105.532,14.763,79.196
2025-04-01 01:17:24,27.357,62.906,107.198,13.103,76.091
2025-04-01 01:17:25,27.215,63.854,107.695,13.85,79.491
2025-04-01 01:17:26,27.492,63.327,107.778,13.76,77.908
2025-04-01 01:17:27,26.854,64.063,106.246,13.744,78.774
2025-04-01 01:17:28,27.715,64.499,106.767,13.666,79.109
2025-04-01 01:17:29,27.062,63.931,106.367,14.158,78.789
2025-04-01 01:17:30,27.41,64.023,105.855,14.325,77.328
2025-04-01 01:17:31,27.598,63.738,105.727,14.352,77.469
2025-04-01 01:17:32,27.127,63.872,106.154,14.079,78.805
2025-04-01 01:17:33,27.161,64.196,107.282,14.34,79.804
2025-04-01 01:17:34,26.794,65.204,106.547,13.603,79.06
2025-04-01 01:17:35,27.437,64.208,106.178,13.572,79.645
2025-04-01 01:17:36,27.348,62.602,107.042,12.584,78.637
2025-04-01 01:17:37,26.9,63.962,106.892,13.934,77.492
2025-04-01 01:17:38,27.336,63.974,108.158,14.335,80.364
2025-04-01 01:17:39,27.645,66.058,106.248,14.098,78.644
2025-04-01 01:17:40,27.636,64.829,106.869,13.55,80.608
2025-04-01 01:17:41,27.348,65.127,105.767,14.556,79.74
2025-04-01 01:17:42,27.256,65.193,106.685,13.686,79.754
2025-04-01 01:17:43,26.836,65.428,107.812,13.169,81.001
2025-04-01 01:17:44,26.882,65.302,107.527,12.946,81.286
2025-04-01 01:17:45,27.359,64.717,107.845,13.597,79.262
2025-04-01 01:17:46,27.292,64.945,108.106,13.433,79.361
2025-04-01 01:17:47,27.281,64.481,107.523,12.858,81.137
2025-04-01 01:17:48,27.066,66.69,108.27,12.879,79.978
2025-04-01 01:17:49,26.541,67.121,107.572,13.692,79.408
2025-04-01 01:17:50,26.806,65.811,107.729,13.583,79.597
2025-04-01 01:17:51,26.741,65.845,107.362,13.446,81.801
2025-04-01 01:17:52,27.022,66.15,105.713,12.521,79.271
2025-04-01 01:17:53,26.877,66.476,106.792,13.204,83.199
2025-04-01 01:17:54,26.814,65.159,105.319,13.848,81.015
2025-04-01 01:17:55,27.183,67.993,105.773,12.634,81.33
2025-04-01 01:17:56,27.358,66.544,105.834,12.754,81.599
2025-04-01 01:17:57,27.007,67.917,105.33,13.143,80.557
2025-04-01 01:17:58,26.548,65.744,105.31,12.853,82.121
2025-04-01 01:17:59,26.763,67.334,105.972,12.616,81.295
2025-04-01 01:18:00,26.868,66.455,105.919,13.609,82.471
2025-04-01 01:18:01,25.925,67.939,106.083,13.055,82.833
2025-04-01 01:18:02,26.555,66.679,107.189,11.863,82.115
2025-04-01 01:18:03,26.267,67.195,104.519,12.089,82.91
2025-04-01 01:18:04,25.999,67.824,104.913,12.141,80.983
2025-04-01 01:18:05,26.581,65.892,104.871,12.486,82.952
2025-04-01 01:18:06,26.272,66.228,105.222,12.217,81.424
2025-04-01 01:18:07,27.163,66.663,103.334,11.873,83.473
2025-04-01 01:18:08,26.242,66.701,104.126,11.989,83.178
2025-04-01 01:18:09,26.875,67.482,103.827,11.954,82.101
2025-04-01 01:18:10,26.894,67.178,104.337,12.241,83.276
2025-04-01 01:18:11,25.902,66.741,103.935,12.144,83.732
2025-04-01 01:18:12,25.969,68.226,103.848,13.039,84.314
2025-04-01 01:18:13,26.28,67.759,104.261,12.558,84.117
2025-04-01 01:18:14,26.165,67.336,105.979,11.983,82.741
2025-04-01 01:18:15,25.519,67.46,105.839,11.419,83.21
2025-04-01 01:18:16,26.02,69.708,106.08,11.981,83.574
2025-04-01 01:18:17,25.975,68.945,104.848,11.686,83.838
2025-04-01 01:18:18,26.359,68.833,106.91,11.898,84.043
2025-04-01 01:18:19,25.844,68.468,106.891,10.777,84.945
2025-04-01 01:18:20,25.774,68.027,106.665,10.514,83.287
2025-04-01 01:18:21,25.498,69.234,107.469,11.672,84.729
2025-04-01 01:18:22,25.212,67.703,106.53,11.75,84.446
2025-04-01 01:18:23,26.046,67.424,106.884,11.554,83.553
2025-04-01 01:18:24,25.045,68.347,107.57,11.571,84.232
2025-04-01 01:18:25,25.747,69.445,107.683,11.484,85.766
2025-04-01 01:18:26,25.197,69.718,108.038,10.797,85.954
2025-04-01 01:18:27,25.196,69.345,107.929,10.394,85.827
2025-04-01 01:18:28,25.317,69.843,109.012,10.843,86.728
2025-04-01 01:18:29,25.598,69.147,110.251,11.134,84.848
2025-04-01 01:18:30,25.807,68.674,109.653,9.746,83.137
2025-04-01 01:18:31,25.129,69.048,109.302,10.421,85.826
2025-04-01 01:18:32,24.847,69.839,110.72,10.624,87.128
2025-04-01 01:18:33,25.288,69.548,110.335,10.65,86.638
2025-04-01 01:18:34,25.524,69.791,111.103,10.722,83.981
2025-04-01 01:18:35,24.941,69.43,111.248,10.562,86.252
2025-04-01 01:18:36,24.82,69.29,111.98,10.918,86.71
2025-04-01 01:18:37,24.786,69.518,111.483,10.377,84.785
2025-04-01 01:18:38,24.768,69.778,111.149,10.928,86.534
2025-04-01 01:18:39,24.455,70.656,111.966,10.828,85.778
2025-04-01 01:18:40,24.746,68.324,112.434,11.486,84.882
2025-04-01 01:18:41,25.335,70.921,111.262,9.684,84.367
2025-04-01 01:18:42,24.369,70.915,111.934,9.807,86.962
2025-04-01 01:18:43,24.928,68.638,112.488,10.351,86.26
2025-04-01 01:18:44,24.663,70.699,112.01,11.038,85.044
2025-04-01 01:18:45,24.818,69.947,114.011,10.024,85.933
2025-04-01 01:18:46,25.071,70.678,112.608,10.622,86.096
2025-04-01 01:18:47,24.633,71.878,112.88,11.152,86.195
2025-04-01 01:18:48,25.113,71.037,112.088,9.548,85.346
2025-04-01 01:18:49,24.57,70.726,113.237,10.48,87.198
2025-04-01 01:18:50,25.06,70.035,113.44,10.993,84.507
2025-04-01 01:18:51,24.199,71.34,112.116,10.47,85.708
2025-04-01 01:18:52,24.803,71.907,111.384,9.992,87.222
2025-04-01 01:18:53,24.634,69.139,112.799,10.461,86.135
2025-04-01 01:18:54,24.672,71.19,113.085,10.802,87.975
2025-04-01 01:18:55,24.01,70.384,112.989,11.004,84.642
2025-04-01 01:18:56,24.793,70.901,113.188,10.062,83.743
2025-04-01 01:18:57,24.324,69.014,113.213,10.861,84.714
2025-04-01 01:18:58,24.422,71.76,113.417,10.324,85.663
2025-04-01 01:18:59,24.367,70.961,112.809,10.7,84.761
2025-04-01 01:19:00,24.605,71.734,112.994,10.665,87.418
2025-04-01 01:19:01,24.49,72.221,113.745,10.955,86.636
2025-04-01 01:19:02,24.125,72.454,113.207,9.881,84.52
2025-04-01 01:19:03,24.296,71.055,112.433,10.971,83.056
2025-04-01 01:19:04,24.232,71.753,112.648,10.613,84.97
2025-04-01 01:19:05,24.544,71.931,112.406,11.059,85.379
2025-04-01 01:19:06,24.148,69.672,113.612,11.366,84.65
2025-04-01 01:19:07,24.219,70.556,113.345,11.562,85.208
2025-04-01 01:19:08,24.303,70.154,114.403,10.781,85.236
2025-04-01 01:19:09,24.31,71.656,114.444,11.174,84.932
2025-04-01 01:19:10,24.492,71.205,114.219,10.531,83.21
2025-04-01 01:19:11,24.536,71.248,112.619,10.744,84.869
2025-04-01 01:19:12,24.044,69.861,113.182,11.18,83.491
2025-04-01 01:19:13,24.636,71.02,112.499,11.239,84.209
2025-04-01 01:19:14,24.504,70.666,112.049,11.584,85.718
2025-04-01 01:19:15,24.269,71.684,112.621,12.129,81.864
2025-04-01 01:19:16,23.839,72.003,112.641,11.414,84.922
2025-04-01 01:19:17,24.412,70.841,112.732,11.295,84.961
2025-04-01 01:19:18,24.305,71.283,112.745,11.158,82.683
2025-04-01 01:19:19,24.929,70.127,112.494,12.507,82.35
2025-04-01 01:19:20,23.928,71.984,113.225,10.877,84.06
2025-04-01 01:19:21,24.406,70.268,111.809,11.836,81.99
2025-04-01 01:19:22,24.478,71.666,112.045,12.389,83.152
2025-04-01 01:19:23,24.804,71.468,111.919,12.548,82.77
2025-04-01 01:19:24,24.416,71.26,111.756,12.323,83.316
2025-04-01 01:19:25,24.843,69.942,112.721,12.34,83.045
2025-04-01 01:19:26,24.394,69.251,111.553,11.34,83.316
2025-04-01 01:19:27,24.504,71.32,109.973,11.613,81.405
2025-04-01 01:19:28,25.133,70.548,110.107,11.184,81.712
2025-04-01 01:19:29,24.068,70.067,109.375,12.349,82.906
2025-04-01 01:19:30,24.464,71.022,108.374,12.51,83.603
2025-04-01 01:19:31,24.011,70.934,107.877,13.508,81.489
2025-04-01 01:19:32,24.785,70.16,108.266,12.489,81.556
2025-04-01 01:19:33,25.005,69.272,108.203,12.44,80.792
2025-04-01 01:19:34,25.103,69.95,108.01,13.366,81.592
2025-04-01 01:19:35,24.622,70.158,106.887,13.071,81.386
2025-04-01 01:19:36,24.425,69.509,107.089,12.47,79.127
2025-04-01 01:19:37,24.7,70.639,107.496,13.469,81.907
2025-04-01 01:19:38,24.445,69.348,107.304,13.808,80.58
2025-04-01 01:19:39,24.775,70.909,107.24,12.202,82.183
2025-04-01 01:19:40,25.388,71.267,106.135,12.431,79.852
2025-04-01 01:19:41,24.799,69.497,105.692,13.169,81.268
2025-04-01 01:19:42,24.945,69.666,106.141,14.12,81.37
2025-04-01 01:19:43,25.05,70.566,105.319,13.579,80.264
2025-04-01 01:19:44,25.35,70.487,105.341,12.771,80.161
2025-04-01 01:19:45,25.066,68.607,106.127,13.114,80.815
2025-04-01 01:19:46,25.317,68.601,105.379,13.195,80.679
2025-04-01 01:19:47,25.273,69.473,106.063,13.567,81.563
2025-04-01 01:19:48,25.294,67.291,106.382,13.684,80.766
2025-04-01 01:19:49,25.784,69.956,105.661,12.542,80.512
2025-04-01 01:19:50,25.825,69.294,106.329,13.492,79.895
2025-04-01 01:19:51,25.274,69.458,106.932,13.207,79.916
2025-04-01 01:19:52,25.258,70.756,106.713,14.685,79.939
2025-04-01 01:19:53,25.312,69.851,106.158,13.856,79.588
2025-04-01 01:19:54,25.069,68.147,107.879,13.239,78.843
2025-04-01 01:19:55,25.677,68.7,107.882,13.642,79.174
2025-04-01 01:19:56,25.167,68.284,107.775,12.665,80.21
2025-04-01 01:19:57,25.679,68.455,109.134,13.171,77.46
2025-04-01 01:19:58,25.729,68.642,109.941,13.523,80.362
2025-04-01 01:19:59,25.7,69.272,109.147,13.084,80.547
2025-04-01 01:20:00,25.675,70.972,109.086,12.632,78.033
2025-04-01 01:20:01,25.976,68.76,108.841,13.454,77.992
2025-04-01 01:20:02,25.938,67.902,109.043,13.201,78.904
2025-04-01 01:20:03,26.127,66.512,108.282,13.043,78.258
2025-04-01 01:20:04,26.152,68.67,108.319,13.457,79.303
2025-04-01 01:20:05,26.394,67.172,109.566,12.733,79.965
2025-04-01 01:20:06,26.011,67.572,108.716,13.643,78.206
2025-04-01 01:20:07,26.202,67.57,109.023,13.457,78.034
2025-04-01 01:20:08,25.751,67.325,109.971,11.835,78.633
2025-04-01 01:20:09,26.49,67.951,108.994,12.984,78.859
2025-04-01 01:20:10,26.104,68.707,109.094,14.201,79.224
2025-04-01 01:20:11,26.311,68.844,109.183,13.668,78.048
2025-04-01 01:20:12,26.41,68.473,108.743,13.34,77.358
2025-04-01 01:20:13,27.144,67.45,109.49,13.429,79.167
2025-04-01 01:20:14,26.458,67.735,110.807,12.308,79.254
2025-04-01 01:20:15,26.593,67.502,111.063,12.177,77.373
2025-04-01 01:20:16,26.314,65.723,110.827,13.526,79.457
2025-04-01 01:20:17,26.663,65.672,110.085,12.61,77.886
2025-04-01 01:20:18,26.461,65.52,110.423,12.909,79.271
2025-04-01 01:20:19,26.572,66.897,111.207,11.565,78.202
2025-04-01 01:20:20,26.569,66.651,111.038,12.091,78.893
2025-04-01 01:20:21,26.5,65.834,110.265,12.199,78.584
2025-04-01 01:20:22,27.018,65.601,109.438,12.903,78.624
2025-04-01 01:20:23,27.27,65.724,109.391,12.27,78.205
2025-04-01 01:20:24,26.265,65.574,109.595,12.451,78.876
2025-04-01 01:20:25,27.1,67.697,108.937,12.208,80.991
2025-04-01 01:20:26,26.774,65.787,108.168,11.582,78.677
2025-04-01 01:20:27,27.062,65.432,108.876,12.109,79.122
2025-04-01 01:20:28,26.985,66.647,108.672,11.986,78.115
2025-04-01 01:20:29,27.277,66.288,108.922,12.653,79.908
2025-04-01 01:20:30,27.233,64.603,110.164,11.549,79.354
2025-04-01 01:20:31,27.084,64.841,110.881,12.118,78.684
2025-04-01 01:20:32,27.203,65.747,109.943,11.557,79.748
2025-04-01 01:20:33,27.489,65.962,110.561,11.913,80.148
2025-04-01 01:20:34,27.395,64.274,110.14,12.359,78.983
2025-04-01 01:20:35,27.333,65.168,110.359,11.908,78.484
2025-04-01 01:20:36,26.783,66.17,110.29,11.52,78.96
2025-04-01 01:20:37,27.295,64.145,110.247,12.092,78.392
2025-04-01 01:20:38,27.208,64.772,110.302,12.294,79.387
2025-04-01 01:20:39,27.493,64.346,109.693,11.387,79.489
2025-04-01 01:20:40,27.229,63.32,108.84,12.244,80.477
2025-04-01 01:20:41,27.236,64.26,107.988,11.627,80.577
2025-04-01 01:20:42,26.876,65.122,108.161,11.751,80.973
2025-04-01 01:20:43,27.71,64.694,107.002,12.103,82.171
2025-04-01 01:20:44,27.292,63.991,106.008,10.817,81.67
2025-04-01 01:20:45,27.302,65.553,105.467,10.18,79.231
2025-04-01 01:20:46,27.28,65.187,105.435,10.946,81.303
2025-04-01 01:20:47,27.444,64.661,103.8,12.001,79.617
2025-04-01 01:20:48,27.329,63.297,104.694,11.461,81.175
2025-04-01 01:20:49,27.393,64.409,104.622,11.262,80.53
2025-04-01 01:20:50,27.562,64.631,104.476,11.071,80.669
2025-04-01 01:20:51,27.052,63.802,104.263,10.668,81.145
2025-04-01 01:20:52,27.572,64.625,104.91,10.183,81.909
2025-04-01 01:20:53,27.319,65.256,104.902,10.542,83.293
2025-04-01 01:20:54,27.081,65.632,105.4,9.582,82.031
2025-04-01 01:20:55,27.445,62.352,104.666,11.214,82.917
2025-04-01 01:20:56,27.048,64.328,105.484,10.283,82.831
2025-04-01 01:20:57,27.094,63.435,104.714,10.211,82.239
2025-04-01 01:20:58,27.562,64.729,105.474,10.243,83.062
2025-04-01 01:20:59,27.693,65.087,105.242,10.204,82.629
2025-04-01 01:21:00,27.145,62.368,106.57,9.277,81.793
2025-04-01 01:21:01,27.209,61.686,105.704,10.177,82.229
2025-04-01 01:21:02,27.376,63.467,105.466,10.483,83.827
2025-04-01 01:21:03,27.179,62.845,105.581,9.056,83.495
2025-04-01 01:21:04,27.395,63.062,104.15,9.465,83.246
2025-04-01 01:21:05,27.067,64.439,104.185,9.295,82.93
2025-04-01 01:21:06,27.032,62.303,103.854,9.739,83.01
2025-04-01 01:21:07,27.057,63.135,104.604,10.5,83.047
2025-04-01 01:21:08,27.58,64.348,103.924,10.515,81.908
2025-04-01 01:21:09,27.254,62.153,103.769,9.314,84.466
2025-04-01 01:21:10,27.267,63.557,105.41,9.85,84.174
2025-04-01 01:21:11,27.594,62.857,104.964,10.148,84.196
2025-04-01 01:21:12,26.838,62.445,104.714,9.752,85.361
2025-04-01 01:21:13,27.217,62.786,105.204,10.076,83.667
2025-04-01 01:21:14,27.134,64.499,104.026,10.261,83.875
2025-04-01 01:21:15,26.209,62.703,104.476,9.816,84.085
2025-04-01 01:21:16,27.274,61.691,103.763,10.343,83.312
2025-04-01 01:21:17,26.515,63.091,103.941,10.166,84.466
2025-04-01 01:21:18,26.764,61.425,104.504,9.482,83.26
2025-04-01 01:21:19,26.466,63.737,103.297,9.554,84.93
2025-04-01 01:21:20,26.968,62.786,103.996,10.178,85.442
2025-04-01 01:21:21,26.953,62.779,104.027,9.615,85.096
2025-04-01 01:21:22,26.791,65.428,104.309,9.676,84.67
2025-04-01 01:21:23,26.389,62.203,104.351,9.62,84.566
2025-04-01 01:21:24,26.436,64.345,103.921,9.547,83.518
2025-04-01 01:21:25,26.686,62.635,103.542,10.106,85.167
2025-04-01 01:21:26,26.558,63.199,104.661,9.797,83.657
2025-04-01 01:21:27,26.605,61.87,103.64,10.201,85.685
2025-04-01 01:21:28,26.349,64.011,103.611,9.231,86.035
2025-04-01 01:21:29,26.431,64.304,103.682,8.722,85.692
2025-04-01 01:21:30,26.219,62.468,104.493,9.423,83.464
2025-04-01 01:21:31,26.102,63.053,104.047,10.949,85.544
2025-04-01 01:21:32,26.36,63.507,104.673,9.099,84.921
2025-04-01 01:21:33,26.067,62.017,105.506,10.279,87.22
2025-04-01 01:21:34,26.673,64.352,105.686,10.853,86.705
2025-04-01 01:21:35,26.283,62.164,106.267,10.311,84.597
2025-04-01 01:21:36,25.557,62.641,105.042,10.759,83.641
2025-04-01 01:21:37,26.099,62.944,104.874,10.614,85.361
2025-04-01 01:21:38,26.197,63.462,104.847,10.299,86.575
2025-04-01 01:21:39,26.444,64.809,104.408,10.802,87.005
2025-04-01 01:21:40,25.804,64.113,105.213,10.406,85.721
2025-04-01 01:21:41,26.075,63.831,103.369,10.373,85.779
2025-04-01 01:21:42,25.804,65.221,104.039,10.765,86.587
2025-04-01 01:21:43,25.379,63.494,103.469,10.716,85.614
2025-04-01 01:21:44,25.255,64.026,102.208,10.169,85.567
2025-04-01 01:21:45,25.591,65.598,103.738,11.317,87.621
2025-04-01 01:21:46,25.848,63.382,102.469,11.025,85.549
2025-04-01 01:21:47,25.757,64.798,102.11,11.372,85.289
2025-04-01 01:21:48,25.785,63.769,103.03,10.57,86.233
2025-04-01 01:21:49,25.42,64.065,103.569,11.41,86.399
2025-04-01 01:21:50,24.931,64.626,103.563,11.21,86.695
2025-04-01 01:21:51,25.506,64.441,105.132,11.372,85.387
2025-04-01 01:21:52,24.695,65.673,104.276,10.543,85.996
2025-04-01 01:21:53,25.5,64.869,104.332,10.913,84.079
2025-04-01 01:21:54,25.743,64.573,104.616,11.755,84.8
2025-04-01 01:21:55,25.4,64.577,103.651,11.18,87.996
2025-04-01 01:21:56,24.99,66.51,103.388,11.428,84.509
2025-04-01 01:21:57,25.182,64.151,102.339,11.643,86.156
2025-04-01 01:21:58,25.182,65.553,101.97,10.5,86.175
2025-04-01 01:21:59,25.167,66.56,100.507,11.471,84.912
2025-04-01 01:22:00,25.163,64.054,99.584,12.261,85.557
2025-04-01 01:22:01,25.063,65.684,100.158,10.344,83.937
2025-04-01 01:22:02,25.111,65.928,100.099,11.01,87.203
2025-04-01 01:22:03,24.966,65.912,100.447,11.803,84.32
2025-04-01 01:22:04,24.55,65.997,99.381,11.903,86.26
2025-04-01 01:22:05,24.504,66.323,98.982,11.73,84.942
2025-04-01 01:22:06,24.976,67.443,98.046,11.586,84.927
2025-04-01 01:22:07,25.143,66.365,97.989,11.889,86.525
2025-04-01 01:22:08,24.506,67.451,96.513,11.776,84.413
2025-04-01 01:22:09,24.686,66.973,96.713,12.251,82.796
2025-04-01 01:22:10,24.413,65.206,97.001,12.3,83.538
2025-04-01 01:22:11,24.827,65.028,96.281,12.728,84.338
2025-04-01 01:22:12,24.583,66.727,96.675,11.987,85.174
2025-04-01 01:22:13,24.279,66.044,96.443,12.392,84.681
2025-04-01 01:22:14,24.655,67.199,97.063,12.406,84.659
2025-04-01 01:22:15,24.496,66.755,96.898,12.944,82.878
2025-04-01 01:22:16,24.542,68.315,96.376,12.748,84.908
2025-04-01 01:22:17,24.716,67.634,97.121,12.409,84.116
2025-04-01 01:22:18,24.514,68.617,97.007,12.995,83.156
2025-04-01 01:22:19,24.55,66.73,97.174,13.144,83.02
2025-04-01 01:22:20,23.984,67.647,96.949,12.702,83.591
2025-04-01 01:22:21,24.971,67.844,97.065,12.316,83.468
2025-04-01 01:22:22,24.779,67.395,97.701,12.578,83.667
2025-04-01 01:22:23,24.75,67.177,98.325,11.938,84.518
2025-04-01 01:22:24,24.456,66.628,98.476,12.059,82.578
2025-04-01 01:22:25,23.714,67.26,99.553,12.719,82.566
2025-04-01 01:22:26,24.767,67.438,98.39,13.098,82.41
2025-04-01 01:22:27,24.571,67.06,97.868,12.549,83.921
2025-04-01 01:22:28,24.819,68.438,96.996,12.4,81.694
2025-04-01 01:22:29,24.441,68.141,97.961,13.069,82.632
2025-04-01 01:22:30,24.656,68.504,96.684,12.326,83.522
2025-04-01 01:22:31,24.635,68.293,97.638,12.691,81.942
2025-04-01 01:22:32,24.439,68.688,97.433,13.094,82.849
2025-04-01 01:22:33,24.651,67.239,98.251,12.57,81.412
2025-04-01 01:22:34,24.676,69.253,98.539,12.555,81.647
2025-04-01 01:22:35,24.701,68.243,98.94,12.925,80.472
2025-04-01 01:22:36,23.938,68.832,99.406,12.227,84.272
2025-04-01 01:22:37,24.421,69.282,100.167,12.669,80.634
2025-04-01 01:22:38,24.5,68.358,99.89,12.972,79.314
2025-04-01 01:22:39,24.582,69.964,100.311,13.093,81.627
2025-04-01 01:22:40,24.891,68.037,99.902,12.025,81.742
2025-04-01 01:22:41,23.994,68.835,99.601,12.141,79.924
2025-04-01 01:22:42,24.598,69.017,99.583,11.998,82.274
2025-04-01 01:22:43,24.491,70.142,100.639,12.01,81.691
2025-04-01 01:22:44,24.645,69.101,100.853,11.862,81.397
2025-04-01 01:22:45,24.767,70.419,101.981,11.985,80.082
2025-04-01 01:22:46,24.935,68.85,102.912,12.153,80.636
2025-04-01 01:22:47,24.902,69.934,102.124,12.37,81.912
2025-04-01 01:22:48,24.149,68.97,102.016,11.789,78.98
2025-04-01 01:22:49,24.718,71.177,101.37,12.169,80.661
2025-04-01 01:22:50,24.765,69.216,101.771,11.122,79.664
2025-04-01 01:22:51,24.715,69.161,101.626,11.996,81.535
2025-04-01 01:22:52,24.699,71.145,101.343,12.155,79.85
2025-04-01 01:22:53,25.116,69.905,101.023,12.351,79.0
2025-04-01 01:22:54,24.499,70.795,101.446,11.692,80.939
2025-04-01 01:22:55,25.077,69.194,101.537,11.277,79.954
2025-04-01 01:22:56,24.907,69.313,102.157,11.132,78.859
2025-04-01 01:22:57,24.859,70.229,103.122,11.868,79.574
2025-04-01 01:22:58,24.34,70.064,102.38,11.624,78.09
2025-04-01 01:22:59,25.103,69.527,102.754,11.927,79.027
2025-04-01 01:23:00,25.12,70.346,103.138,11.185,80.96
2025-04-01 01:23:01,25.56,69.908,102.7,11.424,80.451
2025-04-01 01:23:02,25.495,70.433,102.803,11.667,80.023
2025-04-01 01:23:03,25.103,71.013,102.982,12.036,80.075
2025-04-01 01:23:04,25.472,70.833,103.085,10.759,77.094
2025-04-01 01:23:05,25.893,71.902,101.89,10.134,78.735
2025-04-01 01:23:06,24.656,71.56,102.146,10.333,79.282
2025-04-01 01:23:07,25.357,69.856,102.178,10.388,76.52
2025-04-01 01:23:08,25.522,70.376,102.461,11.363,78.175
2025-04-01 01:23:09,25.925,71.102,103.174,10.292,77.913
2025-04-01 01:23:10,25.393,71.542,103.367,10.647,80.156
2025-04-01 01:23:11,25.512,71.434,103.307,10.681,79.434
2025-04-01 01:23:12,25.449,70.576,102.931,10.458,76.862
2025-04-01 01:23:13,25.846,70.596,103.074,10.324,78.728
2025-04-01 01:23:14,26.068,70.839,102.776,10.485,78.912
2025-04-01 01:23:15,25.673,70.589,102.356,10.729,78.347
2025-04-01 01:23:16,25.759,69.281,102.751,9.993,78.812
2025-04-01 01:23:17,26.002,70.027,103.515,10.14,79.218
2025-04-01 01:23:18,25.627,70.701,102.023,9.928,79.615
2025-04-01 01:23:19,25.67,72.031,101.338,9.665,79.442
2025-04-01 01:23:20,25.687,70.163,100.097,10.428,79.631
2025-04-01 01:23:21,26.553,71.414,99.771,10.055,79.157
2025-04-01 01:23:22,26.127,70.905,99.974,9.359,77.061
2025-04-01 01:23:23,26.327,71.95,100.268,9.327,80.2
2025-04-01 01:23:24,26.526,71.414,99.227,9.886,78.507
2025-04-01 01:23:25,26.172,71.486,100.26,9.88,79.693
2025-04-01 01:23:26,26.343,71.462,99.208,9.576,80.628
2025-04-01 01:23:27,26.295,70.892,99.185,10.038,79.907
2025-04-01 01:23:28,25.959,70.393,100.317,9.227,81.389
2025-04-01 01:23:29,26.503,71.109,99.017,9.278,77.641
2025-04-01 01:23:30,26.34,70.355,99.71,9.761,79.058
2025-04-01 01:23:31,26.456,70.604,99.856,8.863,78.345
2025-04-01 01:23:32,26.946,71.941,99.629,9.187,79.905
2025-04-01 01:23:33,26.445,69.828,100.416,8.839,79.956
2025-04-01 01:23:34,27.321,71.335,100.18,9.626,78.971
2025-04-01 01:23:35,26.955,71.307,100.403,9.407,79.46
2025-04-01 01:23:36,26.982,70.722,100.217,9.021,79.978
2025-04-01 01:23:37,27.12,71.156,100.297,9.7,80.22
2025-04-01 01:23:38,26.385,71.649,99.978,8.78,79.455
2025-04-01 01:23:39,26.738,69.336,101.059,9.772,79.258
2025-04-01 01:23:40,26.867,71.291,99.392,8.829,78.129
2025-04-01 01:23:41,26.736,70.467,100.179,10.065,79.223
2025-04-01 01:23:42,26.676,71.264,98.626,9.671,80.797
2025-04-01 01:23:43,26.874,70.924,98.237,9.04,80.023
2025-04-01 01:23:44,27.308,71.092,98.686,9.594,79.776
2025-04-01 01:23:45,27.298,70.724,98.853,8.833,82.971
2025-04-01 01:23:46,27.171,69.694,98.135,9.832,82.406
2025-04-01 01:23:47,27.21,70.878,97.331,9.289,79.974
2025-04-01 01:23:48,27.409,70.447,97.582,8.866,81.594
2025-04-01 01:23:49,26.98,70.202,97.721,9.332,80.228
2025-04-01 01:23:50,27.279,69.87,97.645,8.56,80.237
2025-04-01 01:23:51,27.34,69.843,97.098,9.193,81.229
2025-04-01 01:23:52,27.716,69.882,97.441,10.112,80.966
2025-04-01 01:23:53,27.462,69.216,98.254,9.203,82.586
2025-04-01 01:23:54,27.653,69.212,98.335,9.291,81.25
2025-04-01 01:23:55,27.909,69.718,98.364,8.963,82.239
2025-04-01 01:23:56,27.231,69.465,98.092,9.237,80.477
2025-04-01 01:23:57,27.519,69.542,98.963,9.577,82.255
2025-04-01 01:23:58,27.898,69.175,98.138,8.674,81.167
2025-04-01 01:23:59,26.887,70.432,98.645,9.913,82.137
2025-04-01 01:24:00,27.308,68.183,98.879,9.262,81.709
2025-04-01 01:24:01,28.091,69.311,100.761,9.509,82.053
2025-04-01 01:24:02,28.098,68.158,100.112,9.754,84.39
2025-04-01 01:24:03,27.473,67.22,100.926,8.937,85.38
2025-04-01 01:24:04,27.831,68.241,99.49,8.719,83.348
2025-04-01 01:24:05,27.41,68.972,100.676,9.867,83.276
2025-04-01 01:24:06,27.16,67.164,99.221,10.167,83.267
2025-04-01 01:24:07,27.528,67.644,99.419,10.713,83.733
2025-04-01 01:24:08,27.569,68.856,99.741,9.414,83.495
2025-04-01 01:24:09,27.766,68.55,99.642,9.613,84.271
2025-04-01 01:24:10,27.53,68.384,99.663,10.287,81.397
2025-04-01 01:24:11,27.941,68.552,100.316,10.458,81.944
2025-04-01 01:24:12,27.279,69.378,101.137,10.338,83.684
2025-04-01 01:24:13,27.342,68.031,100.342,9.131,84.283
2025-04-01 01:24:14,27.607,67.161,100.705,10.538,84.744
2025-04-01 01:24:15,27.434,67.261,100.048,10.247,84.175
2025-04-01 01:24:16,27.402,67.507,100.352,9.943,84.444
2025-04-01 01:24:17,28.103,67.745,100.536,10.699,85.469
2025-04-01 01:24:18,27.244,67.776,101.089,10.342,84.233
2025-04-01 01:24:19,27.695,66.892,100.695,10.586,85.044
2025-04-01 01:24:20,27.418,67.852,101.05,9.976,84.367
2025-04-01 01:24:21,27.229,67.056,101.352,10.891,85.729
2025-04-01 01:24:22,27.187,67.171,100.725,11.001,84.237
2025-04-01 01:24:23,27.576,67.406,99.987,11.066,84.981
2025-04-01 01:24:24,27.362,66.421,99.754,10.378,85.604
2025-04-01 01:24:25,27.768,66.641,99.367,11.141,85.513
2025-04-01 01:24:26,27.431,66.123,99.267,12.484,85.011
2025-04-01 01:24:27,26.685,65.166,98.219,10.237,85.117
2025-04-01 01:24:28,27.748,66.94,98.331,11.82,87.162
2025-04-01 01:24:29,27.619,66.657,98.202,11.731,86.723
2025-04-01 01:24:30,28.095,66.958,98.358,9.821,85.899
2025-04-01 01:24:31,27.15,65.476,98.043,10.566,85.326
2025-04-01 01:24:32,27.168,67.474,98.494,11.318,86.915
2025-04-01 01:24:33,26.633,66.015,97.045,10.213,86.885
2025-04-01 01:24:34,26.939,65.244,97.266,10.407,86.225
2025-04-01 01:24:35,27.229,66.689,98.116,11.235,86.184
2025-04-01 01:24:36,27.105,65.543,96.728,11.943,85.902
2025-04-01 01:24:37,26.956,65.519,98.525,11.734,85.318
2025-04-01 01:24:38,27.362,65.628,97.738,11.57,86.665
2025-04-01 01:24:39,26.921,65.623,96.838,11.635,87.87
2025-04-01 01:24:40,26.887,65.83,96.221,11.301,88.058
2025-04-01 01:24:41,26.954,64.992,95.441,10.04,87.945
2025-04-01 01:24:42,26.737,65.864,96.378,11.029,85.999
2025-04-01 01:24:43,26.737,63.622,94.732,11.808,86.14
2025-04-01 01:24:44,26.644,64.392,94.489,12.166,86.122
2025-04-01 01:24:45,26.52,64.708,94.231,11.595,85.829
2025-04-01 01:24:46,26.981,63.802,94.541,12.324,86.216
2025-04-01 01:24:47,26.902,63.873,94.176,10.984,86.338
2025-04-01 01:24:48,26.278,63.888,93.256,11.211,85.409
2025-04-01 01:24:49,26.597,62.56,93.102,12.361,85.469
2025-04-01 01:24:50,26.386,64.319,94.017,11.421,84.314
2025-04-01 01:24:51,26.998,64.302,92.157,11.937,85.629
2025-04-01 01:24:52,26.414,63.341,93.945,12.26,85.921
2025-04-01 01:24:53,26.512,63.241,92.637,12.745,86.124
2025-04-01 01:24:54,26.608,64.8,93.797,12.355,87.175
2025-04-01 01:24:55,26.694,64.409,93.497,12.135,86.446
2025-04-01 01:24:56,26.168,63.483,93.674,12.218,85.238
2025-04-01 01:24:57,26.234,62.794,94.937,12.122,85.077
2025-04-01 01:24:58,25.942,63.645,93.902,11.177,87.731
2025-04-01 01:24:59,26.196,62.913,94.053,12.236,86.34
2025-04-01 01:25:00,26.275,63.508,93.987,11.577,85.1
2025-04-01 01:25:01,26.541,64.006,92.435,12.046,85.795
2025-04-01 01:25:02,26.068,64.157,92.587,11.573,88.235
2025-04-01 01:25:03,25.885,65.783,94.091,12.019,85.03
2025-04-01 01:25:04,25.442,63.138,93.765,11.62,84.041
2025-04-01 01:25:05,25.836,64.503,94.701,12.314,86.552
2025-04-01 01:25:06,26.213,62.977,93.733,10.784,86.951
2025-04-01 01:25:07,25.347,64.53,95.496,11.566,83.547
2025-04-01 01:25:08,25.583,63.533,94.649,11.558,84.789
2025-04-01 01:25:09,25.921,64.442,94.77,11.404,85.565
2025-04-01 01:25:10,25.21,63.667,96.603,11.373,85.915
2025-04-01 01:25:11,25.818,63.232,94.628,11.944,85.188
2025-04-01 01:25:12,25.853,62.272,95.553,11.717,84.565
2025-04-01 01:25:13,25.903,63.229,95.996,11.118,84.478
2025-04-01 01:25:14,25.604,62.34,95.24,11.567,85.59
2025-04-01 01:25:15,25.594,64.0,96.31,11.629,83.847
2025-04-01 01:25:16,26.117,63.413,96.16,11.217,85.062
2025-04-01 01:25:17,25.703,63.452,96.376,11.425,82.993
2025-04-01 01:25:18,25.349,61.696,96.912,11.104,85.993
2025-04-01 01:25:19,25.4,62.643,97.938,11.257,83.779
2025-04-01 01:25:20,24.91,61.624,97.245,11.452,82.835
2025-04-01 01:25:21,25.919,62.663,96.86,11.082,84.378
2025-04-01 01:25:22,24.956,62.09,96.306,11.846,84.48
2025-04-01 01:25:23,25.181,63.305,97.516,10.186,84.17
2025-04-01 01:25:24,25.534,63.767,97.622,11.155,85.019
2025-04-01 01:25:25,25.095,63.2,98.694,10.396,84.138
2025-04-01 01:25:26,25.514,63.429,97.686,11.407,83.484
2025-04-01 01:25:27,24.745,63.727,99.144,11.233,83.023
2025-04-01 01:25:28,25.547,62.745,98.525,9.969,83.884
2025-04-01 01:25:29,25.046,61.132,98.457,11.156,82.994
2025-04-01 01:25:30,25.153,62.286,98.861,11.076,82.084
2025-04-01 01:25:31,24.756,63.248,98.932,9.925,82.627
2025-04-01 01:25:32,25.41,63.517,99.158,10.665,82.359
2025-04-01 01:25:33,25.443,65.822,98.42,10.062,80.736
2025-04-01 01:25:34,24.173,63.526,98.806,10.177,82.592
2025-04-01 01:25:35,25.004,62.001,98.36,10.631,81.348
2025-04-01 01:25:36,25.102,62.782,98.806,10.293,81.106
2025-04-01 01:25:37,24.851,61.981,98.168,9.851,83.639
2025-04-01 01:25:38,24.518,63.614,98.301,10.593,81.086
2025-04-01 01:25:39,24.866,62.259,98.196,9.502,81.657
2025-04-01 01:25:40,24.891,63.04,98.996,9.517,83.526
2025-04-01 01:25:41,24.292,63.887,99.904,9.632,81.226
2025-04-01 01:25:42,24.764,63.373,99.07,10.375,81.52
2025-04-01 01:25:43,24.693,63.579,98.491,9.67,81.007
2025-04-01 01:25:44,24.468,63.357,98.117,9.912,81.0
2025-04-01 01:25:45,24.521,61.805,98.467,10.021,83.11
2025-04-01 01:25:46,24.706,63.882,98.411,9.929,81.803
2025-04-01 01:25:47,25.157,64.143,98.545,10.045,81.135
2025-04-01 01:25:48,24.5,62.608,99.498,8.34,81.047
2025-04-01 01:25:49,23.951,64.846,98.958,9.5,80.416
2025-04-01 01:25:50,24.634,63.511,99.218,8.788,79.957
2025-04-01 01:25:51,24.549,62.408,99.991,8.687,80.842
2025-04-01 01:25:52,24.977,63.109,98.446,9.842,81.159
2025-04-01 01:25:53,24.47,63.671,98.974,9.984,78.689
2025-04-01 01:25:54,24.858,64.144,98.338,8.865,78.887
2025-04-01 01:25:55,25.022,64.727,99.919,8.643,81.422
2025-04-01 01:25:56,24.573,65.748,98.972,8.897,80.762
2025-04-01 01:25:57,24.505,64.364,98.819,9.098,79.589
2025-04-01 01:25:58,25.034,63.712,99.301,9.224,78.986
2025-04-01 01:25:59,24.469,63.706,98.555,9.964,77.894
2025-04-01 01:26:00,24.761,65.093,98.798,8.922,78.92
2025-04-01 01:26:01,24.373,63.45,98.317,8.897,79.962
2025-04-01 01:26:02,24.179,65.148,98.673,8.784,79.55
2025-04-01 01:26:03,25.124,66.432,99.822,9.25,80.356
2025-04-01 01:26:04,24.555,63.867,97.997,9.038,79.5
2025-04-01 01:26:05,24.462,64.996,98.294,9.165,80.346
2025-04-01 01:26:06,25.235,63.464,98.641,8.845,79.013
2025-04-01 01:26:07,24.676,65.59,98.508,9.55,80.251
2025-04-01 01:26:08,25.001,65.566,97.452,8.443,77.542
2025-04-01 01:26:09,25.598,65.14,97.264,8.767,80.272
2025-04-01 01:26:10,24.927,64.238,96.88,8.703,80.347
2025-04-01 01:26:11,25.193,65.028,96.367,8.241,78.68
2025-04-01 01:26:12,24.455,64.533,96.519,8.511,79.054
2025-04-01 01:26:13,24.772,63.321,94.712,8.914,78.129
2025-04-01 01:26:14,25.092,66.447,95.756,8.849,76.974
2025-04-01 01:26:15,24.643,66.832,94.726,8.681,80.26
2025-04-01 01:26:16,25.003,66.204,95.016,8.334,79.346
2025-04-01 01:26:17,25.132,65.45,95.343,8.975,79.54
2025-04-01 01:26:18,25.216,64.604,93.71,9.286,78.894
2025-04-01 01:26:19,25.445,65.026,94.058,8.2,79.292
2025-04-01 01:26:20,24.795,66.435,93.739,8.263,80.568
2025-04-01 01:26:21,25.451,65.172,94.62,9.366,79.113
2025-04-01 01:26:22,25.561,66.111,93.556,7.668,79.647
2025-04-01 01:26:23,25.829,66.697,94.126,8.213,79.668
2025-04-01 01:26:24,25.695,65.728,93.318,8.573,78.194
2025-04-01 01:26:25,25.611,65.843,92.854,8.69,79.434
2025-04-01 01:26:26,25.946,66.614,94.445,8.25,79.108
2025-04-01 01:26:27,25.668,67.807,93.312,8.019,78.986
2025-04-01 01:26:28,25.217,65.244,94.371,8.511,81.719
2025-04-01 01:26:29,25.939,68.245,94.48,8.628,80.181
2025-04-01 01:26:30,25.777,66.864,95.096,9.299,79.034
2025-04-01 01:26:31,26.027,65.968,96.093,8.411,79.724
2025-04-01 01:26:32,26.139,67.948,96.032,8.962,81.076
2025-04-01 01:26:33,26.247,67.082,96.197,8.752,81.229
2025-04-01 01:26:34,26.065,67.892,96.34,9.171,79.854
2025-04-01 01:26:35,25.69,67.109,97.251,9.033,79.453
2025-04-01 01:26:36,25.861,66.592,96.92,9.203,79.769
2025-04-01 01:26:37,26.805,66.884,97.823,9.307,80.837
2025-04-01 01:26:38,25.749,67.684,98.311,9.512,81.577
2025-04-01 01:26:39,26.364,67.217,98.81,8.751,79.529
2025-04-01 01:26:40,26.345,68.901,99.935,9.838,78.672
2025-04-01 01:26:41,26.209,70.021,100.8,9.332,80.971
2025-04-01 01:26:42,26.505,68.912,100.782,9.721,82.553
2025-04-01 01:26:43,26.578,68.693,100.763,9.535,80.546
2025-04-01 01:26:44,26.512,68.027,100.417,8.45,80.121
2025-04-01 01:26:45,26.279,68.89,101.574,9.328,80.665
2025-04-01 01:26:46,26.584,67.803,102.686,9.231,81.47
2025-04-01 01:26:47,26.667,67.533,103.187,10.412,82.127
2025-04-01 01:26:48,26.797,69.454,103.782,10.09,80.804
2025-04-01 01:26:49,26.238,68.063,104.047,9.676,79.907
2025-04-01 01:26:50,26.557,68.089,103.193,10.333,81.645
2025-04-01 01:26:51,26.566,68.804,103.795,9.882,82.397
2025-04-01 01:26:52,26.5,69.033,104.012,9.125,83.527
2025-04-01 01:26:53,26.693,69.39,104.156,10.495,80.732
2025-04-01 01:26:54,26.698,69.0,105.59,10.606,81.933
2025-04-01 01:26:55,27.25,68.102,104.867,10.191,81.931
2025-04-01 01:26:56,27.039,68.759,104.585,10.422,81.466
2025-04-01 01:26:57,27.168,69.215,105.161,9.227,85.066
2025-04-01 01:26:58,27.003,69.172,104.77,10.484,83.049
2025-04-01 01:26:59,27.217,68.935,104.348,9.916,82.933
2025-04-01 01:27:00,27.249,70.927,103.639,10.103,82.033
2025-04-01 01:27:01,27.365,70.062,103.437,11.44,82.858
2025-04-01 01:27:02,27.397,69.463,104.317,10.498,82.106
2025-04-01 01:27:03,27.14,69.079,103.778,10.323,81.881
2025-04-01 01:27:04,26.742,69.722,103.617,10.074,83.389
2025-04-01 01:27:05,27.372,70.399,104.053,10.566,84.091
2025-04-01 01:27:06,27.436,70.353,103.691,10.364,83.897
2025-04-01 01:27:07,26.854,69.513,104.263,11.372,83.325
2025-04-01 01:27:08,27.508,68.994,104.551,10.831,84.897
2025-04-01 01:27:09,27.247,68.825,105.267,10.467,83.109
2025-04-01 01:27:10,27.405,70.66,104.69,11.05,84.348
2025-04-01 01:27:11,27.301,71.258,104.455,9.868,84.543
2025-04-01 01:27:12,27.417,69.378,103.209,11.494,82.74
2025-04-01 01:27:13,27.709,71.134,104.384,10.496,84.188
2025-04-01 01:27:14,28.012,69.078,103.436,10.097,82.462
2025-04-01 01:27:15,27.751,69.893,104.543,11.711,85.028
2025-04-01 01:27:16,27.504,70.46,105.019,11.022,84.957
2025-04-01 01:27:17,26.706,70.782,103.999,10.611,85.682
2025-04-01 01:27:18,27.482,71.356,102.828,11.731,84.628
2025-04-01 01:27:19,27.49,71.1,103.398,11.481,85.118
2025-04-01 01:27:20,27.521,71.657,103.609,10.429,86.207
2025-04-01 01:27:21,27.302,71.417,102.836,11.196,85.131
2025-04-01 01:27:22,27.402,70.442,104.652,10.468,87.008
2025-04-01 01:27:23,27.987,69.471,103.596,12.365,85.605
2025-04-01 01:27:24,27.901,71.385,103.771,10.652,85.948
2025-04-01 01:27:25,27.658,70.559,103.119,11.571,84.329
2025-04-01 01:27:26,27.93,71.234,102.173,11.363,84.916
2025-04-01 01:27:27,27.566,70.43,101.887,11.042,84.897
2025-04-01 01:27:28,28.134,72.671,102.062,11.594,84.656
2025-04-01 01:27:29,27.505,70.179,101.514,11.201,85.135
2025-04-01 01:27:30,27.596,71.618,101.575,11.33,87.408
2025-04-01 01:27:31,27.908,71.386,102.54,11.326,86.501
2025-04-01 01:27:32,27.587,70.548,102.893,11.946,86.341
2025-04-01 01:27:33,27.682,70.696,103.048,10.683,86.466
2025-04-01 01:27:34,27.431,70.301,102.591,11.945,87.876
2025-04-01 01:27:35,28.057,70.803,103.336,11.83,85.316
2025-04-01 01:27:36,27.601,69.907,102.783,11.64,86.591
2025-04-01 01:27:37,27.663,72.052,102.423,10.799,85.232
2025-04-01 01:27:38,27.286,73.018,102.254,10.845,85.991
2025-04-01 01:27:39,27.992,71.294,101.31,12.23,87.178
2025-04-01 01:27:40,27.177,70.772,101.808,11.429,85.744
2025-04-01 01:27:41,28.197,70.169,100.963,10.921,85.192
2025-04-01 01:27:42,27.655,70.102,101.475,10.302,85.31
2025-04-01 01:27:43,26.866,70.608,101.886,10.969,87.043
2025-04-01 01:27:44,27.701,70.666,102.951,11.266,86.065
2025-04-01 01:27:45,26.954,70.242,101.955,10.962,86.788
2025-04-01 01:27:46,27.802,71.293,102.003,11.184,85.782
2025-04-01 01:27:47,27.998,71.61,100.683,11.769,86.268
2025-04-01 01:27:48,27.169,71.069,101.157,10.69,86.939
2025-04-01 01:27:49,27.208,70.151,101.749,9.959,85.627
2025-04-01 01:27:50,27.453,70.934,102.711,11.04,84.745
2025-04-01 01:27:51,27.619,69.564,103.21,10.807,85.828
2025-04-01 01:27:52,27.621,71.877,104.009,10.563,85.351
2025-04-01 01:27:53,27.05,70.478,103.615,10.202,86.655
2025-04-01 01:27:54,27.105,71.502,103.211,10.643,84.961
2025-04-01 01:27:55,26.588,71.482,103.375,10.141,85.395
2025-04-01 01:27:56,26.968,71.525,105.088,10.18,86.557
2025-04-01 01:27:57,27.085,70.763,104.751,10.437,86.616
2025-04-01 01:27:58,27.31,70.138,104.851,11.199,85.892
2025-04-01 01:27:59,27.376,69.255,105.821,9.83,85.648
2025-04-01 01:28:00,27.288,69.417,105.876,10.457,86.137
2025-04-01 01:28:01,26.941,70.642,104.929,10.322,87.547
2025-04-01 01:28:02,26.752,69.291,105.175,9.458,86.195
2025-04-01 01:28:03,26.806,67.637,105.49,9.536,86.113
2025-04-01 01:28:04,26.814,68.84,104.858,9.919,87.138
2025-04-01 01:28:05,27.222,68.816,105.206,9.621,86.766
2025-04-01 01:28:06,27.069,69.866,105.741,10.326,84.848
2025-04-01 01:28:07,27.303,68.359,105.139,9.895,84.88
2025-04-01 01:28:08,27.057,68.603,105.458,8.857,84.328
2025-04-01 01:28:09,26.483,69.458,105.187,9.889,85.91
2025-04-01 01:28:10,26.375,69.091,106.112,9.057,85.152
2025-04-01 01:28:11,26.803,69.716,106.643,9.036,84.367
2025-04-01 01:28:12,26.534,69.226,105.32,9.012,86.45
2025-04-01 01:28:13,27.083,68.792,106.145,8.97,84.29
2025-04-01 01:28:14,26.582,69.021,106.475,9.481,85.644
2025-04-01 01:28:15,26.741,68.095,107.043,8.957,85.003
2025-04-01 01:28:16,26.537,69.162,106.834,8.682,83.411
2025-04-01 01:28:17,26.112,68.293,107.216,8.371,83.803
2025-04-01 01:28:18,26.171,68.234,108.202,9.216,85.811
2025-04-01 01:28:19,26.372,66.657,108.841,9.399,83.38
2025-04-01 01:28:20,25.588,67.855,109.109,8.997,83.667
2025-04-01 01:28:21,25.798,67.619,109.235,8.644,82.545
2025-04-01 01:28:22,26.577,67.828,108.413,8.874,83.217
2025-04-01 01:28:23,26.233,67.299,107.56,8.721,83.732
2025-04-01 01:28:24,25.474,67.792,109.339,8.732,83.259
2025-04-01 01:28:25,26.336,67.918,108.654,9.149,81.839
2025-04-01 01:28:26,25.122,68.517,109.15,8.551,82.635
2025-04-01 01:28:27,26.377,67.874,109.257,9.462,82.3
2025-04-01 01:28:28,26.375,66.695,108.075,7.808,83.635
2025-04-01 01:28:29,26.329,68.002,108.173,8.375,83.822
2025-04-01 01:28:30,26.02,65.536,108.278,9.16,81.735
2025-04-01 01:28:31,25.952,66.754,107.453,8.23,81.166
2025-04-01 01:28:32,25.43,68.399,108.157,8.456,82.734
2025-04-01 01:28:33,25.842,67.381,107.725,8.575,82.043
2025-04-01 01:28:34,25.404,66.677,107.354,8.7,83.208
2025-04-01 01:28:35,25.453,66.272,108.308,8.358,81.833
2025-04-01 01:28:36,25.09,66.338,108.411,8.331,82.108
2025-04-01 01:28:37,25.955,66.342,108.112,6.656,80.661
2025-04-01 01:28:38,25.349,66.049,108.663,7.747,79.774
2025-04-01 01:28:39,24.814,65.594,107.55,7.763,84.261
2025-04-01 01:28:40,25.139,65.298,107.534,8.316,82.814
2025-04-01 01:28:41,25.095,66.203,106.321,8.228,81.219
2025-04-01 01:28:42,25.297,65.106,107.782,7.838,80.914
2025-04-01 01:28:43,25.339,66.713,108.23,7.114,81.186
2025-04-01 01:28:44,24.87,65.196,107.877,7.457,80.467
2025-04-01 01:28:45,25.573,65.077,107.955,7.308,81.718
2025-04-01 01:28:46,25.382,65.367,107.362,8.064,81.679
2025-04-01 01:28:47,24.927,65.671,107.556,7.988,80.528
2025-04-01 01:28:48,25.015,64.761,106.932,7.561,80.396
2025-04-01 01:28:49,25.216,63.65,107.335,8.167,81.801
2025-04-01 01:28:50,25.191,65.995,106.643,8.392,80.008
2025-04-01 01:28:51,24.931,64.143,106.276,7.738,81.094
2025-04-01 01:28:52,24.918,64.24,105.37,7.728,80.742
2025-04-01 01:28:53,24.392,63.465,105.689,8.918,80.004
2025-04-01 01:28:54,25.01,65.061,105.802,8.005,80.541
2025-04-01 01:28:55,24.371,64.044,105.302,8.024,81.314
2025-04-01 01:28:56,25.19,64.654,105.612,8.952,79.112
2025-04-01 01:28:57,24.79,63.537,105.811,7.401,79.995
2025-04-01 01:28:58,24.695,65.45,105.346,7.835,81.615
2025-04-01 01:28:59,25.401,64.296,106.285,8.461,80.515
2025-04-01 01:29:00,24.218,64.066,104.473,8.85,80.874
2025-04-01 01:29:01,24.527,63.013,105.115,8.193,79.862
2025-04-01 01:29:02,25.028,63.28,105.417,8.022,79.001
2025-04-01 01:29:03,24.963,65.117,104.116,8.359,80.514
2025-04-01 01:29:04,25.069,64.022,105.053,7.686,80.427
2025-04-01 01:29:05,24.931,63.567,107.128,8.55,82.948
2025-04-01 01:29:06,24.991,64.419,106.349,8.866,79.475
2025-04-01 01:29:07,24.512,63.255,105.891,9.067,80.358
2025-04-01 01:29:08,24.29,63.745,106.624,9.477,80.455
2025-04-01 01:29:09,24.26,62.813,106.899,8.567,79.065
2025-04-01 01:29:10,24.779,61.795,107.576,7.997,79.957
2025-04-01 01:29:11,24.753,64.181,107.235,8.366,77.761
2025-04-01 01:29:12,25.223,63.914,106.945,9.088,80.596
2025-04-01 01:29:13,24.55,62.705,106.482,8.856,78.252
2025-04-01 01:29:14,24.475,64.538,107.305,8.571,78.033
2025-04-01 01:29:15,25.169,63.104,106.434,8.499,78.397
2025-04-01 01:29:16,24.486,64.327,106.753,8.485,79.5
2025-04-01 01:29:17,24.864,62.829,107.238,9.055,81.531
2025-04-01 01:29:18,24.508,63.043,107.726,8.691,80.142
2025-04-01 01:29:19,24.586,65.317,107.445,9.867,78.888
2025-04-01 01:29:20,25.335,63.344,106.743,9.362,79.976
2025-04-01 01:29:21,24.317,64.147,106.618,9.538,81.705
2025-04-01 01:29:22,24.891,62.45,106.776,10.127,80.666
2025-04-01 01:29:23,25.162,63.192,106.486,9.542,78.249
2025-04-01 01:29:24,24.492,62.793,106.949,9.831,80.78
2025-04-01 01:29:25,24.757,63.516,107.031,9.449,80.355
2025-04-01 01:29:26,24.837,62.653,107.346,9.325,79.56
2025-04-01 01:29:27,24.676,63.01,108.254,9.87,80.503
2025-04-01 01:29:28,24.752,63.961,108.08,9.003,79.046
2025-04-01 01:29:29,25.54,61.775,109.291,9.143,78.54
2025-04-01 01:29:30,24.835,62.041,108.79,9.757,81.505
2025-04-01 01:29:31,25.155,64.761,107.699,9.317,78.985
2025-04-01 01:29:32,25.048,62.85,107.131,9.293,80.864
2025-04-01 01:29:33,25.32,63.548,106.779,10.16,79.829
2025-04-01 01:29:34,25.146,62.861,106.701,10.397,81.283
2025-04-01 01:29:35,24.73,62.592,105.78,10.65,80.679
2025-04-01 01:29:36,25.293,61.176,105.025,10.57,78.904
2025-04-01 01:29:37,25.401,64.359,104.594,10.506,78.336
2025-04-01 01:29:38,24.885,60.862,104.088,10.191,80.436
2025-04-01 01:29:39,25.245,62.864,104.53,10.113,79.755
2025-04-01 01:29:40,25.823,61.706,105.259,9.78,79.044
2025-04-01 01:29:41,25.901,62.921,104.164,10.689,81.334
2025-04-01 01:29:42,25.504,62.826,103.394,10.197,80.679
2025-04-01 01:29:43,25.393,63.133,104.659,10.886,81.421
2025-04-01 01:29:44,26.049,62.654,103.886,10.893,81.394
2025-04-01 01:29:45,25.079,63.164,104.586,10.172,82.879
2025-04-01 01:29:46,25.004,62.953,105.169,10.754,81.714
2025-04-01 01:29:47,25.77,62.475,104.687,10.19,82.416
2025-04-01 01:29:48,25.033,61.718,105.653,10.131,82.074
2025-04-01 01:29:49,25.885,63.1,105.395,10.703,81.61
2025-04-01 01:29:50,26.008,61.233,104.252,9.815,81.852
2025-04-01 01:29:51,26.089,62.462,105.655,10.384,82.314
2025-04-01 01:29:52,25.694,62.941,104.656,10.806,82.769
2025-04-01 01:29:53,26.573,62.96,105.381,11.048,81.847
2025-04-01 01:29:54,25.933,63.604,105.718,10.348,79.045
2025-04-01 01:29:55,25.494,64.429,105.337,10.41,83.604
2025-04-01 01:29:56,26.385,62.998,105.219,9.985,81.144
2025-04-01 01:29:57,26.214,63.37,106.465,11.171,82.467
2025-04-01 01:29:58,25.829,62.441,105.442,9.894,82.286
2025-04-01 01:29:59,26.518,62.214,105.097,10.704,82.902
2025-04-01 01:30:00,26.673,64.296,105.295,10.782,83.057
2025-04-01 01:30:01,26.108,64.173,104.095,10.5,81.9
2025-04-01 01:30:02,26.369,63.267,104.527,10.746,83.205
2025-04-01 01:30:03,25.948,64.534,104.011,10.972,84.091
2025-04-01 01:30:04,26.393,63.099,104.606,10.979,81.939
2025-04-01 01:30:05,26.49,63.486,105.244,11.657,83.798
2025-04-01 01:30:06,26.811,65.274,104.709,12.159,85.169
2025-04-01 01:30:07,26.72,64.538,104.181,10.392,82.818
2025-04-01 01:30:08,26.684,63.937,103.839,10.121,83.382
2025-04-01 01:30:09,26.738,64.213,103.293,10.125,83.096
2025-04-01 01:30:10,26.5,63.21,104.008,11.007,85.774
2025-04-01 01:30:11,27.222,64.633,104.237,11.054,83.794
2025-04-01 01:30:12,27.112,63.336,104.527,10.196,84.234
2025-04-01 01:30:13,26.262,64.376,103.857,10.43,85.34
2025-04-01 01:30:14,27.116,63.365,103.575,10.7,84.282
2025-04-01 01:30:15,27.026,64.054,103.426,10.148,85.047
2025-04-01 01:30:16,26.582,64.459,102.167,10.358,85.348
2025-04-01 01:30:17,27.476,65.195,102.368,10.501,86.488
2025-04-01 01:30:18,27.567,63.74,102.353,10.495,83.505
2025-04-01 01:30:19,26.788,65.888,102.776,10.039,86.517
2025-04-01 01:30:20,26.525,64.781,102.296,11.391,85.336
2025-04-01 01:30:21,27.803,64.267,103.352,9.953,84.425
2025-04-01 01:30:22,27.132,65.021,104.247,9.593,84.184
2025-04-01 01:30:23,27.441,64.554,104.497,10.635,87.296
2025-04-01 01:30:24,26.905,66.607,104.298,9.686,86.852
2025-04-01 01:30:25,27.731,65.229,103.953,9.421,85.038
2025-04-01 01:30:26,27.726,65.954,103.513,9.54,86.624
2025-04-01 01:30:27,27.326,66.038,103.827,9.905,85.266
2025-04-01 01:30:28,27.858,66.092,103.705,9.941,86.414
2025-04-01 01:30:29,27.369,65.331,105.799,10.131,86.614
2025-04-01 01:30:30,27.356,66.241,105.557,9.943,84.906
2025-04-01 01:30:31,27.562,66.598,104.513,9.821,85.087
2025-04-01 01:30:32,27.622,65.079,104.437,9.281,87.144
2025-04-01 01:30:33,27.821,66.281,105.031,9.538,85.369
2025-04-01 01:30:34,27.66,66.121,105.863,8.883,85.686
2025-04-01 01:30:35,27.561,67.237,105.653,9.661,87.111
2025-04-01 01:30:36,27.593,67.225,106.415,8.949,84.929
2025-04-01 01:30:37,28.259,66.161,106.612,9.689,84.976
2025-04-01 01:30:38,27.775,66.759,107.447,9.14,85.114
2025-04-01 01:30:39,27.67,66.406,107.366,9.207,86.769
2025-04-01 01:30:40,27.348,67.011,107.147,9.257,87.752
2025-04-01 01:30:41,27.407,65.324,107.87,8.396,87.422
2025-04-01 01:30:42,28.117,67.24,106.32,9.048,86.041
2025-04-01 01:30:43,28.177,68.529,106.004,9.065,87.613
2025-04-01 01:30:44,27.769,67.912,106.607,8.138,87.403
2025-04-01 01:30:45,27.913,67.096,106.354,8.721,85.396
2025-04-01 01:30:46,27.92,68.419,106.255,8.492,85.932
2025-04-01 01:30:47,27.677,66.897,106.307,8.49,86.384
2025-04-01 01:30:48,28.033,67.317,105.498,8.943,86.037
2025-04-01 01:30:49,28.031,67.115,105.196,9.807,86.013
2025-04-01 01:30:50,28.425,67.035,106.039,7.525,87.24
2025-04-01 01:30:51,27.875,68.435,106.622,8.429,86.596
2025-04-01 01:30:52,27.988,67.266,106.898,8.324,87.169
2025-04-01 01:30:53,28.303,69.846,106.672,7.757,86.059
2025-04-01 01:30:54,27.794,69.205,106.15,7.461,87.245
2025-04-01 01:30:55,28.189,67.951,105.935,8.604,83.679
2025-04-01 01:30:56,27.486,68.18,106.111,7.168,85.918
2025-04-01 01:30:57,28.059,68.795,106.077,7.591,84.512
2025-04-01 01:30:58,27.9,68.668,104.989,7.715,88.482
2025-04-01 01:30:59,28.214,67.947,105.122,6.982,86.35
2025-04-01 01:31:00,27.317,67.722,105.079,8.217,83.469
2025-04-01 01:31:01,27.737,67.414,105.387,7.216,86.354
2025-04-01 01:31:02,27.821,69.911,105.205,8.265,86.702
2025-04-01 01:31:03,28.321,69.051,104.827,7.371,88.299
2025-04-01 01:31:04,27.824,70.671,104.976,7.614,84.143
2025-04-01 01:31:05,27.749,70.244,105.669,7.673,86.204
2025-04-01 01:31:06,27.164,68.844,105.951,8.103,85.833
2025-04-01 01:31:07,28.018,68.236,105.729,7.718,86.153
2025-04-01 01:31:08,27.43,69.099,105.534,7.093,86.046
2025-04-01 01:31:09,27.543,70.051,105.144,6.926,84.886
2025-04-01 01:31:10,27.957,69.413,106.056,6.708,85.735
2025-04-01 01:31:11,27.479,69.848,106.677,7.708,87.493
2025-04-01 01:31:12,27.923,69.599,105.687,7.194,86.98
2025-04-01 01:31:13,27.581,67.624,105.965,7.107,84.812
2025-04-01 01:31:14,27.813,70.188,107.074,7.616,85.17
2025-04-01 01:31:15,27.415,70.92,106.083,7.771,83.731
2025-04-01 01:31:16,28.136,70.618,105.761,7.353,85.044
2025-04-01 01:31:17,26.922,68.857,106.688,7.044,85.016
2025-04-01 01:31:18,27.487,72.298,104.868,6.401,83.891
2025-04-01 01:31:19,27.197,69.627,105.252,7.459,83.918
2025-04-01 01:31:20,27.579,69.817,104.679,6.786,82.749
2025-04-01 01:31:21,27.451,69.965,104.511,8.13,84.487
2025-04-01 01:31:22,27.106,69.552,104.913,6.134,84.802
2025-04-01 01:31:23,27.168,70.491,105.795,8.399,82.745
2025-04-01 01:31:24,27.475,72.35,105.612,7.26,85.868
2025-04-01 01:31:25,27.272,69.688,105.672,7.777,84.981
2025-04-01 01:31:26,26.962,70.193,105.674,7.965,85.966
2025-04-01 01:31:27,27.077,71.143,105.383,8.107,84.765
2025-04-01 01:31:28,26.853,70.503,104.735,7.785,82.521
2025-04-01 01:31:29,27.556,69.928,104.627,7.625,83.175
2025-04-01 01:31:30,27.217,69.979,104.898,8.512,82.461
2025-04-01 01:31:31,26.288,69.918,103.623,8.275,84.442
2025-04-01 01:31:32,26.685,70.167,103.258,7.287,82.229
2025-04-01 01:31:33,26.599,70.482,103.578,8.054,83.067
2025-04-01 01:31:34,26.742,70.768,103.05,7.12,83.174
2025-04-01 01:31:35,26.702,70.71,102.998,8.035,83.217
2025-04-01 01:31:36,26.304,70.7,103.716,7.672,82.064
2025-04-01 01:31:37,26.551,69.275,105.396,8.062,81.641
2025-04-01 01:31:38,26.993,70.682,105.76,8.229,83.467
2025-04-01 01:31:39,26.614,69.617,104.007,8.37,81.919
2025-04-01 01:31:40,26.35,70.049,105.262,7.859,82.617
2025-04-01 01:31:41,26.161,70.941,105.68,7.818,83.63
2025-04-01 01:31:42,25.916,70.007,105.571,8.347,82.902
2025-04-01 01:31:43,25.747,69.461,105.327,8.137,81.085
2025-04-01 01:31:44,26.076,70.197,105.991,8.092,80.167
2025-04-01 01:31:45,26.049,70.797,105.03,7.888,80.397
2025-04-01 01:31:46,25.795,70.939,105.792,8.373,82.38
2025-04-01 01:31:47,26.028,71.046,105.465,7.857,80.543
2025-04-01 01:31:48,26.098,71.637,103.964,8.78,80.62
2025-04-01 01:31:49,25.762,69.615,105.102,8.957,81.491
2025-04-01 01:31:50,26.086,71.099,104.694,8.993,81.389
2025-04-01 01:31:51,25.822,67.986,105.503,9.124,80.837
2025-04-01 01:31:52,25.901,69.974,104.329,9.059,80.122
2025-04-01 01:31:53,25.621,70.097,106.341,8.784,80.867
2025-04-01 01:31:54,25.498,69.849,106.337,8.715,79.102
2025-04-01 01:31:55,25.305,69.631,106.507,8.807,80.993
2025-04-01 01:31:56,25.52,70.071,106.023,9.233,81.383
2025-04-01 01:31:57,25.42,68.618,105.183,8.945,82.321
2025-04-01 01:31:58,25.368,69.883,105.939,8.419,80.821
2025-04-01 01:31:59,25.608,70.653,107.192,9.378,79.531
2025-04-01 01:32:00,25.864,70.347,106.306,9.348,81.675
2025-04-01 01:32:01,25.763,70.073,107.318,9.714,81.41
2025-04-01 01:32:02,24.938,69.579,107.503,9.564,79.47
2025-04-01 01:32:03,25.384,69.242,107.252,9.13,80.553
2025-04-01 01:32:04,25.419,70.48,108.041,9.323,80.089
2025-04-01 01:32:05,25.656,70.049,107.97,8.888,80.368
2025-04-01 01:32:06,25.343,70.058,107.21,9.89,80.515
2025-04-01 01:32:07,25.287,70.348,107.962,9.649,80.386
2025-04-01 01:32:08,25.511,69.799,108.41,9.987,79.868
2025-04-01 01:32:09,25.256,70.335,108.76,9.459,78.995
2025-04-01 01:32:10,25.476,69.765,106.711,9.853,80.01
2025-04-01 01:32:11,25.044,69.155,107.851,9.786,80.513
2025-04-01 01:32:12,25.705,68.265,106.805,9.337,80.242
2025-04-01 01:32:13,25.221,68.655,106.018,9.544,80.469
2025-04-01 01:32:14,25.061,69.292,107.446,9.847,80.692
2025-04-01 01:32:15,25.297,70.233,106.304,9.905,81.052
2025-04-01 01:32:16,24.679,69.474,106.48,10.457,79.69
2025-04-01 01:32:17,24.861,69.567,107.453,9.469,80.25
2025-04-01 01:32:18,25.25,68.623,106.229,9.322,79.653
2025-04-01 01:32:19,24.696,68.355,106.443,9.754,79.593
2025-04-01 01:32:20,25.037,67.546,106.549,10.054,80.399
2025-04-01 01:32:21,25.096,67.525,105.62,10.441,79.718
2025-04-01 01:32:22,24.754,69.059,106.035,11.046,79.542
2025-04-01 01:32:23,24.696,70.363,106.52,10.572,79.755
2025-04-01 01:32:24,24.702,69.137,105.993,9.947,80.815
2025-04-01 01:32:25,24.61,68.728,105.823,10.051,81.429
2025-04-01 01:32:26,25.326,67.646,104.692,9.967,80.273
2025-04-01 01:32:27,25.222,68.335,104.733,10.881,80.615
2025-04-01 01:32:28,24.779,67.685,105.731,10.265,80.121
2025-04-01 01:32:29,24.587,66.767,105.55,9.755,79.099
2025-04-01 01:32:30,24.655,70.565,106.171,9.807,81.193
2025-04-01 01:32:31,24.995,66.782,105.425,10.651,81.01
2025-04-01 01:32:32,24.75,67.933,105.86,9.673,80.749
2025-04-01 01:32:33,25.508,67.717,106.702,9.747,78.992
2025-04-01 01:32:34,24.056,67.403,107.705,9.941,79.623
2025-04-01 01:32:35,24.54,66.766,107.313,10.212,80.434
2025-04-01 01:32:36,24.759,66.681,108.201,9.489,82.58
2025-04-01 01:32:37,25.123,67.249,108.917,10.734,80.834
2025-04-01 01:32:38,25.722,66.416,108.063,10.508,81.591
2025-04-01 01:32:39,24.923,66.68,107.854,9.584,81.089
2025-04-01 01:32:40,24.929,65.762,106.396,10.646,80.275
2025-04-01 01:32:41,24.742,66.434,106.207,9.886,79.837
2025-04-01 01:32:42,25.042,66.174,105.697,9.874,80.119
2025-04-01 01:32:43,25.088,66.484,105.73,8.933,81.581
2025-04-01 01:32:44,25.231,66.633,104.682,9.448,83.31
2025-04-01 01:32:45,24.688,65.322,105.801,10.75,82.278
2025-04-01 01:32:46,24.915,67.089,105.828,9.605,82.772
2025-04-01 01:32:47,25.244,66.399,105.057,9.917,81.375
2025-04-01 01:32:48,25.273,65.242,104.362,9.036,81.236
2025-04-01 01:32:49,25.483,65.734,105.528,10.139,82.437
2025-04-01 01:32:50,25.403,65.305,105.201,9.367,81.64
2025-04-01 01:32:51,25.045,65.597,105.333,9.122,83.695
2025-04-01 01:32:52,25.14,66.003,105.625,9.264,83.353
2025-04-01 01:32:53,25.141,66.032,104.643,10.287,82.484
2025-04-01 01:32:54,25.251,66.217,103.832,9.766,83.368
2025-04-01 01:32:55,25.132,63.53,103.02,8.772,83.447
2025-04-01 01:32:56,25.331,64.835,104.006,9.728,83.415
2025-04-01 01:32:57,25.984,64.517,104.209,8.977,83.259
2025-04-01 01:32:58,25.485,67.362,104.937,9.237,83.273
2025-04-01 01:32:59,25.579,65.601,104.796,10.033,83.51
2025-04-01 01:33:00,26.129,64.698,104.399,9.637,83.19
2025-04-01 01:33:01,25.7,65.815,104.7,7.87,84.748
2025-04-01 01:33:02,25.882,62.966,104.076,8.168,84.54
2025-04-01 01:33:03,25.836,65.361,104.302,8.216,85.413
2025-04-01 01:33:04,25.736,63.938,105.609,9.486,82.854
2025-04-01 01:33:05,25.446,63.916,106.256,8.707,81.794
2025-04-01 01:33:06,25.546,64.241,106.155,9.351,85.208
2025-04-01 01:33:07,26.152,63.327,105.01,8.952,83.717
2025-04-01 01:33:08,25.777,64.151,106.844,8.532,85.414
2025-04-01 01:33:09,26.018,63.927,106.835,9.229,83.147
2025-04-01 01:33:10,25.983,62.982,106.267,8.533,84.97
2025-04-01 01:33:11,26.075,63.341,107.132,8.081,83.007
2025-04-01 01:33:12,25.957,65.406,107.347,7.494,84.141
2025-04-01 01:33:13,26.429,64.821,107.572,8.101,84.146
2025-04-01 01:33:14,25.736,65.127,107.121,8.767,84.679
2025-04-01 01:33:15,26.236,63.366,107.39,8.472,85.061
2025-04-01 01:33:16,26.224,64.105,107.883,7.817,85.96
2025-04-01 01:33:17,26.842,62.993,108.018,7.268,86.868
2025-04-01 01:33:18,26.083,64.114,107.988,7.97,85.431
2025-04-01 01:33:19,26.681,64.456,107.453,7.762,84.131
2025-04-01 01:33:20,26.064,64.35,107.953,8.05,84.574
2025-04-01 01:33:21,26.08,63.638,107.923,7.221,86.284
2025-04-01 01:33:22,26.527,63.525,109.666,7.608,86.115
2025-04-01 01:33:23,26.44,61.941,109.461,6.828,87.301
2025-04-01 01:33:24,27.015,63.669,108.118,7.26,86.619
2025-04-01 01:33:25,27.037,63.326,107.854,7.241,87.363
2025-04-01 01:33:26,26.604,63.3,109.37,8.279,86.015
2025-04-01 01:33:27,26.755,63.009,109.385,7.438,85.973
2025-04-01 01:33:28,26.875,63.565,108.77,6.701,86.876
2025-04-01 01:33:29,26.823,63.032,108.397,7.362,87.124
2025-04-01 01:33:30,27.402,62.122,108.054,7.935,86.788
2025-04-01 01:33:31,26.932,62.38,107.959,7.419,85.075
2025-04-01 01:33:32,26.969,62.271,108.58,6.762,87.976
2025-04-01 01:33:33,27.364,61.881,109.679,7.305,84.973
2025-04-01 01:33:34,27.182,62.3,109.128,6.965,86.575
2025-04-01 01:33:35,26.769,63.117,108.887,6.905,86.442
2025-04-01 01:33:36,27.841,64.821,108.184,6.945,85.863
2025-04-01 01:33:37,27.704,62.985,107.81,7.048,86.847
2025-04-01 01:33:38,27.433,61.916,108.428,6.841,86.324
2025-04-01 01:33:39,26.756,61.536,109.292,7.631,87.087
2025-04-01 01:33:40,27.315,62.136,109.669,7.507,88.152
2025-04-01 01:33:41,27.362,61.297,110.234,7.456,85.321
2025-04-01 01:33:42,27.355,64.571,108.774,6.662,85.956
2025-04-01 01:33:43,27.479,61.761,108.939,6.782,84.626
2025-04-01 01:33:44,27.646,62.344,108.841,7.482,86.829
2025-04-01 01:33:45,27.13,62.818,108.774,6.634,88.147
2025-04-01 01:33:46,28.335,61.795,108.574,6.685,87.631
2025-04-01 01:33:47,28.131,63.107,109.168,6.092,86.143
2025-04-01 01:33:48,27.584,63.96,108.009,7.014,87.825
2025-04-01 01:33:49,27.879,63.343,108.661,7.383,87.242
2025-04-01 01:33:50,27.957,63.416,109.319,6.622,84.848
2025-04-01 01:33:51,27.793,62.426,108.326,6.142,86.056
2025-04-01 01:33:52,27.633,62.603,108.895,6.22,88.06
2025-04-01 01:33:53,27.134,62.82,107.939,7.065,85.526
2025-04-01 01:33:54,27.631,62.288,107.258,7.052,87.092
2025-04-01 01:33:55,27.78,64.904,106.994,6.437,87.263
2025-04-01 01:33:56,28.093,62.086,106.03,6.423,87.638
2025-04-01 01:33:57,28.239,64.362,104.741,7.007,86.536
2025-04-01 01:33:58,27.706,64.763,104.613,6.903,86.677
2025-04-01 01:33:59,28.092,63.26,105.601,7.804,86.955
2025-04-01 01:34:00,27.74,62.521,104.778,7.626,86.483
2025-04-01 01:34:01,28.107,62.279,105.636,7.756,86.695
2025-04-01 01:34:02,28.016,64.378,104.613,7.507,86.084
2025-04-01 01:34:03,28.039,62.067,104.5,6.553,87.184
2025-04-01 01:34:04,28.318,63.067,105.1,7.238,86.787
2025-04-01 01:34:05,28.223,62.962,105.192,7.227,84.649
2025-04-01 01:34:06,28.47,62.02,104.758,8.277,84.712
2025-04-01 01:34:07,27.926,63.741,104.676,8.216,86.091
2025-04-01 01:34:08,28.607,62.209,103.365,6.208,86.562
2025-04-01 01:34:09,28.168,63.626,103.085,7.759,85.711
2025-04-01 01:34:10,27.97,62.996,103.769,8.536,85.031
2025-04-01 01:34:11,27.607,63.253,103.817,7.457,85.82
2025-04-01 01:34:12,27.827,64.792,104.637,8.261,82.251
2025-04-01 01:34:13,27.787,64.117,103.873,8.694,85.217
2025-04-01 01:34:14,28.101,64.213,104.678,7.767,84.641
2025-04-01 01:34:15,28.282,61.962,105.039,8.415,85.876
2025-04-01 01:34:16,27.764,64.659,104.339,7.643,83.744
2025-04-01 01:34:17,28.17,64.034,104.97,8.402,84.922
2025-04-01 01:34:18,28.407,63.1,105.485,8.516,86.39
2025-04-01 01:34:19,27.7,63.446,105.121,8.405,84.512
2025-04-01 01:34:20,28.232,64.621,105.466,8.009,84.605
2025-04-01 01:34:21,27.253,63.744,104.933,8.733,84.938
2025-04-01 01:34:22,28.246,64.435,104.323,8.512,83.321
2025-04-01 01:34:23,28.349,64.448,104.414,8.381,85.285
2025-04-01 01:34:24,28.185,64.615,103.837,7.186,85.675
2025-04-01 01:34:25,27.438,64.121,105.479,9.064,85.037
2025-04-01 01:34:26,28.152,64.379,105.01,8.082,84.923
2025-04-01 01:34:27,27.813,63.929,104.987,8.948,86.276
2025-04-01 01:34:28,27.865,64.387,104.625,8.174,83.127
2025-04-01 01:34:29,27.917,64.94,104.101,8.654,84.076
2025-04-01 01:34:30,27.632,65.063,106.074,8.845,83.548
2025-04-01 01:34:31,27.971,66.365,105.175,9.132,85.954
2025-04-01 01:34:32,27.639,64.881,105.885,8.446,84.686
2025-04-01 01:34:33,27.685,65.479,106.315,8.837,83.315
2025-04-01 01:34:34,27.571,64.278,106.083,9.286,82.684
2025-04-01 01:34:35,27.527,65.434,105.715,8.67,83.595
2025-04-01 01:34:36,27.306,66.513,106.527,8.149,80.9
2025-04-01 01:34:37,27.912,65.71,106.229,9.212,82.562
2025-04-01 01:34:38,27.614,64.456,106.582,9.03,83.165
2025-04-01 01:34:39,27.46,66.743,106.653,8.347,82.078
2025-04-01 01:34:40,27.168,66.542,107.245,9.772,81.449
2025-04-01 01:34:41,27.019,66.602,107.515,10.099,81.118
2025-04-01 01:34:42,27.513,66.332,107.699,9.082,82.573
2025-04-01 01:34:43,27.296,65.215,108.01,9.682,82.338
2025-04-01 01:34:44,27.272,66.727,108.144,8.898,80.79
2025-04-01 01:34:45,27.398,66.043,107.989,9.257,82.59
2025-04-01 01:34:46,27.234,65.522,107.852,8.681,81.926
2025-04-01 01:34:47,27.527,65.741,108.143,9.907,82.785
2025-04-01 01:34:48,26.846,64.839,108.604,9.954,80.878
2025-04-01 01:34:49,27.048,66.355,108.506,9.44,82.948
2025-04-01 01:34:50,27.127,66.686,109.246,10.19,82.573
2025-04-01 01:34:51,26.625,67.533,110.031,10.682,82.007
2025-04-01 01:34:52,27.53,67.23,110.067,9.781,80.52
2025-04-01 01:34:53,26.729,67.381,109.031,9.516,81.884
2025-04-01 01:34:54,26.536,67.081,108.909,9.343,80.131
2025-04-01 01:34:55,26.658,67.548,109.358,9.228,79.847
2025-04-01 01:34:56,26.02,68.33,110.736,8.824,80.17
2025-04-01 01:34:57,26.881,66.19,109.703,9.577,81.073
2025-04-01 01:34:58,26.56,67.881,110.013,10.373,80.444
2025-04-01 01:34:59,26.607,68.762,109.983,9.513,81.718
2025-04-01 01:35:00,26.344,68.718,109.879,8.858,82.521
2025-04-01 01:35:01,26.862,67.334,108.924,9.749,80.315
2025-04-01 01:35:02,26.388,67.952,109.881,10.281,81.769
2025-04-01 01:35:03,26.105,68.724,109.131,10.692,81.565
2025-04-01 01:35:04,26.889,67.538,108.128,9.428,81.521
2025-04-01 01:35:05,26.283,69.088,109.059,9.746,81.429
2025-04-01 01:35:06,26.173,69.006,109.159,9.921,80.245
2025-04-01 01:35:07,26.456,69.695,109.145,9.167,80.189
2025-04-01 01:35:08,26.181,67.49,108.409,8.518,80.456
2025-04-01 01:35:09,25.71,69.917,109.272,9.186,81.641
2025-04-01 01:35:10,26.631,68.581,109.07,9.38,81.02
2025-04-01 01:35:11,26.352,69.489,107.987,8.918,80.821
2025-04-01 01:35:12,25.827,68.29,107.925,10.231,79.872
2025-04-01 01:35:13,26.209,69.805,107.55,9.985,81.314
2025-04-01 01:35:14,26.162,70.05,107.391,10.193,79.402
2025-04-01 01:35:15,25.743,68.488,106.192,9.622,79.297
2025-04-01 01:35:16,25.831,68.634,106.795,9.593,78.847
2025-04-01 01:35:17,25.925,70.068,107.127,9.232,80.178
2025-04-01 01:35:18,25.744,69.303,106.42,8.876,81.308
2025-04-01 01:35:19,25.85,68.613,107.241,9.274,80.018
2025-04-01 01:35:20,25.035,69.134,105.268,9.154,80.972
2025-04-01 01:35:21,25.261,69.792,105.697,8.856,81.316
2025-04-01 01:35:22,25.776,70.963,106.109,9.121,82.653
2025-04-01 01:35:23,25.841,69.642,106.188,9.111,80.719
2025-04-01 01:35:24,25.282,69.566,106.008,8.816,82.112
2025-04-01 01:35:25,26.03,68.203,105.433,9.072,80.957
2025-04-01 01:35:26,25.317,70.008,104.879,8.443,80.508
2025-04-01 01:35:27,25.792,71.971,105.392,8.713,79.665
2025-04-01 01:35:28,25.902,70.166,104.772,9.271,81.14
2025-04-01 01:35:29,25.402,69.739,104.598,9.322,79.493
2025-04-01 01:35:30,25.018,70.491,105.645,9.332,80.288
2025-04-01 01:35:31,25.525,69.409,104.945,8.125,79.138
2025-04-01 01:35:32,25.044,69.464,105.463,8.384,80.872
2025-04-01 01:35:33,24.791,69.623,105.774,8.092,81.72
2025-04-01 01:35:34,25.288,69.628,105.189,9.101,81.814
2025-04-01 01:35:35,25.722,70.283,104.643,8.965,79.886
2025-04-01 01:35:36,25.44,70.289,104.985,8.602,80.247
2025-04-01 01:35:37,25.345,70.096,103.616,8.584,80.291
2025-04-01 01:35:38,25.328,70.809,103.91,8.739,80.184
2025-04-01 01:35:39,24.712,71.527,103.567,8.243,82.321
2025-04-01 01:35:40,24.602,70.507,103.836,6.616,83.012
2025-04-01 01:35:41,25.039,70.55,103.186,7.559,81.809
2025-04-01 01:35:42,25.247,68.729,103.601,7.701,81.411
2025-04-01 01:35:43,25.366,69.433,102.579,8.186,82.304
2025-04-01 01:35:44,25.503,70.316,103.497,7.469,80.235
2025-04-01 01:35:45,24.871,69.654,102.427,7.15,81.592
2025-04-01 01:35:46,24.809,69.264,102.79,6.921,81.98
2025-04-01 01:35:47,24.73,69.567,103.199,7.486,81.863
2025-04-01 01:35:48,24.76,70.394,102.131,7.091,83.534
2025-04-01 01:35:49,25.014,70.821,102.527,7.082,80.968
2025-04-01 01:35:50,25.201,71.477,102.313,7.53,81.928
2025-04-01 01:35:51,24.668,70.646,102.697,6.913,82.426
2025-04-01 01:35:52,25.018,71.458,102.707,7.595,83.001
2025-04-01 01:35:53,25.233,69.877,102.067,7.829,83.073
2025-04-01 01:35:54,24.925,71.56,102.383,6.682,81.368
2025-04-01 01:35:55,25.2,70.244,102.61,7.03,84.429
2025-04-01 01:35:56,25.069,69.782,102.242,7.366,82.34
2025-04-01 01:35:57,25.612,69.982,103.66,7.255,82.365
2025-04-01 01:35:58,25.072,70.481,103.315,7.014,82.672
2025-04-01 01:35:59,25.026,69.778,103.734,6.631,83.433
2025-04-01 01:36:00,24.888,69.934,103.206,6.768,83.819
2025-04-01 01:36:01,25.191,71.753,103.054,6.029,84.283
2025-04-01 01:36:02,25.041,70.337,104.047,6.321,82.457
2025-04-01 01:36:03,25.181,70.026,103.641,7.129,84.409
2025-04-01 01:36:04,25.654,70.892,103.797,6.553,82.144
2025-04-01 01:36:05,24.707,70.241,103.594,7.091,84.005
2025-04-01 01:36:06,25.421,70.971,102.884,7.4,85.342
2025-04-01 01:36:07,25.243,70.763,104.068,6.549,86.158
2025-04-01 01:36:08,25.348,70.128,104.093,7.232,85.145
2025-04-01 01:36:09,25.199,69.687,104.595,6.662,85.134
2025-04-01 01:36:10,25.093,69.202,104.769,7.47,84.613
2025-04-01 01:36:11,25.483,68.94,104.392,6.945,84.84
2025-04-01 01:36:12,25.541,69.478,104.488,6.507,84.538
2025-04-01 01:36:13,25.19,69.145,104.584,7.373,84.377
2025-04-01 01:36:14,25.215,69.17,104.253,6.226,84.69
2025-04-01 01:36:15,25.45,69.737,102.882,6.902,85.065
2025-04-01 01:36:16,25.716,69.701,103.466,6.501,85.098
2025-04-01 01:36:17,25.459,70.478,103.717,6.527,84.03
2025-04-01 01:36:18,25.538,68.754,104.587,5.741,84.432
2025-04-01 01:36:19,25.912,69.31,105.19,5.837,86.159
2025-04-01 01:36:20,26.065,69.825,105.441,6.326,82.59
2025-04-01 01:36:21,25.701,69.84,105.461,5.8,84.211
2025-04-01 01:36:22,25.681,68.305,103.74,5.481,84.749
2025-04-01 01:36:23,25.238,68.328,103.688,7.347,85.704
2025-04-01 01:36:24,26.228,68.496,103.21,5.944,86.261
2025-04-01 01:36:25,26.034,68.906,103.492,5.748,88.042
2025-04-01 01:36:26,25.87,67.342,102.619,7.473,86.99
2025-04-01 01:36:27,25.868,69.137,103.765,7.013,85.604
2025-04-01 01:36:28,25.671,67.916,104.333,6.565,87.521
2025-04-01 01:36:29,26.721,68.225,104.589,6.589,84.3
2025-04-01 01:36:30,26.197,68.972,104.414,7.124,86.579
2025-04-01 01:36:31,26.059,69.182,102.899,6.401,84.877
2025-04-01 01:36:32,26.561,68.237,102.523,7.029,85.522
2025-04-01 01:36:33,26.22,69.308,101.775,5.885,87.72
2025-04-01 01:36:34,26.132,67.499,102.082,6.965,85.834
2025-04-01 01:36:35,25.901,67.432,100.803,7.455,85.777
2025-04-01 01:36:36,26.864,67.665,100.624,7.357,85.058
2025-04-01 01:36:37,26.928,68.252,100.417,7.832,84.491
2025-04-01 01:36:38,26.128,67.731,100.324,7.01,86.226
2025-04-01 01:36:39,26.893,67.802,101.155,6.666,86.205
2025-04-01 01:36:40,26.084,67.976,100.888,7.166,86.197
2025-04-01 01:36:41,26.997,67.336,100.118,7.081,85.671
2025-04-01 01:36:42,27.338,69.13,99.725,7.249,85.796
2025-04-01 01:36:43,26.622,67.481,99.644,7.308,87.257
2025-04-01 01:36:44,26.842,67.277,99.615,7.501,87.725
2025-04-01 01:36:45,27.317,69.541,98.121,6.798,87.319
2025-04-01 01:36:46,26.674,65.653,97.19,8.457,85.573
2025-04-01 01:36:47,27.746,66.997,98.337,6.99,85.899
2025-04-01 01:36:48,27.464,66.603,98.007,7.287,86.609
2025-04-01 01:36:49,26.781,65.753,97.659,8.564,87.278
2025-04-01 01:36:50,27.156,66.503,98.329,7.165,88.33
2025-04-01 01:36:51,26.999,67.494,97.06,8.601,84.1
2025-04-01 01:36:52,27.406,67.085,96.085,7.894,87.766
2025-04-01 01:36:53,27.055,66.322,96.069,7.619,87.266
2025-04-01 01:36:54,27.322,66.582,97.068,8.652,88.526
2025-04-01 01:36:55,27.974,67.128,97.878,7.538,88.162
2025-04-01 01:36:56,27.157,66.96,97.531,7.21,86.359
2025-04-01 01:36:57,27.802,65.872,98.228,7.962,85.63
2025-04-01 01:36:58,26.98,66.31,97.624,8.873,87.046
2025-04-01 01:36:59,27.914,65.729,98.207,8.288,86.165
2025-04-01 01:37:00,27.437,65.797,97.851,8.369,87.625
2025-04-01 01:37:01,27.428,66.328,96.79,8.299,87.559
2025-04-01 01:37:02,27.409,65.804,97.402,8.748,84.652
2025-04-01 01:37:03,27.61,63.633,96.939,7.742,84.204
2025-04-01 01:37:04,28.408,65.054,96.711,7.798,86.142
2025-04-01 01:37:05,27.896,64.7,97.422,8.515,84.63
2025-04-01 01:37:06,27.5,65.302,96.535,8.921,86.759
2025-04-01 01:37:07,27.945,64.888,96.446,8.098,84.612
2025-04-01 01:37:08,27.484,65.134,97.043,8.26,85.511
2025-04-01 01:37:09,28.179,64.774,98.059,8.566,86.004
2025-04-01 01:37:10,28.277,64.585,97.983,10.004,85.379
2025-04-01 01:37:11,27.84,65.606,99.02,7.6,85.909
2025-04-01 01:37:12,27.865,65.465,98.791,9.64,84.113
2025-04-01 01:37:13,28.239,65.801,98.652,9.17,83.446
2025-04-01 01:37:14,27.608,62.227,98.735,9.041,87.313
2025-04-01 01:37:15,28.074,63.895,99.192,9.696,84.71
2025-04-01 01:37:16,28.254,64.218,99.008,8.969,83.084
2025-04-01 01:37:17,27.787,64.45,98.935,9.261,87.474
2025-04-01 01:37:18,28.012,63.29,99.417,8.844,83.632
2025-04-01 01:37:19,27.901,63.722,98.73,9.092,84.358
2025-04-01 01:37:20,27.781,65.231,99.991,9.585,86.217
2025-04-01 01:37:21,28.318,64.12,100.658,8.967,85.204
2025-04-01 01:37:22,27.63,63.56,100.156,8.915,85.245
2025-04-01 01:37:23,27.955,62.904,101.242,8.674,84.952
2025-04-01 01:37:24,27.822,63.254,100.756,9.274,84.868
2025-04-01 01:37:25,27.903,62.936,101.561,9.351,85.0
2025-04-01 01:37:26,28.376,63.16,100.621,9.014,83.876
2025-04-01 01:37:27,28.265,63.25,100.619,9.502,84.071
2025-04-01 01:37:28,28.38,65.281,101.28,9.386,84.697
2025-04-01 01:37:29,28.672,63.732,100.655,10.057,84.322
2025-04-01 01:37:30,28.394,63.25,100.37,9.401,81.889
2025-04-01 01:37:31,28.258,63.643,101.774,9.152,86.384
2025-04-01 01:37:32,28.693,63.887,101.216,9.658,84.922
2025-04-01 01:37:33,28.32,63.478,102.431,8.95,83.46
2025-04-01 01:37:34,28.461,63.263,102.955,9.11,83.923
2025-04-01 01:37:35,28.582,65.098,102.496,9.86,81.623
2025-04-01 01:37:36,28.188,62.82,103.062,9.838,82.489
2025-04-01 01:37:37,28.132,63.443,103.659,8.541,85.081
2025-04-01 01:37:38,28.526,62.962,104.257,9.266,82.238
2025-04-01 01:37:39,27.808,63.6,104.184,9.004,83.077
2025-04-01 01:37:40,27.634,63.634,104.125,10.18,81.247
2025-04-01 01:37:41,28.232,62.067,104.789,9.173,81.851
2025-04-01 01:37:42,28.168,62.621,104.715,9.333,81.989
2025-04-01 01:37:43,28.475,62.649,105.495,8.199,83.625
2025-04-01 01:37:44,27.809,62.828,105.305,8.652,82.785
2025-04-01 01:37:45,28.013,63.286,105.088,7.807,82.674
2025-04-01 01:37:46,28.128,61.497,104.911,8.411,81.119
2025-04-01 01:37:47,28.117,61.807,105.314,9.288,81.01
2025-04-01 01:37:48,27.758,62.232,105.045,8.334,82.443
2025-04-01 01:37:49,28.626,63.082,105.397,9.17,82.505
2025-04-01 01:37:50,27.623,63.233,105.669,8.281,80.986
2025-04-01 01:37:51,28.027,62.959,105.735,8.708,82.487
2025-04-01 01:37:52,27.774,62.513,105.022,9.317,82.585
2025-04-01 01:37:53,27.723,62.005,105.401,8.655,81.136
2025-04-01 01:37:54,27.974,62.486,105.25,8.749,82.33
2025-04-01 01:37:55,27.261,60.823,105.378,8.174,81.764
2025-04-01 01:37:56,27.583,63.114,104.5,7.86,81.866
2025-04-01 01:37:57,28.192,62.001,104.814,8.355,82.76
2025-04-01 01:37:58,27.172,62.686,104.145,8.28,82.199
2025-04-01 01:37:59,27.855,63.112,104.59,8.28,81.488
2025-04-01 01:38:00,27.353,61.762,103.552,7.98,80.032
2025-04-01 01:38:01,28.071,61.174,102.881,8.079,81.198
2025-04-01 01:38:02,27.674,63.077,101.988,7.441,79.95
2025-04-01 01:38:03,27.513,61.591,103.25,7.608,81.515
2025-04-01 01:38:04,27.165,60.688,103.36,8.095,80.958
2025-04-01 01:38:05,27.393,63.729,101.926,8.274,80.557
2025-04-01 01:38:06,27.475,63.958,101.707,7.534,81.0
2025-04-01 01:38:07,27.734,62.675,101.932,6.471,81.377
2025-04-01 01:38:08,27.192,63.232,102.349,8.406,79.25
2025-04-01 01:38:09,27.375,62.511,102.602,6.893,81.457
2025-04-01 01:38:10,26.702,64.947,101.087,7.767,81.547
2025-04-01 01:38:11,27.294,62.832,101.438,7.091,80.885
2025-04-01 01:38:12,27.454,62.142,102.479,6.856,79.902
2025-04-01 01:38:13,27.111,62.668,102.981,6.499,80.343
2025-04-01 01:38:14,27.034,62.112,103.045,6.708,80.677
2025-04-01 01:38:15,26.772,63.273,102.155,6.713,79.594
2025-04-01 01:38:16,27.064,63.444,101.779,7.17,80.89
2025-04-01 01:38:17,26.613,61.881,101.764,7.016,80.011
2025-04-01 01:38:18,26.89,62.985,101.924,7.47,81.071
2025-04-01 01:38:19,27.012,62.627,100.8,6.431,81.706
2025-04-01 01:38:20,26.01,63.392,102.01,7.193,82.55
2025-04-01 01:38:21,26.524,63.63,102.329,5.929,81.241
2025-04-01 01:38:22,26.382,63.024,101.829,7.572,81.877
2025-04-01 01:38:23,26.389,64.974,102.463,7.302,81.087
2025-04-01 01:38:24,26.454,63.939,102.092,6.915,81.017
2025-04-01 01:38:25,26.792,62.995,101.14,6.892,81.713
2025-04-01 01:38:26,26.641,64.274,101.538,5.869,81.752
2025-04-01 01:38:27,26.377,61.591,100.994,5.647,79.662
2025-04-01 01:38:28,26.616,61.978,101.805,6.258,81.049
2025-04-01 01:38:29,25.717,63.82,101.527,6.263,82.752
2025-04-01 01:38:30,25.913,62.627,101.007,6.038,81.032
2025-04-01 01:38:31,26.3,64.528,99.871,6.667,79.96
2025-04-01 01:38:32,26.425,63.978,99.634,6.609,80.115
2025-04-01 01:38:33,26.168,63.919,100.523,6.19,81.341
2025-04-01 01:38:34,25.526,64.514,102.128,6.164,82.359
2025-04-01 01:38:35,25.464,64.022,102.108,6.646,81.376
2025-04-01 01:38:36,26.537,63.977,102.684,5.861,80.501
2025-04-01 01:38:37,26.079,65.485,101.683,4.759,81.889
2025-04-01 01:38:38,25.753,64.364,103.413,5.556,81.141
2025-04-01 01:38:39,26.093,64.24,104.65,5.649,81.696
2025-04-01 01:38:40,25.791,65.106,105.872,5.928,82.939
2025-04-01 01:38:41,26.378,65.076,107.033,5.994,81.147
2025-04-01 01:38:42,25.202,64.028,105.579,6.279,81.959
2025-04-01 01:38:43,25.264,64.087,106.1,5.802,79.563
2025-04-01 01:38:44,25.772,66.936,105.708,6.935,82.503
2025-04-01 01:38:45,25.432,65.602,106.507,6.989,82.395
2025-04-01 01:38:46,25.631,65.62,105.648,6.064,82.992
2025-04-01 01:38:47,25.6,65.764,107.215,6.052,82.961
2025-04-01 01:38:48,25.148,65.061,107.913,6.104,81.275
2025-04-01 01:38:49,25.32,64.76,108.363,6.38,82.734
2025-04-01 01:38:50,24.952,65.785,109.568,5.873,82.705
2025-04-01 01:38:51,25.305,65.897,108.66,5.502,81.171
2025-04-01 01:38:52,25.66,66.735,108.837,6.183,83.085
2025-04-01 01:38:53,25.602,65.988,110.011,5.912,83.848
2025-04-01 01:38:54,25.479,65.47,109.011,5.663,83.087
2025-04-01 01:38:55,25.184,66.612,108.181,6.44,83.337
2025-04-01 01:38:56,25.752,66.551,108.448,6.612,84.077
2025-04-01 01:38:57,25.655,66.755,109.031,6.242,82.855
2025-04-01 01:38:58,25.349,66.139,109.397,5.706,81.818
2025-04-01 01:38:59,25.419,67.298,109.361,6.386,86.234
2025-04-01 01:39:00,25.375,67.114,108.699,6.333,84.101
2025-04-01 01:39:01,25.391,66.848,107.368,6.77,83.408
2025-04-01 01:39:02,24.994,66.762,107.465,6.321,83.999
2025-04-01 01:39:03,24.826,67.845,106.374,6.756,84.162
2025-04-01 01:39:04,25.515,68.134,106.461,5.591,84.022
2025-04-01 01:39:05,26.071,68.462,105.656,5.926,82.98
2025-04-01 01:39:06,24.935,66.596,106.079,6.541,84.08
2025-04-01 01:39:07,25.571,68.74,106.668,6.639,85.345
2025-04-01 01:39:08,25.198,68.571,104.563,6.653,84.719
2025-04-01 01:39:09,25.085,67.771,105.765,6.184,86.56
2025-04-01 01:39:10,25.024,68.31,106.192,6.306,85.86
2025-04-01 01:39:11,25.355,68.083,106.618,6.418,84.835
2025-04-01 01:39:12,25.315,67.866,107.243,6.548,87.412
2025-04-01 01:39:13,25.837,67.241,106.028,6.739,85.831
2025-04-01 01:39:14,25.693,68.796,106.352,7.592,85.548
2025-04-01 01:39:15,25.569,68.564,105.549,6.486,86.491
2025-04-01 01:39:16,25.331,69.429,105.258,6.382,85.302
2025-04-01 01:39:17,25.121,67.833,103.637,7.174,84.875
2025-04-01 01:39:18,25.561,68.38,103.528,7.44,86.923
2025-04-01 01:39:19,25.292,68.338,104.154,7.216,85.904
2025-04-01 01:39:20,25.45,67.831,102.033,6.598,85.1
2025-04-01 01:39:21,25.2,68.459,101.115,8.434,86.061
2025-04-01 01:39:22,25.399,68.201,101.022,6.781,86.055
2025-04-01 01:39:23,25.98,69.214,101.103,6.748,84.534
2025-04-01 01:39:24,25.304,69.322,101.424,8.065,85.18
2025-04-01 01:39:25,25.771,69.688,101.123,7.366,85.439
2025-04-01 01:39:26,25.387,67.598,100.424,7.287,85.049
2025-04-01 01:39:27,25.283,69.944,100.686,8.274,86.896
2025-04-01 01:39:28,25.844,69.102,99.778,7.134,88.904
2025-04-01 01:39:29,25.585,69.782,100.336,7.81,87.101
2025-04-01 01:39:30,25.44,69.778,100.612,8.202,87.051
2025-04-01 01:39:31,25.562,69.23,99.573,7.923,86.935
2025-04-01 01:39:32,25.652,69.293,99.829,7.203,86.975
2025-04-01 01:39:33,25.459,69.424,99.962,7.476,87.569
2025-04-01 01:39:34,25.923,69.969,98.517,8.408,86.576
2025-04-01 01:39:35,25.705,70.48,99.506,8.322,87.372
2025-04-01 01:39:36,25.631,68.963,99.725,7.985,85.806
2025-04-01 01:39:37,25.609,70.915,99.465,7.774,86.253
2025-04-01 01:39:38,26.252,69.318,99.201,8.529,88.188
2025-04-01 01:39:39,26.105,70.246,99.059,7.647,88.351
2025-04-01 01:39:40,25.499,70.421,99.101,8.783,88.151
2025-04-01 01:39:41,25.878,69.597,100.682,8.203,87.51
2025-04-01 01:39:42,25.941,70.109,100.649,8.469,86.73
2025-04-01 01:39:43,26.521,70.566,101.097,8.718,88.587
2025-04-01 01:39:44,25.749,68.925,101.338,8.594,85.723
2025-04-01 01:39:45,26.139,69.161,101.549,8.977,88.374
2025-04-01 01:39:46,26.47,70.304,100.632,8.425,86.846
2025-04-01 01:39:47,25.83,71.066,100.479,8.068,86.119
2025-04-01 01:39:48,26.003,70.69,101.516,8.912,87.231
2025-04-01 01:39:49,25.891,70.728,102.637,8.677,88.534
2025-04-01 01:39:50,26.43,69.008,101.821,8.913,86.581
2025-04-01 01:39:51,26.281,71.494,100.268,8.89,84.818
2025-04-01 01:39:52,26.862,69.926,100.081,8.908,85.805
2025-04-01 01:39:53,26.601,69.455,99.833,8.521,86.439
2025-04-01 01:39:54,26.554,71.414,99.279,8.433,86.754
2025-04-01 01:39:55,26.85,70.298,100.452,9.255,85.143
2025-04-01 01:39:56,27.008,71.764,101.025,9.233,85.397
2025-04-01 01:39:57,26.585,70.647,101.098,8.695,87.753
2025-04-01 01:39:58,26.457,71.119,100.851,9.17,87.206
2025-04-01 01:39:59,26.244,70.151,100.466,8.901,86.664
2025-04-01 01:40:00,26.736,69.817,100.128,8.248,86.096
2025-04-01 01:40:01,26.729,71.899,100.095,8.519,85.687
2025-04-01 01:40:02,26.839,70.622,101.44,8.497,87.284
2025-04-01 01:40:03,27.111,70.643,100.155,9.131,86.683
2025-04-01 01:40:04,26.978,70.618,100.832,8.313,86.163
2025-04-01 01:40:05,27.602,71.016,100.165,7.668,86.208
2025-04-01 01:40:06,26.919,71.183,100.453,9.302,84.846
2025-04-01 01:40:07,27.249,72.576,100.121,8.805,85.464
2025-04-01 01:40:08,27.306,69.874,100.108,9.017,85.598
2025-04-01 01:40:09,27.244,70.574,100.768,9.065,86.805
2025-04-01 01:40:10,27.42,70.834,100.27,8.574,83.852
2025-04-01 01:40:11,27.574,71.009,99.601,7.954,85.736
2025-04-01 01:40:12,27.345,69.055,99.76,7.922,83.736
2025-04-01 01:40:13,27.27,70.707,100.673,9.199,86.414
2025-04-01 01:40:14,27.668,70.792,101.615,8.181,85.256
2025-04-01 01:40:15,27.612,68.969,100.369,8.826,87.202
2025-04-01 01:40:16,27.343,71.284,99.766,8.5,83.173
2025-04-01 01:40:17,27.667,69.279,98.426,7.976,85.599
2025-04-01 01:40:18,27.464,71.127,98.913,8.347,86.51
2025-04-01 01:40:19,27.515,70.046,99.144,8.196,85.882
2025-04-01 01:40:20,27.549,68.773,99.537,8.366,85.311
2025-04-01 01:40:21,27.499,70.227,99.743,8.214,83.643
2025-04-01 01:40:22,27.515,69.616,99.823,8.891,84.847
2025-04-01 01:40:23,27.561,69.398,99.97,8.809,83.774
2025-04-01 01:40:24,28.212,70.233,99.48,7.711,83.952
2025-04-01 01:40:25,28.067,68.843,100.42,7.277,84.002
2025-04-01 01:40:26,27.514,69.564,100.239,7.752,82.505
2025-04-01 01:40:27,28.031,68.277,99.71,8.112,84.111
2025-04-01 01:40:28,27.862,68.227,100.944,7.695,84.475
2025-04-01 01:40:29,27.676,68.186,100.904,7.591,82.685
2025-04-01 01:40:30,28.248,70.566,99.759,8.084,84.145
2025-04-01 01:40:31,28.31,70.317,100.177,7.582,84.269
2025-04-01 01:40:32,27.822,67.887,100.897,7.802,84.08
2025-04-01 01:40:33,28.168,69.181,100.143,7.338,83.831
2025-04-01 01:40:34,28.198,68.791,100.599,8.1,84.432
2025-04-01 01:40:35,28.129,67.947,100.448,7.646,82.898
2025-04-01 01:40:36,27.986,68.218,100.651,6.855,84.622
2025-04-01 01:40:37,27.833,70.373,101.742,6.989,83.37
2025-04-01 01:40:38,27.907,68.631,99.576,6.863,82.592
2025-04-01 01:40:39,27.815,69.664,100.12,6.488,84.664
2025-04-01 01:40:40,27.708,67.727,99.821,5.949,84.074
2025-04-01 01:40:41,27.94,67.858,98.864,7.655,83.205
2025-04-01 01:40:42,27.868,68.196,99.405,6.259,82.767
2025-04-01 01:40:43,27.8,68.404,98.447,7.194,83.563
2025-04-01 01:40:44,28.342,67.97,98.53,6.315,80.34
2025-04-01 01:40:45,28.476,67.898,98.613,7.354,81.091
2025-04-01 01:40:46,28.34,70.124,97.184,6.377,82.198
2025-04-01 01:40:47,27.653,67.132,98.628,6.625,82.236
2025-04-01 01:40:48,28.163,68.617,97.474,6.462,82.161
2025-04-01 01:40:49,28.239,68.056,96.983,6.45,83.119
2025-04-01 01:40:50,28.106,67.479,97.008,6.841,82.902
2025-04-01 01:40:51,28.304,68.651,97.543,6.298,83.322
2025-04-01 01:40:52,28.395,66.763,97.631,5.709,82.372
2025-04-01 01:40:53,27.768,67.8,97.218,6.914,81.108
2025-04-01 01:40:54,28.21,67.845,97.113,5.439,80.823
2025-04-01 01:40:55,28.727,67.156,95.843,6.592,80.636
2025-04-01 01:40:56,28.176,67.52,96.139,6.637,84.192
2025-04-01 01:40:57,28.743,66.167,95.165,5.597,81.29
2025-04-01 01:40:58,28.289,67.526,95.719,5.972,82.529
2025-04-01 01:40:59,28.265,66.651,95.293,6.418,79.657
2025-04-01 01:41:00,28.385,65.633,95.471,5.149,81.045
2025-04-01 01:41:01,28.635,67.456,94.137,5.799,81.466
2025-04-01 01:41:02,28.347,65.644,95.24,5.237,81.329
2025-04-01 01:41:03,27.844,65.497,95.595,5.563,80.814
2025-04-01 01:41:04,27.518,67.399,96.126,6.042,81.221
2025-04-01 01:41:05,28.118,66.423,96.908,5.443,82.728
2025-04-01 01:41:06,28.303,66.305,95.91,6.078,83.318
2025-04-01 01:41:07,28.184,65.089,95.727,5.682,79.9
2025-04-01 01:41:08,28.133,64.963,96.608,6.058,81.688
2025-04-01 01:41:09,27.903,64.184,97.296,5.397,80.404
2025-04-01 01:41:10,27.736,66.163,96.575,5.503,80.169
2025-04-01 01:41:11,28.435,65.221,96.604,5.325,82.544
2025-04-01 01:41:12,28.101,66.196,97.469,5.411,81.284
2025-04-01 01:41:13,27.871,63.909,96.791,6.116,82.397
2025-04-01 01:41:14,28.19,65.123,97.372,4.695,81.458
2025-04-01 01:41:15,28.079,66.975,97.042,6.026,81.295
2025-04-01 01:41:16,28.107,64.695,97.826,4.699,79.271
2025-04-01 01:41:17,27.814,63.702,97.559,5.381,82.276
2025-04-01 01:41:18,28.045,64.974,97.301,5.625,81.617
2025-04-01 01:41:19,27.623,64.673,97.279,6.206,81.155
2025-04-01 01:41:20,28.116,64.18,97.973,5.819,79.488
2025-04-01 01:41:21,28.062,62.623,99.038,4.876,82.536
2025-04-01 01:41:22,27.345,64.577,99.117,5.403,81.19
2025-04-01 01:41:23,27.456,64.173,100.203,4.665,79.442
2025-04-01 01:41:24,27.62,64.878,98.924,5.596,81.842
2025-04-01 01:41:25,27.333,64.234,99.314,5.186,82.101
2025-04-01 01:41:26,27.353,64.664,100.191,5.898,80.993
2025-04-01 01:41:27,27.311,63.53,99.913,6.033,81.891
2025-04-01 01:41:28,27.847,63.569,100.341,5.496,81.366
2025-04-01 01:41:29,27.217,62.036,98.994,5.538,81.053
2025-04-01 01:41:30,27.27,63.2,101.158,5.499,81.453
2025-04-01 01:41:31,27.171,63.491,101.106,5.85,81.113
2025-04-01 01:41:32,27.37,63.097,100.045,6.096,82.051
2025-04-01 01:41:33,27.089,64.605,100.499,5.315,80.815
2025-04-01 01:41:34,26.467,63.708,99.706,5.795,83.313
2025-04-01 01:41:35,27.167,63.879,99.499,5.804,82.2
2025-04-01 01:41:36,26.935,63.209,99.338,7.155,81.793
2025-04-01 01:41:37,27.847,62.098,100.431,6.778,83.24
2025-04-01 01:41:38,26.85,62.985,100.22,6.367,81.324
2025-04-01 01:41:39,26.775,63.217,99.474,5.863,85.001
2025-04-01 01:41:40,27.16,63.954,99.027,6.716,82.574
2025-04-01 01:41:41,27.308,61.463,100.32,6.195,82.346
2025-04-01 01:41:42,27.358,61.906,100.324,6.852,81.953
2025-04-01 01:41:43,26.451,63.619,99.975,6.46,83.153
2025-04-01 01:41:44,26.573,63.123,100.195,6.093,81.681
2025-04-01 01:41:45,26.808,62.219,99.677,7.632,82.731
2025-04-01 01:41:46,26.824,62.076,98.611,7.214,84.474
2025-04-01 01:41:47,26.707,63.392,100.726,6.682,83.327
2025-04-01 01:41:48,26.323,62.844,100.028,6.017,83.286
2025-04-01 01:41:49,26.439,62.57,100.1,7.435,81.951
2025-04-01 01:41:50,26.636,63.317,99.583,7.591,84.554
2025-04-01 01:41:51,26.302,62.952,98.904,7.399,83.606
2025-04-01 01:41:52,26.205,62.377,98.499,6.592,83.424
2025-04-01 01:41:53,26.326,61.672,98.204,6.45,82.235
2025-04-01 01:41:54,26.436,61.825,98.872,6.507,82.853
2025-04-01 01:41:55,26.171,63.811,98.206,7.046,84.825
2025-04-01 01:41:56,25.938,61.258,98.563,7.799,84.042
2025-04-01 01:41:57,26.037,62.467,99.139,7.309,84.042
2025-04-01 01:41:58,26.027,61.593,98.787,7.806,85.455
2025-04-01 01:41:59,26.059,62.148,98.008,7.449,82.504
2025-04-01 01:42:00,25.853,64.64,98.469,7.655,85.613
2025-04-01 01:42:01,25.911,62.019,98.686,8.099,83.1
2025-04-01 01:42:02,25.798,62.47,96.987,7.787,84.8
2025-04-01 01:42:03,26.006,62.858,96.574,7.362,84.049
2025-04-01 01:42:04,25.498,62.321,96.567,7.371,84.364
2025-04-01 01:42:05,25.633,61.784,96.336,7.032,83.983
2025-04-01 01:42:06,26.042,61.196,94.841,7.227,86.562
2025-04-01 01:42:07,25.098,61.525,94.603,7.686,83.984
2025-04-01 01:42:08,25.789,63.181,94.815,7.357,83.938
2025-04-01 01:42:09,25.756,63.683,93.739,7.489,85.883
2025-04-01 01:42:10,25.221,63.063,93.265,7.357,84.597
2025-04-01 01:42:11,25.686,60.35,92.919,7.979,86.272
2025-04-01 01:42:12,24.997,62.79,93.778,7.734,85.663
2025-04-01 01:42:13,26.325,61.979,93.018,8.02,86.184
2025-04-01 01:42:14,26.035,62.319,93.398,7.628,85.916
2025-04-01 01:42:15,25.994,62.053,94.462,9.299,86.829
2025-04-01 01:42:16,25.427,62.046,93.147,7.907,85.153
2025-04-01 01:42:17,25.736,62.324,92.824,8.015,86.22
2025-04-01 01:42:18,25.969,62.274,92.666,7.893,86.274
2025-04-01 01:42:19,25.669,62.463,93.045,8.181,84.815
2025-04-01 01:42:20,25.775,62.886,91.682,8.81,86.053
2025-04-01 01:42:21,25.764,62.696,90.313,8.907,85.322
2025-04-01 01:42:22,25.502,61.551,92.452,8.932,86.305
2025-04-01 01:42:23,25.538,61.817,91.715,7.868,84.929
2025-04-01 01:42:24,25.614,63.285,91.443,8.503,85.845
2025-04-01 01:42:25,24.943,61.779,91.183,8.771,86.553
2025-04-01 01:42:26,25.556,62.669,91.055,8.824,87.493
2025-04-01 01:42:27,25.364,62.815,90.564,8.815,87.435
2025-04-01 01:42:28,25.768,63.473,90.16,8.669,86.866
2025-04-01 01:42:29,25.295,62.723,90.922,8.793,86.811
2025-04-01 01:42:30,25.382,62.97,91.417,7.948,86.005
2025-04-01 01:42:31,25.307,63.895,91.748,7.637,85.628
2025-04-01 01:42:32,25.438,64.248,90.978,8.336,87.514
2025-04-01 01:42:33,25.711,64.327,91.812,8.955,86.858
2025-04-01 01:42:34,25.708,61.967,92.524,8.78,89.021
2025-04-01 01:42:35,25.307,63.988,92.836,7.657,88.92
2025-04-01 01:42:36,25.909,63.464,93.177,8.675,86.903
2025-04-01 01:42:37,25.597,63.687,92.73,8.186,86.244
2025-04-01 01:42:38,25.323,64.434,92.533,7.992,86.774
2025-04-01 01:42:39,25.637,63.731,91.735,8.768,86.065
2025-04-01 01:42:40,25.556,62.837,92.339,8.514,88.467
2025-04-01 01:42:41,24.944,61.577,92.336,7.443,87.124
2025-04-01 01:42:42,25.408,64.448,93.823,8.639,87.907
2025-04-01 01:42:43,25.599,64.221,93.502,7.027,86.577
2025-04-01 01:42:44,24.681,63.4,91.839,8.911,87.593
2025-04-01 01:42:45,26.103,64.924,92.659,8.304,87.365
2025-04-01 01:42:46,25.528,63.982,92.085,8.093,89.767
2025-04-01 01:42:47,25.957,64.109,91.959,8.577,88.196
2025-04-01 01:42:48,25.729,65.106,93.811,7.33,86.954
2025-04-01 01:42:49,25.742,65.153,93.967,7.667,86.032
2025-04-01 01:42:50,25.444,64.497,93.572,8.09,86.975
2025-04-01 01:42:51,25.922,65.615,95.38,7.65,86.552
2025-04-01 01:42:52,25.723,63.824,95.365,7.981,87.352
2025-04-01 01:42:53,25.788,64.054,94.539,8.426,86.868
2025-04-01 01:42:54,25.652,64.952,95.994,7.247,89.336
2025-04-01 01:42:55,25.704,65.737,95.328,6.634,87.31
2025-04-01 01:42:56,26.291,65.026,94.668,7.045,86.963
2025-04-01 01:42:57,26.251,65.566,94.518,7.978,85.63
2025-04-01 01:42:58,26.171,64.264,94.45,7.425,86.292
2025-04-01 01:42:59,26.019,65.547,94.447,6.726,87.131
2025-04-01 01:43:00,26.002,65.782,93.368,7.248,86.175
2025-04-01 01:43:01,26.535,66.552,92.888,7.417,84.842
2025-04-01 01:43:02,25.927,67.106,93.334,6.518,86.07
2025-04-01 01:43:03,26.237,66.302,93.657,6.351,86.134
2025-04-01 01:43:04,26.072,67.038,93.292,6.063,85.993
2025-04-01 01:43:05,26.346,65.871,93.814,7.259,86.523
2025-04-01 01:43:06,26.778,66.265,94.899,6.876,85.436
2025-04-01 01:43:07,26.0,65.503,93.431,6.866,86.134
2025-04-01 01:43:08,26.65,66.192,93.346,7.374,87.999
2025-04-01 01:43:09,26.666,65.939,94.205,6.02,84.7
2025-04-01 01:43:10,26.269,65.835,93.424,7.01,86.15
2025-04-01 01:43:11,26.753,67.117,93.558,6.507,86.525
2025-04-01 01:43:12,26.729,66.739,93.291,6.387,88.177
2025-04-01 01:43:13,26.754,67.051,92.88,6.207,87.084
2025-04-01 01:43:14,26.677,67.833,92.495,6.019,87.413
2025-04-01 01:43:15,26.738,67.917,93.864,6.825,86.932
2025-04-01 01:43:16,26.915,67.579,93.202,5.731,85.059
2025-04-01 01:43:17,26.606,67.067,92.709,6.903,85.507
2025-04-01 01:43:18,27.117,66.848,92.39,6.069,85.447
2025-04-01 01:43:19,26.674,67.861,92.861,6.552,83.918
2025-04-01 01:43:20,27.603,67.75,93.525,6.155,86.765
2025-04-01 01:43:21,26.845,68.096,92.784,6.411,85.506
2025-04-01 01:43:22,27.367,67.359,92.051,5.759,85.028
2025-04-01 01:43:23,26.664,66.874,92.208,6.098,83.681
2025-04-01 01:43:24,26.727,68.155,91.89,5.935,85.403
2025-04-01 01:43:25,26.992,67.169,90.98,5.89,84.842
2025-04-01 01:43:26,27.035,67.282,90.365,5.101,85.895
2025-04-01 01:43:27,27.661,69.047,89.933,6.28,85.484
2025-04-01 01:43:28,27.409,69.711,89.612,5.23,84.773
2025-04-01 01:43:29,26.71,69.673,89.713,5.482,86.475
2025-04-01 01:43:30,27.601,68.195,89.572,4.234,82.854
2025-04-01 01:43:31,27.751,68.487,89.386,5.1,84.907
2025-04-01 01:43:32,27.438,68.161,89.615,5.282,84.387
2025-04-01 01:43:33,26.622,67.479,89.845,5.222,86.13
2025-04-01 01:43:34,27.132,68.871,89.602,5.218,81.228
2025-04-01 01:43:35,26.9,68.522,89.87,5.21,84.869
2025-04-01 01:43:36,27.709,70.433,89.877,4.471,83.064
2025-04-01 01:43:37,27.479,68.092,88.897,5.807,84.267
2025-04-01 01:43:38,27.512,69.764,88.676,5.768,84.059
2025-04-01 01:43:39,28.039,68.534,87.656,5.821,83.988
2025-04-01 01:43:40,27.79,69.716,89.757,5.793,81.903
2025-04-01 01:43:41,27.916,70.125,88.989,5.522,85.083
2025-04-01 01:43:42,27.65,69.609,89.367,5.357,83.869
2025-04-01 01:43:43,28.047,69.478,89.087,4.782,82.115
2025-04-01 01:43:44,27.939,69.853,90.774,5.416,82.983
2025-04-01 01:43:45,27.898,70.796,90.03,5.298,81.814
2025-04-01 01:43:46,27.874,69.777,89.982,6.322,83.742
2025-04-01 01:43:47,27.862,70.993,91.278,5.344,82.417
2025-04-01 01:43:48,27.977,70.209,90.854,5.211,83.379
2025-04-01 01:43:49,27.701,70.264,91.449,5.679,82.31
2025-04-01 01:43:50,28.591,70.285,92.847,5.399,83.647
2025-04-01 01:43:51,28.706,69.479,92.109,5.178,81.96
2025-04-01 01:43:52,28.485,69.42,92.282,5.096,83.947
2025-04-01 01:43:53,27.75,69.742,91.39,5.757,81.027
2025-04-01 01:43:54,28.065,68.899,92.704,5.19,83.095
2025-04-01 01:43:55,27.894,70.687,93.544,5.688,82.947
2025-04-01 01:43:56,28.671,70.563,93.24,5.156,80.419
2025-04-01 01:43:57,28.476,70.205,94.156,6.023,82.408
2025-04-01 01:43:58,28.793,68.132,94.526,4.734,80.352
2025-04-01 01:43:59,28.508,70.085,94.954,4.973,81.432
2025-04-01 01:44:00,28.403,69.518,95.261,5.428,80.932
2025-04-01 01:44:01,28.442,70.744,94.647,4.968,82.067
2025-04-01 01:44:02,28.519,70.701,95.098,6.114,80.185
2025-04-01 01:44:03,28.268,69.262,95.598,5.554,83.25
2025-04-01 01:44:04,28.91,70.308,96.328,5.624,81.586
2025-04-01 01:44:05,28.153,70.984,97.156,5.247,80.09
2025-04-01 01:44:06,28.951,70.026,97.905,6.116,79.984
2025-04-01 01:44:07,28.741,70.398,97.84,5.187,81.155
2025-04-01 01:44:08,28.693,69.198,96.921,5.369,81.668
2025-04-01 01:44:09,28.571,69.975,97.568,6.126,82.212
2025-04-01 01:44:10,28.549,69.641,98.235,5.715,81.664
2025-04-01 01:44:11,28.509,70.211,97.994,6.282,79.597
2025-04-01 01:44:12,28.496,71.035,98.464,5.204,80.965
2025-04-01 01:44:13,28.272,69.941,99.14,5.6,80.87
2025-04-01 01:44:14,28.543,68.525,98.015,5.85,80.988
2025-04-01 01:44:15,28.796,68.841,98.729,6.355,83.035
2025-04-01 01:44:16,28.709,69.444,97.904,5.667,80.541
2025-04-01 01:44:17,28.52,70.275,98.424,6.553,82.431
2025-04-01 01:44:18,28.881,69.864,98.207,6.123,83.355
2025-04-01 01:44:19,29.257,69.853,97.276,7.587,82.53
2025-04-01 01:44:20,28.472,70.77,97.049,6.765,81.097
2025-04-01 01:44:21,28.459,69.746,96.891,5.909,82.538
2025-04-01 01:44:22,28.169,69.35,97.686,5.976,80.202
2025-04-01 01:44:23,28.828,69.18,97.712,6.318,80.63
2025-04-01 01:44:24,28.218,69.511,97.696,6.153,81.625
2025-04-01 01:44:25,28.064,70.252,96.178,8.073,80.507
2025-04-01 01:44:26,28.228,68.296,96.318,6.157,81.119
2025-04-01 01:44:27,28.052,69.36,96.127,6.542,83.216
2025-04-01 01:44:28,28.504,69.656,95.397,6.854,82.147
2025-04-01 01:44:29,28.509,70.385,96.011,6.444,82.048
2025-04-01 01:44:30,28.363,69.437,97.116,7.347,81.456
2025-04-01 01:44:31,28.149,69.865,97.949,7.632,81.421
2025-04-01 01:44:32,27.84,70.754,97.418,6.707,82.942
2025-04-01 01:44:33,27.895,70.005,97.157,7.098,80.552
2025-04-01 01:44:34,28.473,68.761,97.269,7.394,82.436
2025-04-01 01:44:35,27.852,70.091,97.652,6.399,83.269
2025-04-01 01:44:36,27.523,69.765,97.665,7.141,82.775
2025-04-01 01:44:37,27.796,69.037,97.157,7.782,82.816
2025-04-01 01:44:38,27.756,67.649,97.459,7.651,82.488
2025-04-01 01:44:39,28.431,70.32,96.9,7.92,84.141
2025-04-01 01:44:40,27.755,68.761,96.728,7.716,82.969
2025-04-01 01:44:41,27.734,69.034,96.621,6.835,82.484
2025-04-01 01:44:42,27.19,68.846,95.735,7.613,82.36
2025-04-01 01:44:43,27.845,70.217,95.829,7.412,81.925
2025-04-01 01:44:44,27.983,68.554,95.739,7.726,83.228
2025-04-01 01:44:45,27.639,67.599,95.439,6.31,82.818
2025-04-01 01:44:46,27.707,68.902,95.646,7.531,83.175
2025-04-01 01:44:47,27.481,68.033,96.071,7.563,84.059
2025-04-01 01:44:48,27.836,69.647,95.566,7.053,83.17
2025-04-01 01:44:49,28.361,68.154,95.188,7.165,82.811
2025-04-01 01:44:50,27.45,67.739,95.107,6.872,83.417
2025-04-01 01:44:51,27.527,68.571,95.831,7.197,82.671
2025-04-01 01:44:52,27.343,68.635,96.003,8.625,83.85
2025-04-01 01:44:53,27.094,68.34,96.043,8.222,84.449
2025-04-01 01:44:54,27.286,68.56,95.56,8.152,83.928
2025-04-01 01:44:55,27.267,68.924,95.825,8.048,84.12
2025-04-01 01:44:56,27.225,68.607,96.354,8.191,83.969
2025-04-01 01:44:57,27.06,67.412,95.048,8.108,83.253
2025-04-01 01:44:58,27.54,67.145,96.012,7.469,83.851
2025-04-01 01:44:59,26.859,67.44,95.247,7.462,83.634
2025-04-01 01:45:00,27.196,68.036,95.544,7.4,85.09
2025-04-01 01:45:01,27.266,67.146,96.58,8.448,85.834
2025-04-01 01:45:02,26.982,66.955,97.144,8.698,84.712
2025-04-01 01:45:03,27.232,66.763,96.166,8.048,84.054
2025-04-01 01:45:04,27.114,68.034,98.074,7.889,82.54
2025-04-01 01:45:05,26.789,67.112,98.534,7.703,84.759
2025-04-01 01:45:06,26.855,66.288,98.307,7.467,85.411
2025-04-01 01:45:07,26.439,67.355,98.024,8.263,85.43
2025-04-01 01:45:08,26.001,66.548,97.687,7.958,85.695
2025-04-01 01:45:09,26.713,66.127,99.408,7.07,86.514
2025-04-01 01:45:10,26.378,66.967,98.727,8.327,83.445
2025-04-01 01:45:11,26.551,67.871,99.172,7.996,84.927
2025-04-01 01:45:12,26.582,66.313,99.144,7.819,84.844
2025-04-01 01:45:13,26.656,66.116,98.818,8.188,85.585
2025-04-01 01:45:14,26.851,65.588,99.69,7.198,84.925
2025-04-01 01:45:15,26.374,65.428,100.453,6.753,86.8
2025-04-01 01:45:16,26.016,65.84,100.438,9.184,86.993
2025-04-01 01:45:17,26.574,65.076,99.855,8.446,86.851
2025-04-01 01:45:18,26.485,66.611,99.958,6.604,85.44
2025-04-01 01:45:19,26.581,65.565,99.697,7.583,84.953
2025-04-01 01:45:20,25.634,65.867,100.437,7.292,86.732
2025-04-01 01:45:21,26.044,64.609,100.331,7.758,86.252
2025-04-01 01:45:22,25.71,64.294,101.464,6.602,87.256
2025-04-01 01:45:23,26.31,66.348,101.62,7.502,85.078
2025-04-01 01:45:24,26.113,65.792,101.511,6.953,86.166
2025-04-01 01:45:25,26.292,63.939,102.094,6.246,87.0
2025-04-01 01:45:26,26.123,65.106,100.773,6.524,85.732
2025-04-01 01:45:27,25.916,64.58,99.597,7.396,86.474
2025-04-01 01:45:28,25.998,65.111,100.737,6.467,86.834
2025-04-01 01:45:29,25.917,63.711,98.82,7.164,84.581
2025-04-01 01:45:30,25.664,63.577,99.338,5.548,88.34
2025-04-01 01:45:31,25.889,64.839,99.74,7.28,84.996
2025-04-01 01:45:32,25.534,65.274,99.147,6.859,86.63
2025-04-01 01:45:33,25.895,65.024,99.131,7.149,87.413
2025-04-01 01:45:34,25.796,64.517,98.341,6.425,88.148
2025-04-01 01:45:35,25.959,63.795,99.649,6.273,85.696
2025-04-01 01:45:36,25.392,63.731,99.145,6.503,88.054
2025-04-01 01:45:37,25.398,64.187,100.704,5.305,88.29
2025-04-01 01:45:38,25.695,65.006,99.73,6.42,88.45
2025-04-01 01:45:39,25.464,62.531,98.278,6.373,87.611
2025-04-01 01:45:40,25.392,63.727,99.725,5.967,87.312
2025-04-01 01:45:41,25.866,62.351,99.197,6.423,87.313
2025-04-01 01:45:42,25.941,61.644,98.972,6.224,87.278
2025-04-01 01:45:43,25.99,63.265,99.492,5.435,86.446
2025-04-01 01:45:44,25.325,62.103,100.176,5.367,88.324
2025-04-01 01:45:45,25.508,62.596,100.715,5.417,86.905
2025-04-01 01:45:46,25.576,62.608,100.874,5.426,87.961
2025-04-01 01:45:47,25.183,62.599,99.664,6.234,87.539
2025-04-01 01:45:48,25.515,63.123,101.226,5.133,88.146
2025-04-01 01:45:49,25.784,61.951,101.741,4.819,87.906
2025-04-01 01:45:50,25.104,63.143,101.473,6.131,87.372
2025-04-01 01:45:51,26.002,63.273,101.648,5.638,87.253
2025-04-01 01:45:52,25.947,62.97,101.588,6.046,87.48
2025-04-01 01:45:53,25.716,63.327,101.195,5.313,86.566
2025-04-01 01:45:54,26.041,61.329,100.498,4.906,85.222
2025-04-01 01:45:55,25.79,63.079,100.22,5.906,87.113
2025-04-01 01:45:56,25.909,62.262,99.455,4.805,85.76
2025-04-01 01:45:57,25.435,63.093,99.181,5.634,88.726
2025-04-01 01:45:58,25.454,64.524,99.458,5.48,87.771
2025-04-01 01:45:59,24.965,61.638,97.85,5.678,86.67
2025-04-01 01:46:00,26.049,61.873,98.389,5.406,87.293
2025-04-01 01:46:01,25.098,62.936,98.116,5.197,85.978
2025-04-01 01:46:02,26.033,61.736,96.974,4.902,87.144
2025-04-01 01:46:03,25.773,64.095,96.736,5.486,87.46
2025-04-01 01:46:04,25.571,62.252,97.055,5.56,88.002
2025-04-01 01:46:05,25.576,62.489,96.729,4.84,86.246
2025-04-01 01:46:06,25.679,62.498,96.147,4.81,86.665
2025-04-01 01:46:07,25.358,61.343,97.163,4.746,85.926
2025-04-01 01:46:08,25.957,62.161,95.125,4.412,86.673
2025-04-01 01:46:09,26.735,63.687,93.666,4.807,88.144
2025-04-01 01:46:10,25.602,63.683,93.064,4.492,86.811
2025-04-01 01:46:11,25.751,61.778,93.003,4.853,85.793
2025-04-01 01:46:12,25.918,62.327,92.45,5.018,87.581
2025-04-01 01:46:13,25.259,62.619,92.18,4.672,84.544
2025-04-01 01:46:14,26.477,63.01,91.944,4.371,85.724
2025-04-01 01:46:15,25.601,61.599,91.748,4.549,84.772
2025-04-01 01:46:16,26.03,61.845,91.361,4.376,84.687
2025-04-01 01:46:17,26.218,61.051,91.571,4.942,85.931
2025-04-01 01:46:18,26.38,62.786,91.86,4.062,84.268
2025-04-01 01:46:19,26.124,62.166,91.483,4.76,85.136
2025-04-01 01:46:20,26.146,62.357,91.017,4.694,85.272
2025-04-01 01:46:21,26.449,64.086,90.144,4.554,86.263
2025-04-01 01:46:22,26.162,62.762,89.192,4.413,85.909
2025-04-01 01:46:23,26.406,62.283,89.858,5.785,85.479
2025-04-01 01:46:24,26.384,60.522,88.393,4.974,84.581
2025-04-01 01:46:25,26.538,62.638,89.611,5.046,86.409
2025-04-01 01:46:26,26.961,62.955,89.142,4.493,86.832
2025-04-01 01:46:27,26.795,63.042,88.398,4.886,83.721
2025-04-01 01:46:28,26.613,62.69,89.132,5.521,84.686
2025-04-01 01:46:29,26.545,62.804,88.883,5.325,85.436
2025-04-01 01:46:30,26.689,62.635,89.81,4.834,85.064
2025-04-01 01:46:31,26.266,63.138,89.563,4.695,84.464
2025-04-01 01:46:32,26.638,63.05,89.15,5.459,84.012
2025-04-01 01:46:33,26.013,62.279,88.748,5.239,84.808
2025-04-01 01:46:34,26.59,62.515,90.307,5.744,84.361
2025-04-01 01:46:35,26.339,63.221,88.896,5.158,84.205
2025-04-01 01:46:36,26.895,62.903,89.196,5.888,83.868
2025-04-01 01:46:37,26.649,64.096,89.718,4.849,84.988
2025-04-01 01:46:38,27.102,61.578,89.267,5.072,84.35
2025-04-01 01:46:39,27.236,62.946,90.073,5.166,83.628
2025-04-01 01:46:40,27.232,63.562,90.137,5.31,83.813
2025-04-01 01:46:41,26.597,62.879,89.617,5.417,84.084
2025-04-01 01:46:42,27.586,63.2,89.243,5.18,83.61
2025-04-01 01:46:43,27.393,61.535,90.557,5.199,84.966
2025-04-01 01:46:44,27.847,61.68,90.084,5.981,84.616
2025-04-01 01:46:45,27.753,63.164,90.734,5.823,83.419
2025-04-01 01:46:46,26.763,64.996,91.075,5.433,83.325
2025-04-01 01:46:47,27.399,62.585,91.347,5.422,84.276
2025-04-01 01:46:48,27.707,63.437,90.644,6.381,84.434
2025-04-01 01:46:49,27.554,64.816,91.441,5.983,82.839
2025-04-01 01:46:50,28.086,64.188,91.78,7.046,82.147
2025-04-01 01:46:51,28.201,64.522,91.811,6.596,84.072
2025-04-01 01:46:52,27.742,64.612,91.574,6.326,81.505
2025-04-01 01:46:53,27.342,63.921,90.735,7.826,82.015
2025-04-01 01:46:54,27.822,65.379,90.211,6.801,82.618
2025-04-01 01:46:55,27.707,64.033,90.046,6.141,84.043
2025-04-01 01:46:56,27.681,63.597,89.389,6.791,80.699
2025-04-01 01:46:57,28.62,63.932,89.066,5.758,81.872
2025-04-01 01:46:58,27.325,63.147,90.19,6.969,82.309
2025-04-01 01:46:59,27.931,65.081,89.383,6.66,82.968
2025-04-01 01:47:00,27.914,63.554,90.28,6.657,82.811
2025-04-01 01:47:01,28.165,64.657,89.374,6.601,81.24
2025-04-01 01:47:02,28.178,65.858,89.246,5.778,82.782
2025-04-01 01:47:03,28.53,64.901,87.83,6.547,82.336
2025-04-01 01:47:04,28.315,66.131,88.376,7.062,81.709
2025-04-01 01:47:05,28.486,65.349,87.607,6.089,81.75
2025-04-01 01:47:06,28.192,64.557,87.111,7.718,80.908
2025-04-01 01:47:07,27.601,65.007,88.367,7.184,82.511
2025-04-01 01:47:08,28.998,65.361,88.888,6.26,81.459
2025-04-01 01:47:09,28.106,65.243,88.731,6.306,83.517
2025-04-01 01:47:10,28.554,65.91,88.203,7.266,81.884
2025-04-01 01:47:11,28.527,63.925,88.45,7.265,82.619
2025-04-01 01:47:12,28.489,65.148,88.479,6.747,82.439
2025-04-01 01:47:13,28.582,64.492,89.385,7.312,82.916
2025-04-01 01:47:14,28.626,67.266,90.314,7.876,81.166
2025-04-01 01:47:15,28.718,65.905,90.896,6.888,82.674
2025-04-01 01:47:16,28.448,65.438,89.926,7.258,83.184
2025-04-01 01:47:17,28.605,67.092,90.521,6.768,81.205
2025-04-01 01:47:18,28.541,65.921,88.972,8.548,80.852
2025-04-01 01:47:19,28.227,66.593,89.692,7.398,81.763
2025-04-01 01:47:20,28.255,66.407,90.283,7.123,82.81
2025-04-01 01:47:21,28.528,64.459,89.774,7.46,81.865
2025-04-01 01:47:22,28.597,67.083,89.409,7.602,82.96
2025-04-01 01:47:23,28.513,66.278,89.541,6.873,81.921
2025-04-01 01:47:24,28.822,65.807,88.78,7.8,82.69
2025-04-01 01:47:25,28.675,67.195,88.843,7.989,81.525
2025-04-01 01:47:26,29.125,67.436,88.128,7.992,82.195
2025-04-01 01:47:27,28.779,68.64,87.73,7.595,82.945
2025-04-01 01:47:28,28.256,66.181,87.494,6.808,82.098
2025-04-01 01:47:29,29.044,67.631,87.927,8.192,82.689
2025-04-01 01:47:30,28.529,67.767,87.199,7.538,82.328
2025-04-01 01:47:31,28.835,68.193,85.571,7.731,83.058
2025-04-01 01:47:32,28.713,66.933,86.474,7.19,82.933
2025-04-01 01:47:33,28.449,66.939,86.958,8.73,81.687
2025-04-01 01:47:34,29.254,67.56,87.544,7.301,81.387
2025-04-01 01:47:35,28.446,68.295,89.35,7.417,79.885
2025-04-01 01:47:36,28.316,68.918,88.505,7.792,83.995
2025-04-01 01:47:37,28.962,67.859,88.825,8.177,82.066
2025-04-01 01:47:38,28.759,69.65,89.229,7.742,82.259
2025-04-01 01:47:39,28.163,69.149,90.286,6.837,81.212
2025-04-01 01:47:40,29.011,69.082,90.524,8.045,79.756
2025-04-01 01:47:41,28.174,67.676,89.956,7.183,84.769
2025-04-01 01:47:42,28.076,68.131,89.93,6.398,82.269
2025-04-01 01:47:43,28.694,67.505,90.027,6.948,82.085
2025-04-01 01:47:44,28.976,69.004,89.844,7.545,83.24
2025-04-01 01:47:45,28.913,67.55,89.122,7.455,83.599
2025-04-01 01:47:46,28.469,68.835,89.545,7.979,83.098
2025-04-01 01:47:47,28.469,69.309,89.449,6.888,83.591
2025-04-01 01:47:48,28.505,69.661,90.066,7.172,83.731
2025-04-01 01:47:49,28.64,70.156,91.338,7.214,82.125
2025-04-01 01:47:50,28.639,69.694,91.572,6.901,82.521
2025-04-01 01:47:51,28.698,68.899,90.416,7.94,83.035
2025-04-01 01:47:52,27.985,70.601,90.635,6.731,84.074
2025-04-01 01:47:53,28.051,70.681,91.676,7.335,84.577
2025-04-01 01:47:54,28.187,69.347,90.952,6.595,83.483
2025-04-01 01:47:55,27.99,69.103,91.929,6.758,84.111
2025-04-01 01:47:56,28.746,68.963,91.391,7.529,85.131
2025-04-01 01:47:57,27.792,69.602,91.035,7.633,82.1
2025-04-01 01:47:58,28.117,70.256,91.968,6.819,85.784
2025-04-01 01:47:59,28.006,69.711,92.415,6.849,84.922
2025-04-01 01:48:00,28.006,69.623,92.712,6.133,84.434
2025-04-01 01:48:01,27.139,70.289,94.306,6.495,86.214
2025-04-01 01:48:02,28.139,69.612,93.987,5.305,85.064
2025-04-01 01:48:03,28.089,69.458,93.7,6.579,85.682
2025-04-01 01:48:04,27.586,70.155,93.429,5.628,86.545
2025-04-01 01:48:05,27.557,69.107,93.722,6.37,85.624
2025-04-01 01:48:06,27.598,70.429,93.4,6.896,87.246
2025-04-01 01:48:07,28.25,70.171,93.549,6.663,85.208
2025-04-01 01:48:08,27.989,70.074,93.198,5.783,85.108
2025-04-01 01:48:09,27.413,69.368,93.692,6.095,85.494
2025-04-01 01:48:10,27.486,69.933,94.198,5.614,84.114
2025-04-01 01:48:11,28.074,69.232,93.746,6.595,85.617
2025-04-01 01:48:12,27.724,70.169,93.832,4.855,85.886
2025-04-01 01:48:13,26.715,71.448,92.003,5.427,88.656
2025-04-01 01:48:14,26.957,70.945,92.779,5.11,86.575
2025-04-01 01:48:15,27.117,70.697,93.246,5.297,88.104
2025-04-01 01:48:16,27.173,69.32,94.533,4.996,85.667
2025-04-01 01:48:17,27.73,69.638,95.198,5.32,85.856
2025-04-01 01:48:18,26.774,70.238,94.91,4.444,84.838
2025-04-01 01:48:19,27.8,70.365,94.956,5.242,86.356
2025-04-01 01:48:20,27.503,70.699,95.734,5.776,86.263
2025-04-01 01:48:21,26.942,70.107,95.119,6.141,87.929
2025-04-01 01:48:22,27.27,70.304,95.704,6.17,85.995
2025-04-01 01:48:23,26.624,70.396,94.764,5.23,86.624
2025-04-01 01:48:24,27.049,69.972,94.734,5.189,86.158
2025-04-01 01:48:25,27.229,70.611,95.852,4.893,86.998
2025-04-01 01:48:26,27.278,68.842,93.132,5.139,86.521
2025-04-01 01:48:27,26.601,70.235,93.81,4.723,87.604
2025-04-01 01:48:28,27.154,70.653,93.999,5.179,87.399
2025-04-01 01:48:29,26.678,70.401,94.129,4.577,88.464
2025-04-01 01:48:30,26.879,69.59,94.102,4.741,86.551
2025-04-01 01:48:31,26.255,70.714,93.594,5.026,87.609
2025-04-01 01:48:32,26.388,70.085,93.027,4.86,87.168
2025-04-01 01:48:33,26.391,69.89,92.341,4.455,88.637
2025-04-01 01:48:34,27.03,68.972,91.682,3.55,86.864
2025-04-01 01:48:35,26.321,69.194,92.666,4.705,86.266
2025-04-01 01:48:36,26.51,69.918,92.067,4.396,88.564
2025-04-01 01:48:37,26.366,68.924,92.383,5.554,86.656
2025-04-01 01:48:38,26.383,69.319,92.922,4.802,86.783
2025-04-01 01:48:39,26.356,69.228,91.544,4.449,87.485
2025-04-01 01:48:40,26.392,69.749,91.937,3.889,87.677
2025-04-01 01:48:41,26.905,70.57,91.038,3.854,87.53
2025-04-01 01:48:42,26.423,68.981,90.501,4.43,88.135
2025-04-01 01:48:43,26.157,69.974,90.995,4.882,87.477
2025-04-01 01:48:44,26.012,68.928,90.498,4.17,88.612
2025-04-01 01:48:45,25.757,69.625,89.683,5.449,86.066
2025-04-01 01:48:46,25.926,69.089,89.685,3.996,87.198
2025-04-01 01:48:47,26.26,68.182,89.414,4.132,88.544
2025-04-01 01:48:48,25.516,71.052,88.41,4.535,88.082
2025-04-01 01:48:49,26.159,68.625,89.984,4.266,87.724
2025-04-01 01:48:50,26.042,69.069,89.226,4.77,87.596
2025-04-01 01:48:51,25.843,69.14,88.539,3.164,88.105
2025-04-01 01:48:52,25.792,68.908,89.047,5.441,86.84
2025-04-01 01:48:53,25.797,68.541,88.357,4.651,88.674
2025-04-01 01:48:54,26.032,67.739,89.325,4.43,86.616
2025-04-01 01:48:55,25.816,69.407,89.971,3.989,87.694
2025-04-01 01:48:56,25.83,69.465,88.589,3.834,87.447
2025-04-01 01:48:57,26.058,68.127,89.52,4.831,88.003
2025-04-01 01:48:58,25.768,67.99,89.008,3.835,86.162
2025-04-01 01:48:59,25.335,68.848,89.735,4.757,89.293
2025-04-01 01:49:00,25.943,67.665,89.79,4.585,86.425
2025-04-01 01:49:01,25.712,68.883,89.818,4.007,85.729
2025-04-01 01:49:02,26.259,68.595,90.521,5.188,86.531
2025-04-01 01:49:03,26.09,67.486,91.12,5.461,86.911
2025-04-01 01:49:04,25.802,66.035,90.913,4.38,88.444
2025-04-01 01:49:05,25.42,66.894,89.911,4.3,86.864
2025-04-01 01:49:06,25.752,67.389,90.368,4.821,86.286
2025-04-01 01:49:07,25.875,66.859,90.292,4.945,85.166
2025-04-01 01:49:08,26.127,67.751,90.672,4.028,88.814
2025-04-01 01:49:09,25.928,68.314,91.231,5.01,87.19
2025-04-01 01:49:10,26.402,67.741,90.317,4.64,86.621
2025-04-01 01:49:11,26.221,69.199,90.758,6.294,86.913
2025-04-01 01:49:12,25.863,68.778,90.931,5.63,86.972
2025-04-01 01:49:13,25.727,66.378,90.07,6.174,86.826
2025-04-01 01:49:14,25.695,66.566,90.436,5.868,87.095
2025-04-01 01:49:15,25.792,67.041,90.502,4.921,86.768
2025-04-01 01:49:16,25.633,65.958,90.777,5.22,86.753
2025-04-01 01:49:17,26.577,66.385,91.895,5.15,86.238
2025-04-01 01:49:18,25.437,66.509,90.919,5.926,84.927
2025-04-01 01:49:19,25.686,66.926,90.185,4.608,84.891
2025-04-01 01:49:20,25.816,66.548,89.936,6.802,86.734
2025-04-01 01:49:21,25.715,67.031,91.766,5.782,87.099
2025-04-01 01:49:22,26.108,64.948,91.306,5.903,84.207
2025-04-01 01:49:23,25.637,66.053,92.481,5.451,85.402
2025-04-01 01:49:24,25.896,65.69,92.446,5.698,85.498
2025-04-01 01:49:25,25.945,66.174,93.129,6.217,84.273
2025-04-01 01:49:26,26.334,65.56,92.388,5.831,84.009
2025-04-01 01:49:27,25.696,65.069,92.91,6.196,84.258
2025-04-01 01:49:28,25.8,66.068,92.711,6.347,85.843
2025-04-01 01:49:29,25.442,65.461,93.333,5.816,82.726
2025-04-01 01:49:30,25.791,65.165,92.855,6.513,85.344
2025-04-01 01:49:31,26.587,64.222,94.156,6.846,85.604
2025-04-01 01:49:32,25.879,64.875,94.217,5.875,85.186
2025-04-01 01:49:33,26.194,65.84,93.782,6.241,84.278
2025-04-01 01:49:34,25.908,65.901,93.387,7.12,83.46
2025-04-01 01:49:35,26.281,65.271,94.348,6.312,84.839
2025-04-01 01:49:36,25.866,64.84,95.555,7.182,84.242
2025-04-01 01:49:37,26.064,65.69,95.721,7.003,82.77
2025-04-01 01:49:38,26.414,63.907,96.145,6.057,83.806
2025-04-01 01:49:39,26.183,63.877,95.475,6.331,83.057
2025-04-01 01:49:40,26.261,63.672,94.577,6.493,84.589
2025-04-01 01:49:41,26.868,64.006,94.819,7.593,82.548
2025-04-01 01:49:42,26.624,65.296,94.962,6.979,83.067
2025-04-01 01:49:43,26.461,63.217,95.283,6.902,84.434
2025-04-01 01:49:44,26.55,65.771,95.875,6.824,81.331
2025-04-01 01:49:45,26.165,62.964,95.759,6.87,83.865
2025-04-01 01:49:46,26.752,63.69,95.448,6.908,82.865
2025-04-01 01:49:47,26.227,63.939,96.354,7.259,83.785
2025-04-01 01:49:48,26.601,64.944,95.319,7.085,84.174
2025-04-01 01:49:49,27.124,65.229,95.722,7.074,82.292
2025-04-01 01:49:50,26.92,62.829,95.244,7.342,84.16
2025-04-01 01:49:51,26.769,63.082,96.129,7.159,84.784
2025-04-01 01:49:52,26.969,63.219,96.978,7.117,83.845
2025-04-01 01:49:53,26.894,64.182,95.992,7.121,83.262
2025-04-01 01:49:54,27.103,63.021,93.77,7.248,83.202
2025-04-01 01:49:55,26.934,62.883,94.272,8.17,83.307
2025-04-01 01:49:56,27.144,64.025,93.154,7.226,82.165
2025-04-01 01:49:57,27.198,62.162,93.405,7.439,81.846
2025-04-01 01:49:58,27.87,61.89,93.117,7.51,83.554
2025-04-01 01:49:59,27.73,62.992,92.715,6.66,83.056
2025-04-01 01:50:00,26.977,62.072,92.914,7.489,83.318
2025-04-01 01:50:01,26.994,62.186,91.494,7.301,81.123
2025-04-01 01:50:02,27.639,63.007,91.113,7.949,82.184
2025-04-01 01:50:03,28.442,63.587,91.769,8.649,83.261
2025-04-01 01:50:04,27.922,62.078,90.475,7.15,83.571
2025-04-01 01:50:05,28.073,63.622,90.519,7.705,83.225
2025-04-01 01:50:06,27.108,61.317,91.314,7.25,81.493
2025-04-01 01:50:07,27.751,64.286,90.541,7.547,82.499
2025-04-01 01:50:08,27.92,62.08,91.403,6.616,81.928
2025-04-01 01:50:09,28.231,62.607,90.339,7.908,80.322
2025-04-01 01:50:10,27.402,62.145,90.103,7.3,80.445
2025-04-01 01:50:11,27.891,62.564,89.528,7.209,80.931
2025-04-01 01:50:12,27.6,62.556,89.67,7.54,82.182
2025-04-01 01:50:13,28.26,61.229,89.616,7.398,81.408
2025-04-01 01:50:14,28.229,62.04,88.463,6.798,83.793
2025-04-01 01:50:15,27.825,62.44,89.085,6.362,80.512
2025-04-01 01:50:16,28.034,61.871,89.461,7.248,80.399
2025-04-01 01:50:17,28.143,62.224,90.517,6.34,82.226
2025-04-01 01:50:18,28.147,61.87,90.134,5.698,82.403
2025-04-01 01:50:19,28.389,62.146,88.865,5.995,82.889
2025-04-01 01:50:20,28.22,63.344,89.541,6.76,83.149
2025-04-01 01:50:21,28.189,62.052,89.422,6.556,81.606
2025-04-01 01:50:22,28.349,62.337,89.561,6.706,81.969
2025-04-01 01:50:23,27.59,61.029,88.631,5.408,84.5
2025-04-01 01:50:24,28.267,62.397,89.375,6.778,81.988
2025-04-01 01:50:25,28.469,62.136,90.199,5.891,83.584
2025-04-01 01:50:26,29.073,62.27,89.042,6.122,81.303
2025-04-01 01:50:27,28.313,62.31,88.426,5.912,83.828
2025-04-01 01:50:28,28.969,62.492,89.577,6.524,81.83
2025-04-01 01:50:29,28.474,62.607,88.566,6.502,81.74
2025-04-01 01:50:30,28.297,61.682,89.035,5.123,84.289
2025-04-01 01:50:31,28.586,61.3,90.668,6.359,82.455
2025-04-01 01:50:32,28.672,62.639,89.425,5.731,81.136
2025-04-01 01:50:33,29.506,60.802,90.703,5.81,83.768
2025-04-01 01:50:34,28.973,61.86,90.735,5.624,83.565
2025-04-01 01:50:35,28.984,62.351,90.88,5.835,82.026
2025-04-01 01:50:36,27.836,62.491,90.739,4.712,84.439
2025-04-01 01:50:37,28.409,62.537,91.036,5.22,81.542
2025-04-01 01:50:38,29.002,62.197,91.692,4.852,84.283
2025-04-01 01:50:39,28.785,60.813,92.165,5.87,83.674
2025-04-01 01:50:40,28.304,61.294,90.928,5.631,82.049
2025-04-01 01:50:41,28.893,61.462,92.073,5.549,83.435
2025-04-01 01:50:42,28.373,62.965,92.919,5.637,83.077
2025-04-01 01:50:43,29.137,62.869,92.714,4.229,82.932
2025-04-01 01:50:44,29.21,61.32,93.135,5.171,83.424
2025-04-01 01:50:45,28.92,62.295,93.107,5.535,83.489
2025-04-01 01:50:46,28.562,62.749,94.898,4.989,82.948
2025-04-01 01:50:47,28.561,62.881,94.541,5.374,84.589
2025-04-01 01:50:48,28.284,62.671,94.281,4.702,85.686
2025-04-01 01:50:49,28.522,63.484,94.387,4.829,83.67
2025-04-01 01:50:50,28.612,63.032,94.512,4.095,84.178
2025-04-01 01:50:51,29.199,62.838,95.001,4.805,85.197
2025-04-01 01:50:52,28.966,63.468,94.32,5.012,87.012
2025-04-01 01:50:53,28.744,61.947,94.222,5.57,84.198
2025-04-01 01:50:54,28.941,63.651,92.106,4.283,84.501
2025-04-01 01:50:55,28.917,64.355,93.75,4.309,84.1
2025-04-01 01:50:56,28.657,62.498,93.247,4.831,85.323
2025-04-01 01:50:57,28.263,61.385,93.342,4.583,85.516
2025-04-01 01:50:58,28.844,64.298,93.694,4.794,82.132
2025-04-01 01:50:59,28.12,63.636,93.9,4.192,85.992
2025-04-01 01:51:00,28.366,63.878,95.538,4.238,85.717
2025-04-01 01:51:01,28.249,63.566,94.063,4.263,86.726
2025-04-01 01:51:02,28.726,63.242,93.749,4.401,83.883
2025-04-01 01:51:03,28.682,64.649,94.656,4.07,87.561
2025-04-01 01:51:04,28.907,64.005,94.6,4.652,84.545
2025-04-01 01:51:05,28.977,62.202,94.654,4.503,86.835
2025-04-01 01:51:06,28.246,64.101,94.847,5.012,86.559
2025-04-01 01:51:07,28.606,66.576,94.616,4.288,87.128
2025-04-01 01:51:08,28.464,64.132,94.203,4.21,87.365
2025-04-01 01:51:09,28.333,63.772,94.063,3.312,88.16
2025-04-01 01:51:10,28.714,64.194,95.003,4.014,87.062
2025-04-01 01:51:11,28.646,65.626,94.248,3.914,87.828
2025-04-01 01:51:12,28.676,64.741,95.14,4.231,85.851
2025-04-01 01:51:13,28.528,66.062,92.925,3.642,84.265
2025-04-01 01:51:14,28.591,63.736,94.052,4.159,86.751
2025-04-01 01:51:15,28.107,65.349,93.68,3.996,86.942
2025-04-01 01:51:16,28.465,65.271,93.167,4.415,87.308
2025-04-01 01:51:17,28.512,63.221,93.619,3.907,87.212
2025-04-01 01:51:18,28.535,63.845,92.433,4.498,86.498
2025-04-01 01:51:19,28.512,64.15,93.295,3.969,87.37
2025-04-01 01:51:20,28.516,64.559,92.223,3.087,86.581
2025-04-01 01:51:21,28.548,64.687,92.224,3.767,86.93
2025-04-01 01:51:22,28.548,65.292,91.894,4.689,85.762
2025-04-01 01:51:23,27.792,66.193,91.54,3.857,87.956
2025-04-01 01:51:24,28.034,65.619,92.154,3.723,86.937
2025-04-01 01:51:25,28.022,64.665,92.918,4.349,87.47
2025-04-01 01:51:26,27.845,65.823,92.298,3.467,87.21
2025-04-01 01:51:27,28.375,66.365,91.495,4.074,86.488
2025-04-01 01:51:28,28.044,66.619,91.263,3.858,88.062
2025-04-01 01:51:29,28.102,65.682,91.367,3.921,88.126
2025-04-01 01:51:30,28.317,67.03,91.414,5.058,87.497
2025-04-01 01:51:31,27.993,66.98,91.696,4.772,84.429
2025-04-01 01:51:32,27.356,67.117,90.141,5.102,89.255
2025-04-01 01:51:33,27.563,67.47,91.139,4.318,85.949
2025-04-01 01:51:34,27.443,65.966,91.348,4.202,86.777
2025-04-01 01:51:35,27.398,67.351,90.672,4.487,86.712
2025-04-01 01:51:36,27.29,66.115,89.582,5.674,87.472
2025-04-01 01:51:37,27.151,66.22,87.187,4.334,87.507
2025-04-01 01:51:38,27.352,66.32,87.463,5.262,87.591
2025-04-01 01:51:39,26.799,65.821,87.514,5.197,87.675
2025-04-01 01:51:40,27.046,65.007,87.811,4.503,88.38
2025-04-01 01:51:41,27.594,66.203,87.742,4.523,87.672
2025-04-01 01:51:42,26.96,67.059,87.851,5.26,88.137
2025-04-01 01:51:43,27.407,68.54,89.48,4.968,87.971
2025-04-01 01:51:44,27.062,66.914,89.896,4.642,87.708
2025-04-01 01:51:45,26.877,66.289,89.928,4.106,89.691
2025-04-01 01:51:46,27.203,68.826,89.45,5.201,87.934
2025-04-01 01:51:47,26.753,66.899,90.003,4.695,85.645
2025-04-01 01:51:48,26.47,68.493,90.797,4.555,86.748
2025-04-01 01:51:49,27.339,67.633,90.543,4.743,85.255
2025-04-01 01:51:50,26.898,69.338,90.553,5.206,87.052
2025-04-01 01:51:51,26.947,67.801,89.96,4.605,87.862
2025-04-01 01:51:52,27.315,68.913,91.045,5.401,86.454
2025-04-01 01:51:53,26.869,66.909,91.292,5.387,87.751
2025-04-01 01:51:54,26.603,68.314,92.728,5.162,87.673
2025-04-01 01:51:55,26.034,68.707,92.775,5.834,86.134
2025-04-01 01:51:56,26.409,69.887,92.785,7.23,86.955
2025-04-01 01:51:57,25.917,68.611,93.002,5.032,87.738
2025-04-01 01:51:58,26.286,68.785,92.095,5.392,88.154
2025-04-01 01:51:59,26.518,69.713,92.482,5.497,86.765
2025-04-01 01:52:00,26.406,69.582,92.073,5.636,87.585
2025-04-01 01:52:01,26.351,68.594,93.041,5.862,88.585
2025-04-01 01:52:02,26.087,67.967,93.166,5.948,87.878
2025-04-01 01:52:03,26.189,70.135,92.953,6.394,87.742
2025-04-01 01:52:04,26.443,68.346,93.809,6.03,88.303
2025-04-01 01:52:05,25.82,69.426,93.281,7.132,87.448
2025-04-01 01:52:06,26.089,68.503,92.868,6.315,86.675
2025-04-01 01:52:07,26.199,70.809,93.47,7.061,86.589
2025-04-01 01:52:08,25.969,69.879,92.577,6.382,87.159
2025-04-01 01:52:09,25.948,69.398,93.485,6.542,87.867
2025-04-01 01:52:10,26.417,69.683,93.378,6.143,85.821
2025-04-01 01:52:11,25.907,68.971,93.996,6.309,86.185
2025-04-01 01:52:12,25.937,71.943,94.157,5.639,85.983
2025-04-01 01:52:13,26.338,69.973,94.85,6.046,86.556
2025-04-01 01:52:14,26.33,69.429,94.705,6.482,87.21
2025-04-01 01:52:15,25.91,69.334,94.038,6.617,88.143
2025-04-01 01:52:16,25.75,69.241,94.532,6.081,87.21
2025-04-01 01:52:17,25.83,70.489,93.765,6.319,86.885
2025-04-01 01:52:18,25.938,68.368,95.596,6.753,86.106
2025-04-01 01:52:19,26.008,68.726,95.269,6.959,86.906
2025-04-01 01:52:20,26.28,70.7,93.9,7.19,86.206
2025-04-01 01:52:21,25.728,69.294,95.115,6.607,85.978
2025-04-01 01:52:22,25.492,69.49,94.947,7.397,86.054
2025-04-01 01:52:23,26.195,69.543,94.544,6.525,84.538
2025-04-01 01:52:24,26.226,70.294,93.956,6.572,84.609
2025-04-01 01:52:25,25.861,70.476,93.024,6.78,86.799
2025-04-01 01:52:26,26.0,70.307,93.076,6.812,85.772
2025-04-01 01:52:27,25.935,71.093,92.836,7.602,86.001
2025-04-01 01:52:28,25.9,69.747,93.179,6.77,85.253
2025-04-01 01:52:29,26.222,69.833,93.365,6.243,84.674
2025-04-01 01:52:30,25.988,70.676,92.865,7.312,85.938
2025-04-01 01:52:31,25.908,70.148,91.811,7.711,84.865
2025-04-01 01:52:32,25.569,68.727,92.903,7.747,84.709
2025-04-01 01:52:33,25.869,71.29,93.119,6.298,84.063
2025-04-01 01:52:34,26.077,70.326,92.226,7.62,84.22
2025-04-01 01:52:35,25.74,69.631,92.613,6.53,83.114
2025-04-01 01:52:36,25.75,70.089,92.229,6.922,84.997
2025-04-01 01:52:37,25.736,70.193,92.348,5.278,83.362
2025-04-01 01:52:38,25.915,70.137,92.655,6.926,84.632
2025-04-01 01:52:39,25.252,68.832,91.611,7.501,85.584
2025-04-01 01:52:40,25.932,69.894,92.179,6.943,81.546
2025-04-01 01:52:41,26.116,71.317,91.026,6.794,83.114
2025-04-01 01:52:42,25.606,70.023,90.976,6.618,83.669
2025-04-01 01:52:43,26.379,69.899,90.282,6.716,83.401
2025-04-01 01:52:44,25.969,69.502,90.587,6.838,84.299
2025-04-01 01:52:45,26.764,70.255,89.645,6.612,86.281
2025-04-01 01:52:46,26.792,69.343,90.373,6.64,83.948
2025-04-01 01:52:47,25.868,68.366,90.625,6.351,85.492
2025-04-01 01:52:48,26.207,68.027,90.725,7.434,83.493
2025-04-01 01:52:49,26.597,68.526,90.022,5.58,83.193
2025-04-01 01:52:50,26.008,69.336,88.567,5.735,84.189
2025-04-01 01:52:51,26.25,69.099,89.222,6.388,84.066
2025-04-01 01:52:52,26.331,69.978,89.133,6.908,82.917
2025-04-01 01:52:53,25.922,69.482,89.34,6.968,84.147
2025-04-01 01:52:54,26.332,70.632,90.797,6.21,82.134
2025-04-01 01:52:55,26.35,69.758,90.183,5.478,82.017
2025-04-01 01:52:56,26.661,68.042,89.919,5.382,83.379
2025-04-01 01:52:57,26.778,68.139,89.418,6.234,82.536
2025-04-01 01:52:58,26.708,68.993,90.96,6.399,85.081
2025-04-01 01:52:59,26.379,70.418,90.402,5.674,81.612
2025-04-01 01:53:00,26.176,67.985,91.263,5.516,84.365
2025-04-01 01:53:01,26.58,67.562,91.703,6.275,82.508
2025-04-01 01:53:02,26.546,69.056,91.709,6.234,82.163
2025-04-01 01:53:03,27.053,69.826,89.444,5.267,84.215
2025-04-01 01:53:04,26.668,69.862,90.124,5.294,80.571
2025-04-01 01:53:05,27.198,68.94,89.482,5.604,81.391
2025-04-01 01:53:06,27.058,69.375,89.521,4.85,82.895
2025-04-01 01:53:07,27.111,68.475,87.665,5.349,82.378
2025-04-01 01:53:08,26.9,69.924,88.802,5.175,83.531
2025-04-01 01:53:09,26.428,69.579,89.66,5.324,83.132
2025-04-01 01:53:10,27.079,67.805,88.071,5.416,83.321
2025-04-01 01:53:11,27.201,68.076,87.441,5.337,82.913
2025-04-01 01:53:12,26.948,68.66,88.562,5.21,82.965
2025-04-01 01:53:13,27.227,67.749,89.311,5.222,83.09
2025-04-01 01:53:14,27.512,68.122,88.698,5.17,83.662
2025-04-01 01:53:15,27.026,67.45,90.777,4.973,83.893
2025-04-01 01:53:16,26.962,67.868,91.189,4.923,83.144
2025-04-01 01:53:17,27.437,67.245,90.764,4.558,81.539
2025-04-01 01:53:18,27.584,66.882,91.415,3.96,83.012
2025-04-01 01:53:19,27.205,67.658,92.115,3.653,82.233
2025-04-01 01:53:20,28.201,67.396,92.049,4.842,83.72
2025-04-01 01:53:21,27.092,67.826,92.664,4.369,82.872
2025-04-01 01:53:22,27.324,67.154,93.005,4.491,81.896
2025-04-01 01:53:23,27.597,68.631,93.317,3.236,82.975
2025-04-01 01:53:24,27.802,67.867,92.93,4.047,83.717
2025-04-01 01:53:25,27.236,66.794,94.227,4.931,83.255
2025-04-01 01:53:26,28.195,67.11,92.864,4.6,84.027
2025-04-01 01:53:27,27.737,66.719,94.252,4.613,82.28
2025-04-01 01:53:28,27.898,67.953,94.392,4.183,83.014
2025-04-01 01:53:29,28.13,66.571,93.715,3.924,82.743
2025-04-01 01:53:30,28.062,65.964,94.273,4.847,84.461
2025-04-01 01:53:31,28.361,65.463,93.75,3.964,82.688
2025-04-01 01:53:32,28.284,64.351,93.661,3.555,82.992
2025-04-01 01:53:33,27.543,67.003,93.562,4.151,82.309
2025-04-01 01:53:34,27.715,63.919,93.684,4.266,83.648
2025-04-01 01:53:35,27.953,66.092,93.812,4.869,83.265
2025-04-01 01:53:36,28.149,66.144,94.023,3.601,85.011
2025-04-01 01:53:37,28.367,65.877,94.957,2.834,83.303
2025-04-01 01:53:38,27.869,66.141,94.718,3.962,82.676
2025-04-01 01:53:39,28.605,64.846,94.432,3.36,84.472
2025-04-01 01:53:40,28.654,65.495,94.324,3.429,83.406
2025-04-01 01:53:41,28.601,64.749,95.599,3.367,84.565
2025-04-01 01:53:42,28.012,64.686,96.1,4.062,83.745
2025-04-01 01:53:43,28.434,64.925,94.731,2.805,84.607
2025-04-01 01:53:44,28.153,65.202,93.929,3.787,83.525
2025-04-01 01:53:45,28.144,65.165,93.1,4.355,84.09
2025-04-01 01:53:46,28.811,63.828,93.166,3.331,83.414
2025-04-01 01:53:47,28.438,64.199,92.267,4.179,85.406
2025-04-01 01:53:48,29.094,63.041,92.381,3.792,85.007
2025-04-01 01:53:49,28.744,64.518,92.487,3.519,85.05
2025-04-01 01:53:50,28.54,64.774,91.773,2.982,84.954
2025-04-01 01:53:51,28.852,63.933,91.063,3.861,84.213
2025-04-01 01:53:52,28.393,63.596,91.365,3.957,85.121
2025-04-01 01:53:53,28.573,63.539,91.0,3.736,86.228
2025-04-01 01:53:54,28.624,64.265,90.157,4.009,85.437
2025-04-01 01:53:55,28.876,65.074,89.135,3.853,84.998
2025-04-01 01:53:56,28.453,62.37,88.655,4.357,84.319
2025-04-01 01:53:57,28.823,64.086,88.423,3.668,84.805
2025-04-01 01:53:58,29.128,63.924,88.468,3.442,83.26
2025-04-01 01:53:59,29.026,64.084,86.929,4.189,84.966
2025-04-01 01:54:00,28.972,62.862,87.411,3.695,87.543
2025-04-01 01:54:01,28.707,63.567,86.641,3.89,86.685
2025-04-01 01:54:02,28.838,62.341,87.099,4.269,84.857
2025-04-01 01:54:03,28.964,63.891,85.875,3.447,85.625
2025-04-01 01:54:04,29.107,62.911,85.478,3.389,87.049
2025-04-01 01:54:05,29.372,63.029,85.157,3.955,85.602
2025-04-01 01:54:06,28.805,63.02,86.74,4.339,86.279
2025-04-01 01:54:07,28.565,62.68,86.053,3.861,85.146
2025-04-01 01:54:08,28.245,63.487,85.994,5.163,85.171
2025-04-01 01:54:09,29.277,62.95,85.873,3.709,87.502
2025-04-01 01:54:10,29.223,61.185,87.748,4.072,85.602
2025-04-01 01:54:11,28.938,62.5,86.315,4.688,86.32
2025-04-01 01:54:12,29.085,61.258,85.717,4.328,85.15
2025-04-01 01:54:13,29.357,63.334,86.679,4.742,87.726
2025-04-01 01:54:14,29.233,62.417,85.394,4.873,86.958
2025-04-01 01:54:15,28.567,61.107,84.79,5.104,87.238
2025-04-01 01:54:16,28.675,61.86,84.827,4.896,87.223
2025-04-01 01:54:17,28.333,61.161,84.706,5.004,85.438
2025-04-01 01:54:18,28.969,62.39,85.321,4.731,86.399
2025-04-01 01:54:19,29.037,61.433,85.174,4.496,88.155
2025-04-01 01:54:20,28.587,61.734,84.936,4.353,87.293
2025-04-01 01:54:21,28.742,62.529,85.42,4.672,86.477
2025-04-01 01:54:22,28.922,61.559,85.724,3.991,85.377
2025-04-01 01:54:23,29.066,61.919,85.327,5.085,86.369
2025-04-01 01:54:24,28.91,61.873,84.058,5.581,86.866
2025-04-01 01:54:25,28.636,61.958,84.299,4.476,88.29
2025-04-01 01:54:26,28.83,60.793,84.739,5.191,88.312
2025-04-01 01:54:27,29.174,62.358,85.549,5.512,86.15
2025-04-01 01:54:28,28.715,61.315,85.051,5.493,88.553
2025-04-01 01:54:29,28.681,62.018,85.678,5.802,88.586
2025-04-01 01:54:30,29.373,62.698,85.666,5.695,87.623
2025-04-01 01:54:31,28.865,60.616,85.524,4.662,89.675
2025-04-01 01:54:32,28.532,61.167,85.041,5.626,87.648
2025-04-01 01:54:33,28.552,62.333,85.995,6.135,87.01
2025-04-01 01:54:34,28.858,61.527,85.245,4.929,86.444
2025-04-01 01:54:35,29.221,61.276,86.86,5.833,88.607
2025-04-01 01:54:36,28.053,61.557,87.42,5.696,89.3
2025-04-01 01:54:37,28.713,61.333,86.217,5.973,87.879
2025-04-01 01:54:38,28.442,61.53,86.22,5.885,88.469
2025-04-01 01:54:39,28.194,62.322,87.039,6.163,86.873
2025-04-01 01:54:40,28.851,62.659,87.272,6.388,87.793
2025-04-01 01:54:41,27.8,61.859,88.53,5.483,89.939
2025-04-01 01:54:42,28.077,62.627,88.232,6.121,87.916
2025-04-01 01:54:43,28.703,61.911,88.365,6.054,87.899
2025-04-01 01:54:44,28.08,62.911,88.195,6.852,90.885
2025-04-01 01:54:45,28.392,63.016,88.239,6.807,87.422
2025-04-01 01:54:46,28.34,62.311,88.549,6.251,89.453
2025-04-01 01:54:47,27.775,61.854,89.272,7.116,88.095
2025-04-01 01:54:48,27.789,62.005,89.621,6.159,88.527
2025-04-01 01:54:49,27.806,60.802,90.304,5.952,88.913
2025-04-01 01:54:50,28.082,64.362,89.623,6.447,87.647
2025-04-01 01:54:51,27.994,62.927,90.024,6.974,88.538
2025-04-01 01:54:52,27.966,61.569,90.811,6.999,87.57
2025-04-01 01:54:53,28.051,61.623,91.368,6.84,87.506
2025-04-01 01:54:54,27.702,61.522,91.607,6.575,88.63
2025-04-01 01:54:55,27.159,62.518,92.847,5.768,86.611
2025-04-01 01:54:56,27.498,62.557,92.33,7.109,87.084
2025-04-01 01:54:57,27.67,62.337,92.728,7.262,88.397
2025-04-01 01:54:58,27.211,62.118,92.576,6.996,88.063
2025-04-01 01:54:59,27.678,63.329,92.601,7.259,89.229
2025-04-01 01:55:00,27.492,63.314,93.566,7.302,87.909
2025-04-01 01:55:01,27.504,62.352,94.117,6.767,86.887
2025-04-01 01:55:02,27.577,61.557,92.737,6.334,88.672
2025-04-01 01:55:03,27.376,62.58,93.544,6.226,86.269
2025-04-01 01:55:04,27.732,63.12,92.783,7.002,90.43
2025-04-01 01:55:05,27.933,62.847,94.444,6.387,87.826
2025-04-01 01:55:06,27.305,63.614,93.67,6.893,87.567
2025-04-01 01:55:07,27.373,62.987,94.053,6.545,86.621
2025-04-01 01:55:08,26.555,63.572,93.428,6.196,85.239
2025-04-01 01:55:09,27.176,63.045,93.24,6.211,85.795
2025-04-01 01:55:10,27.11,63.379,93.24,7.145,85.417
2025-04-01 01:55:11,27.251,64.277,92.664,6.063,86.725
2025-04-01 01:55:12,26.79,63.97,92.521,5.65,85.883
2025-04-01 01:55:13,26.767,64.889,92.274,6.502,86.764
2025-04-01 01:55:14,27.086,63.684,92.699,6.004,85.558
2025-04-01 01:55:15,26.653,64.117,93.525,7.119,86.145
2025-04-01 01:55:16,26.666,64.387,92.809,6.201,86.441
2025-04-01 01:55:17,26.92,63.555,92.813,5.831,86.563
2025-04-01 01:55:18,26.934,63.789,93.474,5.235,86.089
2025-04-01 01:55:19,26.682,63.09,92.082,6.449,86.504
2025-04-01 01:55:20,26.761,63.654,91.751,7.16,85.439
2025-04-01 01:55:21,26.088,63.341,91.186,5.875,86.348
2025-04-01 01:55:22,26.477,64.066,92.371,5.238,86.649
2025-04-01 01:55:23,25.942,65.544,91.395,5.31,84.103
2025-04-01 01:55:24,26.368,65.679,90.163,5.605,86.261
2025-04-01 01:55:25,26.252,65.291,90.8,5.639,84.212
2025-04-01 01:55:26,26.093,67.337,90.769,6.204,85.313
2025-04-01 01:55:27,26.345,65.569,88.92,4.991,84.766
2025-04-01 01:55:28,26.468,65.45,89.241,6.0,87.443
2025-04-01 01:55:29,26.248,65.593,88.975,5.007,83.876
2025-04-01 01:55:30,26.147,64.526,88.43,5.236,84.938
2025-04-01 01:55:31,25.753,65.423,88.506,4.504,84.673
2025-04-01 01:55:32,25.732,66.236,88.354,4.72,84.156
2025-04-01 01:55:33,25.929,65.159,88.485,4.473,85.6
2025-04-01 01:55:34,26.056,65.582,87.845,5.287,85.653
2025-04-01 01:55:35,26.401,66.045,87.153,4.776,83.474
2025-04-01 01:55:36,26.195,66.674,86.082,4.05,85.785
2025-04-01 01:55:37,26.18,66.248,86.278,4.604,85.416
2025-04-01 01:55:38,26.045,67.105,86.333,4.76,85.567
2025-04-01 01:55:39,26.164,66.605,86.011,5.046,83.947
2025-04-01 01:55:40,25.509,66.999,86.453,5.797,84.339
2025-04-01 01:55:41,26.352,65.87,87.104,4.18,85.768
2025-04-01 01:55:42,26.161,65.962,87.674,5.813,84.855
2025-04-01 01:55:43,25.683,66.443,87.558,4.443,83.417
2025-04-01 01:55:44,25.605,65.87,86.877,4.185,85.155
2025-04-01 01:55:45,25.592,66.235,87.806,4.956,85.608
2025-04-01 01:55:46,26.248,66.064,87.089,5.039,86.456
2025-04-01 01:55:47,25.835,67.75,87.546,4.694,83.723
2025-04-01 01:55:48,26.057,67.217,87.237,4.749,82.274
2025-04-01 01:55:49,25.47,67.559,87.009,4.794,84.338
2025-04-01 01:55:50,26.094,67.528,85.936,5.037,84.185
2025-04-01 01:55:51,25.974,67.943,85.681,4.704,85.978
2025-04-01 01:55:52,25.857,67.054,86.892,4.577,83.858
2025-04-01 01:55:53,25.896,66.324,86.688,4.279,83.852
2025-04-01 01:55:54,26.142,68.169,88.084,3.26,82.889
2025-04-01 01:55:55,26.207,68.504,87.099,3.821,83.774
2025-04-01 01:55:56,25.786,66.53,87.74,4.351,82.275
2025-04-01 01:55:57,25.438,68.669,87.583,4.017,82.844
2025-04-01 01:55:58,26.695,68.377,88.609,3.989,84.182
2025-04-01 01:55:59,25.784,67.331,88.26,3.51,85.318
2025-04-01 01:56:00,26.054,68.47,88.437,3.672,82.85
2025-04-01 01:56:01,26.218,67.733,90.067,2.905,84.38
2025-04-01 01:56:02,26.195,68.629,91.528,3.976,85.446
2025-04-01 01:56:03,26.339,68.542,90.943,3.398,83.319
2025-04-01 01:56:04,26.558,68.392,90.132,4.333,81.812
2025-04-01 01:56:05,26.199,67.684,89.633,3.899,83.296
2025-04-01 01:56:06,26.112,68.755,88.776,3.596,83.688
2025-04-01 01:56:07,26.691,69.337,88.946,4.327,81.497
2025-04-01 01:56:08,26.993,68.246,89.19,3.232,83.154
2025-04-01 01:56:09,26.501,67.751,89.704,3.285,84.076
2025-04-01 01:56:10,26.374,68.101,89.772,3.15,81.385
2025-04-01 01:56:11,26.154,68.003,89.636,4.015,83.51
2025-04-01 01:56:12,26.717,68.862,90.304,2.458,82.878
2025-04-01 01:56:13,26.212,68.524,90.772,3.641,83.08
2025-04-01 01:56:14,26.93,68.515,90.335,3.228,83.578
2025-04-01 01:56:15,26.754,69.0,90.867,4.515,82.535
2025-04-01 01:56:16,26.595,68.52,90.357,3.407,83.533
2025-04-01 01:56:17,26.887,68.511,89.714,3.444,83.422
2025-04-01 01:56:18,26.505,68.796,89.411,3.693,82.76
2025-04-01 01:56:19,26.319,68.244,89.484,3.884,83.432
2025-04-01 01:56:20,26.572,67.703,89.551,4.166,84.242
2025-04-01 01:56:21,26.93,68.605,89.755,3.808,85.208
2025-04-01 01:56:22,26.811,69.7,89.64,3.845,83.008
2025-04-01 01:56:23,26.796,69.737,89.363,2.97,82.662
2025-04-01 01:56:24,26.919,69.934,89.889,3.138,84.505
2025-04-01 01:56:25,26.519,69.018,90.364,4.077,82.294
2025-04-01 01:56:26,26.75,70.226,89.876,3.594,83.748
2025-04-01 01:56:27,27.301,69.07,90.311,3.547,83.556
2025-04-01 01:56:28,26.987,68.626,89.991,4.399,83.787
2025-04-01 01:56:29,27.428,70.047,89.317,4.391,83.609
2025-04-01 01:56:30,27.143,69.106,88.277,5.017,82.878
2025-04-01 01:56:31,27.195,70.227,89.988,4.415,81.57
2025-04-01 01:56:32,27.29,68.37,90.191,3.734,84.136
2025-04-01 01:56:33,27.264,70.363,90.312,4.477,82.993
2025-04-01 01:56:34,27.445,69.223,90.076,3.576,83.712
2025-04-01 01:56:35,27.514,71.147,90.731,4.122,82.775
2025-04-01 01:56:36,27.376,69.771,90.384,3.518,84.394
2025-04-01 01:56:37,27.098,70.873,90.748,3.577,82.86
2025-04-01 01:56:38,27.96,70.464,90.444,3.662,82.648
2025-04-01 01:56:39,27.564,69.73,90.906,3.824,83.482
2025-04-01 01:56:40,27.502,69.978,90.441,4.671,82.959
2025-04-01 01:56:41,27.019,70.65,88.739,4.213,82.617
2025-04-01 01:56:42,27.73,70.85,89.093,5.239,82.702
2025-04-01 01:56:43,27.581,68.918,87.398,5.484,84.674
2025-04-01 01:56:44,28.092,70.89,86.926,3.994,84.271
2025-04-01 01:56:45,28.186,70.238,86.035,4.78,84.699
2025-04-01 01:56:46,27.805,69.545,85.476,3.694,83.129
2025-04-01 01:56:47,28.316,70.263,85.147,4.639,84.945
2025-04-01 01:56:48,27.989,69.596,84.491,4.645,85.408
2025-04-01 01:56:49,29.041,68.423,85.165,4.404,84.735
2025-04-01 01:56:50,28.12,68.464,83.671,3.333,84.183
2025-04-01 01:56:51,28.008,70.738,84.337,4.177,83.345
2025-04-01 01:56:52,28.606,68.717,83.928,4.755,85.098
2025-04-01 01:56:53,27.901,68.551,83.518,5.486,85.989
2025-04-01 01:56:54,28.081,69.322,83.592,5.726,86.445
2025-04-01 01:56:55,28.247,70.009,82.621,4.892,85.18
2025-04-01 01:56:56,28.653,70.989,81.939,5.009,84.976
2025-04-01 01:56:57,28.54,70.684,82.304,4.935,85.771
2025-04-01 01:56:58,28.628,69.469,83.621,6.285,85.049
2025-04-01 01:56:59,28.119,69.969,84.072,5.203,86.78
2025-04-01 01:57:00,28.248,69.876,83.76,5.24,85.642
2025-04-01 01:57:01,28.823,68.909,82.197,4.592,84.107
2025-04-01 01:57:02,28.677,68.518,83.893,6.21,86.219
2025-04-01 01:57:03,28.563,68.791,82.492,5.722,85.154
2025-04-01 01:57:04,28.819,69.997,83.894,5.522,86.725
2025-04-01 01:57:05,28.759,69.123,83.626,6.103,86.297
2025-04-01 01:57:06,28.993,69.346,84.151,5.548,85.609
2025-04-01 01:57:07,28.687,70.448,84.838,5.68,86.602
2025-04-01 01:57:08,28.684,68.33,84.479,6.209,85.688
2025-04-01 01:57:09,28.952,68.904,83.408,5.87,87.454
2025-04-01 01:57:10,28.903,69.015,84.723,5.509,87.394
2025-04-01 01:57:11,28.667,68.926,84.663,5.602,86.334
2025-04-01 01:57:12,28.732,69.028,85.177,6.32,87.194
2025-04-01 01:57:13,28.958,68.724,85.33,5.727,86.251
2025-04-01 01:57:14,29.217,67.717,85.028,6.657,85.877
2025-04-01 01:57:15,29.179,66.705,85.975,5.632,86.883
2025-04-01 01:57:16,28.902,67.197,85.546,6.659,85.59
2025-04-01 01:57:17,28.582,69.019,86.097,6.775,86.144
2025-04-01 01:57:18,29.408,67.026,86.635,5.75,84.762
2025-04-01 01:57:19,28.805,67.988,87.771,6.87,86.526
2025-04-01 01:57:20,29.224,68.14,87.744,5.944,87.298
2025-04-01 01:57:21,29.172,69.085,87.708,6.327,86.622
2025-04-01 01:57:22,29.213,67.57,88.58,6.5,88.508
2025-04-01 01:57:23,28.991,67.573,88.791,6.374,87.215
2025-04-01 01:57:24,29.134,67.428,88.668,5.571,85.202
2025-04-01 01:57:25,29.455,68.058,88.185,6.22,87.203
2025-04-01 01:57:26,29.711,66.761,89.191,5.633,88.058
2025-04-01 01:57:27,28.388,67.189,90.571,6.176,87.96
2025-04-01 01:57:28,29.019,68.14,91.028,5.235,87.208
2025-04-01 01:57:29,29.343,67.144,89.953,6.627,87.84
2025-04-01 01:57:30,29.417,67.599,90.036,6.694,88.116
2025-04-01 01:57:31,29.011,67.748,90.41,6.256,85.793
2025-04-01 01:57:32,29.231,65.655,89.578,6.104,87.767
2025-04-01 01:57:33,28.74,65.421,90.204,5.848,87.938
2025-04-01 01:57:34,29.3,66.638,90.557,5.266,87.596
2025-04-01 01:57:35,28.929,67.607,90.477,6.661,88.565
2025-04-01 01:57:36,29.516,65.67,90.912,5.786,87.358
2025-04-01 01:57:37,28.866,66.772,92.063,5.999,87.385
2025-04-01 01:57:38,29.545,65.191,92.014,5.431,87.627
2025-04-01 01:57:39,29.014,66.622,92.12,6.242,88.825
2025-04-01 01:57:40,28.782,65.112,93.063,6.901,88.836
2025-04-01 01:57:41,29.096,64.631,93.248,6.571,88.233
2025-04-01 01:57:42,29.426,64.623,91.872,6.03,89.007
2025-04-01 01:57:43,28.728,66.288,91.527,5.812,88.969
2025-04-01 01:57:44,29.2,65.149,90.55,5.882,87.05
2025-04-01 01:57:45,28.877,65.436,92.222,5.547,89.743
2025-04-01 01:57:46,28.956,67.238,91.489,6.362,88.385
2025-04-01 01:57:47,29.374,65.617,90.845,4.693,87.291
2025-04-01 01:57:48,28.608,64.324,91.498,6.175,86.997
2025-04-01 01:57:49,29.506,64.871,92.187,5.566,88.584
2025-04-01 01:57:50,28.914,65.852,92.084,6.446,87.082
2025-04-01 01:57:51,28.487,62.756,90.993,5.31,88.296
2025-04-01 01:57:52,28.748,66.104,91.184,5.919,88.129
2025-04-01 01:57:53,29.209,65.454,91.852,5.046,87.388
2025-04-01 01:57:54,28.859,65.688,92.392,5.419,85.747
2025-04-01 01:57:55,28.569,65.692,91.202,5.895,86.271
2025-04-01 01:57:56,28.676,65.307,91.177,5.868,88.609
2025-04-01 01:57:57,28.588,64.565,90.749,5.314,87.531
2025-04-01 01:57:58,28.818,64.17,90.461,5.307,86.7
2025-04-01 01:57:59,28.861,65.552,91.55,5.523,90.778
2025-04-01 01:58:00,28.557,63.432,91.224,4.635,88.138
2025-04-01 01:58:01,28.21,64.905,91.206,5.535,88.173
2025-04-01 01:58:02,28.159,62.89,91.696,6.0,88.865
2025-04-01 01:58:03,28.284,64.648,90.589,4.775,86.831
2025-04-01 01:58:04,28.624,63.142,90.502,5.63,88.606
2025-04-01 01:58:05,28.03,63.594,89.884,4.223,87.228
2025-04-01 01:58:06,28.979,64.62,89.32,4.358,87.971
2025-04-01 01:58:07,28.256,63.696,88.944,5.433,85.362
2025-04-01 01:58:08,28.555,64.164,88.607,4.392,86.748
2025-04-01 01:58:09,28.461,62.416,88.532,5.135,87.917
2025-04-01 01:58:10,28.346,64.053,87.842,5.576,88.594
2025-04-01 01:58:11,27.853,63.74,88.593,4.524,85.581
2025-04-01 01:58:12,28.266,62.654,87.989,4.574,86.32
2025-04-01 01:58:13,28.384,62.39,86.88,4.028,88.43
2025-04-01 01:58:14,27.545,63.144,87.525,4.494,85.703
2025-04-01 01:58:15,27.804,63.793,87.915,4.324,88.239
2025-04-01 01:58:16,28.169,63.618,87.411,5.125,85.897
2025-04-01 01:58:17,27.39,63.266,86.945,3.604,86.927
2025-04-01 01:58:18,27.668,63.722,87.302,4.073,87.107
2025-04-01 01:58:19,27.722,61.979,89.182,3.702,88.666
2025-04-01 01:58:20,27.606,61.991,87.377,3.307,86.568
2025-04-01 01:58:21,27.593,61.415,87.897,4.044,86.829
2025-04-01 01:58:22,27.229,62.45,87.84,4.294,85.866
2025-04-01 01:58:23,27.429,61.139,88.095,2.977,84.944
2025-04-01 01:58:24,27.8,62.138,87.984,3.901,86.342
2025-04-01 01:58:25,26.999,61.712,88.867,4.236,86.175
2025-04-01 01:58:26,27.369,62.003,87.999,4.108,84.288
2025-04-01 01:58:27,27.483,62.705,88.608,3.458,86.875
2025-04-01 01:58:28,27.221,62.509,89.687,4.604,85.346
2025-04-01 01:58:29,26.981,61.883,89.196,3.797,85.173
2025-04-01 01:58:30,27.014,60.822,90.046,4.04,85.943
2025-04-01 01:58:31,27.033,61.211,89.925,3.684,84.569
2025-04-01 01:58:32,27.068,62.917,89.949,4.25,85.865
2025-04-01 01:58:33,27.354,61.958,90.285,3.597,85.237
2025-04-01 01:58:34,27.178,62.708,89.642,2.856,85.167
2025-04-01 01:58:35,26.991,61.651,88.503,4.545,84.678
2025-04-01 01:58:36,27.26,62.08,89.661,2.823,83.455
2025-04-01 01:58:37,26.872,63.435,89.67,3.317,85.043
2025-04-01 01:58:38,27.274,61.833,90.072,2.442,83.598
2025-04-01 01:58:39,27.276,61.914,90.84,2.624,83.456
2025-04-01 01:58:40,27.031,61.103,91.369,3.192,85.807
2025-04-01 01:58:41,27.508,62.403,91.064,3.659,84.375
2025-04-01 01:58:42,26.677,61.711,90.979,2.787,84.13
2025-04-01 01:58:43,26.431,62.059,91.368,3.511,84.412
2025-04-01 01:58:44,26.93,61.212,91.536,2.91,85.085
2025-04-01 01:58:45,26.946,61.698,90.743,3.497,84.441
2025-04-01 01:58:46,27.053,61.477,90.751,3.142,83.475
2025-04-01 01:58:47,26.474,61.559,90.815,3.299,85.486
2025-04-01 01:58:48,26.57,61.157,91.705,3.416,83.748
2025-04-01 01:58:49,26.835,61.554,91.764,4.209,84.759
2025-04-01 01:58:50,26.504,61.628,91.82,2.39,85.117
2025-04-01 01:58:51,26.752,62.063,91.983,3.279,84.017
2025-04-01 01:58:52,26.309,62.785,92.593,2.783,83.942
2025-04-01 01:58:53,26.062,61.37,93.207,3.083,83.32
2025-04-01 01:58:54,26.184,63.014,91.656,3.595,82.324
2025-04-01 01:58:55,26.014,61.802,93.271,3.73,84.729
2025-04-01 01:58:56,26.243,62.776,92.778,3.607,82.423
2025-04-01 01:58:57,26.452,61.218,93.446,3.464,85.734
2025-04-01 01:58:58,25.866,61.507,93.883,3.361,85.813
2025-04-01 01:58:59,26.636,62.171,94.674,3.73,82.909
2025-04-01 01:59:00,26.045,60.969,94.88,2.877,82.825
2025-04-01 01:59:01,25.92,63.579,93.479,2.872,82.518
2025-04-01 01:59:02,26.137,61.226,92.656,3.071,85.582
2025-04-01 01:59:03,26.43,60.953,93.928,3.772,83.411
2025-04-01 01:59:04,26.285,62.569,93.605,3.112,84.759
2025-04-01 01:59:05,25.799,61.857,94.582,4.174,85.588
2025-04-01 01:59:06,26.079,62.517,93.619,3.902,84.5
2025-04-01 01:59:07,26.602,63.646,94.174,2.992,83.387
2025-04-01 01:59:08,26.199,63.293,92.851,3.373,81.218
2025-04-01 01:59:09,26.749,62.26,92.327,3.305,83.04
2025-04-01 01:59:10,26.556,62.301,93.028,4.012,83.954
2025-04-01 01:59:11,26.365,62.391,92.339,3.87,81.662
2025-04-01 01:59:12,26.5,62.603,92.362,3.835,82.999
2025-04-01 01:59:13,26.403,63.583,91.798,3.862,82.277
2025-04-01 01:59:14,26.301,62.142,92.801,3.214,82.739
2025-04-01 01:59:15,26.055,62.932,93.698,4.301,82.085
2025-04-01 01:59:16,26.172,62.303,92.166,4.296,82.488
2025-04-01 01:59:17,26.404,63.297,91.97,3.948,81.789
2025-04-01 01:59:18,25.664,62.721,92.161,4.044,82.822
2025-04-01 01:59:19,26.214,63.025,92.028,4.095,83.689
2025-04-01 01:59:20,26.233,63.369,91.04,4.751,83.409
2025-04-01 01:59:21,26.387,62.992,90.235,4.521,82.736
2025-04-01 01:59:22,26.355,62.693,91.147,5.105,82.976
2025-04-01 01:59:23,26.588,62.77,92.051,4.385,83.598
2025-04-01 01:59:24,26.552,63.907,91.494,4.515,83.617
2025-04-01 01:59:25,26.392,65.03,90.656,4.207,83.722
2025-04-01 01:59:26,26.38,64.803,90.471,5.038,81.873
2025-04-01 01:59:27,26.724,63.682,91.604,4.616,83.706
2025-04-01 01:59:28,26.606,63.649,92.048,3.789,82.247
2025-04-01 01:59:29,26.519,63.042,91.874,4.164,83.783
2025-04-01 01:59:30,26.428,62.865,92.101,4.676,84.552
2025-04-01 01:59:31,26.482,62.933,93.249,4.74,83.499
2025-04-01 01:59:32,26.605,64.486,92.852,5.061,84.762
2025-04-01 01:59:33,26.504,64.472,92.119,5.377,84.653
2025-04-01 01:59:34,26.426,64.645,91.437,5.397,84.074
2025-04-01 01:59:35,26.631,65.424,91.233,5.682,83.458
2025-04-01 01:59:36,26.915,64.657,90.97,4.675,83.208
2025-04-01 01:59:37,26.318,64.632,90.933,5.416,80.863
2025-04-01 01:59:38,27.154,64.65,90.374,5.085,83.866
2025-04-01 01:59:39,26.557,64.479,90.728,4.891,83.294
2025-04-01 01:59:40,26.504,65.429,90.239,4.559,83.278
2025-04-01 01:59:41,26.803,64.94,90.062,5.155,86.21
2025-04-01 01:59:42,26.89,65.811,90.457,5.542,83.865
2025-04-01 01:59:43,26.98,64.892,90.785,6.34,84.172
2025-04-01 01:59:44,26.641,65.602,90.791,5.779,84.871
2025-04-01 01:59:45,26.649,64.701,91.464,6.21,84.799
2025-04-01 01:59:46,27.604,65.003,91.623,6.146,86.245
2025-04-01 01:59:47,26.963,64.024,91.704,5.228,85.058
2025-04-01 01:59:48,26.9,66.429,92.807,5.792,84.925
2025-04-01 01:59:49,27.069,65.306,92.922,6.222,84.452
2025-04-01 01:59:50,27.283,67.016,92.704,6.47,84.491
2025-04-01 01:59:51,27.782,66.93,92.824,5.913,85.037
2025-04-01 01:59:52,26.979,65.882,93.362,5.815,83.768
2025-04-01 01:59:53,27.357,66.09,93.263,5.662,84.3
2025-04-01 01:59:54,26.677,66.247,93.027,6.581,85.472
2025-04-01 01:59:55,27.574,64.543,92.461,6.143,86.835
2025-04-01 01:59:56,27.663,66.453,92.805,6.029,84.32
2025-04-01 01:59:57,27.219,67.371,92.862,5.889,85.525
2025-04-01 01:59:58,27.892,67.709,92.717,6.141,83.438
2025-04-01 01:59:59,27.674,67.198,93.142,6.869,83.97
2025-04-01 02:00:00,27.704,66.664,92.688,5.194,86.113
2025-04-01 02:00:01,28.148,65.91,94.166,6.185,86.752
2025-04-01 02:00:02,28.088,67.631,93.577,6.562,86.169
2025-04-01 02:00:03,27.976,67.003,93.344,5.473,85.562
2025-04-01 02:00:04,28.291,68.346,93.177,6.17,85.854
2025-04-01 02:00:05,28.151,66.319,91.736,6.879,85.81
2025-04-01 02:00:06,28.108,67.711,92.732,6.435,84.663
2025-04-01 02:00:07,28.397,67.069,91.884,4.931,86.426
2025-04-01 02:00:08,27.901,67.527,92.37,5.194,86.582
2025-04-01 02:00:09,28.61,68.055,91.266,5.874,87.695
2025-04-01 02:00:10,28.32,67.996,91.894,5.231,86.243
2025-04-01 02:00:11,27.497,67.353,91.5,5.677,85.963
2025-04-01 02:00:12,28.318,66.592,91.754,6.781,85.717
2025-04-01 02:00:13,28.13,68.118,92.018,5.161,88.594
2025-04-01 02:00:14,28.344,68.342,92.214,5.873,86.168
2025-04-01 02:00:15,28.877,68.143,91.683,5.816,88.689
2025-04-01 02:00:16,28.573,66.863,92.006,6.303,87.477
2025-04-01 02:00:17,29.26,68.471,92.006,5.628,88.088
2025-04-01 02:00:18,28.392,68.561,92.434,5.628,85.993
2025-04-01 02:00:19,28.61,68.68,91.622,5.318,86.171
2025-04-01 02:00:20,28.755,66.322,92.415,5.102,87.088
2025-04-01 02:00:21,29.016,67.513,93.209,5.379,89.073
2025-04-01 02:00:22,28.772,69.371,93.464,6.769,87.13
2025-04-01 02:00:23,29.027,68.538,92.753,5.563,88.135
2025-04-01 02:00:24,28.485,69.968,92.52,5.454,86.455
2025-04-01 02:00:25,28.996,68.625,91.604,5.528,88.376
2025-04-01 02:00:26,29.515,69.36,90.241,5.517,88.914
2025-04-01 02:00:27,29.14,69.634,92.26,5.025,87.341
2025-04-01 02:00:28,28.978,68.963,92.279,4.161,88.134
2025-04-01 02:00:29,28.966,70.109,92.771,3.673,87.736
2025-04-01 02:00:30,29.405,69.967,91.161,4.106,87.379
2025-04-01 02:00:31,29.05,69.619,90.547,4.837,86.384
2025-04-01 02:00:32,29.274,69.12,89.843,5.032,87.248
2025-04-01 02:00:33,29.011,68.336,89.413,5.28,89.431
2025-04-01 02:00:34,29.103,69.163,89.59,4.503,87.784
2025-04-01 02:00:35,29.068,68.85,90.123,5.116,89.341
2025-04-01 02:00:36,29.019,68.987,88.531,4.955,87.635
2025-04-01 02:00:37,29.206,69.151,88.06,4.631,88.469
2025-04-01 02:00:38,29.522,68.696,88.96,4.647,87.9
2025-04-01 02:00:39,28.993,68.844,89.307,3.26,87.126
2025-04-01 02:00:40,29.364,69.271,89.645,4.112,89.065
2025-04-01 02:00:41,29.449,69.341,88.155,4.018,88.26
2025-04-01 02:00:42,29.784,69.671,87.781,3.92,89.665
2025-04-01 02:00:43,29.165,69.046,87.941,4.138,87.554
2025-04-01 02:00:44,28.529,69.338,88.81,4.758,88.664
2025-04-01 02:00:45,28.978,70.255,87.612,4.769,86.995
2025-04-01 02:00:46,29.678,69.309,88.585,4.121,87.113
2025-04-01 02:00:47,29.129,70.28,88.258,3.589,89.13
2025-04-01 02:00:48,29.202,70.66,87.916,3.919,88.061
2025-04-01 02:00:49,28.779,69.309,86.641,4.373,88.336
2025-04-01 02:00:50,29.486,69.696,85.829,3.906,88.571
2025-04-01 02:00:51,29.254,68.903,87.093,3.349,89.282
2025-04-01 02:00:52,28.837,69.635,87.329,2.703,89.763
2025-04-01 02:00:53,29.586,69.475,86.853,3.554,89.445
2025-04-01 02:00:54,29.14,69.662,87.718,3.253,89.619
2025-04-01 02:00:55,28.999,70.082,87.744,4.418,88.337
2025-04-01 02:00:56,29.201,68.289,87.415,2.185,87.939
2025-04-01 02:00:57,29.436,68.498,88.358,3.659,87.731
2025-04-01 02:00:58,29.182,69.182,89.479,3.121,89.396
2025-04-01 02:00:59,28.791,68.262,89.811,3.087,89.113
2025-04-01 02:01:00,29.072,69.907,88.535,3.451,87.512
2025-04-01 02:01:01,29.697,68.853,89.851,2.804,88.998
2025-04-01 02:01:02,29.129,71.463,88.937,2.899,87.545
2025-04-01 02:01:03,28.95,69.463,90.221,3.821,88.375
2025-04-01 02:01:04,29.78,68.046,88.759,3.343,88.927
2025-04-01 02:01:05,29.127,67.916,89.023,2.603,86.537
2025-04-01 02:01:06,29.261,68.832,90.283,2.779,86.955
2025-04-01 02:01:07,29.013,69.776,89.652,3.532,86.87
2025-04-01 02:01:08,29.343,68.461,89.668,2.944,88.851
2025-04-01 02:01:09,29.071,69.075,90.161,2.566,87.31
2025-04-01 02:01:10,28.761,68.702,89.658,2.29,87.703
2025-04-01 02:01:11,29.333,69.557,89.682,3.536,87.611
2025-04-01 02:01:12,29.102,68.705,90.143,2.901,86.226
2025-04-01 02:01:13,28.963,69.002,89.221,2.558,85.062
2025-04-01 02:01:14,28.956,69.845,90.423,2.776,87.885
2025-04-01 02:01:15,28.816,69.301,91.039,3.432,87.748
2025-04-01 02:01:16,28.834,67.933,90.143,2.92,86.501
2025-04-01 02:01:17,28.748,69.205,89.853,1.429,86.202
2025-04-01 02:01:18,28.636,67.42,90.139,2.826,84.787
2025-04-01 02:01:19,28.157,68.66,90.595,2.298,89.472
2025-04-01 02:01:20,28.976,67.542,89.76,2.56,86.052
2025-04-01 02:01:21,28.258,68.822,89.993,3.165,86.587
2025-04-01 02:01:22,28.583,69.692,90.701,2.697,86.035
2025-04-01 02:01:23,29.041,68.436,89.541,3.772,85.677
2025-04-01 02:01:24,28.591,68.838,90.214,2.252,86.414
2025-04-01 02:01:25,28.118,67.322,91.045,2.435,84.276
2025-04-01 02:01:26,28.502,67.508,92.369,2.863,87.127
2025-04-01 02:01:27,28.468,67.71,93.147,3.47,85.314
2025-04-01 02:01:28,28.08,68.467,94.384,2.506,84.549
2025-04-01 02:01:29,28.749,68.144,93.49,2.665,83.935
2025-04-01 02:01:30,28.249,68.727,93.768,3.201,83.314
2025-04-01 02:01:31,28.512,68.081,94.434,2.439,83.889
2025-04-01 02:01:32,28.34,68.76,94.135,2.642,87.088
2025-04-01 02:01:33,28.434,67.438,94.501,2.879,84.897
2025-04-01 02:01:34,28.406,67.902,94.954,3.707,85.476
2025-04-01 02:01:35,28.789,66.702,94.059,4.192,87.111
2025-04-01 02:01:36,28.177,66.548,96.143,3.556,87.086
2025-04-01 02:01:37,27.439,66.96,94.909,2.912,86.126
2025-04-01 02:01:38,28.119,66.905,95.187,3.807,85.967
2025-04-01 02:01:39,27.694,65.878,95.99,4.788,86.298
2025-04-01 02:01:40,27.564,67.074,96.086,2.689,84.842
2025-04-01 02:01:41,26.707,66.609,96.607,4.539,83.12
2025-04-01 02:01:42,27.706,65.873,96.234,3.732,85.438
2025-04-01 02:01:43,27.887,65.181,96.23,4.248,82.583
2025-04-01 02:01:44,27.822,66.196,96.565,3.288,82.741
2025-04-01 02:01:45,27.326,67.33,96.475,4.038,84.783
2025-04-01 02:01:46,27.443,65.302,97.816,3.317,86.077
2025-04-01 02:01:47,27.586,65.621,97.016,3.921,84.434
2025-04-01 02:01:48,27.313,65.362,98.032,4.424,83.401
2025-04-01 02:01:49,28.112,66.064,97.971,3.668,85.561
2025-04-01 02:01:50,27.259,67.867,98.442,3.838,85.512
2025-04-01 02:01:51,27.526,65.704,97.796,4.054,84.591
2025-04-01 02:01:52,27.382,65.324,96.95,3.926,85.934
2025-04-01 02:01:53,27.51,65.528,97.199,3.987,84.214
2025-04-01 02:01:54,27.042,65.928,96.024,4.072,83.307
2025-04-01 02:01:55,26.925,65.16,96.009,5.62,84.586
2025-04-01 02:01:56,27.247,64.586,95.056,3.76,84.562
2025-04-01 02:01:57,26.99,64.608,94.92,4.402,84.39
2025-04-01 02:01:58,27.33,65.641,95.956,5.459,85.434
2025-04-01 02:01:59,27.139,66.272,95.424,4.043,84.107
2025-04-01 02:02:00,26.9,64.249,95.937,4.533,81.793
2025-04-01 02:02:01,27.093,64.135,96.528,4.647,82.905
2025-04-01 02:02:02,26.586,65.546,96.061,5.262,83.272
2025-04-01 02:02:03,26.972,64.194,94.67,4.016,82.863
2025-04-01 02:02:04,26.937,62.212,94.247,5.608,83.467
2025-04-01 02:02:05,26.641,64.303,94.499,5.415,83.992
2025-04-01 02:02:06,26.652,63.173,93.809,4.77,83.603
2025-04-01 02:02:07,27.399,64.304,93.758,5.806,82.552
2025-04-01 02:02:08,26.914,63.307,92.475,6.424,84.022
2025-04-01 02:02:09,26.687,65.105,92.407,4.962,81.925
2025-04-01 02:02:10,26.641,63.019,92.113,5.077,83.252
2025-04-01 02:02:11,26.937,64.651,92.593,5.176,85.088
2025-04-01 02:02:12,26.285,61.783,92.361,5.651,82.89
2025-04-01 02:02:13,26.896,62.612,92.843,5.377,83.937
2025-04-01 02:02:14,26.68,62.002,92.335,5.473,82.424
2025-04-01 02:02:15,26.638,63.915,92.91,6.094,84.013
2025-04-01 02:02:16,26.877,62.893,93.321,4.982,81.68
2025-04-01 02:02:17,26.211,63.247,94.827,5.984,84.501
2025-04-01 02:02:18,25.743,62.978,94.275,5.523,85.39
2025-04-01 02:02:19,26.42,63.959,94.795,5.457,85.141
2025-04-01 02:02:20,25.793,63.224,95.511,4.748,85.171
2025-04-01 02:02:21,26.326,63.718,95.51,5.895,84.685
2025-04-01 02:02:22,26.393,63.608,95.21,5.844,85.657
2025-04-01 02:02:23,26.226,62.37,97.429,5.602,83.557
2025-04-01 02:02:24,26.443,61.719,97.543,5.757,82.414
2025-04-01 02:02:25,26.213,62.238,96.753,5.545,83.235
2025-04-01 02:02:26,26.436,62.262,96.224,5.0,83.454
2025-04-01 02:02:27,26.575,62.6,96.068,5.428,84.647
2025-04-01 02:02:28,26.431,62.836,97.02,5.761,85.102
2025-04-01 02:02:29,26.501,63.374,96.828,5.714,84.486
2025-04-01 02:02:30,26.058,62.432,96.519,5.836,84.882
2025-04-01 02:02:31,26.761,61.813,98.181,5.818,84.095
2025-04-01 02:02:32,26.452,61.905,96.506,5.945,83.291
2025-04-01 02:02:33,26.232,61.243,98.133,5.51,83.732
2025-04-01 02:02:34,26.273,61.659,98.25,5.546,82.868
2025-04-01 02:02:35,26.316,61.064,98.193,6.165,84.369
2025-04-01 02:02:36,25.935,61.953,99.03,5.579,84.477
2025-04-01 02:02:37,26.54,63.291,98.093,6.378,82.71
2025-04-01 02:02:38,26.678,63.004,99.428,5.411,85.21
2025-04-01 02:02:39,26.811,60.924,99.937,5.16,86.52
2025-04-01 02:02:40,26.667,62.559,99.848,4.842,85.333
2025-04-01 02:02:41,26.668,62.133,98.644,5.759,85.851
2025-04-01 02:02:42,26.207,61.983,98.462,5.227,84.316
2025-04-01 02:02:43,26.549,60.724,98.686,5.305,86.364
2025-04-01 02:02:44,27.048,62.108,98.903,5.196,84.084
2025-04-01 02:02:45,26.491,64.679,99.109,5.362,84.04
2025-04-01 02:02:46,26.399,61.496,98.619,4.822,83.747
2025-04-01 02:02:47,26.457,60.328,99.708,5.534,85.472
2025-04-01 02:02:48,26.442,61.14,100.515,5.737,84.751
2025-04-01 02:02:49,27.472,60.697,99.828,4.357,85.325
2025-04-01 02:02:50,27.05,62.711,100.691,4.733,85.701
2025-04-01 02:02:51,26.567,62.302,100.349,5.697,86.004
2025-04-01 02:02:52,26.569,61.926,99.936,5.151,84.202
2025-04-01 02:02:53,26.726,61.505,100.734,5.169,83.876
2025-04-01 02:02:54,27.185,61.545,101.269,3.948,84.609
2025-04-01 02:02:55,26.968,60.02,99.456,4.877,86.711
2025-04-01 02:02:56,26.92,61.748,99.066,4.522,85.575
2025-04-01 02:02:57,26.846,62.512,99.29,4.842,86.112
2025-04-01 02:02:58,26.832,62.026,100.485,5.751,84.837
2025-04-01 02:02:59,26.484,62.468,100.106,4.787,84.764
2025-04-01 02:03:00,27.096,61.448,99.792,5.047,85.898
2025-04-01 02:03:01,26.963,61.605,100.349,4.476,85.857
2025-04-01 02:03:02,27.337,62.126,100.742,4.634,86.633
2025-04-01 02:03:03,27.024,60.388,100.759,4.993,84.729
2025-04-01 02:03:04,26.846,61.672,100.8,4.367,85.74
2025-04-01 02:03:05,26.581,62.014,99.441,4.211,87.149
2025-04-01 02:03:06,26.772,62.683,99.432,4.679,84.344
2025-04-01 02:03:07,27.323,60.528,100.047,3.601,87.309
2025-04-01 02:03:08,26.726,62.49,98.664,3.756,86.136
2025-04-01 02:03:09,27.146,61.153,98.577,3.849,84.916
2025-04-01 02:03:10,27.602,61.437,98.473,4.375,86.791
2025-04-01 02:03:11,27.173,61.96,98.082,3.543,87.378
2025-04-01 02:03:12,27.19,61.648,96.666,3.872,86.325
2025-04-01 02:03:13,27.422,61.964,96.791,3.979,87.828
2025-04-01 02:03:14,27.757,61.586,97.123,3.503,86.378
2025-04-01 02:03:15,27.656,62.175,96.299,4.286,85.739
2025-04-01 02:03:16,27.551,63.824,96.248,2.695,87.315
2025-04-01 02:03:17,27.952,61.356,96.423,3.855,85.962
2025-04-01 02:03:18,27.972,62.357,96.468,3.041,87.257
2025-04-01 02:03:19,27.793,63.19,96.886,3.195,87.668
2025-04-01 02:03:20,28.246,63.014,96.628,4.097,88.829
2025-04-01 02:03:21,27.942,61.238,95.471,3.041,87.501
2025-04-01 02:03:22,28.122,63.792,96.431,3.378,86.16
2025-04-01 02:03:23,27.698,62.428,95.677,2.905,89.117
2025-04-01 02:03:24,28.583,63.365,95.008,3.439,87.923
2025-04-01 02:03:25,28.313,62.639,95.4,3.574,89.343
2025-04-01 02:03:26,28.183,62.008,94.671,3.307,88.506
2025-04-01 02:03:27,28.498,62.86,94.52,2.836,87.23
2025-04-01 02:03:28,28.141,62.942,95.095,3.188,86.827
2025-04-01 02:03:29,28.36,63.242,94.586,2.875,89.45
2025-04-01 02:03:30,28.558,63.815,94.312,2.476,87.262
2025-04-01 02:03:31,28.716,62.099,94.192,3.068,88.058
2025-04-01 02:03:32,28.934,62.916,92.716,2.392,88.387
2025-04-01 02:03:33,28.795,61.954,94.349,2.486,88.676
2025-04-01 02:03:34,28.23,63.959,93.25,3.735,89.05
2025-04-01 02:03:35,28.171,62.756,92.396,2.302,88.511
2025-04-01 02:03:36,28.22,63.887,91.735,2.724,87.521
2025-04-01 02:03:37,28.544,64.38,93.505,3.669,87.635
2025-04-01 02:03:38,28.396,63.248,92.633,3.656,87.885
2025-04-01 02:03:39,29.099,65.14,93.35,2.402,87.079
2025-04-01 02:03:40,28.469,65.328,93.734,2.043,86.318
2025-04-01 02:03:41,29.336,64.475,94.008,2.221,88.249
2025-04-01 02:03:42,28.66,64.656,94.194,2.78,87.781
2025-04-01 02:03:43,28.967,63.751,94.833,2.392,89.179
2025-04-01 02:03:44,28.478,65.696,94.337,2.462,88.319
2025-04-01 02:03:45,29.354,65.068,93.627,2.555,89.166
2025-04-01 02:03:46,29.041,64.094,94.178,3.408,89.069
2025-04-01 02:03:47,29.254,64.441,94.473,2.75,88.894
2025-04-01 02:03:48,29.755,63.575,94.6,2.913,88.106
2025-04-01 02:03:49,29.42,66.254,95.372,3.714,89.702
2025-04-01 02:03:50,29.384,65.421,94.291,1.817,88.686
2025-04-01 02:03:51,29.271,64.039,93.742,1.864,87.59
2025-04-01 02:03:52,29.62,64.336,93.945,3.49,88.654
2025-04-01 02:03:53,29.289,64.781,94.588,1.62,87.998
2025-04-01 02:03:54,29.391,65.715,93.77,1.813,89.177
2025-04-01 02:03:55,29.237,64.605,94.731,3.057,87.993
2025-04-01 02:03:56,28.833,63.575,96.538,2.953,87.775
2025-04-01 02:03:57,28.795,65.48,95.515,1.379,88.58
2025-04-01 02:03:58,29.197,66.035,96.431,2.665,88.703
2025-04-01 02:03:59,29.351,65.719,95.985,3.224,89.115
2025-04-01 02:04:00,29.123,65.66,96.061,3.644,89.11
2025-04-01 02:04:01,29.131,64.993,96.405,3.641,88.025
2025-04-01 02:04:02,29.091,66.827,97.162,3.044,88.942
2025-04-01 02:04:03,29.778,66.508,97.688,2.657,88.113
2025-04-01 02:04:04,29.384,65.443,97.077,3.2,87.873
2025-04-01 02:04:05,29.064,66.292,97.722,3.039,88.234
2025-04-01 02:04:06,29.063,65.94,98.005,4.095,88.767
2025-04-01 02:04:07,29.467,65.849,96.853,3.228,88.2
2025-04-01 02:04:08,29.26,66.613,96.855,3.569,89.111
2025-04-01 02:04:09,29.207,66.724,96.077,4.158,88.625
2025-04-01 02:04:10,28.959,66.995,96.447,3.458,87.33
2025-04-01 02:04:11,29.434,66.213,96.142,2.909,85.825
2025-04-01 02:04:12,28.836,68.023,96.256,3.004,88.355
2025-04-01 02:04:13,29.807,67.554,97.219,4.072,86.634
2025-04-01 02:04:14,29.347,68.157,97.154,3.162,86.354
2025-04-01 02:04:15,29.259,66.605,96.499,3.816,86.862
2025-04-01 02:04:16,29.631,66.35,96.407,4.29,87.154
2025-04-01 02:04:17,29.355,67.496,96.142,2.851,87.848
2025-04-01 02:04:18,29.023,67.776,97.189,3.346,86.928
2025-04-01 02:04:19,29.47,67.888,96.676,3.573,87.897
2025-04-01 02:04:20,29.316,69.35,96.47,3.128,86.897
2025-04-01 02:04:21,29.376,68.775,97.143,4.603,88.431
2025-04-01 02:04:22,29.006,68.439,96.894,3.404,86.176
2025-04-01 02:04:23,29.372,68.29,97.593,4.147,87.629
2025-04-01 02:04:24,29.321,67.441,97.21,3.976,85.323
2025-04-01 02:04:25,29.302,68.25,96.51,3.494,86.677
2025-04-01 02:04:26,29.249,67.649,97.042,4.013,87.21
2025-04-01 02:04:27,29.251,69.174,96.537,4.294,86.96
2025-04-01 02:04:28,29.45,69.718,96.742,3.883,86.545
2025-04-01 02:04:29,29.286,67.086,96.149,5.126,87.477
2025-04-01 02:04:30,29.467,69.568,96.78,4.097,85.481
2025-04-01 02:04:31,28.611,69.08,96.154,4.999,86.273
2025-04-01 02:04:32,29.273,68.684,96.205,4.967,83.326
2025-04-01 02:04:33,29.216,68.066,95.468,5.701,85.557
2025-04-01 02:04:34,29.275,68.058,96.252,4.199,84.573
2025-04-01 02:04:35,28.71,69.647,95.124,5.009,86.595
2025-04-01 02:04:36,28.678,67.203,94.876,4.217,85.504
2025-04-01 02:04:37,28.709,68.905,95.041,4.475,87.016
2025-04-01 02:04:38,28.527,67.873,94.562,5.012,85.487
2025-04-01 02:04:39,28.775,69.348,95.36,4.768,85.764
2025-04-01 02:04:40,29.344,69.761,94.545,4.617,86.186
2025-04-01 02:04:41,28.589,70.033,95.009,5.385,85.777
2025-04-01 02:04:42,28.931,68.834,94.136,4.23,87.026
2025-04-01 02:04:43,28.914,69.096,94.653,4.893,85.059
2025-04-01 02:04:44,28.552,70.841,94.641,6.429,84.632
2025-04-01 02:04:45,28.617,68.348,95.171,4.776,86.266
2025-04-01 02:04:46,28.398,68.821,95.535,4.961,85.001
2025-04-01 02:04:47,28.484,69.34,95.942,5.601,84.468
2025-04-01 02:04:48,29.361,69.11,95.254,4.473,83.737
2025-04-01 02:04:49,29.023,68.903,95.414,5.348,84.274
2025-04-01 02:04:50,28.014,68.619,95.153,4.826,86.464
2025-04-01 02:04:51,28.432,70.935,95.363,4.673,83.807
2025-04-01 02:04:52,27.647,70.309,95.138,5.155,83.6
2025-04-01 02:04:53,28.383,68.952,94.117,5.338,85.756
2025-04-01 02:04:54,27.984,67.618,94.458,6.029,82.945
2025-04-01 02:04:55,28.385,69.798,95.491,5.604,85.479
2025-04-01 02:04:56,28.124,68.921,94.334,5.675,84.46
2025-04-01 02:04:57,28.464,70.688,94.975,5.897,83.629
2025-04-01 02:04:58,27.829,69.315,94.919,5.64,83.091
2025-04-01 02:04:59,27.83,69.41,94.805,5.457,84.642
2025-04-01 02:05:00,28.373,68.219,94.512,5.111,83.764
2025-04-01 02:05:01,28.391,70.796,93.466,5.494,84.271
2025-04-01 02:05:02,27.903,68.783,93.37,5.798,84.051
2025-04-01 02:05:03,28.074,68.218,94.444,5.812,85.511
2025-04-01 02:05:04,27.592,69.104,94.743,5.719,84.187
2025-04-01 02:05:05,27.548,69.501,95.775,5.976,84.483
2025-04-01 02:05:06,27.532,69.891,94.716,4.811,82.88
2025-04-01 02:05:07,28.447,68.486,95.283,5.001,84.577
2025-04-01 02:05:08,27.643,69.519,95.851,4.795,84.584
2025-04-01 02:05:09,27.453,68.971,96.005,6.487,84.075
2025-04-01 02:05:10,27.014,70.794,94.131,5.27,83.002
2025-04-01 02:05:11,28.083,69.801,94.309,5.361,84.501
2025-04-01 02:05:12,27.54,69.409,95.052,4.768,83.416
2025-04-01 02:05:13,27.592,68.477,95.585,5.731,84.847
2025-04-01 02:05:14,26.871,69.331,95.326,5.655,83.878
2025-04-01 02:05:15,27.65,69.741,94.873,5.177,83.489
2025-04-01 02:05:16,27.223,69.821,95.083,4.942,83.61
2025-04-01 02:05:17,27.068,67.686,95.028,5.205,84.434
2025-04-01 02:05:18,27.41,68.181,96.291,4.771,82.207
2025-04-01 02:05:19,27.627,69.045,96.859,5.715,83.794
2025-04-01 02:05:20,27.343,70.705,97.443,4.659,84.547
2025-04-01 02:05:21,27.035,69.123,99.105,4.642,84.356
2025-04-01 02:05:22,27.306,69.122,98.701,5.477,85.085
2025-04-01 02:05:23,26.791,68.289,99.333,5.247,84.68
2025-04-01 02:05:24,26.953,68.773,100.048,4.65,84.527
2025-04-01 02:05:25,26.565,68.763,100.127,3.618,84.032
2025-04-01 02:05:26,27.448,68.818,99.145,4.5,83.996
2025-04-01 02:05:27,26.785,69.688,100.827,4.687,82.341
2025-04-01 02:05:28,26.457,67.616,100.527,4.577,84.734
2025-04-01 02:05:29,26.948,69.372,100.542,4.158,84.707
2025-04-01 02:05:30,27.156,69.323,101.59,4.669,84.134
2025-04-01 02:05:31,26.492,69.099,101.409,3.516,82.919
2025-04-01 02:05:32,26.65,67.32,102.007,3.363,83.989
2025-04-01 02:05:33,26.648,68.848,101.253,4.288,83.716
2025-04-01 02:05:34,27.108,68.257,102.235,3.258,83.787
2025-04-01 02:05:35,26.53,68.6,102.544,4.769,86.367
2025-04-01 02:05:36,27.424,68.004,103.077,3.599,84.11
2025-04-01 02:05:37,26.846,66.931,104.519,3.5,84.355
2025-04-01 02:05:38,26.965,68.936,103.365,3.841,84.772
2025-04-01 02:05:39,26.33,68.344,104.311,4.383,83.975
2025-04-01 02:05:40,26.689,68.298,104.412,3.647,84.97
2025-04-01 02:05:41,26.298,67.726,104.027,4.026,85.638
2025-04-01 02:05:42,26.608,67.797,104.172,3.924,86.492
2025-04-01 02:05:43,26.221,66.71,102.547,3.173,86.782
2025-04-01 02:05:44,26.798,67.582,103.218,3.249,85.082
2025-04-01 02:05:45,26.276,68.442,103.903,3.675,84.801
2025-04-01 02:05:46,26.909,67.587,103.667,3.821,84.435
2025-04-01 02:05:47,26.218,65.722,102.845,3.604,84.644
2025-04-01 02:05:48,26.586,67.665,102.285,2.868,87.77
2025-04-01 02:05:49,26.774,65.94,102.233,3.708,85.836
2025-04-01 02:05:50,26.461,67.106,102.307,2.594,85.591
2025-04-01 02:05:51,26.599,65.968,101.815,3.687,87.873
2025-04-01 02:05:52,26.913,67.074,102.943,2.312,85.815
2025-04-01 02:05:53,26.495,65.915,100.914,2.2,86.025
2025-04-01 02:05:54,26.805,65.643,100.324,3.348,86.608
2025-04-01 02:05:55,25.94,65.931,99.965,2.313,85.83
2025-04-01 02:05:56,26.74,64.229,99.113,3.217,85.428
2025-04-01 02:05:57,26.981,67.177,99.323,2.846,84.652
2025-04-01 02:05:58,26.46,65.026,100.344,3.303,86.408
2025-04-01 02:05:59,26.171,65.503,99.972,2.857,85.897
2025-04-01 02:06:00,27.249,65.646,100.308,3.241,85.569
2025-04-01 02:06:01,26.208,64.855,101.001,2.627,88.355
2025-04-01 02:06:02,26.211,65.486,100.538,2.977,86.615
2025-04-01 02:06:03,26.66,66.262,99.846,2.695,85.267
2025-04-01 02:06:04,26.838,64.652,99.684,2.322,84.342
2025-04-01 02:06:05,27.146,64.734,98.377,2.34,86.894
2025-04-01 02:06:06,26.69,65.536,98.888,2.671,85.603
2025-04-01 02:06:07,26.851,64.659,97.836,2.523,86.273
2025-04-01 02:06:08,26.995,66.793,97.029,2.293,88.309
2025-04-01 02:06:09,27.005,65.412,96.581,2.593,88.194
2025-04-01 02:06:10,27.032,64.529,96.417,3.015,86.731
2025-04-01 02:06:11,26.92,65.046,95.877,1.9,86.956
2025-04-01 02:06:12,26.999,64.093,95.253,2.394,85.956
2025-04-01 02:06:13,27.06,64.013,95.77,2.702,87.076
2025-04-01 02:06:14,26.665,63.605,96.715,2.893,87.09
2025-04-01 02:06:15,26.98,61.668,96.227,1.888,87.509
2025-04-01 02:06:16,27.292,63.236,96.453,2.219,89.038
2025-04-01 02:06:17,26.659,64.188,95.906,1.638,88.825
2025-04-01 02:06:18,26.712,63.261,94.837,1.028,87.106
2025-04-01 02:06:19,27.109,63.127,95.862,2.299,87.305
2025-04-01 02:06:20,27.044,65.042,95.112,1.566,87.126
2025-04-01 02:06:21,27.559,64.21,95.728,2.771,87.126
2025-04-01 02:06:22,27.266,62.65,96.288,1.987,88.875
2025-04-01 02:06:23,27.245,63.112,97.469,2.036,86.973
2025-04-01 02:06:24,26.986,63.766,96.884,2.082,89.947
2025-04-01 02:06:25,26.846,64.236,96.315,1.159,87.768
2025-04-01 02:06:26,27.098,64.037,96.547,2.814,88.711
2025-04-01 02:06:27,27.529,64.8,96.719,1.88,90.33
2025-04-01 02:06:28,27.936,63.999,96.979,2.18,87.693
2025-04-01 02:06:29,27.996,62.941,95.234,2.25,88.985
2025-04-01 02:06:30,27.335,63.226,96.803,2.695,88.305
2025-04-01 02:06:31,27.521,63.356,96.79,2.493,86.842
2025-04-01 02:06:32,27.787,62.732,97.569,3.41,86.924
2025-04-01 02:06:33,27.649,61.833,97.461,2.623,87.562
2025-04-01 02:06:34,28.145,62.394,98.175,3.203,88.401
2025-04-01 02:06:35,28.063,63.329,97.607,2.719,88.265
2025-04-01 02:06:36,27.785,62.647,97.66,2.356,87.422
2025-04-01 02:06:37,28.36,62.875,98.25,2.657,89.915
2025-04-01 02:06:38,27.655,63.388,97.543,2.598,88.458
2025-04-01 02:06:39,28.116,63.359,99.237,2.842,87.345
2025-04-01 02:06:40,27.377,61.893,97.841,3.254,89.833
2025-04-01 02:06:41,28.309,62.221,97.783,2.972,89.562
2025-04-01 02:06:42,27.605,62.394,98.648,2.951,89.697
2025-04-01 02:06:43,28.332,62.021,97.976,3.582,88.944
2025-04-01 02:06:44,27.698,62.258,98.874,3.697,87.308
2025-04-01 02:06:45,28.701,61.822,99.561,3.355,89.67
2025-04-01 02:06:46,28.368,62.315,100.351,3.54,88.032
2025-04-01 02:06:47,28.083,61.529,99.496,4.032,87.783
2025-04-01 02:06:48,28.617,61.399,100.645,3.411,87.075
2025-04-01 02:06:49,28.267,63.108,100.281,3.651,87.737
2025-04-01 02:06:50,27.815,61.193,100.367,3.185,88.281
2025-04-01 02:06:51,28.646,60.316,99.637,3.637,86.379
2025-04-01 02:06:52,28.956,61.951,99.667,2.924,87.685
2025-04-01 02:06:53,28.631,61.953,99.785,3.63,88.08
2025-04-01 02:06:54,29.142,61.759,99.402,2.675,88.103
2025-04-01 02:06:55,28.975,62.069,99.8,3.809,89.975
2025-04-01 02:06:56,29.11,62.438,99.811,3.968,87.64
2025-04-01 02:06:57,29.042,61.761,99.662,4.115,89.967
2025-04-01 02:06:58,29.124,61.966,99.801,4.402,88.644
2025-04-01 02:06:59,28.754,61.777,98.488,4.658,86.686
2025-04-01 02:07:00,28.982,60.799,98.032,4.501,90.25
2025-04-01 02:07:01,29.249,61.232,98.989,3.936,87.192
2025-04-01 02:07:02,28.993,61.082,98.646,5.038,90.37
2025-04-01 02:07:03,29.098,61.841,100.079,4.258,88.201
2025-04-01 02:07:04,28.792,62.485,99.928,4.915,87.743
2025-04-01 02:07:05,29.421,61.392,100.327,4.782,87.42
2025-04-01 02:07:06,29.571,61.311,100.59,4.531,88.005
2025-04-01 02:07:07,28.806,59.564,98.85,5.48,88.698
2025-04-01 02:07:08,28.94,60.404,98.395,4.621,86.972
2025-04-01 02:07:09,29.916,62.091,98.202,4.581,87.386
2025-04-01 02:07:10,29.021,61.724,98.964,4.48,86.458
2025-04-01 02:07:11,29.657,61.448,98.819,5.766,86.73
2025-04-01 02:07:12,29.556,60.922,98.543,5.546,87.652
2025-04-01 02:07:13,30.05,62.178,98.435,5.586,87.185
2025-04-01 02:07:14,29.47,61.107,99.371,3.701,86.38
2025-04-01 02:07:15,29.393,61.786,99.894,4.125,88.77
2025-04-01 02:07:16,29.13,62.426,99.592,5.606,88.656
2025-04-01 02:07:17,29.527,61.066,100.087,4.156,87.466
2025-04-01 02:07:18,29.856,62.613,99.924,4.912,86.282
2025-04-01 02:07:19,29.491,62.002,99.631,4.674,86.673
2025-04-01 02:07:20,29.853,61.814,100.833,4.874,88.451
2025-04-01 02:07:21,29.773,62.336,100.211,5.267,86.663
2025-04-01 02:07:22,29.909,62.035,100.622,5.181,87.362
2025-04-01 02:07:23,29.034,61.89,100.017,5.155,87.204
2025-04-01 02:07:24,29.052,61.68,100.535,4.97,85.703
2025-04-01 02:07:25,29.969,61.643,100.482,4.794,85.425
2025-04-01 02:07:26,29.302,61.636,100.16,5.329,87.403
2025-04-01 02:07:27,29.673,63.094,102.109,4.964,87.404
2025-04-01 02:07:28,29.487,62.135,101.338,5.96,86.74
2025-04-01 02:07:29,29.567,62.908,101.06,5.353,87.095
2025-04-01 02:07:30,29.947,62.029,100.14,6.239,85.635
2025-04-01 02:07:31,29.831,61.231,101.382,4.603,85.732
2025-04-01 02:07:32,29.704,62.316,100.441,5.543,85.12
2025-04-01 02:07:33,29.875,63.634,100.473,5.921,88.062
2025-04-01 02:07:34,29.242,63.429,100.314,4.065,87.152
2025-04-01 02:07:35,29.094,62.09,99.995,4.787,87.719
2025-04-01 02:07:36,29.706,61.926,100.215,6.143,86.192
2025-04-01 02:07:37,29.886,63.3,99.614,4.349,86.411
2025-04-01 02:07:38,29.12,63.573,99.959,4.492,85.69
2025-04-01 02:07:39,29.543,63.218,99.329,5.294,84.969
2025-04-01 02:07:40,30.013,62.819,99.106,4.773,86.881
2025-04-01 02:07:41,29.847,62.321,99.218,3.78,85.795
2025-04-01 02:07:42,29.736,63.183,99.391,4.947,85.1
2025-04-01 02:07:43,29.727,63.449,99.466,5.124,85.772
2025-04-01 02:07:44,29.097,62.427,99.55,4.159,83.605
2025-04-01 02:07:45,29.479,64.386,100.249,5.416,84.621
2025-04-01 02:07:46,29.602,64.332,98.666,4.664,85.644
2025-04-01 02:07:47,29.477,63.861,99.007,4.717,84.518
2025-04-01 02:07:48,29.075,63.179,100.324,4.785,84.532
2025-04-01 02:07:49,28.968,62.794,99.892,4.587,85.072
2025-04-01 02:07:50,29.551,62.481,99.684,5.27,83.993
2025-04-01 02:07:51,29.584,64.96,99.57,5.106,86.427
2025-04-01 02:07:52,29.296,62.513,98.647,4.085,85.142
2025-04-01 02:07:53,29.588,64.026,98.682,4.122,83.867
2025-04-01 02:07:54,28.891,64.776,98.807,4.026,84.958
2025-04-01 02:07:55,29.56,62.905,97.266,4.404,84.827
2025-04-01 02:07:56,29.501,63.112,98.784,4.782,86.138
2025-04-01 02:07:57,29.8,64.975,97.765,4.196,85.458
2025-04-01 02:07:58,28.984,64.53,98.815,3.859,85.189
2025-04-01 02:07:59,29.142,63.883,99.246,4.233,84.25
2025-04-01 02:08:00,29.248,65.565,98.985,4.96,83.565
2025-04-01 02:08:01,28.702,63.874,100.189,4.614,84.595
2025-04-01 02:08:02,28.66,65.201,99.95,4.517,83.529
2025-04-01 02:08:03,28.933,65.164,100.6,4.228,84.118
2025-04-01 02:08:04,29.178,64.409,100.979,3.453,85.01
2025-04-01 02:08:05,28.273,65.911,100.695,3.786,86.078
2025-04-01 02:08:06,28.503,66.406,101.421,3.761,84.408
2025-04-01 02:08:07,28.733,64.86,102.5,3.201,85.765
2025-04-01 02:08:08,28.064,64.51,101.346,3.889,86.17
2025-04-01 02:08:09,28.354,64.992,101.633,4.207,86.066
2025-04-01 02:08:10,28.603,64.711,102.143,3.244,86.115
2025-04-01 02:08:11,28.506,65.067,102.144,3.074,84.416
2025-04-01 02:08:12,28.561,64.936,102.174,3.193,83.573
2025-04-01 02:08:13,28.461,65.282,102.829,2.171,84.238
2025-04-01 02:08:14,28.93,67.683,103.502,3.06,84.303
2025-04-01 02:08:15,28.194,66.322,103.258,3.304,85.256
2025-04-01 02:08:16,28.364,67.009,103.037,2.961,84.71
2025-04-01 02:08:17,28.613,66.709,104.167,3.585,84.524
2025-04-01 02:08:18,28.406,68.379,104.251,2.259,84.585
2025-04-01 02:08:19,28.042,65.768,102.542,2.762,85.003
2025-04-01 02:08:20,28.224,66.654,102.271,3.446,84.362
2025-04-01 02:08:21,28.51,66.859,102.735,2.639,85.543
2025-04-01 02:08:22,28.286,68.103,102.045,3.587,86.587
2025-04-01 02:08:23,28.27,66.707,101.013,3.168,84.566
2025-04-01 02:08:24,27.758,67.364,100.728,3.57,84.792
2025-04-01 02:08:25,28.086,65.995,99.269,3.938,85.642
2025-04-01 02:08:26,27.932,67.285,98.953,1.88,83.721
2025-04-01 02:08:27,28.322,67.051,99.639,2.686,84.232
2025-04-01 02:08:28,27.744,65.916,99.031,0.96,82.661
2025-04-01 02:08:29,27.837,67.807,97.865,1.889,84.493
2025-04-01 02:08:30,27.138,67.919,97.585,2.047,84.849
2025-04-01 02:08:31,27.747,68.42,99.267,2.411,84.996
2025-04-01 02:08:32,27.811,68.402,97.456,2.42,84.72
2025-04-01 02:08:33,27.487,69.008,97.136,1.736,84.669
2025-04-01 02:08:34,27.187,68.154,97.148,2.835,84.34
2025-04-01 02:08:35,27.457,67.284,97.171,2.304,83.657
2025-04-01 02:08:36,27.286,68.948,96.725,1.756,86.438
2025-04-01 02:08:37,27.727,67.796,96.778,2.918,85.169
2025-04-01 02:08:38,27.054,67.954,96.214,2.791,86.231
2025-04-01 02:08:39,27.288,67.927,95.486,2.561,85.539
2025-04-01 02:08:40,27.593,67.61,95.336,2.529,84.935
2025-04-01 02:08:41,27.206,67.99,95.086,2.116,84.747
2025-04-01 02:08:42,26.955,68.276,95.081,1.884,86.084
2025-04-01 02:08:43,27.022,67.401,94.966,2.855,85.438
2025-04-01 02:08:44,27.042,67.498,93.989,2.128,84.686
2025-04-01 02:08:45,27.09,69.511,92.994,1.712,85.946
2025-04-01 02:08:46,26.996,68.561,91.908,2.311,85.287
2025-04-01 02:08:47,27.449,68.912,93.187,2.977,84.928
2025-04-01 02:08:48,27.53,67.981,92.805,1.762,85.662
2025-04-01 02:08:49,26.583,69.317,92.722,3.035,84.564
2025-04-01 02:08:50,27.122,69.122,92.38,1.46,84.533
2025-04-01 02:08:51,27.392,68.594,92.898,1.235,86.894
2025-04-01 02:08:52,26.755,70.489,91.729,2.398,86.565
2025-04-01 02:08:53,27.264,69.829,92.444,2.192,87.619
2025-04-01 02:08:54,26.658,68.327,92.074,2.56,84.495
2025-04-01 02:08:55,26.959,69.406,91.782,2.557,86.319
2025-04-01 02:08:56,26.667,68.527,92.648,2.079,85.849
2025-04-01 02:08:57,26.837,69.859,91.931,2.196,86.921
2025-04-01 02:08:58,26.619,69.35,92.124,2.966,88.092
2025-04-01 02:08:59,27.081,70.972,91.506,2.306,87.278
2025-04-01 02:09:00,26.779,69.339,92.842,1.612,87.905
2025-04-01 02:09:01,26.942,70.279,92.662,1.948,85.853
2025-04-01 02:09:02,27.291,69.371,92.441,2.604,85.94
2025-04-01 02:09:03,26.983,69.225,92.38,2.078,87.386
2025-04-01 02:09:04,26.313,69.929,90.798,2.037,87.27
2025-04-01 02:09:05,26.545,69.464,92.635,2.748,85.626
2025-04-01 02:09:06,27.166,69.111,91.551,2.855,87.805
2025-04-01 02:09:07,26.821,68.342,91.946,3.62,86.525
2025-04-01 02:09:08,26.685,69.724,91.989,2.886,86.349
2025-04-01 02:09:09,26.568,69.356,92.211,3.374,85.353
2025-04-01 02:09:10,26.967,70.276,92.632,2.211,85.733
2025-04-01 02:09:11,26.668,68.888,91.757,2.555,88.72
2025-04-01 02:09:12,26.635,69.4,91.843,2.796,85.791
2025-04-01 02:09:13,26.534,68.424,92.838,3.176,87.598
2025-04-01 02:09:14,26.662,69.357,92.447,3.028,89.379
2025-04-01 02:09:15,26.101,69.476,93.281,3.241,86.395
2025-04-01 02:09:16,27.286,68.749,93.929,3.799,86.593
2025-04-01 02:09:17,26.283,69.276,93.781,3.344,89.284
2025-04-01 02:09:18,26.492,69.802,94.047,3.275,87.81
2025-04-01 02:09:19,26.269,69.648,94.856,2.849,87.342
2025-04-01 02:09:20,26.824,68.765,95.812,3.547,88.323
2025-04-01 02:09:21,26.787,68.932,95.702,2.193,86.454
2025-04-01 02:09:22,26.986,68.291,96.495,4.08,88.312
2025-04-01 02:09:23,26.579,67.989,97.613,4.387,91.408
2025-04-01 02:09:24,27.256,68.22,97.387,2.642,88.176
2025-04-01 02:09:25,26.72,68.908,97.868,3.817,89.008
2025-04-01 02:09:26,26.511,69.048,99.108,4.285,87.888
2025-04-01 02:09:27,27.138,67.933,98.581,4.273,88.428
2025-04-01 02:09:28,27.118,69.376,99.151,3.442,89.531
2025-04-01 02:09:29,27.295,68.523,98.846,3.815,87.3
2025-04-01 02:09:30,27.252,69.442,99.716,3.527,88.695
2025-04-01 02:09:31,26.895,69.729,100.168,3.836,87.543
2025-04-01 02:09:32,27.283,69.286,99.772,3.818,89.139
2025-04-01 02:09:33,26.77,68.411,99.309,3.93,88.005
2025-04-01 02:09:34,26.706,68.595,100.567,4.086,89.258
2025-04-01 02:09:35,27.705,68.765,100.917,4.397,88.33
2025-04-01 02:09:36,26.726,68.207,99.623,4.946,88.009
2025-04-01 02:09:37,27.904,69.034,99.8,3.806,89.434
2025-04-01 02:09:38,27.448,68.911,100.051,4.334,87.695
2025-04-01 02:09:39,27.15,67.708,100.983,5.395,90.564
2025-04-01 02:09:40,26.804,68.206,101.061,4.821,89.161
2025-04-01 02:09:41,27.406,68.961,102.36,4.94,89.655
2025-04-01 02:09:42,27.22,69.119,101.826,4.171,89.423
2025-04-01 02:09:43,27.052,70.292,101.261,4.256,88.696
2025-04-01 02:09:44,27.529,67.981,100.978,4.145,86.375
2025-04-01 02:09:45,27.256,68.028,102.519,4.332,86.894
2025-04-01 02:09:46,27.073,68.031,102.524,3.887,89.324
2025-04-01 02:09:47,27.199,68.183,102.679,5.424,87.555
2025-04-01 02:09:48,27.533,67.282,102.74,5.001,90.615
2025-04-01 02:09:49,27.73,66.05,103.325,5.877,87.691
2025-04-01 02:09:50,27.376,66.523,102.807,4.453,89.596
2025-04-01 02:09:51,27.337,67.19,102.994,4.899,89.75
2025-04-01 02:09:52,28.038,69.271,102.976,5.231,89.267
2025-04-01 02:09:53,28.328,66.929,103.296,4.893,88.417
2025-04-01 02:09:54,27.686,66.382,102.908,4.968,88.348
2025-04-01 02:09:55,28.356,66.232,102.72,5.282,88.86
2025-04-01 02:09:56,27.767,67.275,102.553,5.067,88.392
2025-04-01 02:09:57,28.68,65.249,104.023,4.932,88.063
2025-04-01 02:09:58,28.04,66.397,103.083,4.62,87.51
2025-04-01 02:09:59,28.467,66.847,101.294,4.405,90.594
2025-04-01 02:10:00,27.992,66.024,101.181,5.065,87.766
2025-04-01 02:10:01,28.46,68.13,100.836,5.211,88.871
2025-04-01 02:10:02,28.416,66.523,101.71,5.208,87.838
2025-04-01 02:10:03,28.214,66.496,101.709,5.353,88.33
2025-04-01 02:10:04,28.466,65.14,103.0,4.83,86.782
2025-04-01 02:10:05,28.138,65.193,103.186,5.294,88.806
2025-04-01 02:10:06,28.528,65.844,102.676,4.87,88.344
2025-04-01 02:10:07,28.833,65.499,101.014,4.569,89.362
2025-04-01 02:10:08,28.285,63.875,101.522,4.085,87.958
2025-04-01 02:10:09,29.045,67.277,101.303,4.947,87.378
2025-04-01 02:10:10,28.147,65.187,100.654,4.603,89.504
2025-04-01 02:10:11,28.874,66.109,101.377,4.333,87.996
2025-04-01 02:10:12,28.94,65.123,101.368,5.511,85.933
2025-04-01 02:10:13,29.168,65.693,101.783,5.119,87.477
2025-04-01 02:10:14,29.382,64.7,101.832,5.268,88.853
2025-04-01 02:10:15,28.993,65.022,103.147,5.415,87.132
2025-04-01 02:10:16,28.924,64.36,102.757,4.606,87.434
2025-04-01 02:10:17,29.013,65.815,103.551,4.659,89.436
2025-04-01 02:10:18,29.514,65.179,102.29,4.063,87.264
2025-04-01 02:10:19,28.697,64.169,102.337,4.525,89.052
2025-04-01 02:10:20,28.981,63.869,101.578,5.149,87.465
2025-04-01 02:10:21,28.996,65.109,101.495,5.108,87.017
2025-04-01 02:10:22,29.265,64.548,101.466,4.449,87.143
2025-04-01 02:10:23,28.936,64.569,100.249,4.597,86.437
2025-04-01 02:10:24,29.157,64.986,101.068,4.986,86.937
2025-04-01 02:10:25,29.39,64.066,101.243,4.235,88.021
2025-04-01 02:10:26,29.623,65.001,100.842,5.357,88.103
2025-04-01 02:10:27,29.257,63.313,101.88,3.256,86.333
2025-04-01 02:10:28,29.908,64.631,101.413,4.139,87.29
2025-04-01 02:10:29,29.277,64.959,101.774,4.521,85.899
2025-04-01 02:10:30,29.997,62.771,101.824,4.659,86.832
2025-04-01 02:10:31,29.852,62.97,101.279,3.792,86.629
2025-04-01 02:10:32,29.493,64.743,101.839,3.881,87.698
2025-04-01 02:10:33,29.663,63.721,100.819,3.726,86.244
2025-04-01 02:10:34,29.647,62.714,100.39,2.392,84.472
2025-04-01 02:10:35,30.124,63.355,100.386,3.675,87.22
2025-04-01 02:10:36,29.316,63.134,101.712,3.953,85.678
2025-04-01 02:10:37,30.03,61.469,101.223,2.708,86.799
2025-04-01 02:10:38,29.509,62.607,101.464,3.75,87.245
2025-04-01 02:10:39,29.23,62.983,100.056,3.738,86.004
2025-04-01 02:10:40,29.212,62.541,100.214,2.741,85.26
2025-04-01 02:10:41,29.892,61.726,100.502,3.167,86.097
2025-04-01 02:10:42,29.802,62.905,100.469,3.213,86.209
2025-04-01 02:10:43,30.012,62.25,102.15,3.629,86.168
2025-04-01 02:10:44,30.383,63.489,101.529,4.471,84.007
2025-04-01 02:10:45,29.678,61.424,102.643,3.282,86.968
2025-04-01 02:10:46,29.658,63.563,101.105,3.369,86.059
2025-04-01 02:10:47,29.341,62.345,102.992,3.309,84.596
2025-04-01 02:10:48,30.153,62.454,102.887,2.632,86.821
2025-04-01 02:10:49,29.854,61.608,103.568,3.613,85.167
2025-04-01 02:10:50,28.689,61.821,103.281,2.358,86.253
2025-04-01 02:10:51,29.812,63.574,104.648,3.315,84.66
2025-04-01 02:10:52,29.938,61.235,104.273,3.519,85.83
2025-04-01 02:10:53,29.648,63.131,104.62,1.433,85.65
2025-04-01 02:10:54,30.227,61.946,104.081,2.181,85.402
2025-04-01 02:10:55,29.658,60.806,105.494,2.767,85.505
2025-04-01 02:10:56,29.509,62.624,105.829,2.249,85.065
2025-04-01 02:10:57,29.105,61.345,105.271,2.196,85.683
2025-04-01 02:10:58,29.416,62.8,105.988,3.541,85.63
2025-04-01 02:10:59,29.909,62.739,107.717,2.212,84.948
2025-04-01 02:11:00,29.511,61.303,107.061,2.644,83.718
2025-04-01 02:11:01,29.439,62.168,106.985,2.43,85.462
2025-04-01 02:11:02,29.364,61.582,108.191,1.735,83.999
2025-04-01 02:11:03,30.044,61.852,107.449,2.256,84.743
2025-04-01 02:11:04,29.527,61.317,106.624,1.555,83.757
2025-04-01 02:11:05,29.697,60.581,106.463,1.531,86.019
2025-04-01 02:11:06,29.926,60.708,107.078,2.391,84.561
2025-04-01 02:11:07,29.47,60.981,106.192,2.573,86.241
2025-04-01 02:11:08,29.866,61.502,105.74,2.12,84.463
2025-04-01 02:11:09,29.367,63.012,105.141,2.006,84.265
2025-04-01 02:11:10,29.384,61.496,104.756,1.149,84.17
2025-04-01 02:11:11,29.401,61.055,106.152,1.665,83.326
2025-04-01 02:11:12,29.696,61.68,104.683,1.926,83.482
2025-04-01 02:11:13,29.779,61.445,104.672,3.057,84.626
2025-04-01 02:11:14,29.083,61.016,104.807,1.316,84.298
2025-04-01 02:11:15,29.174,60.291,104.053,2.08,84.969
2025-04-01 02:11:16,29.665,59.911,104.269,1.385,84.227
2025-04-01 02:11:17,29.279,60.419,103.523,2.253,84.341
2025-04-01 02:11:18,29.019,60.548,104.767,2.322,85.325
2025-04-01 02:11:19,29.566,60.486,103.849,1.508,84.99
2025-04-01 02:11:20,29.052,61.88,103.724,2.079,84.347
2025-04-01 02:11:21,29.356,61.396,103.613,2.606,84.565
2025-04-01 02:11:22,29.194,61.26,102.496,2.205,86.604
2025-04-01 02:11:23,28.715,61.11,103.02,2.097,84.478
2025-04-01 02:11:24,28.782,62.341,101.72,1.842,86.059
2025-04-01 02:11:25,28.733,61.156,101.139,2.039,84.057
2025-04-01 02:11:26,29.108,61.581,101.613,2.134,84.833
2025-04-01 02:11:27,28.969,61.232,100.601,2.003,84.994
2025-04-01 02:11:28,28.669,61.746,100.156,2.589,85.761
2025-04-01 02:11:29,28.526,62.387,99.959,2.543,86.329
2025-04-01 02:11:30,28.643,62.137,99.766,2.013,86.399
2025-04-01 02:11:31,28.79,61.911,100.051,2.425,85.307
2025-04-01 02:11:32,29.08,62.955,99.628,2.652,83.889
2025-04-01 02:11:33,28.233,62.835,100.615,1.832,84.991
2025-04-01 02:11:34,28.347,60.409,99.948,3.303,85.755
2025-04-01 02:11:35,28.606,61.781,98.831,2.497,85.173
2025-04-01 02:11:36,28.495,63.1,100.433,1.732,84.193
2025-04-01 02:11:37,28.082,61.635,100.865,2.532,86.476
2025-04-01 02:11:38,28.895,61.803,99.528,2.466,85.108
2025-04-01 02:11:39,28.702,63.279,100.592,2.57,84.312
2025-04-01 02:11:40,28.126,62.156,101.392,2.208,85.683
2025-04-01 02:11:41,28.399,62.873,101.316,1.86,84.413
2025-04-01 02:11:42,28.263,61.308,101.689,3.368,85.538
2025-04-01 02:11:43,28.12,62.441,102.703,3.159,85.489
2025-04-01 02:11:44,28.241,62.56,102.45,3.021,86.199
2025-04-01 02:11:45,28.619,62.06,103.53,2.266,85.198
2025-04-01 02:11:46,28.041,62.315,103.329,3.788,85.737
2025-04-01 02:11:47,28.348,62.914,104.593,3.364,85.123
2025-04-01 02:11:48,28.202,63.436,105.263,2.929,86.552
2025-04-01 02:11:49,27.687,63.26,105.088,2.006,85.879
2025-04-01 02:11:50,28.343,61.083,105.572,2.884,86.408
2025-04-01 02:11:51,28.24,62.157,105.46,3.287,86.996
2025-04-01 02:11:52,27.883,62.451,106.73,3.364,86.067
2025-04-01 02:11:53,27.631,62.399,106.581,2.643,84.894
2025-04-01 02:11:54,27.387,62.415,106.616,3.854,86.73
2025-04-01 02:11:55,27.686,63.3,107.896,3.333,86.503
2025-04-01 02:11:56,27.596,64.039,108.099,4.529,88.1
2025-04-01 02:11:57,27.973,62.271,108.726,3.221,86.894
2025-04-01 02:11:58,27.264,62.917,107.321,4.11,86.592
2025-04-01 02:11:59,27.616,64.579,109.372,5.258,87.234
2025-04-01 02:12:00,27.296,63.064,109.452,3.826,88.184
2025-04-01 02:12:01,27.232,63.091,109.286,3.408,88.25
2025-04-01 02:12:02,27.22,63.46,110.669,3.865,87.444
2025-04-01 02:12:03,27.538,64.022,110.633,4.63,87.258
2025-04-01 02:12:04,27.392,62.597,110.048,4.223,87.9
2025-04-01 02:12:05,27.142,65.042,109.897,5.208,87.333
2025-04-01 02:12:06,27.3,63.193,109.701,2.934,87.483
2025-04-01 02:12:07,26.995,64.478,109.871,4.929,89.242
2025-04-01 02:12:08,27.041,64.653,111.19,4.002,87.13
2025-04-01 02:12:09,27.206,64.841,111.14,3.52,87.6
2025-04-01 02:12:10,26.917,62.678,111.521,4.453,87.12
2025-04-01 02:12:11,26.791,65.371,111.77,4.398,89.201
2025-04-01 02:12:12,27.473,64.513,113.064,4.21,88.226
2025-04-01 02:12:13,27.102,64.098,111.714,4.653,87.706
2025-04-01 02:12:14,27.028,65.073,112.014,5.016,87.563
2025-04-01 02:12:15,26.992,64.704,110.916,4.676,86.638
2025-04-01 02:12:16,26.856,64.273,111.733,4.079,87.766
2025-04-01 02:12:17,26.88,66.122,110.739,4.965,88.139
2025-04-01 02:12:18,27.596,64.804,112.054,5.072,87.417
2025-04-01 02:12:19,27.104,65.382,112.186,4.543,87.502
2025-04-01 02:12:20,26.714,66.24,109.962,4.836,87.753
2025-04-01 02:12:21,27.41,65.977,110.567,4.694,88.697
2025-04-01 02:12:22,26.706,65.74,110.93,5.103,88.267
2025-04-01 02:12:23,27.231,65.689,110.9,5.372,88.665
2025-04-01 02:12:24,26.751,65.229,110.511,4.259,89.499
2025-04-01 02:12:25,26.962,67.147,110.295,4.707,89.408
2025-04-01 02:12:26,26.88,66.162,111.216,5.62,89.171
2025-04-01 02:12:27,26.911,67.678,110.626,5.711,88.606
2025-04-01 02:12:28,26.865,65.802,110.484,4.35,88.361
2025-04-01 02:12:29,26.746,65.983,109.958,4.772,88.673
2025-04-01 02:12:30,26.919,66.686,109.908,4.98,89.494
2025-04-01 02:12:31,27.302,66.781,110.831,4.54,89.819
2025-04-01 02:12:32,26.754,66.38,110.786,4.63,89.316
2025-04-01 02:12:33,26.516,67.657,110.514,4.622,89.644
2025-04-01 02:12:34,26.433,65.619,110.094,4.19,90.094
2025-04-01 02:12:35,26.561,65.792,111.007,4.766,88.947
2025-04-01 02:12:36,26.348,66.004,110.957,4.631,89.2
2025-04-01 02:12:37,26.277,67.045,110.882,4.672,86.808
2025-04-01 02:12:38,27.061,67.009,111.061,4.925,88.87
2025-04-01 02:12:39,27.097,68.479,110.91,4.97,89.536
2025-04-01 02:12:40,27.025,66.615,109.743,5.011,88.59
2025-04-01 02:12:41,26.55,68.221,109.83,4.918,90.533
2025-04-01 02:12:42,26.954,67.476,110.396,3.969,87.407
2025-04-01 02:12:43,27.035,67.315,109.83,4.234,87.967
2025-04-01 02:12:44,27.053,68.449,109.766,4.481,88.346
2025-04-01 02:12:45,27.331,67.266,110.377,3.84,89.676
2025-04-01 02:12:46,27.209,69.22,109.874,4.001,88.418
2025-04-01 02:12:47,27.127,69.019,110.217,4.276,88.65
2025-04-01 02:12:48,27.431,68.38,109.037,4.38,89.036
2025-04-01 02:12:49,27.324,67.072,109.003,4.231,90.677
2025-04-01 02:12:50,27.348,68.129,108.013,4.435,86.682
2025-04-01 02:12:51,27.324,67.347,107.758,4.734,87.2
2025-04-01 02:12:52,27.116,68.602,107.944,5.169,88.125
2025-04-01 02:12:53,27.741,67.191,106.714,4.427,89.802
2025-04-01 02:12:54,27.312,69.698,105.867,3.426,90.141
2025-04-01 02:12:55,26.937,68.626,107.587,4.214,89.875
2025-04-01 02:12:56,27.43,67.005,106.116,3.844,89.27
2025-04-01 02:12:57,27.487,70.232,105.797,4.477,89.099
2025-04-01 02:12:58,28.04,69.08,106.355,3.626,89.715
2025-04-01 02:12:59,27.349,68.875,107.14,3.751,89.399
2025-04-01 02:13:00,27.606,69.044,107.91,4.329,88.464
2025-04-01 02:13:01,27.782,68.375,107.191,4.242,89.521
2025-04-01 02:13:02,27.728,70.377,107.541,4.094,88.095
2025-04-01 02:13:03,27.853,67.922,107.372,2.803,89.975
2025-04-01 02:13:04,27.747,68.993,106.568,4.441,88.587
2025-04-01 02:13:05,27.938,68.938,106.123,3.451,89.389
2025-04-01 02:13:06,27.173,69.486,106.489,3.113,88.498
2025-04-01 02:13:07,28.231,69.788,106.509,3.666,88.941
2025-04-01 02:13:08,27.867,69.054,106.654,3.473,88.251
2025-04-01 02:13:09,27.688,69.346,105.43,3.744,87.843
2025-04-01 02:13:10,28.251,68.363,106.901,2.625,88.899
2025-04-01 02:13:11,27.995,69.021,106.688,3.267,87.999
2025-04-01 02:13:12,27.676,70.457,106.385,2.039,87.301
2025-04-01 02:13:13,28.101,67.785,106.87,3.131,87.896
2025-04-01 02:13:14,28.286,70.64,108.004,2.437,87.735
2025-04-01 02:13:15,27.782,69.532,107.274,2.318,87.578
2025-04-01 02:13:16,27.826,69.031,108.551,2.876,89.242
2025-04-01 02:13:17,28.352,67.835,108.88,3.026,88.006
2025-04-01 02:13:18,28.071,69.059,108.856,2.907,86.86
2025-04-01 02:13:19,28.426,69.327,108.297,2.746,86.814
2025-04-01 02:13:20,28.1,69.542,107.568,2.906,86.601
2025-04-01 02:13:21,28.266,69.433,108.72,2.008,85.426
2025-04-01 02:13:22,28.252,68.827,109.916,3.493,87.66
2025-04-01 02:13:23,28.641,69.196,110.206,2.48,87.043
2025-04-01 02:13:24,28.548,69.336,110.536,2.208,87.982
2025-04-01 02:13:25,28.425,68.987,111.22,2.318,86.94
2025-04-01 02:13:26,29.24,70.878,110.785,2.502,89.274
2025-04-01 02:13:27,28.795,68.607,110.182,2.177,86.478
2025-04-01 02:13:28,28.582,68.576,109.897,1.934,87.356
2025-04-01 02:13:29,28.66,68.452,111.552,1.699,86.095
2025-04-01 02:13:30,28.609,70.263,109.726,2.848,87.1
2025-04-01 02:13:31,29.25,69.872,109.855,2.208,87.044
2025-04-01 02:13:32,28.608,69.164,109.286,2.288,86.938
2025-04-01 02:13:33,28.927,69.991,109.545,1.211,87.242
2025-04-01 02:13:34,29.375,68.263,110.591,2.136,87.831
2025-04-01 02:13:35,28.82,70.066,111.075,1.962,84.11
2025-04-01 02:13:36,28.799,69.141,111.989,1.278,86.08
2025-04-01 02:13:37,29.263,67.214,110.861,2.018,88.169
2025-04-01 02:13:38,29.537,68.52,111.941,2.32,86.684
2025-04-01 02:13:39,28.975,68.272,111.423,1.665,86.592
2025-04-01 02:13:40,29.149,68.06,111.246,1.173,84.445
2025-04-01 02:13:41,29.49,68.148,111.373,2.338,87.193
2025-04-01 02:13:42,29.363,69.009,110.987,1.109,86.337
2025-04-01 02:13:43,29.353,67.093,110.452,1.633,84.588
2025-04-01 02:13:44,29.29,68.136,111.385,1.664,85.651
2025-04-01 02:13:45,29.592,68.837,110.839,2.527,87.751
2025-04-01 02:13:46,28.975,67.053,111.355,0.913,84.558
2025-04-01 02:13:47,30.244,68.597,110.36,0.885,88.038
2025-04-01 02:13:48,29.316,67.568,109.89,0.878,85.713
2025-04-01 02:13:49,29.887,67.18,109.426,1.339,84.637
2025-04-01 02:13:50,29.384,69.595,110.478,1.617,84.105
2025-04-01 02:13:51,29.839,68.391,108.819,1.065,84.4
2025-04-01 02:13:52,29.45,67.881,109.56,1.734,83.63
2025-04-01 02:13:53,30.063,68.878,108.355,2.045,82.237
2025-04-01 02:13:54,30.045,68.126,108.409,1.876,86.175
2025-04-01 02:13:55,29.64,68.115,108.43,2.516,84.176
2025-04-01 02:13:56,29.946,67.824,108.016,1.415,84.45
2025-04-01 02:13:57,29.6,67.577,108.229,2.294,87.886
2025-04-01 02:13:58,30.012,66.995,106.409,2.652,88.276
2025-04-01 02:13:59,30.095,67.708,106.435,1.944,84.78
2025-04-01 02:14:00,29.534,66.996,106.501,0.889,86.343
2025-04-01 02:14:01,29.43,67.558,105.834,1.728,83.141
2025-04-01 02:14:02,30.047,67.956,105.671,2.914,84.673
2025-04-01 02:14:03,29.5,67.068,105.791,2.514,84.996
2025-04-01 02:14:04,29.538,67.483,107.412,2.497,86.335
2025-04-01 02:14:05,29.679,66.136,106.685,2.318,84.53
2025-04-01 02:14:06,29.731,65.473,105.983,2.887,84.465
2025-04-01 02:14:07,30.06,68.189,105.997,2.696,85.003
2025-04-01 02:14:08,30.225,67.439,105.953,2.119,85.706
2025-04-01 02:14:09,30.067,67.742,104.198,1.275,83.805
2025-04-01 02:14:10,29.878,65.908,103.739,2.298,85.181
2025-04-01 02:14:11,29.961,67.062,101.849,2.284,85.18
2025-04-01 02:14:12,29.859,66.318,103.422,2.832,85.123
2025-04-01 02:14:13,29.952,65.592,103.276,3.523,85.543
2025-04-01 02:14:14,29.837,65.239,102.529,2.368,85.886
2025-04-01 02:14:15,30.27,66.811,101.574,3.132,85.158
2025-04-01 02:14:16,29.605,66.099,101.065,2.962,83.927
2025-04-01 02:14:17,30.289,65.252,100.855,3.119,84.991
2025-04-01 02:14:18,30.193,67.094,101.256,3.439,84.155
2025-04-01 02:14:19,29.265,66.108,100.912,2.979,84.224
2025-04-01 02:14:20,30.293,66.09,101.058,3.778,86.797
2025-04-01 02:14:21,29.906,63.803,101.948,2.297,84.615
2025-04-01 02:14:22,30.015,65.504,100.967,3.223,84.69
2025-04-01 02:14:23,29.583,64.931,100.776,2.793,84.925
2025-04-01 02:14:24,30.127,65.634,101.835,3.564,86.231
2025-04-01 02:14:25,30.42,65.179,101.531,2.644,86.352
2025-04-01 02:14:26,30.003,65.216,101.962,3.952,84.724
2025-04-01 02:14:27,30.294,64.242,102.075,3.338,85.492
2025-04-01 02:14:28,29.598,64.458,101.053,3.139,85.077
2025-04-01 02:14:29,29.66,64.477,100.138,3.37,84.494
2025-04-01 02:14:30,29.065,64.243,101.736,3.895,84.082
2025-04-01 02:14:31,29.744,63.254,102.004,3.548,86.563
2025-04-01 02:14:32,29.331,63.669,102.658,4.361,85.544
2025-04-01 02:14:33,29.271,63.92,102.653,3.633,84.649
2025-04-01 02:14:34,29.543,63.372,102.164,4.058,84.55
2025-04-01 02:14:35,29.488,65.215,101.474,4.233,85.283
2025-04-01 02:14:36,28.968,65.192,101.532,3.55,85.204
2025-04-01 02:14:37,29.261,64.426,102.315,3.493,86.468
2025-04-01 02:14:38,29.312,64.907,102.999,4.024,86.17
2025-04-01 02:14:39,29.973,63.225,102.735,4.329,86.192
2025-04-01 02:14:40,29.629,63.082,102.353,3.679,84.006
2025-04-01 02:14:41,29.294,62.516,103.473,4.225,84.016
2025-04-01 02:14:42,29.458,63.712,103.563,3.998,87.258
2025-04-01 02:14:43,28.966,63.346,104.491,3.364,87.282
2025-04-01 02:14:44,29.129,62.808,104.994,4.808,84.309
2025-04-01 02:14:45,29.048,64.061,105.279,4.523,84.789
2025-04-01 02:14:46,29.481,63.918,105.038,4.545,85.285
2025-04-01 02:14:47,28.877,62.595,105.061,4.482,88.139
2025-04-01 02:14:48,28.609,62.179,104.976,4.879,86.283
2025-04-01 02:14:49,29.242,64.62,105.624,5.321,87.1
2025-04-01 02:14:50,28.91,61.617,104.576,4.976,87.24
2025-04-01 02:14:51,29.136,62.035,105.664,4.801,85.468
2025-04-01 02:14:52,28.678,62.607,106.494,5.028,86.114
2025-04-01 02:14:53,28.513,62.067,105.08,5.132,87.181
2025-04-01 02:14:54,28.636,61.542,104.796,3.99,87.546
2025-04-01 02:14:55,29.115,62.82,105.344,3.703,87.486
2025-04-01 02:14:56,28.962,61.606,106.219,5.103,87.607
2025-04-01 02:14:57,28.214,63.304,106.887,3.66,86.262
2025-04-01 02:14:58,28.92,61.681,107.146,4.657,88.021
2025-04-01 02:14:59,28.775,61.525,107.504,3.945,86.42
2025-04-01 02:15:00,28.572,61.485,108.019,4.482,88.513
2025-04-01 02:15:01,28.568,62.068,108.317,4.33,87.415
2025-04-01 02:15:02,28.379,62.243,108.27,4.734,88.074
2025-04-01 02:15:03,28.607,62.548,107.763,4.972,86.179
2025-04-01 02:15:04,28.26,62.679,107.293,3.889,86.738
2025-04-01 02:15:05,28.148,62.916,107.72,5.411,88.693
2025-04-01 02:15:06,28.356,61.925,107.516,4.679,87.898
2025-04-01 02:15:07,28.144,61.692,107.176,4.162,87.322
2025-04-01 02:15:08,27.587,62.726,106.732,4.079,86.744
2025-04-01 02:15:09,27.712,62.108,107.028,4.595,86.94
2025-04-01 02:15:10,27.957,61.892,106.738,4.635,87.042
2025-04-01 02:15:11,28.632,61.629,106.566,3.525,87.21
2025-04-01 02:15:12,28.002,61.895,106.03,5.144,86.152
2025-04-01 02:15:13,28.073,60.993,106.399,4.753,88.47
2025-04-01 02:15:14,27.574,61.423,105.791,3.961,86.352
2025-04-01 02:15:15,28.154,61.842,105.723,4.426,88.304
2025-04-01 02:15:16,28.043,61.515,105.734,4.96,87.731
2025-04-01 02:15:17,27.74,60.699,104.337,4.152,86.883
2025-04-01 02:15:18,27.269,60.754,103.481,4.273,88.935
2025-04-01 02:15:19,26.994,61.161,104.066,3.931,88.939
2025-04-01 02:15:20,27.524,61.271,104.065,3.637,89.051
2025-04-01 02:15:21,27.498,60.326,104.923,3.603,88.974
2025-04-01 02:15:22,27.421,61.322,104.798,4.339,87.474
2025-04-01 02:15:23,27.067,60.803,103.816,3.948,88.908
2025-04-01 02:15:24,27.866,61.639,102.571,4.305,88.293
2025-04-01 02:15:25,28.224,60.571,101.966,3.791,89.803
2025-04-01 02:15:26,27.232,60.537,102.243,4.229,88.928
2025-04-01 02:15:27,27.25,60.53,103.342,3.477,88.846
2025-04-01 02:15:28,26.974,61.401,103.411,3.497,89.903
2025-04-01 02:15:29,26.945,61.571,103.348,2.543,88.427
2025-04-01 02:15:30,26.735,61.619,102.289,3.661,90.058
2025-04-01 02:15:31,27.188,60.892,102.42,3.44,89.073
2025-04-01 02:15:32,27.364,60.006,101.747,3.033,88.609
2025-04-01 02:15:33,27.147,62.453,101.694,2.747,88.861
2025-04-01 02:15:34,26.982,60.244,101.413,3.245,89.736
2025-04-01 02:15:35,26.998,60.206,101.919,1.865,86.391
2025-04-01 02:15:36,27.244,61.2,102.163,2.594,90.638
2025-04-01 02:15:37,27.143,62.143,103.215,2.018,87.962
2025-04-01 02:15:38,27.215,61.003,103.787,2.534,87.746
2025-04-01 02:15:39,26.992,61.714,103.106,2.759,88.332
2025-04-01 02:15:40,26.956,62.686,102.676,2.366,86.967
2025-04-01 02:15:41,27.185,61.067,102.392,2.601,88.89
2025-04-01 02:15:42,27.029,61.666,102.897,1.939,87.778
2025-04-01 02:15:43,27.031,61.585,102.891,2.194,89.239
2025-04-01 02:15:44,26.618,62.436,103.506,3.369,91.423
2025-04-01 02:15:45,27.285,61.892,104.619,2.453,88.235
2025-04-01 02:15:46,26.789,61.99,103.87,2.744,92.217
2025-04-01 02:15:47,27.605,62.953,105.024,1.745,90.287
2025-04-01 02:15:48,26.857,61.89,104.456,2.675,88.984
2025-04-01 02:15:49,26.835,62.807,105.4,2.188,89.644
2025-04-01 02:15:50,26.851,62.418,105.478,2.002,91.074
2025-04-01 02:15:51,27.238,62.398,106.123,2.63,88.601
2025-04-01 02:15:52,26.928,62.106,106.455,1.075,89.327
2025-04-01 02:15:53,26.808,61.653,106.586,2.865,89.06
2025-04-01 02:15:54,27.107,62.789,106.76,2.229,89.261
2025-04-01 02:15:55,27.282,62.465,105.842,1.359,88.225
2025-04-01 02:15:56,27.424,61.601,105.89,2.356,88.925
2025-04-01 02:15:57,27.453,62.792,105.412,2.157,87.951
2025-04-01 02:15:58,27.04,61.852,106.696,1.96,90.018
2025-04-01 02:15:59,26.876,62.647,107.255,2.18,86.953
2025-04-01 02:16:00,27.406,62.819,107.199,2.218,87.781
2025-04-01 02:16:01,27.025,62.867,107.692,1.629,88.281
2025-04-01 02:16:02,26.851,63.061,107.123,2.141,88.403
2025-04-01 02:16:03,26.976,62.312,107.811,0.915,90.456
2025-04-01 02:16:04,27.141,64.144,108.061,1.089,87.333
2025-04-01 02:16:05,27.477,61.403,108.97,1.944,89.208
2025-04-01 02:16:06,27.691,62.942,109.52,1.684,89.978
2025-04-01 02:16:07,27.211,63.309,108.62,1.647,87.768
2025-04-01 02:16:08,27.435,63.05,109.717,1.236,88.008
2025-04-01 02:16:09,27.739,64.402,109.786,1.896,89.147
2025-04-01 02:16:10,26.946,62.705,110.058,1.365,89.688
2025-04-01 02:16:11,27.079,62.315,110.848,1.723,87.452
2025-04-01 02:16:12,27.437,62.192,110.259,1.113,89.728
2025-04-01 02:16:13,27.204,64.552,110.572,1.237,86.733
2025-04-01 02:16:14,27.564,63.738,110.655,2.341,88.696
2025-04-01 02:16:15,27.238,63.213,111.293,1.531,88.846
2025-04-01 02:16:16,27.426,63.814,111.004,2.136,89.39
2025-04-01 02:16:17,27.635,63.535,112.009,1.849,88.163
2025-04-01 02:16:18,28.02,65.04,112.817,1.489,87.604
2025-04-01 02:16:19,27.602,64.496,112.599,1.834,88.243
2025-04-01 02:16:20,27.828,65.224,111.488,1.036,88.669
2025-04-01 02:16:21,27.613,62.982,111.087,1.27,88.322
2025-04-01 02:16:22,28.184,65.153,111.621,1.338,88.007
2025-04-01 02:16:23,27.619,65.477,112.633,0.854,87.126
2025-04-01 02:16:24,27.973,65.509,112.623,1.351,86.213
2025-04-01 02:16:25,28.032,65.345,111.75,1.64,86.589
2025-04-01 02:16:26,27.702,64.561,110.925,2.038,87.141
2025-04-01 02:16:27,27.677,65.149,109.706,2.352,88.388
2025-04-01 02:16:28,27.979,65.642,109.061,2.333,88.302
2025-04-01 02:16:29,28.21,65.038,108.968,1.758,87.011
2025-04-01 02:16:30,28.623,65.422,108.799,1.309,87.916
2025-04-01 02:16:31,27.886,65.001,109.004,2.198,89.062
2025-04-01 02:16:32,28.214,66.014,109.315,2.187,86.521
2025-04-01 02:16:33,28.298,64.849,107.459,1.938,85.848
2025-04-01 02:16:34,28.108,66.363,107.556,1.145,88.413
2025-04-01 02:16:35,28.276,64.976,107.708,2.542,86.186
2025-04-01 02:16:36,28.135,67.339,108.824,2.397,87.518
2025-04-01 02:16:37,28.374,66.635,109.106,2.465,87.616
2025-04-01 02:16:38,28.558,65.212,109.367,1.999,86.62
2025-04-01 02:16:39,28.817,66.752,109.752,1.596,85.622
2025-04-01 02:16:40,28.539,67.877,109.506,2.349,86.88
2025-04-01 02:16:41,28.56,66.851,109.979,1.982,87.879
2025-04-01 02:16:42,29.022,67.182,109.828,2.254,86.526
2025-04-01 02:16:43,28.284,65.93,108.33,2.073,87.056
2025-04-01 02:16:44,28.292,66.498,107.725,2.244,87.798
2025-04-01 02:16:45,28.842,66.302,108.101,3.541,87.155
2025-04-01 02:16:46,28.652,66.651,107.62,2.438,86.186
2025-04-01 02:16:47,29.177,66.827,107.693,2.674,85.707
2025-04-01 02:16:48,29.029,68.231,108.237,3.158,87.117
2025-04-01 02:16:49,28.957,67.064,108.091,1.899,86.582
2025-04-01 02:16:50,29.556,66.027,108.795,2.929,87.058
2025-04-01 02:16:51,29.514,67.807,107.71,3.524,86.241
2025-04-01 02:16:52,28.566,68.369,109.313,3.019,84.693
2025-04-01 02:16:53,29.37,67.134,106.748,3.53,86.663
2025-04-01 02:16:54,29.543,67.961,108.17,2.993,84.661
2025-04-01 02:16:55,29.078,67.598,108.051,3.623,86.098
2025-04-01 02:16:56,29.168,66.752,109.013,2.737,87.337
2025-04-01 02:16:57,29.264,66.715,109.526,3.298,86.935
2025-04-01 02:16:58,29.298,67.468,108.356,3.228,87.676
2025-04-01 02:16:59,29.999,67.99,109.02,3.855,85.009
2025-04-01 02:17:00,29.785,68.17,108.791,3.101,86.223
2025-04-01 02:17:01,29.197,68.663,108.348,4.172,86.375
2025-04-01 02:17:02,29.404,67.842,108.614,4.218,85.707
2025-04-01 02:17:03,29.684,69.604,109.806,3.636,83.842
2025-04-01 02:17:04,29.942,67.921,110.198,3.733,84.734
2025-04-01 02:17:05,29.469,68.223,110.335,4.109,86.108
2025-04-01 02:17:06,29.569,68.701,110.573,3.97,86.438
2025-04-01 02:17:07,29.707,69.005,110.668,4.179,85.973
2025-04-01 02:17:08,29.41,68.364,111.114,4.689,86.052
2025-04-01 02:17:09,30.088,68.219,111.223,3.18,86.58
2025-04-01 02:17:10,30.009,67.64,111.421,4.759,84.911
2025-04-01 02:17:11,29.926,67.81,111.861,4.737,85.381
2025-04-01 02:17:12,29.955,68.277,111.47,4.482,87.76
2025-04-01 02:17:13,29.983,68.935,112.109,4.395,85.608
2025-04-01 02:17:14,29.911,69.272,113.244,3.123,86.197
2025-04-01 02:17:15,30.142,68.505,113.706,4.739,85.247
2025-04-01 02:17:16,29.5,66.675,113.347,4.718,85.776
2025-04-01 02:17:17,29.94,69.223,114.515,4.934,84.622
2025-04-01 02:17:18,30.332,68.921,115.031,4.808,84.981
2025-04-01 02:17:19,30.125,68.597,114.213,3.836,85.036
2025-04-01 02:17:20,30.234,68.341,115.098,4.351,86.868
2025-04-01 02:17:21,29.641,68.821,114.18,4.604,83.72
2025-04-01 02:17:22,30.021,70.058,112.947,4.545,85.469
2025-04-01 02:17:23,29.971,68.475,112.522,4.628,85.304
2025-04-01 02:17:24,29.9,68.401,112.793,4.633,85.815
2025-04-01 02:17:25,29.668,69.896,113.561,4.255,86.997
2025-04-01 02:17:26,29.959,68.579,114.299,4.905,86.062
2025-04-01 02:17:27,30.044,68.93,114.601,4.803,84.532
2025-04-01 02:17:28,30.473,68.488,114.736,4.519,85.913
2025-04-01 02:17:29,29.806,68.185,114.069,4.425,86.684
2025-04-01 02:17:30,30.117,69.349,113.201,3.605,86.249
2025-04-01 02:17:31,30.077,68.485,113.19,4.457,85.668
2025-04-01 02:17:32,30.224,70.415,113.664,4.357,86.218
2025-04-01 02:17:33,30.162,68.068,112.555,5.028,84.322
2025-04-01 02:17:34,30.032,68.97,111.791,4.344,88.06
2025-04-01 02:17:35,29.656,68.028,110.891,4.35,87.582
2025-04-01 02:17:36,29.943,68.84,111.563,3.713,85.665
2025-04-01 02:17:37,30.319,69.821,111.674,4.337,88.066
2025-04-01 02:17:38,30.263,69.459,112.271,4.543,87.494
2025-04-01 02:17:39,30.111,69.406,112.601,4.103,84.777
2025-04-01 02:17:40,29.761,68.829,111.407,4.664,86.933
2025-04-01 02:17:41,30.716,68.32,112.631,4.0,85.721
2025-04-01 02:17:42,30.358,70.055,113.609,4.371,84.346
2025-04-01 02:17:43,29.506,67.959,113.383,3.549,87.979
2025-04-01 02:17:44,30.187,67.663,113.673,4.428,86.03
2025-04-01 02:17:45,30.369,69.001,113.366,3.938,85.418
2025-04-01 02:17:46,29.955,68.26,113.555,4.446,86.413
2025-04-01 02:17:47,30.209,68.279,112.81,4.54,86.008
2025-04-01 02:17:48,30.044,69.813,112.965,5.048,86.425
2025-04-01 02:17:49,30.0,68.92,113.146,3.91,86.142
2025-04-01 02:17:50,30.352,68.933,113.654,5.302,85.976
2025-04-01 02:17:51,29.723,67.814,113.4,3.732,86.966
2025-04-01 02:17:52,29.652,68.003,112.175,4.766,87.245
2025-04-01 02:17:53,29.902,68.571,113.203,4.283,87.619
2025-04-01 02:17:54,29.818,68.094,113.047,3.323,85.728
2025-04-01 02:17:55,29.663,67.153,113.492,3.861,87.733
2025-04-01 02:17:56,30.086,68.603,114.848,3.341,88.333
2025-04-01 02:17:57,29.549,67.821,113.789,4.278,86.795
2025-04-01 02:17:58,29.951,68.604,114.417,3.467,87.821
2025-04-01 02:17:59,29.723,68.848,113.4,3.323,87.065
2025-04-01 02:18:00,29.622,69.619,114.782,3.391,86.948
2025-04-01 02:18:01,29.405,68.169,113.935,3.468,88.584
2025-04-01 02:18:02,29.219,68.644,114.358,3.465,88.047
2025-04-01 02:18:03,29.203,67.841,113.8,3.293,87.67
2025-04-01 02:18:04,29.741,67.133,114.227,3.232,88.335
2025-04-01 02:18:05,29.261,67.222,113.969,2.539,87.501
2025-04-01 02:18:06,29.223,66.726,113.598,4.388,87.43
2025-04-01 02:18:07,28.892,65.432,114.129,3.935,89.217
2025-04-01 02:18:08,28.959,66.772,113.204,2.282,89.292
2025-04-01 02:18:09,29.068,67.679,113.279,3.273,89.661
2025-04-01 02:18:10,28.825,66.813,113.033,2.703,88.144
2025-04-01 02:18:11,29.325,66.241,113.003,2.926,88.197
2025-04-01 02:18:12,28.645,66.695,112.266,2.345,87.311
2025-04-01 02:18:13,29.267,68.01,113.69,1.817,88.576
2025-04-01 02:18:14,28.69,68.295,112.931,2.335,87.714
2025-04-01 02:18:15,28.331,66.414,113.492,2.198,87.628
2025-04-01 02:18:16,28.84,65.313,112.67,2.639,89.31
2025-04-01 02:18:17,28.704,66.098,112.633,2.585,86.954
2025-04-01 02:18:18,28.898,68.219,111.899,2.107,90.058
2025-04-01 02:18:19,28.421,65.82,111.286,2.689,88.517
2025-04-01 02:18:20,28.728,67.549,109.967,2.106,87.14
2025-04-01 02:18:21,28.935,66.016,111.945,0.967,89.222
2025-04-01 02:18:22,28.874,66.174,111.562,2.129,89.37
2025-04-01 02:18:23,28.691,65.913,111.834,2.015,89.999
2025-04-01 02:18:24,28.918,66.693,111.131,1.615,90.602
2025-04-01 02:18:25,27.797,67.543,111.662,2.148,87.287
2025-04-01 02:18:26,28.066,66.318,112.435,2.273,88.401
2025-04-01 02:18:27,28.207,65.833,112.291,1.481,88.794
2025-04-01 02:18:28,28.016,66.347,111.382,1.2,89.428
2025-04-01 02:18:29,28.615,64.325,112.618,1.874,87.85
2025-04-01 02:18:30,28.479,65.047,111.871,1.538,88.66
2025-04-01 02:18:31,28.025,66.569,112.14,0.858,89.391
2025-04-01 02:18:32,28.163,64.64,111.848,1.202,89.137
2025-04-01 02:18:33,27.939,65.881,112.657,1.5,87.901
2025-04-01 02:18:34,28.534,65.054,111.901,1.507,89.887
2025-04-01 02:18:35,27.524,64.559,112.811,1.118,88.257
2025-04-01 02:18:36,27.911,64.963,113.865,1.699,88.715
2025-04-01 02:18:37,28.053,65.697,114.528,2.072,88.908
2025-04-01 02:18:38,27.655,65.074,116.239,1.579,90.556
2025-04-01 02:18:39,27.825,64.75,115.581,1.33,89.696
2025-04-01 02:18:40,28.26,65.09,114.176,1.138,88.242
2025-04-01 02:18:41,27.41,63.792,114.96,1.383,89.626
2025-04-01 02:18:42,27.465,64.358,114.985,1.669,89.516
2025-04-01 02:18:43,27.348,64.074,115.26,1.479,88.011
2025-04-01 02:18:44,27.528,64.03,116.444,0.881,90.437
2025-04-01 02:18:45,28.19,64.729,117.129,1.823,89.121
2025-04-01 02:18:46,27.71,63.768,117.736,1.148,90.368
2025-04-01 02:18:47,27.191,64.527,116.258,1.362,89.98
2025-04-01 02:18:48,27.234,63.952,117.306,1.426,88.75
2025-04-01 02:18:49,27.962,63.164,117.601,1.457,90.912
2025-04-01 02:18:50,27.561,62.779,116.864,0.689,89.213
2025-04-01 02:18:51,27.501,62.374,117.586,1.286,88.764
2025-04-01 02:18:52,27.32,62.304,116.478,0.94,89.329
2025-04-01 02:18:53,27.238,62.492,116.512,1.236,88.729
2025-04-01 02:18:54,27.583,63.215,116.37,1.889,89.859
2025-04-01 02:18:55,27.266,63.187,116.304,0.69,89.615
2025-04-01 02:18:56,27.364,63.793,115.878,0.787,90.279
2025-04-01 02:18:57,27.409,62.54,117.821,1.879,88.897
2025-04-01 02:18:58,27.262,61.815,117.465,1.061,89.81
2025-04-01 02:18:59,27.65,64.178,118.336,2.057,91.207
2025-04-01 02:19:00,27.572,61.335,118.68,1.065,89.133
2025-04-01 02:19:01,27.722,61.426,117.887,1.782,89.846
2025-04-01 02:19:02,28.234,62.529,117.213,1.142,87.764
2025-04-01 02:19:03,26.957,62.535,117.324,1.698,89.014
2025-04-01 02:19:04,27.279,62.229,118.653,3.129,89.343
2025-04-01 02:19:05,27.018,62.977,118.042,1.786,87.471
2025-04-01 02:19:06,26.768,63.478,118.238,1.188,87.574
2025-04-01 02:19:07,26.92,64.237,117.973,2.467,89.186
2025-04-01 02:19:08,27.145,62.432,117.438,1.703,88.277
2025-04-01 02:19:09,27.07,61.162,118.096,2.669,88.19
2025-04-01 02:19:10,27.138,62.47,118.346,2.023,88.519
2025-04-01 02:19:11,27.287,62.165,117.367,1.775,88.775
2025-04-01 02:19:12,27.086,61.164,117.02,2.893,88.46
2025-04-01 02:19:13,27.296,61.168,117.856,3.4,89.898
2025-04-01 02:19:14,27.18,60.144,117.298,2.02,87.54
2025-04-01 02:19:15,27.515,60.641,117.354,1.057,87.694
2025-04-01 02:19:16,27.378,59.921,116.675,2.264,88.945
2025-04-01 02:19:17,27.034,62.847,117.43,2.424,88.506
2025-04-01 02:19:18,27.282,60.461,117.493,2.253,89.845
2025-04-01 02:19:19,27.315,59.655,118.074,3.332,88.233
2025-04-01 02:19:20,27.737,62.418,117.099,2.698,87.179
2025-04-01 02:19:21,27.03,62.527,116.9,1.991,88.54
2025-04-01 02:19:22,27.607,62.711,116.33,2.213,87.991
2025-04-01 02:19:23,27.629,59.627,116.974,4.238,87.868
2025-04-01 02:19:24,27.311,61.904,116.912,2.604,88.95
2025-04-01 02:19:25,27.304,60.684,115.837,2.68,87.323
2025-04-01 02:19:26,27.252,62.017,115.67,3.154,87.825
2025-04-01 02:19:27,26.971,60.646,115.967,3.511,87.915
2025-04-01 02:19:28,27.663,61.12,114.806,2.695,89.176
2025-04-01 02:19:29,26.727,61.337,114.481,2.883,86.353
2025-04-01 02:19:30,27.345,60.683,113.563,3.731,88.742
2025-04-01 02:19:31,27.213,61.088,113.814,3.317,86.56
2025-04-01 02:19:32,27.44,59.994,114.596,3.629,88.396
2025-04-01 02:19:33,27.576,62.218,114.12,3.729,88.609
2025-04-01 02:19:34,27.651,59.895,113.173,3.294,88.73
2025-04-01 02:19:35,27.754,60.258,112.691,2.971,87.632
2025-04-01 02:19:36,27.796,61.07,112.007,3.243,86.879
2025-04-01 02:19:37,27.594,62.068,112.449,3.504,87.339
2025-04-01 02:19:38,27.55,61.56,112.302,4.367,87.783
2025-04-01 02:19:39,27.911,61.285,112.22,3.911,87.06
2025-04-01 02:19:40,28.335,60.05,112.281,4.05,86.095
2025-04-01 02:19:41,27.833,59.865,111.988,2.997,84.957
2025-04-01 02:19:42,27.431,61.556,113.137,3.614,85.547
2025-04-01 02:19:43,27.192,59.337,112.489,3.656,87.495
2025-04-01 02:19:44,27.525,60.933,110.896,4.73,87.807
2025-04-01 02:19:45,28.467,61.771,112.04,4.982,85.86
2025-04-01 02:19:46,28.458,61.9,113.079,3.867,85.955
2025-04-01 02:19:47,27.787,60.183,111.682,4.101,86.206
2025-04-01 02:19:48,27.907,61.831,110.556,4.507,85.593
2025-04-01 02:19:49,27.865,60.783,111.53,3.73,85.681
2025-04-01 02:19:50,28.29,59.318,111.977,4.888,86.27
2025-04-01 02:19:51,28.461,61.282,111.498,4.521,86.55
2025-04-01 02:19:52,28.679,60.861,112.964,3.653,85.117
2025-04-01 02:19:53,28.82,62.908,111.899,4.445,87.11
2025-04-01 02:19:54,28.85,60.939,111.356,4.442,88.121
2025-04-01 02:19:55,28.734,62.528,110.906,3.816,86.832
2025-04-01 02:19:56,28.996,60.722,109.953,4.005,85.449
2025-04-01 02:19:57,28.499,61.387,110.036,3.547,87.337
2025-04-01 02:19:58,28.363,62.954,110.606,4.394,86.02
2025-04-01 02:19:59,28.552,60.865,109.184,4.399,85.441
2025-04-01 02:20:00,28.661,60.515,109.904,4.361,84.219
2025-04-01 02:20:01,29.004,61.514,109.387,4.896,84.914
2025-04-01 02:20:02,28.639,61.436,109.024,3.544,83.599
2025-04-01 02:20:03,29.184,62.291,110.107,4.923,86.554
2025-04-01 02:20:04,28.443,63.565,109.559,4.112,86.396
2025-04-01 02:20:05,28.871,62.815,108.394,4.622,86.676
2025-04-01 02:20:06,28.992,62.501,110.537,3.894,87.221
2025-04-01 02:20:07,29.572,63.303,109.834,3.223,87.136
2025-04-01 02:20:08,28.976,62.56,111.595,3.552,86.991
2025-04-01 02:20:09,29.309,60.145,110.844,3.305,84.926
2025-04-01 02:20:10,29.493,63.159,111.086,4.47,84.537
2025-04-01 02:20:11,29.328,63.387,110.116,3.732,84.93
2025-04-01 02:20:12,28.999,62.448,110.195,4.922,86.704
2025-04-01 02:20:13,28.85,62.821,111.463,4.242,84.69
2025-04-01 02:20:14,29.488,62.993,111.548,4.759,84.211
2025-04-01 02:20:15,29.822,61.357,112.72,3.862,85.275
2025-04-01 02:20:16,29.635,63.189,112.91,3.612,85.272
2025-04-01 02:20:17,29.753,63.505,111.848,3.913,85.464
2025-04-01 02:20:18,29.402,62.408,112.42,4.292,86.177
2025-04-01 02:20:19,29.504,62.403,113.391,4.246,85.657
2025-04-01 02:20:20,29.676,63.149,112.331,3.643,85.77
2025-04-01 02:20:21,29.616,63.928,114.274,2.841,85.004
2025-04-01 02:20:22,29.297,61.742,113.434,3.532,86.81
2025-04-01 02:20:23,29.992,62.879,111.94,4.194,84.854
2025-04-01 02:20:24,29.755,65.091,112.79,3.34,88.158
2025-04-01 02:20:25,29.61,63.631,112.431,3.277,88.248
2025-04-01 02:20:26,29.649,65.128,113.835,2.964,85.76
2025-04-01 02:20:27,29.954,63.793,113.079,3.618,88.068
2025-04-01 02:20:28,29.506,64.559,113.599,2.654,86.066
2025-04-01 02:20:29,29.996,63.946,113.621,3.234,86.143
2025-04-01 02:20:30,29.93,64.965,113.426,3.026,86.009
2025-04-01 02:20:31,29.419,63.673,113.829,3.727,87.161
2025-04-01 02:20:32,30.435,64.316,113.301,2.895,85.537
2025-04-01 02:20:33,29.784,64.683,112.978,2.966,86.536
2025-04-01 02:20:34,30.244,64.863,113.521,3.559,85.187
2025-04-01 02:20:35,30.0,64.106,113.856,2.667,86.557
2025-04-01 02:20:36,29.971,65.292,114.056,2.292,86.428
2025-04-01 02:20:37,30.3,66.086,114.611,2.982,88.346
2025-04-01 02:20:38,29.92,65.055,114.522,2.791,85.81
2025-04-01 02:20:39,30.365,64.013,113.482,2.021,86.352
2025-04-01 02:20:40,30.479,64.734,113.116,3.059,86.119
2025-04-01 02:20:41,29.798,64.165,113.935,1.894,85.93
2025-04-01 02:20:42,30.17,64.341,113.508,3.298,87.046
2025-04-01 02:20:43,30.38,65.354,112.772,2.36,86.033
2025-04-01 02:20:44,29.69,64.198,111.523,2.242,89.079
2025-04-01 02:20:45,30.003,65.193,112.417,2.176,86.794
2025-04-01 02:20:46,30.355,66.457,111.173,2.146,88.002
2025-04-01 02:20:47,29.798,64.35,111.424,2.519,86.563
2025-04-01 02:20:48,30.386,66.051,111.204,1.832,88.366
2025-04-01 02:20:49,30.153,66.91,111.506,2.08,88.013
2025-04-01 02:20:50,30.595,65.924,112.33,2.169,85.397
2025-04-01 02:20:51,30.133,66.682,112.331,2.428,87.025
2025-04-01 02:20:52,30.17,67.57,112.397,1.606,86.88
2025-04-01 02:20:53,30.067,66.194,114.479,1.804,86.49
2025-04-01 02:20:54,30.282,65.71,113.043,2.233,88.225
2025-04-01 02:20:55,29.665,67.361,111.94,1.12,84.957
2025-04-01 02:20:56,30.215,67.395,112.625,1.149,87.115
2025-04-01 02:20:57,29.569,66.126,112.681,1.627,86.989
2025-04-01 02:20:58,29.681,67.536,113.118,1.908,86.904
2025-04-01 02:20:59,30.324,66.775,112.133,0.565,89.569
2025-04-01 02:21:00,30.114,64.855,112.702,1.905,88.44
2025-04-01 02:21:01,30.0,65.364,112.565,1.197,88.432
2025-04-01 02:21:02,30.137,67.221,112.508,1.439,87.619
2025-04-01 02:21:03,29.949,67.101,113.641,1.693,88.897
2025-04-01 02:21:04,29.901,67.024,113.627,1.073,88.71
2025-04-01 02:21:05,29.6,66.793,114.311,1.407,87.548
2025-04-01 02:21:06,30.292,67.937,113.623,1.299,89.121
2025-04-01 02:21:07,30.243,68.681,113.97,0.947,89.344
2025-04-01 02:21:08,30.321,68.438,114.046,0.731,87.305
2025-04-01 02:21:09,29.909,68.806,115.013,2.157,89.146
2025-04-01 02:21:10,29.87,69.307,114.629,1.246,86.871
2025-04-01 02:21:11,30.055,66.819,113.289,2.009,87.352
2025-04-01 02:21:12,29.872,67.393,113.519,1.527,89.48
2025-04-01 02:21:13,30.53,67.841,113.984,0.451,88.567
2025-04-01 02:21:14,30.115,67.149,113.919,1.177,88.984
2025-04-01 02:21:15,30.47,68.489,114.611,1.357,86.417
2025-04-01 02:21:16,29.93,67.244,115.241,0.548,88.748
2025-04-01 02:21:17,29.738,67.4,114.393,0.944,89.115
2025-04-01 02:21:18,29.904,68.389,115.639,0.887,91.177
2025-04-01 02:21:19,29.6,68.96,114.058,0.646,90.731
2025-04-01 02:21:20,29.876,69.884,113.281,1.921,88.69
2025-04-01 02:21:21,29.651,68.084,113.611,1.341,88.15
2025-04-01 02:21:22,29.789,67.307,113.957,0.776,90.056
2025-04-01 02:21:23,30.14,68.501,114.819,0.733,88.912
2025-04-01 02:21:24,29.472,69.088,114.8,1.462,87.858
2025-04-01 02:21:25,29.601,69.044,114.385,1.278,89.345
2025-04-01 02:21:26,29.736,67.959,114.429,1.325,88.233
2025-04-01 02:21:27,29.679,68.589,115.295,0.924,90.246
2025-04-01 02:21:28,28.71,68.178,115.05,1.407,89.519
2025-04-01 02:21:29,29.362,67.748,115.556,0.871,89.568
2025-04-01 02:21:30,29.03,69.437,115.269,1.976,88.164
2025-04-01 02:21:31,29.336,70.939,115.258,1.921,89.253
2025-04-01 02:21:32,29.196,68.883,115.749,1.641,89.687
2025-04-01 02:21:33,29.558,70.389,115.613,1.657,89.024
2025-04-01 02:21:34,29.201,69.673,116.695,1.784,89.303
2025-04-01 02:21:35,29.05,68.965,116.14,2.058,89.743
2025-04-01 02:21:36,28.911,68.99,116.009,1.594,88.196
2025-04-01 02:21:37,29.173,69.803,115.882,1.316,89.435
2025-04-01 02:21:38,28.85,69.105,115.255,1.731,89.332
2025-04-01 02:21:39,29.434,67.277,115.511,0.233,89.149
2025-04-01 02:21:40,28.899,70.111,116.097,2.275,89.21
2025-04-01 02:21:41,29.209,69.204,115.198,1.873,90.194
2025-04-01 02:21:42,28.847,69.501,115.671,2.783,89.149
2025-04-01 02:21:43,28.36,68.453,115.38,2.88,89.812
2025-04-01 02:21:44,28.986,68.064,116.265,1.462,90.277
2025-04-01 02:21:45,28.428,69.103,116.685,2.596,88.592
2025-04-01 02:21:46,28.497,68.373,116.029,2.347,88.459
2025-04-01 02:21:47,28.389,68.91,115.744,2.507,89.959
2025-04-01 02:21:48,28.704,68.186,115.286,2.452,88.198
2025-04-01 02:21:49,28.894,69.079,115.436,2.878,89.502
2025-04-01 02:21:50,27.932,68.986,114.787,2.653,90.305
2025-04-01 02:21:51,28.614,68.508,115.737,2.973,89.245
2025-04-01 02:21:52,28.289,69.56,115.615,2.312,90.337
2025-04-01 02:21:53,28.557,69.493,115.15,1.484,88.38
2025-04-01 02:21:54,28.283,67.384,116.29,2.545,90.091
2025-04-01 02:21:55,28.011,67.679,114.453,3.051,90.126
2025-04-01 02:21:56,28.085,68.772,114.887,2.527,89.499
2025-04-01 02:21:57,27.892,68.265,115.589,2.744,89.421
2025-04-01 02:21:58,27.764,68.406,116.167,3.214,89.281
2025-04-01 02:21:59,27.637,67.496,115.914,2.916,88.532
2025-04-01 02:22:00,28.263,69.288,116.085,2.731,88.241
2025-04-01 02:22:01,27.933,68.634,115.699,4.063,89.056
2025-04-01 02:22:02,27.823,67.756,115.405,3.244,88.922
2025-04-01 02:22:03,27.89,68.011,115.388,3.717,89.342
2025-04-01 02:22:04,27.172,68.426,114.841,3.624,89.898
2025-04-01 02:22:05,27.61,67.736,115.482,2.428,89.945
2025-04-01 02:22:06,28.016,68.298,115.865,2.793,88.669
2025-04-01 02:22:07,28.257,66.537,115.997,3.434,89.671
2025-04-01 02:22:08,27.654,66.88,115.49,3.028,87.622
2025-04-01 02:22:09,27.353,66.518,114.783,3.955,89.066
2025-04-01 02:22:10,27.043,67.154,114.498,3.673,88.901
2025-04-01 02:22:11,27.82,68.384,114.457,3.75,90.458
2025-04-01 02:22:12,27.712,67.713,114.575,3.246,88.443
2025-04-01 02:22:13,27.181,67.492,114.272,3.673,88.356
2025-04-01 02:22:14,27.795,67.574,114.464,3.303,86.848
2025-04-01 02:22:15,27.239,67.691,114.231,3.614,90.097
2025-04-01 02:22:16,27.496,65.897,115.473,3.246,88.032
2025-04-01 02:22:17,27.978,67.516,114.885,3.391,89.045
2025-04-01 02:22:18,27.472,66.765,115.167,3.141,86.311
2025-04-01 02:22:19,27.376,66.266,114.742,3.726,87.574
2025-04-01 02:22:20,28.453,66.185,115.259,4.1,88.117
2025-04-01 02:22:21,27.358,65.841,113.826,5.136,86.676
2025-04-01 02:22:22,27.217,67.183,113.568,3.253,88.268
2025-04-01 02:22:23,27.43,66.277,114.161,4.322,85.439
2025-04-01 02:22:24,27.352,64.822,113.617,4.522,87.763
2025-04-01 02:22:25,26.917,67.048,114.622,3.503,87.594
2025-04-01 02:22:26,27.586,66.044,113.462,3.677,87.8
2025-04-01 02:22:27,27.22,66.21,114.369,5.403,87.738
2025-04-01 02:22:28,27.31,67.153,115.327,3.933,87.78
2025-04-01 02:22:29,27.411,66.331,113.684,4.024,86.938
2025-04-01 02:22:30,27.36,66.493,113.583,3.679,88.688
2025-04-01 02:22:31,27.716,65.731,112.778,3.911,87.348
2025-04-01 02:22:32,26.845,65.479,113.336,4.661,88.097
2025-04-01 02:22:33,28.081,66.161,113.556,4.845,86.431
2025-04-01 02:22:34,27.281,65.898,114.091,4.06,89.048
2025-04-01 02:22:35,27.759,66.063,113.397,3.523,88.062
2025-04-01 02:22:36,27.662,64.649,113.77,4.712,87.988
2025-04-01 02:22:37,27.895,64.689,113.991,5.046,87.028
2025-04-01 02:22:38,27.945,65.36,114.847,3.916,87.699
2025-04-01 02:22:39,27.121,64.795,115.555,3.487,90.034
2025-04-01 02:22:40,27.762,64.021,116.5,4.412,87.429
2025-04-01 02:22:41,26.958,65.365,116.289,3.355,88.357
2025-04-01 02:22:42,27.258,64.506,116.102,4.29,86.112
2025-04-01 02:22:43,27.431,64.086,117.646,5.167,85.514
2025-04-01 02:22:44,27.417,63.361,117.817,3.593,86.865
2025-04-01 02:22:45,27.343,65.588,117.956,3.879,88.768
2025-04-01 02:22:46,27.305,64.056,117.544,4.002,86.047
2025-04-01 02:22:47,27.112,65.249,116.688,2.767,87.686
2025-04-01 02:22:48,27.324,63.848,117.166,3.459,84.901
2025-04-01 02:22:49,27.43,64.841,117.331,3.876,86.861
2025-04-01 02:22:50,27.902,65.322,118.407,4.581,86.749
2025-04-01 02:22:51,27.544,64.431,118.637,2.862,86.578
2025-04-01 02:22:52,28.137,65.923,118.955,3.337,87.014
2025-04-01 02:22:53,28.282,64.473,118.776,4.116,85.485
2025-04-01 02:22:54,27.921,63.687,119.78,3.969,87.314
2025-04-01 02:22:55,27.608,64.43,118.938,2.688,87.591
2025-04-01 02:22:56,28.087,63.155,120.28,4.115,84.57
2025-04-01 02:22:57,27.61,63.852,119.496,3.198,86.872
2025-04-01 02:22:58,28.326,61.644,120.002,2.175,87.199
2025-04-01 02:22:59,28.142,63.869,121.58,4.754,88.057
2025-04-01 02:23:00,28.334,62.281,122.189,3.095,86.944
2025-04-01 02:23:01,28.567,62.663,122.321,3.847,85.184
2025-04-01 02:23:02,28.237,62.615,121.221,2.627,83.666
2025-04-01 02:23:03,28.196,62.6,121.537,2.578,87.091
2025-04-01 02:23:04,28.298,63.018,122.627,2.678,86.541
2025-04-01 02:23:05,28.362,63.762,123.483,2.71,86.231
2025-04-01 02:23:06,27.89,61.45,123.076,2.932,85.623
2025-04-01 02:23:07,28.616,61.042,122.699,2.762,87.26
2025-04-01 02:23:08,28.39,62.124,123.288,2.483,86.252
2025-04-01 02:23:09,28.408,63.922,123.018,1.504,86.536
2025-04-01 02:23:10,28.355,61.562,122.621,2.023,86.959
2025-04-01 02:23:11,27.918,61.567,121.568,2.695,87.341
2025-04-01 02:23:12,28.298,62.322,122.508,1.992,88.089
2025-04-01 02:23:13,28.801,61.626,122.547,1.993,85.014
2025-04-01 02:23:14,28.24,61.668,121.72,1.764,87.621
2025-04-01 02:23:15,28.801,63.598,120.968,2.262,85.772
2025-04-01 02:23:16,28.416,61.732,119.394,2.587,86.152
2025-04-01 02:23:17,28.49,61.21,120.046,1.54,85.964
2025-04-01 02:23:18,29.277,61.719,119.684,2.785,87.353
2025-04-01 02:23:19,28.769,59.785,118.977,2.035,86.513
2025-04-01 02:23:20,28.299,60.802,119.535,2.531,83.744
2025-04-01 02:23:21,29.26,62.31,119.936,2.041,85.324
2025-04-01 02:23:22,29.454,62.261,120.083,1.216,85.338
2025-04-01 02:23:23,29.56,63.029,120.033,1.681,87.047
2025-04-01 02:23:24,29.357,59.926,119.562,2.393,85.14
2025-04-01 02:23:25,29.007,61.451,119.412,1.748,85.884
2025-04-01 02:23:26,29.61,61.136,119.468,1.641,86.458
2025-04-01 02:23:27,29.507,59.351,118.789,0.92,86.706
2025-04-01 02:23:28,29.1,60.787,118.633,1.22,85.39
2025-04-01 02:23:29,29.859,62.362,118.827,0.764,87.756
2025-04-01 02:23:30,29.82,60.87,117.053,1.452,87.316
2025-04-01 02:23:31,29.883,61.316,117.275,1.64,86.574
2025-04-01 02:23:32,29.152,61.371,117.511,2.153,85.662
2025-04-01 02:23:33,29.207,61.433,117.956,0.859,85.189
2025-04-01 02:23:34,29.592,60.477,117.745,1.707,86.005
2025-04-01 02:23:35,29.328,61.086,117.854,1.372,87.024
2025-04-01 02:23:36,30.226,62.029,118.895,0.386,87.058
2025-04-01 02:23:37,30.145,62.248,117.357,1.801,86.76
2025-04-01 02:23:38,29.212,59.962,118.103,1.457,86.831
2025-04-01 02:23:39,30.068,60.329,117.861,0.365,84.982
2025-04-01 02:23:40,29.434,61.752,116.515,1.399,85.655
2025-04-01 02:23:41,29.918,58.711,116.642,1.469,86.063
2025-04-01 02:23:42,30.035,62.003,117.543,0.463,88.109
2025-04-01 02:23:43,29.756,60.603,116.516,0.727,87.518
2025-04-01 02:23:44,29.877,60.316,116.624,0.182,85.422
2025-04-01 02:23:45,29.645,60.899,117.211,0.929,89.095
2025-04-01 02:23:46,29.578,61.135,117.146,0.41,85.58
2025-04-01 02:23:47,29.983,60.569,116.258,1.155,87.979
2025-04-01 02:23:48,29.827,60.768,116.166,0.625,87.333
2025-04-01 02:23:49,30.144,61.304,116.184,2.248,85.926
2025-04-01 02:23:50,29.888,61.382,115.607,0.282,88.033
2025-04-01 02:23:51,30.25,60.853,115.315,1.596,87.796
2025-04-01 02:23:52,30.385,59.739,116.208,1.42,87.796
2025-04-01 02:23:53,30.515,61.147,116.657,2.067,87.41
2025-04-01 02:23:54,30.61,60.969,117.104,1.183,88.258
2025-04-01 02:23:55,29.497,61.493,116.552,-0.44,88.217
2025-04-01 02:23:56,29.905,60.913,117.199,1.089,87.249
2025-04-01 02:23:57,30.949,60.515,116.446,0.874,88.061
2025-04-01 02:23:58,30.787,59.777,116.958,1.286,89.425
2025-04-01 02:23:59,30.21,60.968,115.92,1.307,88.079
2025-04-01 02:24:00,30.809,61.937,115.546,1.64,87.545
2025-04-01 02:24:01,30.472,60.236,116.047,1.63,86.134
2025-04-01 02:24:02,30.141,62.23,116.621,1.655,86.147
2025-04-01 02:24:03,30.147,62.961,115.731,1.112,88.943
2025-04-01 02:24:04,30.211,61.651,117.369,1.227,87.776
2025-04-01 02:24:05,30.72,60.982,117.188,1.593,87.358
2025-04-01 02:24:06,30.391,59.631,116.673,1.5,87.416
2025-04-01 02:24:07,30.453,61.209,116.625,1.543,89.672
2025-04-01 02:24:08,30.456,61.964,116.46,1.394,87.24
2025-04-01 02:24:09,30.451,60.913,114.604,1.527,88.556
2025-04-01 02:24:10,30.614,60.506,116.116,2.521,87.596
2025-04-01 02:24:11,30.714,63.26,116.838,1.994,88.363
2025-04-01 02:24:12,30.476,61.949,116.479,2.322,88.901
2025-04-01 02:24:13,30.374,62.421,115.899,2.491,89.34
2025-04-01 02:24:14,30.363,62.732,115.587,1.72,91.015
2025-04-01 02:24:15,30.227,61.767,116.056,1.637,88.562
2025-04-01 02:24:16,30.609,61.099,114.829,2.15,89.196
2025-04-01 02:24:17,30.155,62.416,115.989,1.622,91.116
2025-04-01 02:24:18,30.06,62.621,116.556,2.059,88.681
2025-04-01 02:24:19,30.513,60.828,116.758,1.913,90.893
2025-04-01 02:24:20,30.539,61.901,117.507,2.277,88.33
2025-04-01 02:24:21,30.299,63.378,116.857,2.547,87.812
2025-04-01 02:24:22,29.971,60.996,116.845,2.766,88.155
2025-04-01 02:24:23,30.862,63.155,115.923,3.019,91.068
2025-04-01 02:24:24,30.191,61.932,115.488,3.035,88.327
2025-04-01 02:24:25,30.474,61.556,115.984,2.911,90.861
2025-04-01 02:24:26,30.42,61.954,114.414,3.313,90.011
2025-04-01 02:24:27,29.812,61.59,114.236,2.159,90.978
2025-04-01 02:24:28,30.253,62.149,114.848,2.177,92.116
2025-04-01 02:24:29,30.171,62.925,114.992,2.94,87.626
2025-04-01 02:24:30,30.147,63.792,114.782,3.527,89.344
2025-04-01 02:24:31,30.299,63.51,115.389,3.966,91.519
2025-04-01 02:24:32,30.311,62.381,115.471,3.672,88.639
2025-04-01 02:24:33,30.34,64.528,115.794,3.321,88.28
2025-04-01 02:24:34,30.202,63.782,114.621,2.224,89.873
2025-04-01 02:24:35,30.193,63.62,114.724,3.777,87.939
2025-04-01 02:24:36,29.879,65.15,113.774,2.845,89.386
2025-04-01 02:24:37,30.222,65.173,113.264,3.246,89.718
2025-04-01 02:24:38,29.73,63.682,114.102,3.823,89.052
2025-04-01 02:24:39,29.74,64.099,114.225,3.784,89.795
2025-04-01 02:24:40,29.587,63.244,113.909,2.677,89.837
2025-04-01 02:24:41,29.594,64.085,113.13,4.422,91.409
2025-04-01 02:24:42,29.444,62.796,113.402,3.604,90.755
2025-04-01 02:24:43,29.483,63.332,114.011,3.475,90.846
2025-04-01 02:24:44,29.939,63.783,114.777,3.471,90.67
2025-04-01 02:24:45,29.945,63.015,114.665,2.686,90.316
2025-04-01 02:24:46,29.576,64.049,114.613,4.085,89.025
2025-04-01 02:24:47,28.514,63.909,113.249,3.855,89.534
2025-04-01 02:24:48,29.595,65.082,112.723,4.148,85.868
2025-04-01 02:24:49,29.554,65.938,113.405,4.313,86.996
2025-04-01 02:24:50,29.535,65.473,113.174,3.928,87.656
2025-04-01 02:24:51,29.253,65.351,112.662,3.483,88.831
2025-04-01 02:24:52,29.294,65.115,112.35,3.989,90.291
2025-04-01 02:24:53,29.309,66.564,111.848,4.524,89.787
2025-04-01 02:24:54,29.204,66.284,111.315,3.977,90.944
2025-04-01 02:24:55,28.916,66.86,111.068,4.414,90.553
2025-04-01 02:24:56,29.342,66.473,111.143,3.545,89.25
2025-04-01 02:24:57,29.196,65.541,110.784,4.344,88.958
2025-04-01 02:24:58,28.856,65.119,110.683,3.783,89.54
2025-04-01 02:24:59,29.592,67.18,110.433,3.842,89.606
2025-04-01 02:25:00,29.494,68.152,110.373,3.468,89.066
2025-04-01 02:25:01,29.053,65.157,110.123,3.861,89.226
2025-04-01 02:25:02,29.151,65.0,110.673,4.281,90.03
2025-04-01 02:25:03,28.636,66.063,110.869,4.457,90.342
2025-04-01 02:25:04,28.684,66.619,110.698,4.22,89.981
2025-04-01 02:25:05,28.469,66.363,111.259,3.6,90.422
2025-04-01 02:25:06,29.013,66.357,111.451,4.435,89.502
2025-04-01 02:25:07,29.0,67.712,111.364,4.051,89.499
2025-04-01 02:25:08,28.862,66.684,110.56,3.947,86.589
2025-04-01 02:25:09,27.841,66.644,110.277,4.278,88.479
2025-04-01 02:25:10,28.67,67.527,111.204,3.712,90.727
2025-04-01 02:25:11,28.714,66.501,111.098,4.415,90.482
2025-04-01 02:25:12,28.509,65.974,111.282,4.077,89.68
2025-04-01 02:25:13,28.461,67.034,112.045,3.901,89.124
2025-04-01 02:25:14,28.712,68.345,112.027,4.935,89.175
2025-04-01 02:25:15,28.311,67.28,113.081,4.043,90.343
2025-04-01 02:25:16,27.912,66.48,112.516,3.531,89.959
2025-04-01 02:25:17,28.479,69.439,113.413,3.973,89.209
2025-04-01 02:25:18,28.185,68.305,113.33,3.365,88.549
2025-04-01 02:25:19,27.603,66.874,113.047,3.391,90.127
2025-04-01 02:25:20,28.564,68.009,112.688,3.326,89.811
2025-04-01 02:25:21,28.038,67.651,113.453,3.103,86.231
2025-04-01 02:25:22,28.344,67.501,112.828,3.555,89.947
2025-04-01 02:25:23,27.375,69.03,111.786,3.78,90.288
2025-04-01 02:25:24,28.278,68.011,112.379,3.366,89.185
2025-04-01 02:25:25,27.463,68.347,112.113,2.591,90.055
2025-04-01 02:25:26,28.027,66.851,112.604,2.661,87.824
2025-04-01 02:25:27,27.798,68.661,113.444,4.241,87.311
2025-04-01 02:25:28,27.624,67.596,113.522,1.849,88.996
2025-04-01 02:25:29,27.51,67.84,113.51,3.217,88.694
2025-04-01 02:25:30,28.328,69.186,114.411,2.805,87.564
2025-04-01 02:25:31,27.999,67.686,113.036,3.851,89.549
2025-04-01 02:25:32,27.888,68.03,114.23,2.825,88.593
2025-04-01 02:25:33,27.957,68.779,114.318,3.326,88.489
2025-04-01 02:25:34,27.958,67.957,114.94,1.601,88.119
2025-04-01 02:25:35,27.747,68.129,113.9,2.859,88.032
2025-04-01 02:25:36,27.591,69.102,115.393,2.462,87.195
2025-04-01 02:25:37,27.759,68.41,115.194,2.386,88.249
2025-04-01 02:25:38,27.468,67.155,114.806,2.869,88.209
2025-04-01 02:25:39,27.635,70.003,115.617,2.409,87.723
2025-04-01 02:25:40,27.672,69.318,113.659,3.221,87.404
2025-04-01 02:25:41,27.679,69.148,113.462,1.651,84.367
2025-04-01 02:25:42,28.086,69.665,114.021,1.702,85.89
2025-04-01 02:25:43,27.859,69.846,114.92,1.722,88.195
2025-04-01 02:25:44,27.824,69.633,114.155,3.174,88.631
2025-04-01 02:25:45,27.325,69.088,114.08,1.558,86.574
2025-04-01 02:25:46,27.725,69.221,114.073,1.491,87.12
2025-04-01 02:25:47,27.41,69.14,114.19,1.215,86.283
2025-04-01 02:25:48,27.369,67.555,113.441,2.408,87.808
2025-04-01 02:25:49,27.416,70.4,113.665,2.058,87.849
2025-04-01 02:25:50,27.742,68.178,114.118,1.467,86.989
2025-04-01 02:25:51,27.205,68.166,113.43,1.771,87.347
2025-04-01 02:25:52,27.48,68.121,113.702,2.092,86.327
2025-04-01 02:25:53,27.794,67.798,112.473,1.531,86.282
2025-04-01 02:25:54,27.43,67.104,112.852,1.98,88.017
2025-04-01 02:25:55,27.688,69.115,114.231,1.266,84.596
2025-04-01 02:25:56,27.158,68.465,114.312,2.028,86.133
2025-04-01 02:25:57,27.223,67.792,113.116,0.772,87.019
2025-04-01 02:25:58,27.39,68.369,113.102,0.784,86.647
2025-04-01 02:25:59,27.37,68.991,113.249,1.284,87.431
2025-04-01 02:26:00,27.535,67.701,113.238,0.767,87.051
2025-04-01 02:26:01,27.562,68.483,113.792,1.011,86.616
2025-04-01 02:26:02,27.541,68.621,112.393,1.792,85.598
2025-04-01 02:26:03,27.018,68.575,111.875,0.976,86.792
2025-04-01 02:26:04,27.679,68.728,112.174,1.368,88.058
2025-04-01 02:26:05,27.435,68.762,112.769,1.196,87.225
2025-04-01 02:26:06,28.297,67.836,113.247,0.954,88.481
2025-04-01 02:26:07,27.346,68.477,113.232,0.52,86.792
2025-04-01 02:26:08,27.416,67.531,113.599,1.089,86.02
2025-04-01 02:26:09,27.46,67.16,112.119,1.218,87.191
2025-04-01 02:26:10,27.725,68.482,112.891,1.182,85.176
2025-04-01 02:26:11,27.875,67.611,112.663,1.199,87.386
2025-04-01 02:26:12,28.406,68.746,112.928,0.259,85.547
2025-04-01 02:26:13,28.562,67.848,112.66,1.095,87.283
2025-04-01 02:26:14,28.019,69.895,111.804,1.205,85.554
2025-04-01 02:26:15,28.007,66.563,112.545,0.921,86.46
2025-04-01 02:26:16,27.663,66.205,112.235,-0.176,88.008
2025-04-01 02:26:17,27.761,67.85,112.202,1.147,87.532
2025-04-01 02:26:18,28.092,67.69,112.812,1.733,85.533
2025-04-01 02:26:19,27.984,69.501,111.275,0.465,84.387
2025-04-01 02:26:20,27.84,67.109,111.524,1.438,87.78
2025-04-01 02:26:21,28.242,68.132,113.339,1.204,88.427
2025-04-01 02:26:22,28.383,68.1,112.635,0.735,85.68
2025-04-01 02:26:23,28.51,66.27,113.759,0.98,86.651
2025-04-01 02:26:24,28.64,67.115,112.887,0.791,87.95
2025-04-01 02:26:25,28.053,67.957,114.084,1.291,87.468
2025-04-01 02:26:26,28.504,67.932,113.812,0.692,86.492
2025-04-01 02:26:27,28.435,68.103,114.488,0.892,86.395
2025-04-01 02:26:28,28.39,67.443,113.781,0.873,83.946
2025-04-01 02:26:29,28.239,66.584,113.859,1.499,85.027
2025-04-01 02:26:30,28.379,66.555,113.82,1.205,86.822
2025-04-01 02:26:31,29.085,66.652,114.46,1.079,87.151
2025-04-01 02:26:32,28.487,66.855,115.541,1.179,86.968
2025-04-01 02:26:33,29.113,65.857,115.266,0.667,85.609
2025-04-01 02:26:34,28.725,66.969,115.246,0.059,88.39
2025-04-01 02:26:35,28.634,66.813,114.705,1.433,87.916
2025-04-01 02:26:36,28.987,67.347,115.335,0.913,87.781
2025-04-01 02:26:37,28.487,67.517,115.531,1.468,89.512
2025-04-01 02:26:38,28.872,65.718,115.91,1.529,85.751
2025-04-01 02:26:39,28.972,66.805,115.649,0.898,87.006
2025-04-01 02:26:40,29.18,66.078,115.659,1.735,85.601
2025-04-01 02:26:41,29.036,64.887,115.893,1.723,87.604
2025-04-01 02:26:42,29.102,67.043,117.963,2.185,87.709
2025-04-01 02:26:43,28.776,65.024,117.284,1.037,88.319
2025-04-01 02:26:44,29.237,65.188,118.249,1.529,87.656
2025-04-01 02:26:45,29.161,64.799,119.159,2.077,88.223
2025-04-01 02:26:46,29.332,64.847,116.976,2.963,87.019
2025-04-01 02:26:47,29.021,65.577,119.183,2.314,85.834
2025-04-01 02:26:48,29.298,65.894,119.14,2.422,88.282
2025-04-01 02:26:49,29.306,63.536,119.034,2.357,87.736
2025-04-01 02:26:50,29.513,64.852,118.853,2.512,88.537
2025-04-01 02:26:51,29.579,65.024,118.725,2.383,87.873
2025-04-01 02:26:52,29.551,65.481,119.071,1.796,88.274
2025-04-01 02:26:53,29.235,64.151,117.818,2.008,88.29
2025-04-01 02:26:54,29.787,64.467,116.95,2.929,88.811
2025-04-01 02:26:55,29.899,65.185,116.88,2.173,88.108
2025-04-01 02:26:56,29.466,63.733,117.049,1.968,88.104
2025-04-01 02:26:57,29.637,64.421,116.499,2.405,87.797
2025-04-01 02:26:58,30.109,64.116,117.265,2.629,88.651
2025-04-01 02:26:59,29.878,63.644,117.249,2.399,85.427
2025-04-01 02:27:00,30.471,64.301,117.749,2.653,87.349
2025-04-01 02:27:01,30.057,65.289,118.228,2.735,87.806
2025-04-01 02:27:02,29.954,63.094,119.271,2.348,87.325
2025-04-01 02:27:03,30.289,63.269,118.041,3.084,89.238
2025-04-01 02:27:04,30.009,64.56,117.463,3.733,87.322
2025-04-01 02:27:05,30.038,64.175,117.581,3.171,89.767
2025-04-01 02:27:06,29.681,63.041,116.604,3.296,88.775
2025-04-01 02:27:07,30.358,60.951,117.322,2.799,88.405
2025-04-01 02:27:08,30.191,62.356,117.124,3.619,88.9
2025-04-01 02:27:09,30.349,63.486,118.127,3.234,89.53
2025-04-01 02:27:10,30.517,63.359,116.603,3.602,88.261
2025-04-01 02:27:11,30.961,62.841,116.654,2.605,88.361
2025-04-01 02:27:12,30.757,62.203,115.669,4.272,88.406
2025-04-01 02:27:13,30.357,60.557,114.916,3.233,90.139
2025-04-01 02:27:14,30.275,61.946,114.68,3.301,88.933
2025-04-01 02:27:15,30.488,62.196,115.104,4.055,89.434
2025-04-01 02:27:16,30.139,63.495,114.105,3.606,88.598
2025-04-01 02:27:17,30.504,61.731,113.012,3.263,88.819
2025-04-01 02:27:18,30.58,61.394,112.979,3.138,89.515
2025-04-01 02:27:19,30.559,62.754,113.02,3.142,88.792
2025-04-01 02:27:20,30.738,63.094,113.484,3.068,89.55
2025-04-01 02:27:21,30.629,61.351,112.919,3.764,89.589
2025-04-01 02:27:22,30.954,62.38,112.803,4.52,88.671
2025-04-01 02:27:23,31.127,61.023,112.696,3.384,89.388
2025-04-01 02:27:24,30.571,62.52,110.953,4.245,89.793
2025-04-01 02:27:25,30.129,61.499,111.724,4.175,89.664
2025-04-01 02:27:26,30.394,61.821,111.192,4.208,89.046
2025-04-01 02:27:27,30.407,63.027,111.497,3.322,87.979
2025-04-01 02:27:28,30.309,61.756,111.658,4.549,90.968
2025-04-01 02:27:29,30.732,62.828,111.524,3.666,88.89
2025-04-01 02:27:30,30.383,59.786,110.672,3.642,89.2
2025-04-01 02:27:31,30.437,61.532,110.49,4.175,89.815
2025-04-01 02:27:32,30.685,61.057,110.297,4.286,88.663
2025-04-01 02:27:33,30.646,61.384,109.088,4.363,89.6
2025-04-01 02:27:34,30.581,61.817,110.039,3.898,89.379
2025-04-01 02:27:35,30.631,60.757,109.334,4.314,90.243
2025-04-01 02:27:36,30.349,60.983,108.965,3.726,90.9
2025-04-01 02:27:37,30.789,61.596,109.222,4.314,89.364
2025-04-01 02:27:38,30.307,60.965,109.625,3.944,90.071
2025-04-01 02:27:39,30.682,60.255,108.562,3.106,90.013
2025-04-01 02:27:40,30.08,61.322,108.281,3.724,89.438
2025-04-01 02:27:41,30.489,59.846,109.05,3.948,88.173
2025-04-01 02:27:42,30.784,60.497,108.908,3.437,90.324
2025-04-01 02:27:43,30.76,61.369,109.491,3.257,89.742
2025-04-01 02:27:44,30.182,61.624,109.378,4.067,90.068
2025-04-01 02:27:45,30.447,59.798,109.568,3.964,89.536
2025-04-01 02:27:46,30.611,60.003,109.724,3.984,89.629
2025-04-01 02:27:47,30.253,59.832,109.051,3.092,91.524
2025-04-01 02:27:48,30.057,60.35,110.213,3.952,89.898
2025-04-01 02:27:49,30.021,58.715,109.996,2.77,89.901
2025-04-01 02:27:50,30.496,59.757,110.899,2.912,89.714
2025-04-01 02:27:51,30.745,61.433,110.278,2.513,89.82
2025-04-01 02:27:52,30.719,60.048,111.543,3.17,90.62
2025-04-01 02:27:53,30.329,61.757,110.89,3.181,89.188
2025-04-01 02:27:54,30.257,60.316,112.18,2.878,89.832
2025-04-01 02:27:55,29.857,60.261,111.517,3.155,89.885
2025-04-01 02:27:56,29.827,61.377,111.738,2.61,90.002
2025-04-01 02:27:57,30.277,61.077,112.298,3.505,88.508
2025-04-01 02:27:58,30.077,60.376,113.091,2.883,88.535
2025-04-01 02:27:59,29.857,61.49,111.915,2.384,89.206
2025-04-01 02:28:00,29.535,61.099,112.247,1.673,90.222
2025-04-01 02:28:01,30.548,60.48,113.903,3.369,89.009
2025-04-01 02:28:02,29.851,60.961,113.864,2.95,88.581
2025-04-01 02:28:03,29.758,61.508,114.361,3.036,90.498
2025-04-01 02:28:04,30.009,60.831,114.201,2.608,88.986
2025-04-01 02:28:05,29.797,60.073,113.748,2.716,88.256
2025-04-01 02:28:06,29.482,61.508,114.231,2.143,88.858
2025-04-01 02:28:07,29.941,60.891,114.578,2.919,88.844
2025-04-01 02:28:08,28.706,61.911,114.116,1.729,89.735
2025-04-01 02:28:09,29.694,61.553,115.529,2.623,90.775
2025-04-01 02:28:10,29.765,61.627,115.218,1.691,89.136
2025-04-01 02:28:11,29.982,60.123,115.476,2.283,88.168
2025-04-01 02:28:12,29.507,61.096,115.907,1.717,89.139
2025-04-01 02:28:13,29.025,60.512,116.637,1.968,89.537
2025-04-01 02:28:14,29.242,60.225,115.861,1.485,89.943
2025-04-01 02:28:15,29.593,60.584,115.258,2.957,89.025
2025-04-01 02:28:16,29.413,61.163,114.863,2.263,89.33
2025-04-01 02:28:17,29.548,62.121,115.568,1.038,88.379
2025-04-01 02:28:18,29.383,61.283,114.188,1.374,88.866
2025-04-01 02:28:19,29.226,62.807,115.376,1.536,88.725
2025-04-01 02:28:20,29.3,61.477,115.449,1.806,89.121
2025-04-01 02:28:21,29.272,62.032,114.476,1.07,90.408
2025-04-01 02:28:22,28.776,62.756,113.772,1.422,87.234
2025-04-01 02:28:23,29.215,62.708,113.792,1.357,87.01
2025-04-01 02:28:24,28.747,60.965,113.395,2.048,89.598
2025-04-01 02:28:25,29.201,61.501,113.407,1.754,88.931
2025-04-01 02:28:26,28.226,61.398,113.757,0.651,88.097
2025-04-01 02:28:27,28.583,63.134,114.463,1.033,89.057
2025-04-01 02:28:28,28.951,63.449,113.317,0.365,89.214
2025-04-01 02:28:29,28.853,62.103,113.071,0.761,88.785
2025-04-01 02:28:30,28.493,61.581,113.461,1.312,85.981
2025-04-01 02:28:31,29.148,62.448,113.381,0.946,87.802
2025-04-01 02:28:32,28.843,63.327,113.135,1.601,89.334
2025-04-01 02:28:33,28.999,62.344,112.98,0.548,88.084
2025-04-01 02:28:34,28.807,63.168,112.509,0.361,87.342
2025-04-01 02:28:35,28.758,63.053,112.954,0.938,89.862
2025-04-01 02:28:36,28.577,63.616,113.878,0.638,88.643
2025-04-01 02:28:37,28.051,62.028,114.934,0.328,88.771
2025-04-01 02:28:38,28.373,62.804,116.617,1.341,90.715
2025-04-01 02:28:39,28.374,63.142,115.922,0.85,86.92
2025-04-01 02:28:40,28.663,62.776,115.988,0.991,88.15
2025-04-01 02:28:41,28.695,62.892,116.213,0.374,90.568
2025-04-01 02:28:42,27.802,64.79,115.743,2.191,88.68
2025-04-01 02:28:43,28.399,61.619,116.328,0.62,88.434
2025-04-01 02:28:44,28.312,63.278,116.86,1.033,87.694
2025-04-01 02:28:45,28.265,63.976,117.687,-0.114,87.154
2025-04-01 02:28:46,28.154,63.603,116.523,0.866,86.854
2025-04-01 02:28:47,27.851,62.623,115.801,0.757,87.79
2025-04-01 02:28:48,28.29,64.467,116.177,0.468,87.314
2025-04-01 02:28:49,27.615,64.081,116.926,0.303,87.27
2025-04-01 02:28:50,27.936,64.68,115.993,1.571,87.944
2025-04-01 02:28:51,28.057,63.708,114.403,0.252,84.202
2025-04-01 02:28:52,27.337,65.336,113.853,1.337,87.246
2025-04-01 02:28:53,28.648,63.478,114.702,0.561,87.041
2025-04-01 02:28:54,27.233,65.039,115.564,1.05,87.692
2025-04-01 02:28:55,27.94,66.457,116.977,1.562,88.096
2025-04-01 02:28:56,27.884,65.547,116.4,1.334,87.656
2025-04-01 02:28:57,28.212,65.193,116.637,0.388,88.874
2025-04-01 02:28:58,28.161,65.084,116.411,0.775,88.07
2025-04-01 02:28:59,27.294,64.944,117.975,1.802,87.649
2025-04-01 02:29:00,27.76,64.219,116.907,0.36,86.956
2025-04-01 02:29:01,27.9,64.991,118.266,0.673,86.136
2025-04-01 02:29:02,28.122,65.121,117.51,0.473,85.178
2025-04-01 02:29:03,27.382,65.938,117.017,1.249,87.44
2025-04-01 02:29:04,27.879,65.786,117.876,0.87,87.168
2025-04-01 02:29:05,27.948,65.956,116.811,1.663,85.863
2025-04-01 02:29:06,27.693,65.961,117.715,1.54,87.327
2025-04-01 02:29:07,27.776,64.831,118.325,1.117,86.909
2025-04-01 02:29:08,27.647,66.502,117.144,0.58,86.501
2025-04-01 02:29:09,27.456,65.775,118.525,1.333,87.257
2025-04-01 02:29:10,27.44,66.309,120.265,1.026,86.229
2025-04-01 02:29:11,27.623,65.247,120.033,1.331,87.866
2025-04-01 02:29:12,27.251,66.697,119.545,1.511,88.519
2025-04-01 02:29:13,27.469,65.715,118.651,0.894,85.266
2025-04-01 02:29:14,27.807,67.748,119.547,1.812,84.629
2025-04-01 02:29:15,27.339,67.106,119.353,1.102,84.671
2025-04-01 02:29:16,27.573,64.571,119.63,2.518,87.172
2025-04-01 02:29:17,28.126,67.435,119.142,0.754,85.516
2025-04-01 02:29:18,27.604,65.922,119.697,1.218,88.508
2025-04-01 02:29:19,27.639,66.419,120.093,2.146,87.229
2025-04-01 02:29:20,27.666,65.707,120.754,2.15,87.563
2025-04-01 02:29:21,27.698,64.96,120.616,2.874,87.378
2025-04-01 02:29:22,27.926,66.936,120.743,2.871,86.693
2025-04-01 02:29:23,27.529,67.344,121.902,2.474,85.084
2025-04-01 02:29:24,28.076,66.778,121.639,2.887,85.973
2025-04-01 02:29:25,27.943,65.973,121.173,1.414,85.583
2025-04-01 02:29:26,27.943,67.886,120.973,2.838,86.993
2025-04-01 02:29:27,27.894,67.326,121.382,2.365,88.382
2025-04-01 02:29:28,28.355,68.125,120.988,2.444,87.283
2025-04-01 02:29:29,28.131,67.654,120.676,2.332,87.757
2025-04-01 02:29:30,28.148,69.177,121.495,3.6,87.229
2025-04-01 02:29:31,27.836,67.607,121.383,2.84,88.122
2025-04-01 02:29:32,28.391,67.909,122.332,3.724,87.317
2025-04-01 02:29:33,28.671,67.376,123.354,3.103,86.576
2025-04-01 02:29:34,27.987,66.207,122.187,2.848,86.222
2025-04-01 02:29:35,27.826,67.911,123.314,3.473,87.938
2025-04-01 02:29:36,28.53,66.829,124.172,3.775,88.218
2025-04-01 02:29:37,28.273,67.442,123.32,3.62,87.642
2025-04-01 02:29:38,28.359,67.191,121.169,3.622,86.371
2025-04-01 02:29:39,28.39,68.701,122.125,3.092,88.099
2025-04-01 02:29:40,28.835,68.213,121.393,2.59,87.677
2025-04-01 02:29:41,28.771,68.944,120.345,2.996,87.561
2025-04-01 02:29:42,29.391,68.93,120.745,2.629,87.353
2025-04-01 02:29:43,28.484,68.068,119.663,3.31,88.605
2025-04-01 02:29:44,28.862,69.233,119.436,3.313,88.44
2025-04-01 02:29:45,28.54,68.015,118.308,3.802,85.748
2025-04-01 02:29:46,28.54,67.456,119.03,3.801,89.764
2025-04-01 02:29:47,28.795,69.25,119.148,3.974,86.528
2025-04-01 02:29:48,28.575,68.765,118.718,3.731,87.261
2025-04-01 02:29:49,28.742,69.433,119.36,2.924,89.351
2025-04-01 02:29:50,29.247,67.693,119.484,3.961,88.595
2025-04-01 02:29:51,28.442,67.795,119.331,2.678,88.792
2025-04-01 02:29:52,29.043,68.17,119.667,3.766,88.433
2025-04-01 02:29:53,28.726,67.8,119.481,3.813,89.364
2025-04-01 02:29:54,29.315,68.364,117.576,4.101,86.707
2025-04-01 02:29:55,28.641,69.184,116.789,2.923,87.624
2025-04-01 02:29:56,28.316,70.021,117.116,3.534,87.174
2025-04-01 02:29:57,28.678,68.447,116.584,4.118,87.71
2025-04-01 02:29:58,28.697,68.135,115.866,3.737,88.482
2025-04-01 02:29:59,28.984,67.79,116.27,3.805,87.555
2025-04-01 02:30:00,28.824,68.921,115.624,4.058,89.588
2025-04-01 02:30:01,29.362,66.899,115.743,3.698,88.365
2025-04-01 02:30:02,28.942,70.387,116.291,4.193,88.865
2025-04-01 02:30:03,29.441,66.91,116.207,2.342,90.236
2025-04-01 02:30:04,29.152,68.508,115.525,3.464,88.789
2025-04-01 02:30:05,29.824,67.331,113.678,3.268,88.944
2025-04-01 02:30:06,29.44,68.914,114.022,3.735,89.532
2025-04-01 02:30:07,29.345,68.386,112.622,3.484,90.693
2025-04-01 02:30:08,29.652,68.342,113.675,4.054,90.157
2025-04-01 02:30:09,29.112,68.558,112.537,4.206,89.212
2025-04-01 02:30:10,29.799,69.052,113.199,3.572,87.841
2025-04-01 02:30:11,29.487,69.669,113.907,3.473,88.341
2025-04-01 02:30:12,29.729,67.645,113.705,3.291,88.829
2025-04-01 02:30:13,29.825,66.888,113.911,2.606,89.986
2025-04-01 02:30:14,30.096,67.899,112.421,3.407,89.534
2025-04-01 02:30:15,29.832,68.09,112.303,3.947,90.451
2025-04-01 02:30:16,29.817,68.55,111.064,2.963,88.475
2025-04-01 02:30:17,29.719,68.095,111.354,3.275,89.144
2025-04-01 02:30:18,30.266,68.386,111.5,3.763,88.84
2025-04-01 02:30:19,29.816,67.526,112.137,2.938,88.698
2025-04-01 02:30:20,29.462,68.392,112.39,2.652,88.979
2025-04-01 02:30:21,30.691,68.004,111.665,3.325,89.007
2025-04-01 02:30:22,29.936,67.774,111.892,2.563,90.272
2025-04-01 02:30:23,30.07,68.799,110.348,2.959,90.6
2025-04-01 02:30:24,30.411,68.039,110.419,3.174,88.723
2025-04-01 02:30:25,30.372,67.25,110.146,2.523,90.016
2025-04-01 02:30:26,30.335,68.005,110.466,2.315,89.373
2025-04-01 02:30:27,30.376,67.894,109.96,3.232,90.338
2025-04-01 02:30:28,30.289,67.928,110.48,2.757,91.79
2025-04-01 02:30:29,30.051,67.762,110.322,3.582,90.794
2025-04-01 02:30:30,31.079,66.346,112.044,3.192,91.837
2025-04-01 02:30:31,30.93,67.21,112.679,3.369,89.552
2025-04-01 02:30:32,30.451,66.773,111.196,2.648,89.289
2025-04-01 02:30:33,30.445,68.277,111.053,2.972,90.286
2025-04-01 02:30:34,30.555,67.261,111.443,2.052,88.655
2025-04-01 02:30:35,30.167,66.114,111.182,2.118,89.637
2025-04-01 02:30:36,31.18,65.742,111.067,2.336,89.08
2025-04-01 02:30:37,30.251,67.517,110.847,2.242,90.371
2025-04-01 02:30:38,30.974,66.023,111.913,2.178,90.051
2025-04-01 02:30:39,30.622,66.248,112.046,1.834,90.856
2025-04-01 02:30:40,29.826,67.67,112.247,2.245,90.076
2025-04-01 02:30:41,30.655,67.594,113.264,1.702,89.448
2025-04-01 02:30:42,30.97,65.846,113.311,1.27,90.218
2025-04-01 02:30:43,30.426,66.872,113.613,2.641,89.993
2025-04-01 02:30:44,30.752,65.893,113.397,1.385,90.205
2025-04-01 02:30:45,30.9,66.71,112.935,1.322,90.387
2025-04-01 02:30:46,30.618,65.807,113.061,1.014,89.192
2025-04-01 02:30:47,30.801,66.012,112.675,1.262,90.4
2025-04-01 02:30:48,30.194,66.705,113.749,0.83,90.341
2025-04-01 02:30:49,30.883,64.829,114.55,0.095,89.095
2025-04-01 02:30:50,30.033,65.833,114.235,1.223,89.593
2025-04-01 02:30:51,31.135,65.89,114.551,1.09,89.477
2025-04-01 02:30:52,30.264,65.174,114.941,1.537,90.978
2025-04-01 02:30:53,30.946,65.958,114.075,1.604,88.852
2025-04-01 02:30:54,30.078,64.451,114.641,1.454,91.395
2025-04-01 02:30:55,30.44,64.071,113.888,0.563,88.358
2025-04-01 02:30:56,31.072,64.793,113.727,1.082,89.204
2025-04-01 02:30:57,31.03,65.331,112.936,0.424,90.448
2025-04-01 02:30:58,30.362,65.879,112.484,1.106,90.873
2025-04-01 02:30:59,31.111,64.212,112.115,0.472,90.794
2025-04-01 02:31:00,30.414,64.304,112.624,1.05,92.732
2025-04-01 02:31:01,30.769,65.501,111.297,-0.303,90.186
2025-04-01 02:31:02,30.684,64.119,111.094,0.583,89.464
2025-04-01 02:31:03,30.492,64.903,111.31,0.733,90.68
2025-04-01 02:31:04,30.924,64.913,110.63,0.968,89.522
2025-04-01 02:31:05,30.612,64.492,110.31,1.484,88.551
2025-04-01 02:31:06,31.035,63.084,110.292,0.934,88.847
2025-04-01 02:31:07,30.611,65.396,109.416,0.456,89.779
2025-04-01 02:31:08,30.878,64.877,108.294,1.162,88.556
2025-04-01 02:31:09,31.086,62.618,107.578,-0.377,90.227
2025-04-01 02:31:10,30.523,63.072,106.871,0.137,90.108
2025-04-01 02:31:11,30.365,62.682,106.756,0.947,90.321
2025-04-01 02:31:12,30.727,64.673,107.315,1.424,89.602
2025-04-01 02:31:13,30.648,63.778,106.234,0.153,90.898
2025-04-01 02:31:14,30.394,60.463,106.15,0.355,86.994
2025-04-01 02:31:15,30.556,62.873,106.41,0.025,89.026
2025-04-01 02:31:16,30.144,63.633,105.865,-0.033,87.789
2025-04-01 02:31:17,29.877,63.498,106.719,1.164,87.513
2025-04-01 02:31:18,30.571,63.1,105.988,0.685,89.015
2025-04-01 02:31:19,30.394,64.739,105.938,0.598,89.284
2025-04-01 02:31:20,30.049,63.666,104.795,0.413,88.546
2025-04-01 02:31:21,29.634,62.585,105.437,0.436,89.142
2025-04-01 02:31:22,30.494,63.481,104.652,0.868,89.817
2025-04-01 02:31:23,30.021,62.033,103.812,1.192,88.151
2025-04-01 02:31:24,29.907,61.811,104.236,-0.374,89.612
2025-04-01 02:31:25,29.836,61.362,104.568,0.227,89.734
2025-04-01 02:31:26,30.155,64.452,105.569,0.543,88.377
2025-04-01 02:31:27,30.306,62.84,105.698,1.282,89.197
2025-04-01 02:31:28,29.943,62.945,106.39,0.993,89.214
2025-04-01 02:31:29,29.814,63.271,103.974,-0.078,87.565
2025-04-01 02:31:30,29.74,61.181,103.903,0.692,87.531
2025-04-01 02:31:31,29.786,63.565,104.512,1.606,89.021
2025-04-01 02:31:32,29.81,62.746,103.123,0.379,88.503
2025-04-01 02:31:33,29.151,62.322,103.093,1.412,88.302
2025-04-01 02:31:34,29.969,61.709,102.819,1.53,88.556
2025-04-01 02:31:35,29.256,61.117,104.075,1.272,87.892
2025-04-01 02:31:36,29.351,60.336,103.396,0.594,89.426
2025-04-01 02:31:37,29.115,61.348,104.44,1.295,88.417
2025-04-01 02:31:38,29.362,62.224,103.011,0.281,87.624
2025-04-01 02:31:39,29.741,61.787,102.612,0.154,90.62
2025-04-01 02:31:40,29.389,60.171,101.676,1.39,87.265
2025-04-01 02:31:41,29.355,61.824,103.028,2.097,88.844
2025-04-01 02:31:42,28.816,61.881,102.741,0.998,88.058
2025-04-01 02:31:43,29.443,61.432,101.407,1.427,86.17
2025-04-01 02:31:44,29.458,59.444,102.244,1.63,87.389
2025-04-01 02:31:45,29.154,60.694,102.048,0.904,89.214
2025-04-01 02:31:46,28.691,61.283,101.911,2.035,86.892
2025-04-01 02:31:47,29.049,61.597,101.501,1.319,87.516
2025-04-01 02:31:48,29.172,60.674,100.747,2.146,89.005
2025-04-01 02:31:49,28.996,59.797,101.147,1.623,89.674
2025-04-01 02:31:50,29.081,60.582,100.533,2.655,88.073
2025-04-01 02:31:51,28.906,59.8,101.801,1.49,87.402
2025-04-01 02:31:52,29.083,61.436,102.259,1.538,88.301
2025-04-01 02:31:53,28.563,61.128,101.63,1.524,85.923
2025-04-01 02:31:54,28.811,60.77,102.031,1.109,86.803
2025-04-01 02:31:55,28.836,59.423,102.574,1.762,87.395
2025-04-01 02:31:56,28.722,61.55,101.445,3.14,87.611
2025-04-01 02:31:57,28.224,60.978,102.605,3.014,86.68
2025-04-01 02:31:58,27.826,60.473,102.049,2.478,87.523
2025-04-01 02:31:59,28.749,58.775,102.144,2.616,88.499
2025-04-01 02:32:00,29.181,60.448,101.74,3.073,86.98
2025-04-01 02:32:01,28.709,59.724,102.693,2.948,86.943
2025-04-01 02:32:02,28.577,59.861,103.048,2.344,86.065
2025-04-01 02:32:03,27.897,60.259,104.077,2.379,87.689
2025-04-01 02:32:04,28.589,60.771,102.371,3.092,87.284
2025-04-01 02:32:05,28.538,58.914,103.731,2.741,87.641
2025-04-01 02:32:06,28.189,60.462,104.805,2.481,87.497
2025-04-01 02:32:07,28.918,60.178,103.766,3.126,87.261
2025-04-01 02:32:08,27.779,60.603,104.282,2.747,87.445
2025-04-01 02:32:09,28.39,61.214,104.149,2.78,86.258
2025-04-01 02:32:10,28.009,58.887,103.424,2.823,86.955
2025-04-01 02:32:11,28.349,59.432,104.05,3.51,86.88
2025-04-01 02:32:12,28.55,60.525,104.202,3.234,85.055
2025-04-01 02:32:13,28.034,59.195,104.567,3.61,86.621
2025-04-01 02:32:14,27.543,61.072,104.397,3.005,85.765
2025-04-01 02:32:15,28.447,60.065,103.799,3.208,87.992
2025-04-01 02:32:16,27.624,59.284,104.735,3.183,88.127
2025-04-01 02:32:17,28.432,61.272,104.052,3.677,85.573
2025-04-01 02:32:18,27.705,60.032,102.252,3.785,87.984
2025-04-01 02:32:19,27.572,59.208,102.228,3.923,88.052
2025-04-01 02:32:20,27.86,61.882,102.015,3.188,88.005
2025-04-01 02:32:21,28.144,61.958,102.071,3.452,86.796
2025-04-01 02:32:22,27.852,61.486,102.204,3.411,87.288
2025-04-01 02:32:23,27.844,61.227,102.645,3.487,86.932
2025-04-01 02:32:24,28.388,62.144,104.065,3.916,88.082
2025-04-01 02:32:25,27.993,60.467,103.632,2.692,88.113
2025-04-01 02:32:26,28.117,59.927,102.469,3.998,87.662
2025-04-01 02:32:27,28.286,60.978,102.451,3.751,87.204
2025-04-01 02:32:28,27.846,61.479,100.866,3.909,86.291
2025-04-01 02:32:29,27.573,62.429,101.633,2.892,86.799
2025-04-01 02:32:30,27.811,61.692,101.944,3.455,87.332
2025-04-01 02:32:31,28.312,60.771,101.277,3.574,87.896
2025-04-01 02:32:32,28.176,60.852,100.603,3.496,88.445
2025-04-01 02:32:33,28.047,60.452,100.973,3.921,87.452
2025-04-01 02:32:34,28.281,60.831,101.542,3.236,88.735
2025-04-01 02:32:35,28.425,60.323,101.498,3.436,87.418
2025-04-01 02:32:36,27.822,62.542,100.104,3.206,84.707
2025-04-01 02:32:37,27.643,62.035,101.074,3.928,86.459
2025-04-01 02:32:38,27.952,61.185,102.43,3.918,86.009
2025-04-01 02:32:39,28.037,61.45,101.037,4.374,86.583
2025-04-01 02:32:40,27.584,62.03,101.52,2.52,89.45
2025-04-01 02:32:41,27.761,62.124,101.538,3.209,88.003
2025-04-01 02:32:42,27.836,61.653,102.669,3.437,87.186
2025-04-01 02:32:43,27.63,61.58,102.964,3.24,89.545
2025-04-01 02:32:44,27.74,60.936,102.856,3.819,87.52
2025-04-01 02:32:45,28.069,62.247,103.277,3.441,89.508
2025-04-01 02:32:46,27.856,61.516,103.27,2.71,88.741
2025-04-01 02:32:47,28.083,61.634,102.863,3.195,86.169
2025-04-01 02:32:48,27.77,63.091,101.764,3.773,87.754
2025-04-01 02:32:49,27.534,62.859,101.927,2.177,87.181
2025-04-01 02:32:50,28.439,61.458,102.182,2.873,89.639
2025-04-01 02:32:51,27.442,61.704,102.447,3.309,87.491
2025-04-01 02:32:52,27.848,62.73,102.279,2.758,90.032
2025-04-01 02:32:53,28.175,63.658,102.383,2.986,88.087
2025-04-01 02:32:54,28.314,63.239,102.532,2.866,87.077
2025-04-01 02:32:55,28.393,63.463,101.944,3.8,88.844
2025-04-01 02:32:56,28.04,63.76,102.434,3.442,89.042
2025-04-01 02:32:57,28.158,64.059,102.802,2.199,86.723
2025-04-01 02:32:58,28.672,63.409,100.547,2.31,88.787
2025-04-01 02:32:59,28.0,63.642,100.49,2.49,90.601
2025-04-01 02:33:00,28.476,62.798,99.995,2.681,88.923
2025-04-01 02:33:01,29.0,64.594,100.355,3.18,88.227
2025-04-01 02:33:02,28.305,63.712,99.585,3.226,89.312
2025-04-01 02:33:03,28.549,64.627,99.353,2.161,88.413
2025-04-01 02:33:04,28.614,64.966,99.693,2.096,88.62
2025-04-01 02:33:05,28.765,65.37,98.915,1.497,88.315
2025-04-01 02:33:06,28.403,65.38,98.871,3.195,89.596
2025-04-01 02:33:07,28.634,64.279,97.87,3.219,89.046
2025-04-01 02:33:08,28.718,65.164,98.402,1.817,87.595
2025-04-01 02:33:09,29.213,63.777,98.625,2.416,89.44
2025-04-01 02:33:10,29.263,64.725,99.161,2.885,90.352
2025-04-01 02:33:11,29.012,64.762,98.891,1.436,89.734
2025-04-01 02:33:12,28.937,65.173,98.092,2.339,89.636
2025-04-01 02:33:13,29.251,65.554,99.413,1.739,90.128
2025-04-01 02:33:14,29.936,65.691,98.911,1.954,90.645
2025-04-01 02:33:15,29.094,65.217,98.326,1.497,89.165
2025-04-01 02:33:16,29.642,64.349,98.822,1.92,89.454
2025-04-01 02:33:17,29.406,64.94,97.53,1.452,88.912
2025-04-01 02:33:18,29.2,66.152,98.733,0.769,89.414
2025-04-01 02:33:19,29.143,66.235,97.818,0.65,90.471
2025-04-01 02:33:20,29.337,66.076,98.5,0.703,91.266
2025-04-01 02:33:21,29.719,66.015,99.306,0.62,90.929
2025-04-01 02:33:22,29.299,65.122,99.513,0.415,91.233
2025-04-01 02:33:23,29.231,65.423,99.58,0.909,90.2
2025-04-01 02:33:24,29.627,67.45,99.743,-0.07,89.963
2025-04-01 02:33:25,29.35,65.663,99.015,0.012,90.108
2025-04-01 02:33:26,29.382,66.154,99.433,0.79,88.588
2025-04-01 02:33:27,29.904,65.669,99.39,0.898,89.735
2025-04-01 02:33:28,29.992,65.89,99.309,0.46,89.695
2025-04-01 02:33:29,29.851,68.651,100.172,0.443,89.601
2025-04-01 02:33:30,29.739,66.46,100.56,0.749,89.845
2025-04-01 02:33:31,29.677,65.697,99.424,-0.075,91.421
2025-04-01 02:33:32,29.605,66.099,100.779,0.491,90.957
2025-04-01 02:33:33,30.278,67.016,99.962,0.5,90.857
2025-04-01 02:33:34,29.583,69.001,99.395,0.287,89.791
2025-04-01 02:33:35,29.93,66.013,99.731,1.246,88.86
2025-04-01 02:33:36,30.152,66.977,101.073,0.927,87.919
2025-04-01 02:33:37,30.352,67.581,101.394,-0.268,90.145
2025-04-01 02:33:38,30.152,67.334,101.688,1.151,89.858
2025-04-01 02:33:39,30.236,67.294,101.881,1.527,92.537
2025-04-01 02:33:40,30.304,66.261,102.442,0.287,89.235
2025-04-01 02:33:41,29.787,66.359,101.72,0.82,91.777
2025-04-01 02:33:42,30.347,68.583,102.54,-0.296,89.445
2025-04-01 02:33:43,30.069,66.365,102.73,-0.657,89.781
2025-04-01 02:33:44,30.503,67.808,101.921,0.479,91.577
2025-04-01 02:33:45,30.465,68.64,102.773,-0.253,89.938
2025-04-01 02:33:46,30.852,67.982,102.454,0.286,90.519
2025-04-01 02:33:47,30.757,67.782,102.764,0.321,89.4
2025-04-01 02:33:48,30.411,68.003,101.529,0.03,89.245
2025-04-01 02:33:49,30.962,68.051,103.083,2.142,90.46
2025-04-01 02:33:50,30.075,67.882,103.024,0.719,88.84
2025-04-01 02:33:51,30.796,67.659,102.201,0.649,91.421
2025-04-01 02:33:52,30.689,68.41,102.189,0.832,90.941
2025-04-01 02:33:53,30.616,67.81,102.785,-0.212,90.247
2025-04-01 02:33:54,30.225,66.989,101.248,1.464,89.767
2025-04-01 02:33:55,30.558,68.247,100.25,0.05,89.743
2025-04-01 02:33:56,30.399,69.32,100.964,0.393,90.896
2025-04-01 02:33:57,30.545,68.092,100.769,0.577,92.209
2025-04-01 02:33:58,30.219,67.2,100.886,1.178,90.408
2025-04-01 02:33:59,30.826,68.473,101.083,0.331,90.847
2025-04-01 02:34:00,30.617,68.539,101.802,1.256,90.879
2025-04-01 02:34:01,30.185,67.515,101.144,1.414,88.888
2025-04-01 02:34:02,30.297,68.126,101.606,1.07,89.818
2025-04-01 02:34:03,30.756,67.877,100.678,1.308,90.683
2025-04-01 02:34:04,30.947,67.934,100.551,0.878,91.003
2025-04-01 02:34:05,31.207,68.533,101.224,1.569,90.999
2025-04-01 02:34:06,31.112,69.548,99.674,1.469,90.385
2025-04-01 02:34:07,31.028,69.239,98.503,1.877,92.067
2025-04-01 02:34:08,31.404,67.614,99.662,1.313,91.285
2025-04-01 02:34:09,31.273,67.626,98.596,1.05,90.838
2025-04-01 02:34:10,31.258,68.545,98.259,1.03,89.778
2025-04-01 02:34:11,31.404,69.126,97.545,0.766,89.256
2025-04-01 02:34:12,31.321,67.516,96.306,2.297,90.508
2025-04-01 02:34:13,30.809,68.798,96.165,1.055,89.962
2025-04-01 02:34:14,30.541,68.584,96.183,2.371,88.631
2025-04-01 02:34:15,31.266,67.312,95.379,1.226,90.468
2025-04-01 02:34:16,30.871,69.261,95.467,1.454,89.519
2025-04-01 02:34:17,30.902,67.667,95.6,1.492,88.769
2025-04-01 02:34:18,30.62,68.981,93.966,2.302,89.001
2025-04-01 02:34:19,31.118,70.095,93.682,1.934,89.604
2025-04-01 02:34:20,30.931,67.299,93.043,2.54,89.244
2025-04-01 02:34:21,30.936,68.661,94.473,1.854,87.688
2025-04-01 02:34:22,30.845,67.892,94.181,0.985,89.187
2025-04-01 02:34:23,30.613,67.625,93.943,1.782,88.895
2025-04-01 02:34:24,30.921,67.644,93.749,1.731,87.476
2025-04-01 02:34:25,30.963,68.244,95.044,1.043,88.988
2025-04-01 02:34:26,30.669,69.37,94.056,1.968,90.08
2025-04-01 02:34:27,30.574,68.821,93.87,2.097,89.021
2025-04-01 02:34:28,30.576,70.179,93.421,2.708,88.868
2025-04-01 02:34:29,30.178,69.483,94.64,1.633,86.775
2025-04-01 02:34:30,31.089,68.193,94.231,2.081,89.899
2025-04-01 02:34:31,30.56,67.732,94.12,2.122,90.289
2025-04-01 02:34:32,30.868,67.428,93.863,2.107,89.758
2025-04-01 02:34:33,30.599,67.924,94.025,2.899,86.854
2025-04-01 02:34:34,30.211,67.797,94.846,3.2,89.315
2025-04-01 02:34:35,30.622,67.739,94.987,3.162,89.27
2025-04-01 02:34:36,30.115,68.316,95.643,2.703,87.734
2025-04-01 02:34:37,29.904,68.527,95.025,3.101,88.888
2025-04-01 02:34:38,30.375,66.41,95.626,2.421,88.71
2025-04-01 02:34:39,30.737,68.439,95.648,2.823,89.797
2025-04-01 02:34:40,30.164,67.956,96.326,2.394,88.356
2025-04-01 02:34:41,30.237,67.169,96.89,2.631,86.111
2025-04-01 02:34:42,30.633,66.965,96.411,2.879,86.812
2025-04-01 02:34:43,30.252,67.666,96.147,3.312,88.481
2025-04-01 02:34:44,29.911,65.025,95.521,3.528,87.587
2025-04-01 02:34:45,29.993,65.474,96.12,3.278,88.426
2025-04-01 02:34:46,29.966,66.964,96.31,3.491,89.071
2025-04-01 02:34:47,30.04,67.421,96.223,3.198,87.426
2025-04-01 02:34:48,29.811,67.137,96.539,2.779,88.864
2025-04-01 02:34:49,29.618,67.181,96.03,3.833,87.14
2025-04-01 02:34:50,30.372,65.772,94.703,3.715,88.675
2025-04-01 02:34:51,29.613,66.026,95.059,3.25,86.531
2025-04-01 02:34:52,29.83,67.307,96.606,2.863,87.105
2025-04-01 02:34:53,29.426,65.457,97.778,3.263,88.124
2025-04-01 02:34:54,29.688,66.572,96.826,2.605,88.142
2025-04-01 02:34:55,29.45,66.467,95.849,3.155,86.417
2025-04-01 02:34:56,29.922,65.965,97.146,3.476,90.016
2025-04-01 02:34:57,29.404,65.14,96.52,2.728,87.102
2025-04-01 02:34:58,29.926,64.264,96.685,3.397,87.14
2025-04-01 02:34:59,29.451,65.66,97.213,3.488,85.98
2025-04-01 02:35:00,29.51,65.666,97.902,3.578,88.813
2025-04-01 02:35:01,28.957,65.761,97.048,3.303,87.636
2025-04-01 02:35:02,29.781,65.744,97.241,2.844,87.386
2025-04-01 02:35:03,29.659,64.783,98.608,2.775,86.119
2025-04-01 02:35:04,29.242,65.226,98.789,4.179,87.758
2025-04-01 02:35:05,29.09,65.731,99.48,4.143,87.737
2025-04-01 02:35:06,28.879,65.822,99.883,2.939,87.144
2025-04-01 02:35:07,29.399,65.579,99.713,3.649,88.191
2025-04-01 02:35:08,28.961,66.462,100.702,3.032,88.126
2025-04-01 02:35:09,28.596,64.633,100.803,3.417,87.947
2025-04-01 02:35:10,28.918,65.058,99.786,2.984,87.034
2025-04-01 02:35:11,28.574,63.694,99.912,3.061,88.181
2025-04-01 02:35:12,28.831,63.067,101.448,3.65,85.888
2025-04-01 02:35:13,28.904,64.75,100.356,3.453,88.043
2025-04-01 02:35:14,28.987,64.301,101.51,3.437,86.325
2025-04-01 02:35:15,28.336,64.401,101.784,3.361,88.026
2025-04-01 02:35:16,28.814,63.141,101.945,3.807,86.698
2025-04-01 02:35:17,28.68,63.342,101.249,3.052,87.385
2025-04-01 02:35:18,28.782,63.298,101.325,2.896,87.932
2025-04-01 02:35:19,28.848,64.722,101.685,2.929,86.919
2025-04-01 02:35:20,28.418,64.136,102.209,3.217,86.537
2025-04-01 02:35:21,28.629,65.024,102.965,2.725,87.525
2025-04-01 02:35:22,27.983,63.106,102.828,3.672,88.288
2025-04-01 02:35:23,27.965,62.908,102.988,2.621,87.828
2025-04-01 02:35:24,28.68,62.979,103.29,2.017,86.379
2025-04-01 02:35:25,28.436,63.911,103.13,1.737,86.472
2025-04-01 02:35:26,28.541,62.77,103.362,2.499,88.806
2025-04-01 02:35:27,28.67,64.095,103.259,2.748,87.024
2025-04-01 02:35:28,27.903,62.436,102.499,2.678,88.348
2025-04-01 02:35:29,27.926,60.95,102.772,2.917,87.94
2025-04-01 02:35:30,28.045,64.246,101.113,2.923,88.746
2025-04-01 02:35:31,28.283,63.464,100.846,2.42,87.195
2025-04-01 02:35:32,28.329,62.846,99.087,2.771,86.445
2025-04-01 02:35:33,28.234,62.87,98.558,3.164,88.327
2025-04-01 02:35:34,27.956,62.012,98.528,2.04,87.445
2025-04-01 02:35:35,28.612,62.632,98.739,2.243,87.53
2025-04-01 02:35:36,28.021,63.138,98.967,1.616,86.03
2025-04-01 02:35:37,28.247,62.379,99.738,1.966,88.322
2025-04-01 02:35:38,27.792,61.953,99.197,1.835,87.927
2025-04-01 02:35:39,28.09,62.517,100.196,1.44,86.546
2025-04-01 02:35:40,27.771,62.687,99.787,1.516,85.223
2025-04-01 02:35:41,28.364,61.984,99.352,1.834,88.821
2025-04-01 02:35:42,27.72,60.486,97.989,1.437,88.284
2025-04-01 02:35:43,27.565,60.455,97.669,1.556,88.255
2025-04-01 02:35:44,27.885,62.005,97.624,1.435,90.738
2025-04-01 02:35:45,27.81,61.216,98.218,1.418,90.138
2025-04-01 02:35:46,27.752,62.152,98.777,1.409,87.541
2025-04-01 02:35:47,27.925,61.879,98.97,1.602,87.682
2025-04-01 02:35:48,27.809,60.589,98.23,1.267,88.99
2025-04-01 02:35:49,27.825,60.828,98.382,0.805,88.073
2025-04-01 02:35:50,28.178,61.58,99.109,0.673,89.803
2025-04-01 02:35:51,27.603,61.695,99.277,0.927,88.632
2025-04-01 02:35:52,27.572,61.218,99.276,1.611,88.863
2025-04-01 02:35:53,27.848,61.066,99.141,1.211,87.895
2025-04-01 02:35:54,27.689,60.458,100.299,0.684,89.542
2025-04-01 02:35:55,27.726,61.848,99.461,1.197,88.756
2025-04-01 02:35:56,28.437,60.352,99.976,1.446,87.52
2025-04-01 02:35:57,28.025,61.06,100.411,0.337,89.533
2025-04-01 02:35:58,27.878,62.094,100.341,1.571,89.674
2025-04-01 02:35:59,27.833,61.51,99.395,-0.072,89.279
2025-04-01 02:36:00,28.1,61.295,99.034,1.662,90.014
2025-04-01 02:36:01,28.556,61.027,100.293,0.09,91.102
2025-04-01 02:36:02,27.975,59.879,100.502,0.277,90.292
2025-04-01 02:36:03,28.579,60.745,99.909,1.346,90.813
2025-04-01 02:36:04,28.357,59.883,99.509,0.901,87.791
2025-04-01 02:36:05,28.329,59.332,98.337,0.188,89.942
2025-04-01 02:36:06,27.959,60.22,98.728,0.018,89.133
2025-04-01 02:36:07,28.374,61.989,99.373,0.418,89.206
2025-04-01 02:36:08,28.124,60.005,100.217,0.276,88.266
2025-04-01 02:36:09,27.936,61.678,99.026,0.247,91.003
2025-04-01 02:36:10,28.164,59.99,99.353,-0.009,90.195
2025-04-01 02:36:11,28.589,60.022,98.523,0.51,90.261
2025-04-01 02:36:12,27.655,58.718,99.658,1.019,88.664
2025-04-01 02:36:13,27.926,59.993,100.63,0.569,87.529
2025-04-01 02:36:14,28.97,60.526,101.682,0.058,91.4
2025-04-01 02:36:15,28.627,61.323,101.2,0.285,87.918
2025-04-01 02:36:16,28.515,60.048,101.478,-0.236,91.118
2025-04-01 02:36:17,28.413,59.289,101.342,-0.145,88.919
2025-04-01 02:36:18,28.556,62.267,102.387,0.343,88.729
2025-04-01 02:36:19,28.139,60.125,101.569,-0.004,90.946
2025-04-01 02:36:20,28.62,60.923,102.048,0.74,90.381
2025-04-01 02:36:21,28.684,61.271,101.564,-0.391,91.119
2025-04-01 02:36:22,28.946,62.437,100.385,1.357,90.684
2025-04-01 02:36:23,28.588,60.633,100.39,0.414,89.699
2025-04-01 02:36:24,28.394,60.318,98.581,1.246,89.393
2025-04-01 02:36:25,28.774,60.31,98.903,0.294,89.918
2025-04-01 02:36:26,28.707,61.165,98.485,1.096,90.708
2025-04-01 02:36:27,29.09,61.036,97.874,0.13,90.634
2025-04-01 02:36:28,29.073,59.88,97.479,-0.205,89.921
2025-04-01 02:36:29,29.398,60.621,97.125,0.484,90.902
2025-04-01 02:36:30,28.578,61.229,97.295,-0.238,90.874
2025-04-01 02:36:31,29.084,60.783,96.04,0.729,89.819
2025-04-01 02:36:32,28.847,61.465,95.567,0.776,91.415
2025-04-01 02:36:33,29.256,61.031,96.454,0.464,89.434
2025-04-01 02:36:34,28.582,59.848,96.396,0.559,90.086
2025-04-01 02:36:35,29.431,61.101,95.932,0.653,90.479
2025-04-01 02:36:36,29.327,60.203,95.173,0.803,89.065
2025-04-01 02:36:37,29.373,60.743,95.15,1.563,91.423
2025-04-01 02:36:38,29.395,59.82,94.762,0.08,90.909
2025-04-01 02:36:39,29.569,61.035,94.827,0.656,90.701
2025-04-01 02:36:40,29.601,59.691,94.515,0.686,90.124
2025-04-01 02:36:41,29.322,59.359,94.117,1.268,91.293
2025-04-01 02:36:42,29.424,61.103,94.332,0.679,89.32
2025-04-01 02:36:43,29.921,59.453,93.778,1.374,90.764
2025-04-01 02:36:44,29.54,61.874,94.668,0.234,89.45
2025-04-01 02:36:45,29.121,62.3,92.879,1.55,92.045
2025-04-01 02:36:46,29.304,60.896,93.4,0.92,89.39
2025-04-01 02:36:47,29.646,61.69,92.21,1.038,90.351
2025-04-01 02:36:48,30.222,61.007,92.427,1.223,90.22
2025-04-01 02:36:49,29.451,62.349,92.851,2.399,90.101
2025-04-01 02:36:50,29.847,61.35,92.427,1.463,90.604
2025-04-01 02:36:51,30.074,60.326,92.545,1.588,89.66
2025-04-01 02:36:52,30.387,62.367,92.534,1.375,92.768
2025-04-01 02:36:53,30.328,60.896,92.628,2.229,90.693
2025-04-01 02:36:54,30.824,63.1,92.755,1.795,89.563
2025-04-01 02:36:55,29.942,61.97,92.785,2.864,90.872
2025-04-01 02:36:56,30.009,60.198,92.153,2.58,91.463
2025-04-01 02:36:57,30.798,63.521,92.342,1.391,89.512
2025-04-01 02:36:58,31.008,61.827,92.559,2.946,89.328
2025-04-01 02:36:59,30.597,62.405,93.447,1.229,90.121
2025-04-01 02:37:00,30.347,61.563,93.262,1.946,89.407
2025-04-01 02:37:01,30.075,63.788,93.147,2.402,90.185
2025-04-01 02:37:02,30.849,60.859,94.644,3.134,87.526
2025-04-01 02:37:03,29.979,62.449,93.598,2.645,91.778
2025-04-01 02:37:04,30.446,63.9,93.588,2.421,88.0
2025-04-01 02:37:05,30.658,62.281,92.867,2.458,88.26
2025-04-01 02:37:06,31.113,62.202,93.259,2.168,90.019
2025-04-01 02:37:07,30.632,61.886,94.352,2.231,90.863
2025-04-01 02:37:08,30.551,63.059,94.479,2.328,90.25
2025-04-01 02:37:09,30.562,63.609,95.777,2.232,90.225
2025-04-01 02:37:10,30.96,63.808,95.506,2.901,90.965
2025-04-01 02:37:11,30.624,62.609,94.972,2.562,89.768
2025-04-01 02:37:12,31.375,64.366,95.124,2.722,89.325
2025-04-01 02:37:13,30.657,63.182,94.831,2.047,91.042
2025-04-01 02:37:14,31.387,63.74,94.77,3.188,88.729
2025-04-01 02:37:15,30.654,65.719,94.659,2.716,90.227
2025-04-01 02:37:16,31.235,63.406,94.771,3.046,91.288
2025-04-01 02:37:17,31.118,62.896,94.416,3.077,90.824
2025-04-01 02:37:18,30.804,63.987,94.139,3.317,90.591
2025-04-01 02:37:19,30.728,65.035,94.09,3.741,88.182
2025-04-01 02:37:20,30.793,62.855,94.016,3.49,90.773
2025-04-01 02:37:21,30.597,64.706,94.074,3.326,87.484
2025-04-01 02:37:22,31.0,65.223,93.215,3.165,92.505
2025-04-01 02:37:23,30.796,63.192,94.801,3.674,89.528
2025-04-01 02:37:24,30.861,63.688,94.073,3.197,90.355
2025-04-01 02:37:25,30.826,64.659,95.413,3.697,89.633
2025-04-01 02:37:26,30.699,64.484,95.429,2.314,90.552
2025-04-01 02:37:27,30.524,66.62,95.68,2.828,88.672
2025-04-01 02:37:28,30.37,66.077,97.021,3.154,89.616
2025-04-01 02:37:29,31.261,65.494,95.219,3.22,90.784
2025-04-01 02:37:30,31.322,66.081,95.793,3.455,88.246
2025-04-01 02:37:31,30.944,65.969,95.024,4.057,89.991
2025-04-01 02:37:32,30.538,66.209,96.025,3.259,88.967
2025-04-01 02:37:33,31.026,66.099,96.036,2.583,89.449
2025-04-01 02:37:34,30.914,66.536,96.174,2.508,87.229
2025-04-01 02:37:35,30.937,64.763,96.588,3.497,88.932
2025-04-01 02:37:36,30.813,66.97,95.86,3.697,88.977
2025-04-01 02:37:37,31.305,66.246,95.998,3.053,87.617
2025-04-01 02:37:38,30.858,66.694,96.199,3.16,89.025
2025-04-01 02:37:39,31.174,66.793,95.235,3.811,89.701
2025-04-01 02:37:40,30.655,65.397,96.246,3.54,88.778
2025-04-01 02:37:41,31.181,66.711,96.535,1.977,90.308
2025-04-01 02:37:42,30.549,65.128,97.329,3.318,87.451
2025-04-01 02:37:43,31.041,67.817,97.301,2.802,90.619
2025-04-01 02:37:44,31.052,65.568,97.182,3.63,87.002
2025-04-01 02:37:45,31.429,66.69,98.037,3.436,88.039
2025-04-01 02:37:46,30.875,68.172,98.335,2.305,89.64
2025-04-01 02:37:47,30.548,65.142,97.532,3.366,88.537
2025-04-01 02:37:48,30.479,67.091,97.326,2.517,88.868
2025-04-01 02:37:49,31.063,67.647,97.522,2.281,88.414
2025-04-01 02:37:50,31.058,67.804,97.215,3.14,89.199
2025-04-01 02:37:51,30.777,67.284,98.292,2.253,89.012
2025-04-01 02:37:52,30.739,67.831,97.682,3.426,87.82
2025-04-01 02:37:53,30.413,67.818,97.795,2.531,87.405
2025-04-01 02:37:54,30.822,66.114,97.751,2.787,89.042
2025-04-01 02:37:55,30.852,66.55,97.676,3.303,87.491
2025-04-01 02:37:56,30.051,67.181,97.705,2.493,89.775
2025-04-01 02:37:57,30.658,69.227,97.977,2.156,89.716
2025-04-01 02:37:58,30.193,67.038,97.868,2.128,86.692
2025-04-01 02:37:59,30.607,66.681,97.482,3.516,88.551
2025-04-01 02:38:00,30.51,69.371,97.803,2.169,88.517
2025-04-01 02:38:01,30.415,69.615,95.697,2.386,88.609
2025-04-01 02:38:02,30.21,67.636,94.756,2.848,88.85
2025-04-01 02:38:03,30.764,68.342,94.681,1.288,87.338
2025-04-01 02:38:04,30.173,67.588,95.782,2.0,87.926
2025-04-01 02:38:05,30.795,68.316,95.517,1.6,89.139
2025-04-01 02:38:06,30.285,68.187,94.576,1.101,87.364
2025-04-01 02:38:07,30.202,67.929,92.574,1.587,87.418
2025-04-01 02:38:08,30.123,67.262,92.652,2.017,89.412
2025-04-01 02:38:09,29.796,66.417,93.663,1.643,87.723
2025-04-01 02:38:10,29.893,66.598,94.492,0.994,88.329
2025-04-01 02:38:11,29.642,67.848,93.646,2.255,86.358
2025-04-01 02:38:12,30.118,68.198,92.545,1.825,86.306
2025-04-01 02:38:13,29.242,67.816,92.752,2.199,87.765
2025-04-01 02:38:14,29.991,68.142,92.092,1.52,88.032
2025-04-01 02:38:15,29.97,68.721,92.193,0.963,88.503
2025-04-01 02:38:16,29.611,67.785,91.909,1.007,87.526
2025-04-01 02:38:17,29.934,67.806,92.009,1.064,88.627
2025-04-01 02:38:18,29.59,67.679,91.83,1.215,85.548
2025-04-01 02:38:19,29.38,66.84,92.129,0.739,88.203
2025-04-01 02:38:20,29.502,68.473,91.61,0.432,88.114
2025-04-01 02:38:21,30.197,69.813,92.096,0.939,89.048
2025-04-01 02:38:22,29.133,68.353,91.612,0.581,88.647
2025-04-01 02:38:23,29.189,69.347,92.783,1.921,89.576
2025-04-01 02:38:24,29.38,68.425,93.736,0.102,88.355
2025-04-01 02:38:25,29.384,68.371,93.302,0.861,88.737
2025-04-01 02:38:26,29.285,68.02,92.868,0.148,87.815
2025-04-01 02:38:27,29.006,68.018,93.405,1.107,88.505
2025-04-01 02:38:28,28.984,68.829,92.384,0.552,87.122
2025-04-01 02:38:29,28.721,67.394,92.093,0.563,87.893
2025-04-01 02:38:30,29.269,68.943,91.676,0.613,87.584
2025-04-01 02:38:31,28.851,68.076,92.312,-0.089,89.548
2025-04-01 02:38:32,29.08,67.607,91.76,0.034,86.836
2025-04-01 02:38:33,29.118,68.162,91.673,0.922,89.481
2025-04-01 02:38:34,28.891,67.32,92.507,0.944,88.357
2025-04-01 02:38:35,28.967,66.637,92.278,0.655,88.144
2025-04-01 02:38:36,28.642,66.74,93.001,1.039,86.654
2025-04-01 02:38:37,28.67,67.008,91.875,-0.057,88.476
2025-04-01 02:38:38,28.351,66.824,91.575,0.728,88.34
2025-04-01 02:38:39,28.479,68.816,92.972,0.573,88.739
2025-04-01 02:38:40,28.864,68.948,91.591,1.401,87.604
2025-04-01 02:38:41,28.911,66.898,92.491,-0.607,89.021
2025-04-01 02:38:42,28.029,68.976,93.983,0.544,86.535
2025-04-01 02:38:43,28.216,68.116,93.737,-0.81,88.329
2025-04-01 02:38:44,28.949,68.322,93.406,0.497,88.932
2025-04-01 02:38:45,28.231,67.434,93.752,0.193,88.179
2025-04-01 02:38:46,28.589,66.945,93.882,1.226,87.816
2025-04-01 02:38:47,28.53,67.852,94.823,0.572,89.547
2025-04-01 02:38:48,29.026,66.657,94.753,-0.349,89.473
2025-04-01 02:38:49,27.833,66.879,94.66,0.663,87.668
2025-04-01 02:38:50,28.072,67.964,94.219,0.492,88.322
2025-04-01 02:38:51,28.612,67.791,95.037,0.476,88.908
2025-04-01 02:38:52,28.409,66.6,93.956,0.839,89.553
2025-04-01 02:38:53,28.505,66.122,94.382,0.502,90.005
2025-04-01 02:38:54,28.394,67.452,94.05,1.05,89.841
2025-04-01 02:38:55,28.082,65.254,93.952,0.548,87.444
2025-04-01 02:38:56,27.792,66.43,93.574,1.111,90.782
2025-04-01 02:38:57,28.48,67.627,94.493,1.048,89.031
2025-04-01 02:38:58,28.111,66.901,95.066,-0.218,88.33
2025-04-01 02:38:59,28.027,66.046,94.491,0.279,90.622
2025-04-01 02:39:00,28.356,66.366,95.663,0.461,88.232
2025-04-01 02:39:01,28.196,65.608,95.491,1.324,88.251
2025-04-01 02:39:02,28.643,65.42,95.597,1.089,88.655
2025-04-01 02:39:03,28.118,65.086,95.43,0.4,88.669
2025-04-01 02:39:04,27.835,66.037,95.06,0.045,88.977
2025-04-01 02:39:05,28.538,66.456,94.592,0.978,89.319
2025-04-01 02:39:06,28.249,66.742,95.147,0.985,90.881
2025-04-01 02:39:07,27.84,66.084,96.197,1.085,89.418
2025-04-01 02:39:08,28.296,66.523,97.796,0.791,89.239
2025-04-01 02:39:09,28.31,66.396,95.923,0.948,90.057
2025-04-01 02:39:10,27.963,65.473,95.435,0.592,89.975
2025-04-01 02:39:11,27.858,65.586,94.639,0.865,90.575
2025-04-01 02:39:12,28.168,64.479,94.385,0.5,89.574
2025-04-01 02:39:13,28.122,63.921,95.223,0.782,89.423
2025-04-01 02:39:14,27.913,65.849,94.993,1.822,89.663
2025-04-01 02:39:15,28.101,64.729,95.851,1.655,90.897
2025-04-01 02:39:16,27.997,63.849,95.806,0.843,90.482
2025-04-01 02:39:17,28.289,66.136,95.488,2.013,88.807
2025-04-01 02:39:18,28.468,64.586,96.171,0.885,90.846
2025-04-01 02:39:19,28.574,64.259,95.838,0.725,93.614
2025-04-01 02:39:20,28.393,63.277,95.608,0.897,90.848
2025-04-01 02:39:21,28.235,65.192,95.654,1.803,88.255
2025-04-01 02:39:22,28.151,64.203,96.327,1.393,90.367
2025-04-01 02:39:23,28.38,63.351,97.333,1.429,88.719
2025-04-01 02:39:24,27.795,64.185,95.839,1.276,89.82
2025-04-01 02:39:25,28.833,63.62,95.219,2.029,91.021
2025-04-01 02:39:26,28.155,63.432,95.973,2.667,90.342
2025-04-01 02:39:27,28.442,62.165,95.653,1.665,90.937
2025-04-01 02:39:28,28.432,63.002,95.503,1.081,91.158
2025-04-01 02:39:29,28.765,62.99,95.325,3.697,91.953
2025-04-01 02:39:30,28.257,64.372,95.683,2.854,90.722
2025-04-01 02:39:31,28.445,62.282,94.484,2.917,90.453
2025-04-01 02:39:32,28.216,63.398,95.921,2.661,90.312
2025-04-01 02:39:33,28.361,63.337,95.0,2.827,91.183
2025-04-01 02:39:34,28.983,63.178,94.456,2.331,90.043
2025-04-01 02:39:35,29.344,64.022,93.94,3.62,90.852
2025-04-01 02:39:36,29.088,63.514,94.644,2.119,92.109
2025-04-01 02:39:37,29.025,62.909,93.808,2.255,89.493
2025-04-01 02:39:38,28.637,62.727,94.848,2.276,91.251
2025-04-01 02:39:39,28.595,63.529,95.413,2.136,92.212
2025-04-01 02:39:40,29.016,63.837,96.014,2.507,88.998
2025-04-01 02:39:41,28.803,62.824,94.677,2.583,90.777
2025-04-01 02:39:42,28.32,63.28,96.022,2.231,91.081
2025-04-01 02:39:43,28.765,62.99,94.789,2.177,89.288
2025-04-01 02:39:44,29.295,63.004,96.452,3.027,90.39
2025-04-01 02:39:45,29.754,61.832,96.87,3.273,91.925
2025-04-01 02:39:46,29.202,61.457,97.997,2.985,90.564
2025-04-01 02:39:47,28.978,62.752,96.894,3.815,90.923
2025-04-01 02:39:48,28.913,62.298,96.621,2.643,89.408
2025-04-01 02:39:49,29.383,63.238,97.917,3.317,89.065
2025-04-01 02:39:50,29.352,61.881,98.02,3.152,89.758
2025-04-01 02:39:51,29.539,61.875,98.699,3.608,90.461
2025-04-01 02:39:52,29.261,62.106,98.15,3.614,91.062
2025-04-01 02:39:53,29.33,60.219,97.861,3.345,89.638
2025-04-01 02:39:54,28.826,61.679,96.992,3.028,91.255
2025-04-01 02:39:55,29.418,63.154,97.615,3.68,90.461
2025-04-01 02:39:56,29.528,60.625,98.122,2.733,91.875
2025-04-01 02:39:57,29.412,60.093,98.213,3.154,89.932
2025-04-01 02:39:58,29.515,61.204,97.425,3.687,90.63
2025-04-01 02:39:59,29.919,60.605,97.475,3.155,90.796
2025-04-01 02:40:00,29.087,61.013,98.735,2.238,90.479
2025-04-01 02:40:01,30.0,61.55,100.08,2.929,89.607
2025-04-01 02:40:02,30.035,61.156,99.738,4.037,92.101
2025-04-01 02:40:03,29.754,61.216,98.899,3.352,90.652
2025-04-01 02:40:04,29.997,60.695,99.57,2.631,89.521
2025-04-01 02:40:05,29.73,61.815,100.119,4.213,88.396
2025-04-01 02:40:06,29.955,59.464,99.872,3.698,87.997
2025-04-01 02:40:07,29.953,58.713,100.921,2.788,88.848
2025-04-01 02:40:08,30.036,60.591,101.622,2.551,90.122
2025-04-01 02:40:09,30.472,59.947,101.553,3.41,89.975
2025-04-01 02:40:10,29.782,60.205,102.503,3.387,92.006
2025-04-01 02:40:11,30.178,59.801,102.503,2.362,87.639
2025-04-01 02:40:12,29.738,60.197,101.86,2.761,90.289
2025-04-01 02:40:13,29.856,61.041,102.988,2.2,89.138
2025-04-01 02:40:14,30.289,61.196,102.132,2.183,91.627
2025-04-01 02:40:15,30.543,60.53,104.026,3.075,91.658
2025-04-01 02:40:16,29.959,59.242,102.74,3.474,91.215
2025-04-01 02:40:17,30.452,60.243,103.401,3.024,90.067
2025-04-01 02:40:18,30.443,61.262,103.606,2.825,89.936
2025-04-01 02:40:19,30.941,60.028,103.745,3.016,91.308
2025-04-01 02:40:20,30.497,59.395,103.93,1.664,89.614
2025-04-01 02:40:21,30.651,59.852,103.865,2.413,92.04
2025-04-01 02:40:22,31.175,60.034,103.698,3.2,90.077
2025-04-01 02:40:23,30.55,58.954,104.633,3.487,90.271
2025-04-01 02:40:24,30.79,59.51,104.406,2.827,88.849
2025-04-01 02:40:25,30.636,59.735,103.417,2.424,88.818
2025-04-01 02:40:26,31.362,59.338,103.098,1.736,90.269
2025-04-01 02:40:27,30.696,60.708,103.324,2.136,90.035
2025-04-01 02:40:28,31.113,59.825,102.538,2.585,90.66
2025-04-01 02:40:29,30.905,60.15,102.909,2.834,89.295
2025-04-01 02:40:30,30.7,60.86,102.102,2.354,88.603
2025-04-01 02:40:31,30.807,61.627,103.156,2.041,89.946
2025-04-01 02:40:32,31.608,59.38,102.97,1.912,89.748
2025-04-01 02:40:33,30.798,61.246,103.681,1.709,87.439
2025-04-01 02:40:34,31.209,61.232,103.244,2.161,89.272
2025-04-01 02:40:35,30.714,61.508,103.129,3.269,89.184
2025-04-01 02:40:36,31.089,59.549,102.751,2.263,89.509
2025-04-01 02:40:37,31.219,59.214,103.93,1.689,88.636
2025-04-01 02:40:38,31.535,61.99,104.62,1.854,87.926
2025-04-01 02:40:39,31.336,61.449,102.786,1.568,90.087
2025-04-01 02:40:40,30.756,59.704,103.932,1.506,88.777
2025-04-01 02:40:41,31.285,61.748,104.029,1.839,89.208
2025-04-01 02:40:42,31.832,60.856,103.96,1.46,88.656
2025-04-01 02:40:43,31.421,60.851,102.584,1.198,90.043
2025-04-01 02:40:44,31.087,61.559,103.463,0.123,88.77
2025-04-01 02:40:45,31.268,60.735,103.555,1.15,86.932
2025-04-01 02:40:46,31.459,60.787,103.202,1.676,89.238
2025-04-01 02:40:47,30.921,61.019,102.758,0.551,89.679
2025-04-01 02:40:48,31.711,61.985,104.009,1.541,87.419
2025-04-01 02:40:49,31.103,60.846,104.411,0.537,88.376
2025-04-01 02:40:50,31.711,60.227,103.769,0.56,87.555
2025-04-01 02:40:51,31.417,59.483,103.583,1.105,87.559
2025-04-01 02:40:52,31.281,62.023,102.648,1.063,89.315
2025-04-01 02:40:53,31.479,60.957,102.506,0.906,87.4
2025-04-01 02:40:54,30.933,61.824,102.48,1.529,87.479
2025-04-01 02:40:55,31.185,59.935,102.165,0.365,90.65
2025-04-01 02:40:56,31.347,60.993,102.658,0.348,89.666
2025-04-01 02:40:57,31.836,61.407,102.307,0.597,87.656
2025-04-01 02:40:58,30.893,59.323,102.555,1.149,89.794
2025-04-01 02:40:59,31.046,61.774,103.359,0.032,88.822
2025-04-01 02:41:00,31.083,61.746,103.838,0.372,88.866
2025-04-01 02:41:01,30.737,60.819,104.014,0.816,86.639
2025-04-01 02:41:02,30.701,62.432,103.973,0.793,88.772
2025-04-01 02:41:03,30.773,62.088,104.031,0.878,87.368
2025-04-01 02:41:04,31.525,62.721,104.905,-0.068,88.806
2025-04-01 02:41:05,30.936,62.696,104.785,0.741,88.874
2025-04-01 02:41:06,31.546,61.13,105.458,0.404,89.286
2025-04-01 02:41:07,31.191,62.653,105.394,1.097,88.982
2025-04-01 02:41:08,31.124,62.594,106.796,0.057,87.573
2025-04-01 02:41:09,30.762,61.638,107.034,0.431,87.923
2025-04-01 02:41:10,30.979,63.775,108.46,0.362,89.052
2025-04-01 02:41:11,31.269,63.551,107.459,0.668,88.824
2025-04-01 02:41:12,30.596,62.625,108.122,-0.314,87.971
2025-04-01 02:41:13,31.293,61.388,107.768,0.262,86.784
2025-04-01 02:41:14,30.784,62.573,108.529,0.799,88.688
2025-04-01 02:41:15,30.748,62.181,108.661,-0.626,86.333
2025-04-01 02:41:16,30.717,62.45,107.884,-0.304,90.793
2025-04-01 02:41:17,30.838,63.563,107.718,0.192,89.8
2025-04-01 02:41:18,30.952,64.101,108.297,0.229,87.858
2025-04-01 02:41:19,30.77,62.929,108.603,0.192,87.595
2025-04-01 02:41:20,30.494,64.364,109.184,-0.388,87.405
2025-04-01 02:41:21,30.932,63.111,108.188,-0.067,88.792
2025-04-01 02:41:22,30.783,63.478,108.163,0.04,88.605
2025-04-01 02:41:23,30.993,63.326,108.159,0.139,87.546
2025-04-01 02:41:24,30.433,63.323,107.192,0.183,89.408
2025-04-01 02:41:25,30.586,65.323,107.838,0.021,87.247
2025-04-01 02:41:26,30.449,65.177,106.983,-0.112,86.725
2025-04-01 02:41:27,30.779,64.896,105.786,0.652,88.733
2025-04-01 02:41:28,30.674,63.499,106.539,0.117,88.387
2025-04-01 02:41:29,30.094,65.851,107.131,0.057,87.698
2025-04-01 02:41:30,30.235,64.542,106.883,0.628,88.778
2025-04-01 02:41:31,30.218,64.072,107.01,-0.007,90.167
2025-04-01 02:41:32,29.759,63.692,106.947,0.695,86.571
2025-04-01 02:41:33,30.019,64.11,108.699,0.616,90.348
2025-04-01 02:41:34,30.368,65.415,107.874,0.76,88.556
2025-04-01 02:41:35,30.202,64.673,108.036,0.98,89.072
2025-04-01 02:41:36,30.008,63.976,108.083,1.509,87.895
2025-04-01 02:41:37,29.599,65.307,109.186,0.549,88.678
2025-04-01 02:41:38,30.011,64.219,109.025,1.511,88.182
2025-04-01 02:41:39,29.751,63.873,107.982,0.915,88.209
2025-04-01 02:41:40,29.594,64.708,107.786,1.472,88.865
2025-04-01 02:41:41,29.415,66.294,109.437,1.142,89.408
2025-04-01 02:41:42,29.995,65.276,109.336,1.304,90.998
2025-04-01 02:41:43,29.748,64.888,108.1,0.572,89.449
2025-04-01 02:41:44,29.555,66.036,108.322,1.577,89.813
2025-04-01 02:41:45,29.392,65.692,108.476,1.231,89.534
2025-04-01 02:41:46,29.877,68.02,108.54,0.548,87.871
2025-04-01 02:41:47,29.218,65.644,108.15,1.083,90.016
2025-04-01 02:41:48,29.614,66.558,107.529,1.738,90.364
2025-04-01 02:41:49,29.241,66.366,108.552,0.976,88.89
2025-04-01 02:41:50,29.085,65.126,108.059,0.702,89.366
2025-04-01 02:41:51,29.349,66.733,107.353,2.234,88.929
2025-04-01 02:41:52,29.014,67.415,107.054,2.236,87.407
2025-04-01 02:41:53,29.088,66.091,106.795,1.059,90.019
2025-04-01 02:41:54,28.844,66.717,105.988,1.788,88.444
2025-04-01 02:41:55,28.574,66.958,107.114,2.088,88.668
2025-04-01 02:41:56,29.227,65.909,107.642,1.688,88.623
2025-04-01 02:41:57,28.827,68.257,106.491,1.548,90.165
2025-04-01 02:41:58,29.003,66.941,106.274,2.406,89.698
2025-04-01 02:41:59,28.475,66.9,106.527,1.171,88.801
2025-04-01 02:42:00,28.953,66.903,107.118,2.795,87.424
2025-04-01 02:42:01,28.546,66.372,107.309,2.366,90.156
2025-04-01 02:42:02,28.145,67.776,104.951,3.155,89.197
2025-04-01 02:42:03,28.404,68.234,106.604,2.56,89.528
2025-04-01 02:42:04,28.558,67.825,106.728,2.322,88.894
2025-04-01 02:42:05,28.865,66.933,105.795,2.332,90.249
2025-04-01 02:42:06,28.517,67.309,106.291,2.372,90.417
2025-04-01 02:42:07,28.497,66.935,107.99,1.835,88.737
2025-04-01 02:42:08,28.073,66.935,106.422,2.67,88.56
2025-04-01 02:42:09,28.441,67.248,107.176,1.493,89.968
2025-04-01 02:42:10,28.713,66.798,106.819,2.495,89.567
2025-04-01 02:42:11,28.695,69.06,106.497,2.417,89.722
2025-04-01 02:42:12,28.795,68.076,106.592,2.235,90.487
2025-04-01 02:42:13,28.491,66.724,105.923,1.903,91.077
2025-04-01 02:42:14,28.299,67.832,105.226,2.743,90.4
2025-04-01 02:42:15,27.971,66.224,106.276,2.847,89.619
2025-04-01 02:42:16,28.654,69.23,106.748,3.152,90.699
2025-04-01 02:42:17,28.164,66.922,104.794,2.494,89.305
2025-04-01 02:42:18,28.073,68.54,104.6,2.652,91.934
2025-04-01 02:42:19,28.14,67.147,104.773,3.455,91.179
2025-04-01 02:42:20,28.134,67.876,104.863,2.902,89.686
2025-04-01 02:42:21,28.311,69.02,104.982,3.79,91.339
2025-04-01 02:42:22,28.751,68.552,104.821,3.681,90.038
2025-04-01 02:42:23,28.465,68.03,103.911,3.067,92.551
2025-04-01 02:42:24,27.772,67.507,105.795,3.507,89.346
2025-04-01 02:42:25,28.326,67.023,105.009,2.965,91.861
2025-04-01 02:42:26,28.418,67.902,105.503,2.752,92.106
2025-04-01 02:42:27,28.259,67.907,104.355,2.412,91.444
2025-04-01 02:42:28,28.596,67.088,104.998,2.332,90.533
2025-04-01 02:42:29,28.86,68.648,104.928,2.938,90.29
2025-04-01 02:42:30,28.366,67.384,104.876,2.683,92.244
2025-04-01 02:42:31,28.175,67.826,105.444,2.324,91.108
2025-04-01 02:42:32,28.36,67.828,105.292,3.641,89.541
2025-04-01 02:42:33,28.621,68.46,106.778,3.449,92.305
2025-04-01 02:42:34,28.324,67.989,107.297,4.03,91.071
2025-04-01 02:42:35,28.237,68.862,107.812,2.932,89.443
2025-04-01 02:42:36,28.272,68.211,107.062,2.55,90.156
2025-04-01 02:42:37,28.919,68.419,106.092,2.388,91.696
2025-04-01 02:42:38,28.194,68.318,106.823,3.505,93.054
2025-04-01 02:42:39,28.435,68.722,106.089,3.112,92.263
2025-04-01 02:42:40,28.829,68.809,107.915,2.465,92.152
2025-04-01 02:42:41,28.376,68.689,108.538,3.462,90.416
2025-04-01 02:42:42,28.386,68.761,109.07,3.836,92.3
2025-04-01 02:42:43,28.491,67.784,110.136,3.46,90.502
2025-04-01 02:42:44,28.845,69.611,110.178,2.207,92.423
2025-04-01 02:42:45,28.692,67.678,109.89,3.767,91.848
2025-04-01 02:42:46,28.538,68.264,109.292,3.009,89.573
2025-04-01 02:42:47,28.573,67.378,109.727,2.539,91.139
2025-04-01 02:42:48,28.704,68.423,110.583,2.385,91.712
2025-04-01 02:42:49,28.167,67.629,110.544,2.159,90.273
2025-04-01 02:42:50,28.073,67.115,110.381,1.767,90.099
2025-04-01 02:42:51,28.16,67.172,110.631,2.46,93.247
2025-04-01 02:42:52,28.583,67.536,111.463,2.623,90.323
2025-04-01 02:42:53,28.794,67.065,110.956,2.046,90.874
2025-04-01 02:42:54,28.498,67.954,109.796,3.526,88.638
2025-04-01 02:42:55,28.872,67.19,109.9,2.68,89.714
2025-04-01 02:42:56,28.966,67.475,109.315,1.964,90.658
2025-04-01 02:42:57,28.933,67.772,110.093,2.106,91.603
2025-04-01 02:42:58,29.152,67.889,109.701,3.289,91.612
2025-04-01 02:42:59,28.843,68.081,109.723,1.95,91.206
2025-04-01 02:43:00,28.486,67.844,110.442,2.255,89.553
2025-04-01 02:43:01,29.463,68.275,109.844,2.114,89.834
2025-04-01 02:43:02,29.097,67.339,109.672,2.399,90.048
2025-04-01 02:43:03,29.311,66.296,109.867,2.21,89.677
2025-04-01 02:43:04,29.193,66.708,111.088,1.481,90.67
2025-04-01 02:43:05,29.074,64.908,109.618,0.843,90.042
2025-04-01 02:43:06,29.278,67.683,109.819,2.15,90.559
2025-04-01 02:43:07,29.515,67.43,110.353,0.7,90.381
2025-04-01 02:43:08,28.767,65.032,110.152,2.004,90.326
2025-04-01 02:43:09,29.089,66.284,109.411,1.687,90.684
2025-04-01 02:43:10,29.692,65.027,108.305,1.562,91.88
2025-04-01 02:43:11,29.022,66.029,108.788,1.706,89.223
2025-04-01 02:43:12,29.35,66.898,108.589,0.988,91.552
2025-04-01 02:43:13,29.022,66.966,108.471,1.966,91.596
2025-04-01 02:43:14,29.199,65.843,107.672,1.015,90.608
2025-04-01 02:43:15,29.692,66.586,108.822,1.495,90.078
2025-04-01 02:43:16,29.554,64.418,108.807,1.244,90.856
2025-04-01 02:43:17,29.362,64.475,108.82,1.394,89.224
2025-04-01 02:43:18,30.355,66.669,108.244,1.949,88.95
2025-04-01 02:43:19,29.433,64.511,108.56,1.079,88.997
2025-04-01 02:43:20,29.653,66.294,108.476,1.905,90.512
2025-04-01 02:43:21,29.675,64.538,108.018,0.76,88.996
2025-04-01 02:43:22,30.042,65.349,107.08,1.356,89.995
2025-04-01 02:43:23,30.385,62.694,107.105,0.782,90.881
2025-04-01 02:43:24,30.231,64.377,108.115,0.138,88.1
2025-04-01 02:43:25,30.103,66.159,107.711,0.007,89.073
2025-04-01 02:43:26,29.875,64.372,106.692,-0.072,90.088
2025-04-01 02:43:27,30.476,64.126,105.643,0.501,88.156
2025-04-01 02:43:28,29.844,65.457,106.475,0.058,89.829
2025-04-01 02:43:29,29.758,64.496,104.924,0.554,90.052
2025-04-01 02:43:30,29.88,63.316,105.424,0.969,90.32
2025-04-01 02:43:31,29.764,62.983,105.791,0.266,89.74
2025-04-01 02:43:32,30.078,63.787,105.62,0.633,91.113
2025-04-01 02:43:33,30.72,63.908,105.66,0.396,88.872
2025-04-01 02:43:34,30.708,63.636,105.429,-0.575,88.377
2025-04-01 02:43:35,30.65,62.751,105.286,0.064,91.149
2025-04-01 02:43:36,30.583,63.779,104.969,-0.355,89.445
2025-04-01 02:43:37,30.821,63.983,106.175,0.522,89.44
2025-04-01 02:43:38,30.643,64.981,105.455,0.124,89.632
2025-04-01 02:43:39,31.019,63.728,105.69,0.406,90.091
2025-04-01 02:43:40,31.328,64.241,105.226,0.302,90.933
2025-04-01 02:43:41,30.545,61.498,105.259,-0.849,89.09
2025-04-01 02:43:42,30.479,64.577,104.288,-0.083,89.698
2025-04-01 02:43:43,30.829,63.244,103.793,0.163,87.875
2025-04-01 02:43:44,30.463,61.992,104.622,-0.776,89.751
2025-04-01 02:43:45,31.224,62.986,104.945,0.374,88.444
2025-04-01 02:43:46,30.803,62.877,104.356,0.096,87.772
2025-04-01 02:43:47,30.892,63.085,103.9,0.068,87.455
2025-04-01 02:43:48,31.054,63.29,105.19,-0.137,88.334
2025-04-01 02:43:49,31.057,61.987,105.709,1.023,89.768
2025-04-01 02:43:50,31.71,62.402,105.461,0.462,89.049
2025-04-01 02:43:51,31.061,62.452,104.415,0.126,88.242
2025-04-01 02:43:52,30.162,60.178,104.8,-0.726,88.093
2025-04-01 02:43:53,31.214,61.838,103.652,0.304,89.602
2025-04-01 02:43:54,31.315,61.917,104.02,-0.195,87.698
2025-04-01 02:43:55,31.314,61.821,104.877,-0.355,86.897
2025-04-01 02:43:56,31.007,62.005,106.385,-0.428,90.924
2025-04-01 02:43:57,31.272,61.372,105.802,-0.156,89.777
2025-04-01 02:43:58,30.951,61.97,105.854,0.375,88.371
2025-04-01 02:43:59,31.779,62.399,106.578,1.131,90.139
2025-04-01 02:44:00,31.204,60.994,105.652,0.74,88.904
2025-04-01 02:44:01,31.478,60.983,105.966,0.36,89.497
2025-04-01 02:44:02,31.173,62.429,105.524,0.611,87.259
2025-04-01 02:44:03,31.742,62.342,105.214,-0.398,87.653
2025-04-01 02:44:04,31.37,61.137,105.567,0.931,88.462
2025-04-01 02:44:05,31.564,59.968,106.908,0.67,86.891
2025-04-01 02:44:06,31.52,61.588,105.978,0.351,88.142
2025-04-01 02:44:07,31.538,59.394,105.75,1.448,88.679
2025-04-01 02:44:08,31.521,62.111,105.371,0.096,87.286
2025-04-01 02:44:09,31.446,60.906,105.86,1.128,87.391
2025-04-01 02:44:10,31.587,61.474,107.87,1.963,87.273
2025-04-01 02:44:11,31.649,60.176,108.051,0.738,89.941
2025-04-01 02:44:12,30.892,61.151,108.073,1.126,88.919
2025-04-01 02:44:13,31.625,61.22,108.641,0.613,88.433
2025-04-01 02:44:14,31.145,60.541,108.946,0.864,86.59
2025-04-01 02:44:15,31.606,59.351,108.106,1.317,88.35
2025-04-01 02:44:16,31.697,59.465,108.839,0.515,87.771
2025-04-01 02:44:17,31.215,59.879,107.492,1.195,87.857
2025-04-01 02:44:18,31.346,60.892,108.136,1.074,88.854
2025-04-01 02:44:19,31.367,61.244,107.61,1.617,87.725
2025-04-01 02:44:20,31.485,61.16,106.96,0.851,90.232
2025-04-01 02:44:21,31.487,59.903,105.918,0.911,87.358
2025-04-01 02:44:22,31.481,60.907,107.362,1.559,88.67
2025-04-01 02:44:23,31.135,59.74,106.131,0.845,88.887
2025-04-01 02:44:24,31.09,59.329,107.091,1.384,87.423
2025-04-01 02:44:25,30.933,60.448,106.733,1.385,88.426
2025-04-01 02:44:26,31.198,60.605,106.257,2.319,91.253
2025-04-01 02:44:27,31.423,59.894,105.824,1.742,89.024
2025-04-01 02:44:28,31.3,60.807,104.855,1.513,88.95
2025-04-01 02:44:29,31.348,60.079,104.926,1.686,88.541
2025-04-01 02:44:30,31.089,61.02,105.678,2.067,87.638
2025-04-01 02:44:31,30.96,60.72,106.54,2.245,89.554
2025-04-01 02:44:32,30.839,59.237,106.454,2.348,88.867
2025-04-01 02:44:33,31.176,59.405,105.673,1.808,87.225
2025-04-01 02:44:34,30.55,58.446,106.161,2.205,89.778
2025-04-01 02:44:35,30.474,60.012,105.308,1.536,88.036
2025-04-01 02:44:36,30.795,59.954,107.309,2.033,89.875
2025-04-01 02:44:37,31.071,60.305,105.662,2.918,88.251
2025-04-01 02:44:38,30.662,59.961,106.289,2.66,89.906
2025-04-01 02:44:39,30.791,60.818,107.015,3.263,89.881
2025-04-01 02:44:40,30.955,59.782,106.68,2.548,89.243
2025-04-01 02:44:41,30.189,59.246,105.637,2.212,88.003
2025-04-01 02:44:42,30.401,61.331,106.071,3.491,90.147
2025-04-01 02:44:43,30.08,60.262,107.0,2.604,88.572
2025-04-01 02:44:44,30.413,59.367,106.432,2.194,90.41
2025-04-01 02:44:45,30.2,61.198,105.647,2.646,88.663
2025-04-01 02:44:46,30.692,59.044,104.766,2.355,89.127
2025-04-01 02:44:47,30.787,61.99,104.713,2.606,89.963
2025-04-01 02:44:48,30.217,61.434,105.475,4.011,87.35
2025-04-01 02:44:49,31.08,59.586,106.052,2.608,88.892
2025-04-01 02:44:50,30.077,58.84,105.894,2.205,90.473
2025-04-01 02:44:51,30.286,59.107,107.236,3.091,88.947
2025-04-01 02:44:52,30.729,59.846,107.14,2.306,90.307
2025-04-01 02:44:53,30.47,59.34,106.842,3.462,89.667
2025-04-01 02:44:54,30.626,60.361,108.073,2.706,88.713
2025-04-01 02:44:55,30.004,61.655,107.866,2.736,89.118
2025-04-01 02:44:56,29.74,60.288,106.902,2.99,90.796
2025-04-01 02:44:57,29.644,60.701,106.191,2.792,90.607
2025-04-01 02:44:58,30.354,60.129,106.297,2.285,89.586
2025-04-01 02:44:59,30.23,60.047,106.197,3.019,90.447
2025-04-01 02:45:00,29.806,61.811,106.725,3.379,88.271
2025-04-01 02:45:01,29.971,59.998,106.065,2.958,89.844
2025-04-01 02:45:02,30.006,59.655,106.34,3.507,89.108
2025-04-01 02:45:03,29.774,60.774,106.542,2.243,89.04
2025-04-01 02:45:04,30.385,60.434,104.319,2.255,90.342
2025-04-01 02:45:05,29.742,62.17,104.627,2.986,88.999
2025-04-01 02:45:06,29.515,62.588,104.102,2.392,89.709
2025-04-01 02:45:07,29.892,58.229,104.124,3.117,89.462
2025-04-01 02:45:08,29.009,62.042,103.662,2.26,90.304
2025-04-01 02:45:09,29.68,62.316,104.518,2.44,90.799
2025-04-01 02:45:10,28.982,60.28,104.195,1.267,90.904
2025-04-01 02:45:11,29.283,61.59,103.577,3.207,91.65
2025-04-01 02:45:12,29.025,61.826,102.525,2.313,91.614
2025-04-01 02:45:13,29.636,62.687,101.524,1.903,91.72
2025-04-01 02:45:14,29.154,63.006,101.717,2.697,90.99
2025-04-01 02:45:15,28.963,62.266,102.153,3.292,90.146
2025-04-01 02:45:16,29.279,60.143,102.185,2.438,91.19
2025-04-01 02:45:17,29.796,63.054,102.02,3.513,92.977
2025-04-01 02:45:18,28.819,61.383,102.123,2.245,88.722
2025-04-01 02:45:19,29.345,61.646,102.024,2.085,90.99
2025-04-01 02:45:20,29.398,61.721,102.642,3.315,89.791
2025-04-01 02:45:21,29.549,62.557,103.564,2.018,91.892
2025-04-01 02:45:22,29.042,63.123,104.059,1.957,89.638
2025-04-01 02:45:23,28.499,61.142,104.132,2.687,91.671
2025-04-01 02:45:24,28.942,64.469,103.114,2.555,89.498
2025-04-01 02:45:25,28.909,63.021,103.281,1.889,90.556
2025-04-01 02:45:26,28.92,62.358,104.014,3.428,90.029
2025-04-01 02:45:27,29.327,62.517,103.752,1.39,91.143
2025-04-01 02:45:28,28.4,63.201,104.386,1.692,91.844
2025-04-01 02:45:29,28.708,62.02,105.703,2.724,91.089
2025-04-01 02:45:30,28.982,63.347,106.078,1.558,91.167
2025-04-01 02:45:31,28.375,63.12,105.498,3.114,90.316
2025-04-01 02:45:32,28.495,64.349,106.287,1.692,91.814
2025-04-01 02:45:33,28.403,64.157,106.508,1.847,91.056
2025-04-01 02:45:34,28.569,62.902,107.455,1.594,90.893
2025-04-01 02:45:35,28.739,64.295,106.577,1.834,90.658
2025-04-01 02:45:36,28.387,64.204,107.428,2.621,91.738
2025-04-01 02:45:37,28.72,64.93,106.942,2.555,92.778
2025-04-01 02:45:38,28.466,64.545,108.103,1.305,92.318
2025-04-01 02:45:39,28.39,65.149,108.506,1.951,91.44
2025-04-01 02:45:40,28.434,64.107,108.729,2.038,92.526
2025-04-01 02:45:41,28.86,66.004,108.519,0.935,90.943
2025-04-01 02:45:42,28.785,65.193,108.327,1.296,91.809
2025-04-01 02:45:43,28.836,65.193,108.101,0.426,93.06
2025-04-01 02:45:44,29.057,65.07,107.179,0.991,91.303
2025-04-01 02:45:45,28.163,63.301,107.229,0.993,90.748
2025-04-01 02:45:46,28.785,64.879,106.581,0.99,91.408
2025-04-01 02:45:47,28.422,64.05,107.062,0.987,91.932
2025-04-01 02:45:48,28.135,64.624,107.046,0.694,92.47
2025-04-01 02:45:49,28.413,66.83,107.862,0.615,91.019
2025-04-01 02:45:50,28.349,66.222,106.866,-0.115,92.29
2025-04-01 02:45:51,28.975,65.324,107.762,0.007,90.086
2025-04-01 02:45:52,28.416,65.249,107.209,1.03,92.577
2025-04-01 02:45:53,28.695,64.523,106.926,-0.216,90.179
2025-04-01 02:45:54,28.268,65.03,107.012,-0.185,91.78
2025-04-01 02:45:55,28.284,66.463,106.971,-0.128,91.295
2025-04-01 02:45:56,28.191,65.382,107.245,0.336,91.356
2025-04-01 02:45:57,28.809,64.899,106.049,-0.034,91.138
2025-04-01 02:45:58,28.519,66.133,107.752,0.337,88.911
2025-04-01 02:45:59,28.478,66.238,106.884,0.188,91.733
2025-04-01 02:46:00,28.094,66.511,108.163,0.335,90.628
2025-04-01 02:46:01,28.473,66.491,107.016,0.268,91.131
2025-04-01 02:46:02,28.292,67.289,105.909,1.734,90.756
2025-04-01 02:46:03,28.395,64.573,107.343,0.119,91.352
2025-04-01 02:46:04,28.084,65.474,106.15,0.125,88.897
2025-04-01 02:46:05,28.743,65.952,106.049,-0.148,92.498
2025-04-01 02:46:06,29.113,65.716,107.749,0.481,91.758
2025-04-01 02:46:07,28.64,66.083,106.397,-0.436,91.143
2025-04-01 02:46:08,28.647,66.781,106.713,0.487,92.407
2025-04-01 02:46:09,29.451,66.713,106.89,-0.559,91.268
2025-04-01 02:46:10,28.554,67.772,106.418,0.019,91.409
2025-04-01 02:46:11,28.467,67.539,105.556,-0.672,90.993
2025-04-01 02:46:12,28.402,67.81,105.44,0.388,89.985
2025-04-01 02:46:13,28.577,67.571,105.289,-1.252,91.49
2025-04-01 02:46:14,29.014,66.696,106.364,-0.582,89.915
2025-04-01 02:46:15,28.701,69.013,105.051,-0.409,91.135
2025-04-01 02:46:16,28.779,67.122,104.57,-0.808,90.226
2025-04-01 02:46:17,28.839,67.571,105.662,0.041,91.516
2025-04-01 02:46:18,28.832,67.111,104.424,-0.122,90.587
2025-04-01 02:46:19,29.448,66.649,104.351,0.393,90.52
2025-04-01 02:46:20,29.397,66.915,104.307,0.254,90.616
2025-04-01 02:46:21,29.0,68.451,104.649,1.102,89.39
2025-04-01 02:46:22,29.018,67.705,104.601,-0.935,89.982
2025-04-01 02:46:23,29.401,68.134,105.458,0.76,88.944
2025-04-01 02:46:24,29.591,67.132,104.422,0.32,91.11
2025-04-01 02:46:25,29.084,67.584,104.058,0.238,91.538
2025-04-01 02:46:26,29.116,67.018,104.538,1.201,90.746
2025-04-01 02:46:27,29.468,68.3,105.073,-0.147,89.662
2025-04-01 02:46:28,28.945,68.037,105.204,0.131,89.402
2025-04-01 02:46:29,29.704,67.078,105.612,-0.263,90.575
2025-04-01 02:46:30,29.696,68.279,104.814,0.079,89.707
2025-04-01 02:46:31,29.642,67.772,105.897,0.035,89.946
2025-04-01 02:46:32,29.729,66.752,105.902,0.912,89.546
2025-04-01 02:46:33,29.95,68.939,106.211,0.092,88.777
2025-04-01 02:46:34,29.337,67.04,106.476,0.688,90.586
2025-04-01 02:46:35,30.135,67.869,106.274,0.84,89.457
2025-04-01 02:46:36,30.075,67.599,106.008,0.608,90.176
2025-04-01 02:46:37,29.502,69.029,105.9,0.735,88.679
2025-04-01 02:46:38,29.708,68.047,106.706,0.725,88.624
2025-04-01 02:46:39,30.484,66.981,106.494,0.489,88.631
