time,温度,湿度,A,B,C,health
2025-01-01 00:00:00,25.152,65.176,98.342,53.191,78.92,0.576407
2025-01-01 00:00:01,24.497,65.899,100.98,53.962,78.545,0.607195
2025-01-01 00:00:02,25.409,63.527,100.12,52.921,80.508,0.587125
2025-01-01 00:00:03,25.52,64.714,99.667,53.424,80.348,0.584928
2025-01-01 00:00:04,24.091,65.827,100.105,53.798,77.549,0.602103
2025-01-01 00:00:05,24.432,65.063,101.481,53.652,78.71,0.609856
2025-01-01 00:00:06,25.164,66.463,101.264,54.567,80.633,0.611296
2025-01-01 00:00:07,24.958,63.419,100.494,53.39,80.295,0.593839
2025-01-01 00:00:08,25.125,63.303,99.571,51.998,79.955,0.589768
2025-01-01 00:00:09,24.723,65.761,99.73,52.618,81.217,0.622767
2025-01-01 00:00:10,25.606,65.855,101.64,53.945,78.813,0.590111
2025-01-01 00:00:11,25.572,64.793,99.698,53.481,79.885,0.580445
2025-01-01 00:00:12,25.233,65.384,100.945,52.952,81.275,0.616346
2025-01-01 00:00:13,25.78,65.726,103.833,55.498,79.928,0.599659
2025-01-01 00:00:14,25.467,64.164,101.699,54.583,81.137,0.595422
2025-01-01 00:00:15,24.82,64.268,102.069,53.862,79.44,0.604542
2025-01-01 00:00:16,25.45,65.161,100.354,54.083,79.881,0.586357
2025-01-01 00:00:17,24.803,65.872,100.275,53.671,78.785,0.599136
2025-01-01 00:00:18,25.738,63.798,102.385,52.865,78.509,0.583312
2025-01-01 00:00:19,25.29,64.762,101.394,54.678,80.46,0.595146
2025-01-01 00:00:20,25.239,64.711,102.937,54.519,81.625,0.617788
2025-01-01 00:00:21,25.008,65.369,101.993,52.239,81.001,0.631539
2025-01-01 00:00:22,25.976,64.938,105.493,53.985,82.584,0.633794
2025-01-01 00:00:23,25.304,64.395,101.55,54.055,80.774,0.600393
2025-01-01 00:00:24,25.183,66.185,102.497,53.51,78.755,0.610707
2025-01-01 00:00:25,25.238,64.391,101.4,55.425,81.765,0.598728
2025-01-01 00:00:26,25.696,64.633,103.411,55.318,80.111,0.59317
2025-01-01 00:00:27,25.629,63.328,102.905,53.404,81.609,0.607189
2025-01-01 00:00:28,25.669,64.2,101.588,53.506,78.768,0.579122
2025-01-01 00:00:29,25.694,65.423,102.316,53.389,81.233,0.613497
2025-01-01 00:00:30,26.566,65.221,104.089,53.149,82.459,0.617988
2025-01-01 00:00:31,25.308,65.493,104.053,52.878,82.365,0.64709
2025-01-01 00:00:32,25.271,65.438,101.47,53.995,81.42,0.613534
2025-01-01 00:00:33,25.136,66.967,102.502,55.133,81.712,0.62902
2025-01-01 00:00:34,25.867,64.124,104.872,54.777,81.229,0.609586
2025-01-01 00:00:35,26.14,63.245,102.966,54.142,81.519,0.589976
2025-01-01 00:00:36,25.534,63.806,103.399,51.557,82.681,0.637605
2025-01-01 00:00:37,25.187,64.145,104.324,51.962,81.08,0.638716
2025-01-01 00:00:38,25.211,63.866,102.046,54.276,81.249,0.60452
2025-01-01 00:00:39,25.964,64.926,102.519,54.691,80.188,0.587898
2025-01-01 00:00:40,26.026,66.076,103.216,53.808,82.91,0.627899
2025-01-01 00:00:41,25.942,66.354,104.824,53.089,81.801,0.639686
2025-01-01 00:00:42,25.353,65.31,104.719,54.383,80.72,0.626561
2025-01-01 00:00:43,25.818,66.937,104.498,53.872,83.273,0.649778
2025-01-01 00:00:44,25.775,64.43,103.718,54.145,82.215,0.617461
2025-01-01 00:00:45,25.842,63.144,105.065,51.716,81.43,0.627856
2025-01-01 00:00:46,26.184,65.82,103.861,53.442,83.442,0.634181
2025-01-01 00:00:47,25.875,62.918,104.668,54.551,82.011,0.607103
2025-01-01 00:00:48,26.118,63.991,105.079,53.518,80.587,0.608701
2025-01-01 00:00:49,25.828,65.256,105.94,53.818,83.67,0.651715
2025-01-01 00:00:50,25.954,64.622,104.263,53.051,81.561,0.621641
2025-01-01 00:00:51,26.14,64.523,104.032,53.069,86.242,0.651365
2025-01-01 00:00:52,25.111,63.522,105.764,54.068,82.132,0.639868
2025-01-01 00:00:53,25.695,64.68,105.915,52.371,80.296,0.634471
2025-01-01 00:00:54,25.635,65.683,104.074,52.254,84.868,0.664931
2025-01-01 00:00:55,25.565,64.688,103.585,52.445,82.744,0.638735
2025-01-01 00:00:56,25.762,63.825,105.982,52.806,83.166,0.646675
2025-01-01 00:00:57,26.662,63.396,103.193,51.457,83.365,0.6155
2025-01-01 00:00:58,25.497,63.821,103.213,53.289,81.321,0.614375
2025-01-01 00:00:59,26.428,65.011,104.709,52.53,80.401,0.612152
2025-01-01 00:01:00,25.117,64.949,105.049,53.301,85.392,0.674012
2025-01-01 00:01:01,25.806,63.792,103.957,50.88,81.218,0.629265
2025-01-01 00:01:02,26.069,62.368,105.307,53.217,85.106,0.637458
2025-01-01 00:01:03,26.296,64.985,105.42,53.556,83.818,0.639441
2025-01-01 00:01:04,26.372,63.654,104.741,52.792,83.442,0.626033
2025-01-01 00:01:05,26.428,65.227,107.322,52.42,82.716,0.651364
2025-01-01 00:01:06,25.871,63.768,105.785,53.042,86.093,0.663126
2025-01-01 00:01:07,25.828,63.522,106.549,53.321,82.536,0.638919
2025-01-01 00:01:08,26.503,64.648,104.029,52.675,82.614,0.619406
2025-01-01 00:01:09,25.992,66.838,104.085,52.687,84.264,0.658146
2025-01-01 00:01:10,25.464,65.214,106.074,53.487,82.693,0.654678
2025-01-01 00:01:11,25.549,64.586,107.531,52.722,82.331,0.661412
2025-01-01 00:01:12,25.67,64.794,104.729,51.424,83.519,0.658343
2025-01-01 00:01:13,26.392,62.668,105.944,53.028,84.457,0.633736
2025-01-01 00:01:14,26.228,63.281,104.626,51.866,85.931,0.651172
2025-01-01 00:01:15,26.515,61.877,105.203,51.942,86.218,0.641413
2025-01-01 00:01:16,25.97,66.102,106.174,51.951,81.611,0.653365
2025-01-01 00:01:17,26.276,65.883,105.547,52.589,85.053,0.66278
2025-01-01 00:01:18,26.523,64.732,104.792,53.162,82.663,0.622109
2025-01-01 00:01:19,26.069,64.458,104.827,51.731,82.764,0.640733
2025-01-01 00:01:20,26.465,62.754,104.325,53.045,83.279,0.611554
2025-01-01 00:01:21,25.919,64.069,106.743,51.739,83.243,0.658364
2025-01-01 00:01:22,26.081,66.064,106.919,52.677,82.723,0.659549
2025-01-01 00:01:23,26.085,64.385,106.968,51.661,81.257,0.64422
2025-01-01 00:01:24,25.691,63.672,105.52,51.055,85.823,0.675448
2025-01-01 00:01:25,26.545,62.46,107.487,52.934,85.205,0.646629
2025-01-01 00:01:26,26.079,65.581,107.24,50.872,84.146,0.681049
2025-01-01 00:01:27,26.333,64.112,106.591,50.765,83.043,0.654285
2025-01-01 00:01:28,26.579,62.407,106.477,50.229,85.725,0.660711
2025-01-01 00:01:29,26.574,63.221,106.034,52.193,84.204,0.638269
2025-01-01 00:01:30,26.696,62.849,106.924,52.328,83.628,0.634207
2025-01-01 00:01:31,26.326,63.976,108.397,51.368,82.382,0.657162
2025-01-01 00:01:32,26.176,64.296,107.964,50.228,85.038,0.686333
2025-01-01 00:01:33,26.36,63.566,106.616,50.954,84.027,0.656331
2025-01-01 00:01:34,25.568,64.827,107.456,50.662,84.778,0.693413
2025-01-01 00:01:35,25.699,64.109,105.86,50.024,84.702,0.679065
2025-01-01 00:01:36,25.773,65.073,107.735,50.401,85.298,0.698227
2025-01-01 00:01:37,25.948,63.633,106.216,51.141,84.831,0.667033
2025-01-01 00:01:38,26.658,67.016,107.779,50.196,84.239,0.687792
2025-01-01 00:01:39,26.016,63.385,110.099,50.857,85.305,0.695678
2025-01-01 00:01:40,26.291,63.026,106.6,49.146,85.814,0.679229
2025-01-01 00:01:41,27.141,62.882,110.131,51.854,86.562,0.673378
2025-01-01 00:01:42,26.324,63.677,107.737,50.141,83.395,0.666377
2025-01-01 00:01:43,26.882,62.147,106.534,51.093,86.107,0.650213
2025-01-01 00:01:44,26.058,64.14,106.525,50.491,82.899,0.660343
2025-01-01 00:01:45,26.432,61.919,109.721,50.605,86.053,0.682667
2025-01-01 00:01:46,26.071,63.964,107.883,49.32,84.159,0.685234
2025-01-01 00:01:47,26.387,62.43,106.857,49.56,85.908,0.673161
2025-01-01 00:01:48,26.987,63.378,107.253,49.521,86.72,0.676456
2025-01-01 00:01:49,25.713,64.342,107.919,50.075,85.234,0.697568
2025-01-01 00:01:50,26.804,66.019,107.51,51.058,84.992,0.676451
2025-01-01 00:01:51,26.716,62.614,107.895,50.287,84.96,0.663161
2025-01-01 00:01:52,26.31,63.519,109.351,49.163,84.542,0.691346
2025-01-01 00:01:53,25.894,62.923,106.478,49.896,86.485,0.685452
2025-01-01 00:01:54,26.663,62.754,108.277,49.705,85.034,0.672234
2025-01-01 00:01:55,26.372,62.886,107.586,49.431,82.581,0.657749
2025-01-01 00:01:56,26.762,64.402,107.185,49.643,86.279,0.68309
2025-01-01 00:01:57,26.666,63.067,108.781,50.209,86.243,0.68314
2025-01-01 00:01:58,27.466,65.78,106.27,48.965,85.323,0.669499
2025-01-01 00:01:59,26.554,63.923,105.388,49.208,84.351,0.660379
2025-01-01 00:02:00,26.171,62.474,108.0,50.214,83.93,0.66672
2025-01-01 00:02:01,26.782,63.093,107.658,49.747,84.405,0.662885
2025-01-01 00:02:02,26.811,62.634,106.463,50.338,85.61,0.65585
2025-01-01 00:02:03,27.389,64.211,106.123,50.408,83.184,0.633339
2025-01-01 00:02:04,27.136,61.748,109.782,48.114,85.929,0.683546
2025-01-01 00:02:05,26.905,62.021,108.331,49.378,85.53,0.668749
2025-01-01 00:02:06,27.466,62.746,107.903,48.685,87.01,0.674913
2025-01-01 00:02:07,26.149,63.995,110.093,48.077,86.329,0.72123
2025-01-01 00:02:08,26.431,64.52,108.934,48.349,84.642,0.698516
2025-01-01 00:02:09,26.296,64.643,109.694,48.685,83.502,0.69673
2025-01-01 00:02:10,26.572,63.767,106.756,48.635,84.566,0.673886
2025-01-01 00:02:11,26.086,63.128,106.73,48.33,87.23,0.700035
2025-01-01 00:02:12,27.1,63.98,108.574,48.75,85.945,0.686546
2025-01-01 00:02:13,26.679,62.015,108.38,50.664,86.329,0.670903
2025-01-01 00:02:14,26.062,61.289,109.223,47.273,84.876,0.695439
2025-01-01 00:02:15,26.297,63.545,106.349,49.509,86.231,0.681458
2025-01-01 00:02:16,26.968,62.076,108.689,48.531,83.843,0.663482
2025-01-01 00:02:17,27.238,62.99,108.98,48.142,86.807,0.690311
2025-01-01 00:02:18,27.824,63.149,108.931,46.825,84.316,0.670068
2025-01-01 00:02:19,28.289,63.251,107.591,48.998,83.35,0.629582
2025-01-01 00:02:20,27.046,63.914,108.518,47.183,88.45,0.714151
2025-01-01 00:02:21,26.351,63.781,107.224,48.946,85.913,0.689195
2025-01-01 00:02:22,25.786,63.117,107.707,49.625,85.895,0.69453
2025-01-01 00:02:23,26.992,62.453,106.956,47.155,83.537,0.660373
2025-01-01 00:02:24,26.458,62.975,107.238,49.065,86.543,0.685767
2025-01-01 00:02:25,26.662,62.244,107.753,48.1,86.873,0.68913
2025-01-01 00:02:26,26.57,62.616,107.498,46.355,85.584,0.693602
2025-01-01 00:02:27,26.811,65.403,107.226,47.017,86.904,0.70982
2025-01-01 00:02:28,27.42,62.94,106.679,48.074,87.253,0.674503
2025-01-01 00:02:29,26.971,63.18,109.932,48.204,86.491,0.70028
2025-01-01 00:02:30,26.819,61.996,107.463,46.57,83.272,0.666275
2025-01-01 00:02:31,26.385,63.693,108.284,47.812,84.501,0.692252
2025-01-01 00:02:32,26.071,63.405,106.185,48.398,87.917,0.702879
2025-01-01 00:02:33,26.67,63.384,109.291,48.491,86.002,0.697812
2025-01-01 00:02:34,26.891,62.803,108.089,47.316,86.017,0.689496
2025-01-01 00:02:35,27.807,63.594,107.465,47.951,84.924,0.66018
2025-01-01 00:02:36,26.992,63.803,107.459,48.413,85.165,0.67649
2025-01-01 00:02:37,27.423,62.785,108.749,48.192,87.369,0.687577
2025-01-01 00:02:38,26.686,62.359,104.911,48.178,87.744,0.675958
2025-01-01 00:02:39,26.347,63.339,107.023,47.512,86.91,0.701264
2025-01-01 00:02:40,26.461,61.511,107.71,47.302,86.621,0.691343
2025-01-01 00:02:41,26.585,61.668,107.68,47.553,86.718,0.688843
2025-01-01 00:02:42,28.016,62.303,110.296,46.682,85.887,0.682486
2025-01-01 00:02:43,26.544,60.586,107.433,48.14,84.532,0.660988
2025-01-01 00:02:44,27.378,63.125,108.739,45.985,84.277,0.682625
2025-01-01 00:02:45,26.51,61.305,109.538,46.765,87.563,0.711031
2025-01-01 00:02:46,27.431,61.767,108.373,47.1,85.949,0.675068
2025-01-01 00:02:47,27.16,61.995,107.004,47.465,86.564,0.674616
2025-01-01 00:02:48,26.893,62.218,106.368,47.576,86.247,0.673958
2025-01-01 00:02:49,26.953,61.805,108.371,48.203,86.31,0.680092
2025-01-01 00:02:50,26.649,62.051,109.244,47.037,86.412,0.701536
2025-01-01 00:02:51,27.202,62.028,108.116,46.363,86.836,0.690681
2025-01-01 00:02:52,26.754,61.611,108.775,46.785,85.079,0.685776
2025-01-01 00:02:53,26.371,61.254,110.103,46.61,87.419,0.716872
2025-01-01 00:02:54,26.346,63.078,108.317,47.246,85.114,0.697239
2025-01-01 00:02:55,27.074,59.862,106.347,45.942,86.286,0.665713
2025-01-01 00:02:56,27.779,61.73,107.466,46.621,84.578,0.654546
2025-01-01 00:02:57,27.071,61.436,108.752,48.026,85.796,0.67537
2025-01-01 00:02:58,26.933,62.293,107.098,46.84,85.201,0.675858
2025-01-01 00:02:59,27.137,60.389,108.817,45.822,86.019,0.683711
2025-01-01 00:03:00,27.648,61.312,107.207,46.361,86.87,0.67138
2025-01-01 00:03:01,27.106,61.678,107.571,44.816,86.075,0.691137
2025-01-01 00:03:02,26.792,62.82,106.848,46.525,88.332,0.704602
2025-01-01 00:03:03,27.551,62.05,107.319,47.861,86.929,0.669465
2025-01-01 00:03:04,27.213,60.503,107.332,45.566,85.695,0.672145
2025-01-01 00:03:05,27.767,61.168,105.47,45.322,85.86,0.655339
2025-01-01 00:03:06,27.091,62.51,106.595,45.938,86.41,0.685405
2025-01-01 00:03:07,26.388,60.392,105.761,47.171,86.795,0.674422
2025-01-01 00:03:08,26.316,61.482,106.543,47.772,84.462,0.667315
2025-01-01 00:03:09,27.825,61.52,106.111,46.742,86.699,0.657752
2025-01-01 00:03:10,27.862,61.112,107.872,45.331,84.477,0.659509
2025-01-01 00:03:11,26.91,64.161,107.838,46.319,86.566,0.706238
2025-01-01 00:03:12,26.808,61.021,107.328,47.745,87.229,0.680383
2025-01-01 00:03:13,27.729,61.851,105.452,46.043,86.259,0.65872
2025-01-01 00:03:14,26.444,60.603,106.573,46.383,83.098,0.658196
2025-01-01 00:03:15,26.55,61.865,105.274,46.443,83.739,0.659855
2025-01-01 00:03:16,27.318,62.176,106.424,44.994,86.542,0.684745
2025-01-01 00:03:17,26.798,60.685,107.167,47.011,82.911,0.650092
2025-01-01 00:03:18,26.991,61.186,107.46,46.877,86.575,0.679691
2025-01-01 00:03:19,26.911,60.313,106.888,44.582,87.012,0.689754
2025-01-01 00:03:20,27.16,60.032,107.62,45.096,87.18,0.685929
2025-01-01 00:03:21,27.693,62.181,106.567,45.369,85.514,0.66841
2025-01-01 00:03:22,27.033,60.557,106.019,46.729,86.316,0.663857
2025-01-01 00:03:23,27.307,58.665,107.07,45.515,86.026,0.658954
2025-01-01 00:03:24,25.958,62.812,107.046,46.424,83.993,0.691827
2025-01-01 00:03:25,26.957,60.211,105.558,45.945,86.639,0.667494
2025-01-01 00:03:26,26.557,60.735,106.403,46.136,87.397,0.688798
2025-01-01 00:03:27,26.367,62.589,105.671,46.465,86.539,0.691241
2025-01-01 00:03:28,26.535,60.774,103.897,46.276,85.092,0.654381
2025-01-01 00:03:29,26.804,60.719,106.286,46.033,86.566,0.677767
2025-01-01 00:03:30,27.426,59.622,104.49,46.302,87.217,0.648432
2025-01-01 00:03:31,26.302,59.182,106.051,46.206,87.041,0.678291
2025-01-01 00:03:32,26.977,60.618,104.125,45.858,86.855,0.662012
2025-01-01 00:03:33,26.716,61.114,104.878,45.674,83.693,0.653452
2025-01-01 00:03:34,26.791,61.024,105.1,47.519,86.062,0.65822
2025-01-01 00:03:35,27.453,60.204,106.671,45.656,86.338,0.66495
2025-01-01 00:03:36,27.217,60.672,104.87,47.1,86.789,0.653888
2025-01-01 00:03:37,27.613,58.782,104.263,45.455,86.141,0.634731
2025-01-01 00:03:38,26.863,61.046,105.636,46.65,87.363,0.676076
2025-01-01 00:03:39,26.588,60.714,104.987,47.427,83.285,0.639006
2025-01-01 00:03:40,26.82,62.493,105.927,45.73,86.126,0.685367
2025-01-01 00:03:41,27.048,60.494,104.056,45.467,86.008,0.655539
2025-01-01 00:03:42,27.011,59.511,105.21,45.658,86.493,0.660117
2025-01-01 00:03:43,26.376,60.369,107.399,45.988,87.236,0.696361
2025-01-01 00:03:44,26.958,60.059,104.619,46.264,84.295,0.639947
2025-01-01 00:03:45,27.022,60.788,104.975,45.979,87.147,0.669511
2025-01-01 00:03:46,28.162,60.347,103.055,45.679,86.289,0.624948
2025-01-01 00:03:47,27.836,59.027,103.791,47.584,85.061,0.604729
2025-01-01 00:03:48,26.466,58.618,105.031,45.866,84.169,0.644929
2025-01-01 00:03:49,26.743,60.483,104.168,45.538,85.469,0.657918
2025-01-01 00:03:50,26.15,61.57,105.039,46.706,85.549,0.675879
2025-01-01 00:03:51,26.58,60.233,104.775,46.727,85.589,0.656661
2025-01-01 00:03:52,27.028,60.934,102.957,47.189,84.399,0.626887
2025-01-01 00:03:53,27.467,61.1,105.215,47.612,85.855,0.643536
2025-01-01 00:03:54,26.493,60.321,102.881,46.358,84.608,0.640637
2025-01-01 00:03:55,26.525,59.206,103.283,45.862,86.526,0.653218
2025-01-01 00:03:56,25.772,60.183,104.2,44.583,87.089,0.6934
2025-01-01 00:03:57,26.757,61.161,105.46,45.368,84.031,0.661641
2025-01-01 00:03:58,26.301,60.451,102.811,46.3,85.048,0.648753
2025-01-01 00:03:59,26.561,60.636,103.885,45.203,86.112,0.667664
2025-01-01 00:04:00,26.38,59.391,103.814,44.895,85.245,0.65807
2025-01-01 00:04:01,26.764,59.618,104.236,46.233,83.26,0.630371
2025-01-01 00:04:02,25.926,59.669,104.683,46.819,85.889,0.66704
2025-01-01 00:04:03,26.064,59.703,103.015,46.018,84.092,0.644604
2025-01-01 00:04:04,27.854,60.889,104.35,46.952,85.027,0.625908
2025-01-01 00:04:05,26.139,57.34,104.588,46.747,83.56,0.628864
2025-01-01 00:04:06,26.226,59.685,104.96,47.194,85.673,0.658913
2025-01-01 00:04:07,27.685,59.542,103.596,48.035,84.18,0.599947
2025-01-01 00:04:08,28.212,58.216,103.17,48.409,85.732,0.585473
2025-01-01 00:04:09,26.165,60.226,102.455,46.926,84.359,0.637874
2025-01-01 00:04:10,26.559,58.797,101.388,45.996,84.004,0.615517
2025-01-01 00:04:11,26.906,59.131,102.486,46.438,85.041,0.623636
2025-01-01 00:04:12,27.591,61.304,102.792,47.672,83.221,0.603586
2025-01-01 00:04:13,26.225,60.432,102.486,45.724,86.632,0.663695
2025-01-01 00:04:14,26.587,59.963,103.109,47.623,84.66,0.629465
2025-01-01 00:04:15,27.089,59.737,100.973,46.356,83.721,0.602963
2025-01-01 00:04:16,26.909,59.158,102.16,46.702,83.884,0.610367
2025-01-01 00:04:17,26.495,61.289,104.252,45.902,84.347,0.658102
2025-01-01 00:04:18,26.607,60.059,103.167,45.519,85.483,0.650976
2025-01-01 00:04:19,25.977,58.474,102.702,46.385,83.176,0.625994
2025-01-01 00:04:20,26.536,57.791,102.391,47.681,83.768,0.602375
2025-01-01 00:04:21,26.513,59.725,101.549,46.108,84.113,0.6243
2025-01-01 00:04:22,26.752,59.069,100.074,47.992,85.984,0.605004
2025-01-01 00:04:23,26.349,57.663,102.198,46.276,85.292,0.626046
2025-01-01 00:04:24,26.853,59.488,99.206,45.913,85.961,0.614054
2025-01-01 00:04:25,27.113,58.758,101.241,47.004,84.05,0.595361
2025-01-01 00:04:26,26.675,59.525,101.476,47.379,85.691,0.622331
2025-01-01 00:04:27,26.763,59.403,100.945,47.022,85.451,0.616336
2025-01-01 00:04:28,26.603,58.321,103.476,47.028,84.725,0.624949
2025-01-01 00:04:29,26.567,59.529,103.041,48.226,84.78,0.623039
2025-01-01 00:04:30,26.195,58.366,102.162,47.057,83.092,0.611189
2025-01-01 00:04:31,26.704,58.399,100.116,46.643,85.957,0.611001
2025-01-01 00:04:32,26.486,58.267,102.874,46.151,83.426,0.61863
2025-01-01 00:04:33,27.571,59.898,101.483,48.115,84.349,0.589871
2025-01-01 00:04:34,27.3,58.454,99.834,46.795,84.446,0.583165
2025-01-01 00:04:35,26.695,60.075,100.72,46.914,81.945,0.593776
2025-01-01 00:04:36,26.11,60.454,101.557,48.058,83.486,0.619359
2025-01-01 00:04:37,25.924,57.899,99.911,48.901,83.747,0.588774
2025-01-01 00:04:38,27.065,55.685,100.562,47.501,83.322,0.559224
2025-01-01 00:04:39,26.589,59.619,100.649,47.233,83.367,0.601344
2025-01-01 00:04:40,26.686,58.2,99.143,47.381,85.16,0.590983
2025-01-01 00:04:41,25.562,57.644,99.885,47.065,82.331,0.596494
2025-01-01 00:04:42,26.887,57.89,99.041,47.188,81.755,0.557193
2025-01-01 00:04:43,26.638,58.032,100.846,47.237,82.528,0.583485
2025-01-01 00:04:44,25.844,59.712,98.98,48.291,84.079,0.603667
2025-01-01 00:04:45,26.152,58.543,100.091,47.538,84.15,0.602934
2025-01-01 00:04:46,26.507,59.636,98.32,48.742,83.82,0.578356
2025-01-01 00:04:47,26.389,58.815,98.488,47.608,84.14,0.587088
2025-01-01 00:04:48,26.205,57.98,98.351,47.454,83.306,0.578355
2025-01-01 00:04:49,26.287,57.868,99.155,48.817,82.33,0.563884
2025-01-01 00:04:50,26.2,58.788,99.536,47.86,81.77,0.57794
2025-01-01 00:04:51,26.39,59.016,99.632,47.79,81.342,0.573195
2025-01-01 00:04:52,27.037,59.161,97.406,47.967,82.536,0.551316
2025-01-01 00:04:53,25.005,57.872,98.922,49.163,83.706,0.598846
2025-01-01 00:04:54,26.157,58.278,98.251,48.284,82.996,0.572215
2025-01-01 00:04:55,26.351,58.656,99.448,49.089,82.69,0.571472
2025-01-01 00:04:56,26.398,57.657,98.558,47.952,81.347,0.553599
2025-01-01 00:04:57,26.051,56.876,98.657,49.062,85.659,0.583351
2025-01-01 00:04:58,25.345,57.174,97.905,48.431,81.524,0.566249
2025-01-01 00:04:59,26.374,57.709,100.287,48.999,82.61,0.570427
2025-01-01 00:05:00,27.061,58.581,97.192,49.118,83.619,0.545209
2025-01-01 00:05:01,25.417,59.148,97.989,47.644,82.416,0.592744
2025-01-01 00:05:02,26.602,56.503,98.409,48.507,81.347,0.53516
2025-01-01 00:05:03,25.992,57.231,97.963,49.268,83.235,0.560647
2025-01-01 00:05:04,26.112,57.441,97.364,49.448,80.607,0.531838
2025-01-01 00:05:05,25.603,58.564,96.23,49.611,84.254,0.571581
2025-01-01 00:05:06,25.948,57.211,97.264,48.746,82.451,0.553499
2025-01-01 00:05:07,26.752,57.28,96.91,49.949,81.757,0.518572
2025-01-01 00:05:08,26.379,56.268,99.464,48.245,80.31,0.539957
2025-01-01 00:05:09,26.94,58.134,99.964,47.629,80.576,0.55197
2025-01-01 00:05:10,26.648,57.46,97.563,48.658,81.844,0.537691
2025-01-01 00:05:11,26.265,56.938,96.125,49.892,84.126,0.540906
2025-01-01 00:05:12,26.903,57.303,98.183,48.121,82.083,0.541612
2025-01-01 00:05:13,26.236,58.661,96.38,47.87,82.167,0.555172
2025-01-01 00:05:14,26.416,56.5,96.728,47.725,82.162,0.538823
2025-01-01 00:05:15,25.84,56.634,96.565,49.746,84.483,0.555567
2025-01-01 00:05:16,26.007,58.699,96.61,48.055,81.064,0.551884
2025-01-01 00:05:17,25.61,57.494,96.673,49.708,83.42,0.559397
2025-01-01 00:05:18,26.439,58.06,95.632,49.063,81.01,0.521883
2025-01-01 00:05:19,25.34,57.763,96.162,48.765,80.591,0.547132
2025-01-01 00:05:20,26.306,57.298,97.802,48.639,81.287,0.54152
2025-01-01 00:05:21,25.804,56.957,96.667,49.66,81.228,0.533278
2025-01-01 00:05:22,26.47,58.109,96.745,48.948,81.951,0.53887
2025-01-01 00:05:23,26.245,58.412,94.308,49.604,78.434,0.493015
2025-01-01 00:05:24,26.765,58.306,97.408,49.986,81.347,0.526127
2025-01-01 00:05:25,26.205,56.008,95.695,50.212,80.397,0.498534
2025-01-01 00:05:26,25.038,58.471,97.425,50.527,80.193,0.552521
2025-01-01 00:05:27,25.776,56.781,96.377,49.968,79.453,0.513279
2025-01-01 00:05:28,25.208,56.357,95.583,49.053,80.517,0.532345
2025-01-01 00:05:29,25.52,56.915,94.389,50.323,80.281,0.508755
2025-01-01 00:05:30,26.519,57.889,98.165,50.533,80.335,0.521931
2025-01-01 00:05:31,26.067,57.571,96.716,49.919,78.826,0.510452
2025-01-01 00:05:32,25.383,56.748,96.7,49.892,80.856,0.536601
2025-01-01 00:05:33,25.21,57.815,97.58,52.159,79.734,0.529043
2025-01-01 00:05:34,25.718,57.091,95.91,49.202,78.668,0.512468
2025-01-01 00:05:35,25.077,56.351,96.964,50.688,79.918,0.528802
2025-01-01 00:05:36,25.334,56.19,95.059,51.187,79.593,0.500505
2025-01-01 00:05:37,25.81,57.282,96.202,50.134,80.517,0.522498
2025-01-01 00:05:38,26.216,56.764,94.761,50.329,79.739,0.490295
2025-01-01 00:05:39,25.927,55.445,94.815,50.199,78.619,0.478979
2025-01-01 00:05:40,24.461,57.642,95.344,50.577,79.238,0.534827
2025-01-01 00:05:41,25.743,56.289,93.908,51.353,78.178,0.470057
2025-01-01 00:05:42,25.611,58.336,95.435,50.531,81.56,0.534562
2025-01-01 00:05:43,25.766,55.316,94.723,53.235,81.698,0.483805
2025-01-01 00:05:44,26.351,56.513,92.978,50.44,81.789,0.487698
2025-01-01 00:05:45,24.495,55.969,94.439,51.96,79.324,0.504841
2025-01-01 00:05:46,25.215,55.668,94.484,51.349,81.533,0.509735
2025-01-01 00:05:47,25.79,56.132,95.614,51.056,80.411,0.501953
2025-01-01 00:05:48,24.688,58.365,94.98,52.201,78.881,0.517205
2025-01-01 00:05:49,26.2,56.714,96.076,49.8,79.059,0.49885
2025-01-01 00:05:50,25.63,55.755,95.083,51.475,79.552,0.488274
2025-01-01 00:05:51,25.853,54.694,93.944,50.616,79.827,0.475152
2025-01-01 00:05:52,25.128,54.777,94.375,50.895,80.085,0.495502
2025-01-01 00:05:53,25.804,55.938,94.022,50.912,79.593,0.482023
2025-01-01 00:05:54,25.915,55.817,94.795,50.581,79.123,0.483219
2025-01-01 00:05:55,25.481,56.204,94.305,50.083,81.109,0.512329
2025-01-01 00:05:56,25.465,54.132,93.555,51.77,79.296,0.463595
2025-01-01 00:05:57,25.467,56.29,94.132,51.459,79.173,0.48549
2025-01-01 00:05:58,24.884,57.386,94.524,51.324,79.063,0.509998
2025-01-01 00:05:59,25.225,57.958,92.998,52.224,79.134,0.488521
2025-01-01 00:06:00,25.206,54.419,94.263,52.031,77.581,0.460869
2025-01-01 00:06:01,25.457,55.489,92.309,51.507,77.958,0.455088
2025-01-01 00:06:02,25.749,55.414,94.936,54.213,82.043,0.482123
2025-01-01 00:06:03,24.703,56.392,94.302,52.638,77.073,0.478435
2025-01-01 00:06:04,25.154,55.005,95.349,53.83,79.326,0.475915
2025-01-01 00:06:05,25.94,57.885,92.548,51.592,79.357,0.474981
2025-01-01 00:06:06,24.811,56.224,94.744,52.174,80.108,0.506962
2025-01-01 00:06:07,24.755,56.036,94.493,51.033,79.279,0.506502
2025-01-01 00:06:08,25.251,57.731,93.323,51.808,81.054,0.507896
2025-01-01 00:06:09,25.555,56.101,93.077,51.654,79.019,0.471133
2025-01-01 00:06:10,25.122,56.497,92.318,54.566,80.296,0.46673
2025-01-01 00:06:11,25.764,55.325,92.007,51.664,79.873,0.459356
2025-01-01 00:06:12,25.512,54.684,92.553,52.078,80.423,0.465938
2025-01-01 00:06:13,25.487,55.424,92.0,51.149,78.549,0.459103
2025-01-01 00:06:14,25.327,58.201,94.804,52.785,78.944,0.496377
2025-01-01 00:06:15,26.197,56.627,91.66,51.684,77.971,0.440857
2025-01-01 00:06:16,24.914,56.249,93.265,53.184,78.553,0.472776
2025-01-01 00:06:17,23.998,54.978,93.507,51.064,78.567,0.501737
2025-01-01 00:06:18,25.785,56.846,93.385,52.441,75.764,0.441161
2025-01-01 00:06:19,24.738,54.558,93.43,51.106,78.033,0.476587
2025-01-01 00:06:20,25.004,54.33,93.888,52.234,79.221,0.473917
2025-01-01 00:06:21,25.588,55.319,92.455,52.439,76.481,0.432999
2025-01-01 00:06:22,24.115,57.814,92.948,52.232,76.866,0.493049
2025-01-01 00:06:23,24.274,57.738,92.527,52.353,79.385,0.505713
2025-01-01 00:06:24,24.083,55.371,94.084,53.571,79.558,0.496741
2025-01-01 00:06:25,24.47,55.13,94.844,54.574,77.15,0.464629
2025-01-01 00:06:26,25.07,54.145,91.513,53.146,78.053,0.436243
2025-01-01 00:06:27,25.095,55.846,90.64,52.226,77.7,0.445423
2025-01-01 00:06:28,24.955,55.912,93.205,53.004,79.155,0.475217
2025-01-01 00:06:29,24.094,56.522,93.672,52.708,77.052,0.487497
2025-01-01 00:06:30,23.629,56.626,94.525,53.74,77.188,0.498792
2025-01-01 00:06:31,24.794,55.501,93.273,53.296,79.201,0.474479
2025-01-01 00:06:32,24.515,56.238,93.9,51.84,76.338,0.478244
2025-01-01 00:06:33,24.964,54.964,94.133,54.016,76.895,0.448898
2025-01-01 00:06:34,25.068,56.185,93.908,53.947,77.603,0.460267
2025-01-01 00:06:35,24.77,55.125,93.296,54.404,79.222,0.464289
2025-01-01 00:06:36,25.065,56.075,91.105,52.828,75.913,0.432266
2025-01-01 00:06:37,24.783,55.978,92.352,53.515,76.443,0.446678
2025-01-01 00:06:38,24.917,55.653,92.634,52.359,77.959,0.464583
2025-01-01 00:06:39,24.283,56.363,92.21,53.298,78.095,0.474913
2025-01-01 00:06:40,24.529,53.983,92.247,53.688,77.405,0.443362
2025-01-01 00:06:41,24.701,54.473,93.83,52.892,76.963,0.45768
2025-01-01 00:06:42,24.996,55.253,91.483,53.704,77.211,0.434796
2025-01-01 00:06:43,24.373,54.065,93.018,53.594,75.199,0.435948
2025-01-01 00:06:44,24.814,55.087,92.515,53.128,77.083,0.448771
2025-01-01 00:06:45,24.404,55.105,91.322,54.633,78.693,0.450906
2025-01-01 00:06:46,24.462,56.775,91.085,53.355,75.283,0.441562
2025-01-01 00:06:47,24.92,55.594,90.443,53.675,75.88,0.420387
2025-01-01 00:06:48,23.492,56.467,92.613,52.42,76.299,0.488224
2025-01-01 00:06:49,23.825,55.726,92.049,54.034,76.328,0.459018
2025-01-01 00:06:50,23.716,54.875,91.272,53.261,78.893,0.476114
2025-01-01 00:06:51,23.274,55.532,90.209,54.431,75.52,0.445969
2025-01-01 00:06:52,24.086,56.114,92.505,52.639,75.235,0.460953
2025-01-01 00:06:53,24.784,56.566,91.887,54.054,77.474,0.451918
2025-01-01 00:06:54,24.25,55.227,91.337,51.985,75.728,0.450557
2025-01-01 00:06:55,24.476,53.7,91.077,54.244,77.405,0.429349
2025-01-01 00:06:56,24.906,53.617,91.794,53.631,76.179,0.419281
2025-01-01 00:06:57,25.009,54.997,92.495,54.109,76.923,0.435046
2025-01-01 00:06:58,24.295,52.974,91.688,53.327,74.447,0.415327
2025-01-01 00:06:59,24.991,57.095,90.824,53.065,76.833,0.445077
2025-01-01 00:07:00,24.344,55.886,91.95,53.493,76.505,0.453313
2025-01-01 00:07:01,23.864,54.642,93.05,54.01,75.894,0.454418
2025-01-01 00:07:02,23.97,54.157,92.042,54.332,74.679,0.428351
2025-01-01 00:07:03,23.512,56.284,92.069,54.128,76.377,0.470048
2025-01-01 00:07:04,23.792,54.132,91.674,53.149,76.944,0.45665
2025-01-01 00:07:05,24.042,54.217,91.111,55.381,75.397,0.418265
2025-01-01 00:07:06,24.607,54.46,91.079,54.189,75.38,0.415973
2025-01-01 00:07:07,25.051,55.33,90.342,53.435,76.906,0.424905
2025-01-01 00:07:08,23.484,55.827,93.189,54.282,77.965,0.488026
2025-01-01 00:07:09,24.356,56.39,92.474,54.157,77.001,0.460021
2025-01-01 00:07:10,23.625,56.233,92.1,53.82,76.109,0.467439
2025-01-01 00:07:11,24.367,55.18,92.319,53.734,75.503,0.44038
2025-01-01 00:07:12,24.049,56.191,92.37,54.763,75.723,0.44952
2025-01-01 00:07:13,23.185,54.491,91.304,55.363,74.127,0.430382
2025-01-01 00:07:14,24.549,53.332,91.723,52.357,75.494,0.428241
2025-01-01 00:07:15,23.768,54.474,91.584,54.975,76.986,0.445814
2025-01-01 00:07:16,23.789,54.331,94.581,54.01,75.652,0.46366
2025-01-01 00:07:17,23.506,54.498,93.102,54.186,74.817,0.451522
2025-01-01 00:07:18,23.699,54.163,92.263,55.08,74.67,0.430476
2025-01-01 00:07:19,24.226,54.654,93.475,51.876,75.457,0.461993
2025-01-01 00:07:20,23.903,55.728,93.364,54.652,73.978,0.443471
2025-01-01 00:07:21,24.147,56.817,90.76,55.025,74.333,0.426249
2025-01-01 00:07:22,24.15,53.369,91.935,53.447,77.228,0.445159
2025-01-01 00:07:23,24.615,53.801,92.159,52.881,74.111,0.418465
2025-01-01 00:07:24,23.769,54.291,92.806,55.305,74.358,0.429838
2025-01-01 00:07:25,23.188,55.842,91.99,52.584,75.635,0.478776
2025-01-01 00:07:26,24.446,54.866,92.137,54.319,74.722,0.42424
2025-01-01 00:07:27,23.733,54.341,91.796,54.797,75.325,0.434916
2025-01-01 00:07:28,24.442,55.777,93.329,54.29,76.222,0.45275
2025-01-01 00:07:29,24.062,56.011,90.861,54.417,73.297,0.419015
2025-01-01 00:07:30,23.791,55.031,91.901,53.746,76.027,0.453095
2025-01-01 00:07:31,24.018,54.229,90.511,54.319,74.391,0.41392
2025-01-01 00:07:32,24.805,55.311,91.351,53.373,74.716,0.4205
2025-01-01 00:07:33,24.855,54.804,92.726,53.466,77.335,0.446961
2025-01-01 00:07:34,23.838,54.792,92.773,53.947,73.315,0.433229
2025-01-01 00:07:35,23.87,54.517,92.153,52.674,75.677,0.45455
2025-01-01 00:07:36,24.314,55.951,93.621,54.355,76.292,0.459248
2025-01-01 00:07:37,23.34,55.272,93.882,51.896,74.089,0.478132
2025-01-01 00:07:38,23.917,56.055,92.491,54.156,74.08,0.443363
2025-01-01 00:07:39,23.724,56.353,92.844,54.216,74.41,0.454866
2025-01-01 00:07:40,23.881,55.473,92.175,53.199,73.998,0.44381
2025-01-01 00:07:41,23.295,54.505,93.289,52.831,74.877,0.468349
2025-01-01 00:07:42,22.904,56.05,91.504,53.474,75.842,0.477965
2025-01-01 00:07:43,22.65,55.473,94.531,54.294,74.308,0.48407
2025-01-01 00:07:44,23.115,57.609,93.913,54.04,75.832,0.499393
2025-01-01 00:07:45,23.432,55.314,91.612,52.855,76.373,0.470516
2025-01-01 00:07:46,23.502,55.701,92.062,53.808,75.184,0.458343
2025-01-01 00:07:47,24.605,55.292,93.312,53.912,75.273,0.440382
2025-01-01 00:07:48,24.177,54.902,92.594,53.856,73.905,0.430654
2025-01-01 00:07:49,23.131,54.742,93.519,52.868,71.447,0.446885
2025-01-01 00:07:50,23.774,55.294,92.658,53.759,75.273,0.454972
2025-01-01 00:07:51,23.385,55.521,94.586,54.344,75.503,0.477911
2025-01-01 00:07:52,23.435,56.154,93.114,54.014,74.816,0.466824
2025-01-01 00:07:53,23.658,55.309,95.572,53.888,75.595,0.482058
2025-01-01 00:07:54,23.863,54.538,93.8,54.847,73.823,0.436206
2025-01-01 00:07:55,23.373,54.675,91.896,53.64,75.082,0.452726
2025-01-01 00:07:56,24.063,53.68,95.379,52.804,76.206,0.472469
2025-01-01 00:07:57,22.949,56.665,94.441,52.778,75.218,0.504525
2025-01-01 00:07:58,23.512,54.464,93.772,53.561,76.011,0.470895
2025-01-01 00:07:59,24.796,55.974,94.089,52.24,75.999,0.465625
2025-01-01 00:08:00,23.598,55.285,92.304,53.11,72.896,0.441303
2025-01-01 00:08:01,24.192,55.314,91.741,53.699,75.206,0.438628
2025-01-01 00:08:02,23.511,54.895,93.557,54.233,73.567,0.44723
2025-01-01 00:08:03,23.745,54.228,95.031,52.028,72.978,0.459997
2025-01-01 00:08:04,23.415,54.05,94.102,53.309,73.948,0.457304
2025-01-01 00:08:05,23.348,56.749,95.471,53.141,76.379,0.511173
2025-01-01 00:08:06,23.033,55.138,95.139,53.191,73.605,0.480103
2025-01-01 00:08:07,23.628,56.153,93.895,53.239,72.132,0.452119
2025-01-01 00:08:08,22.977,56.416,95.116,53.064,72.494,0.482457
2025-01-01 00:08:09,23.725,54.624,95.513,54.167,74.787,0.466161
2025-01-01 00:08:10,23.925,55.463,93.969,54.011,73.288,0.444742
2025-01-01 00:08:11,23.556,55.088,93.896,54.692,71.733,0.431796
2025-01-01 00:08:12,23.22,53.891,94.31,52.931,72.485,0.452809
2025-01-01 00:08:13,23.581,54.867,91.819,52.572,74.359,0.450883
2025-01-01 00:08:14,23.19,55.645,94.573,52.086,75.082,0.496532
2025-01-01 00:08:15,23.803,54.564,95.076,52.405,73.6,0.463885
2025-01-01 00:08:16,22.41,54.743,94.564,53.351,74.902,0.496254
2025-01-01 00:08:17,23.149,54.9,94.828,53.433,75.211,0.484833
2025-01-01 00:08:18,22.313,57.191,94.504,53.237,73.162,0.502704
2025-01-01 00:08:19,22.552,53.251,92.616,52.122,73.947,0.467974
2025-01-01 00:08:20,23.972,55.593,96.342,52.083,73.363,0.478068
2025-01-01 00:08:21,23.729,54.845,94.378,54.132,74.721,0.458613
2025-01-01 00:08:22,22.914,54.464,94.195,51.858,73.332,0.478088
2025-01-01 00:08:23,22.514,54.834,96.239,53.612,72.603,0.486582
2025-01-01 00:08:24,21.775,55.786,95.929,52.757,74.114,0.526907
2025-01-01 00:08:25,22.977,55.851,95.292,51.802,75.377,0.513074
2025-01-01 00:08:26,24.451,55.32,95.858,51.394,74.651,0.477375
2025-01-01 00:08:27,23.45,56.234,94.004,51.744,75.24,0.494539
2025-01-01 00:08:28,22.945,56.418,95.15,52.582,75.129,0.509017
2025-01-01 00:08:29,23.45,55.974,96.597,51.473,74.072,0.505148
2025-01-01 00:08:30,22.43,54.62,94.697,53.396,73.3,0.482262
2025-01-01 00:08:31,23.054,55.669,94.449,51.938,72.97,0.482322
2025-01-01 00:08:32,23.245,55.683,95.599,52.616,72.106,0.474843
2025-01-01 00:08:33,23.145,54.377,95.697,52.502,75.435,0.496628
2025-01-01 00:08:34,23.577,53.632,96.317,53.254,73.608,0.465373
2025-01-01 00:08:35,23.347,53.189,94.366,51.556,71.957,0.451057
2025-01-01 00:08:36,23.502,55.291,93.27,51.941,75.483,0.481119
2025-01-01 00:08:37,22.817,55.529,96.817,50.684,74.114,0.524015
2025-01-01 00:08:38,23.603,54.059,94.889,51.837,75.161,0.48035
2025-01-01 00:08:39,23.963,56.297,95.439,52.615,73.686,0.475234
2025-01-01 00:08:40,22.657,55.414,93.943,51.826,73.049,0.486887
2025-01-01 00:08:41,22.692,56.622,97.228,53.449,74.537,0.52103
2025-01-01 00:08:42,23.798,55.654,96.634,51.962,74.638,0.496255
2025-01-01 00:08:43,23.028,54.228,96.672,51.061,73.669,0.501866
2025-01-01 00:08:44,23.82,55.764,96.745,51.805,75.584,0.506514
2025-01-01 00:08:45,22.891,55.988,94.461,50.216,75.145,0.519495
2025-01-01 00:08:46,23.835,54.782,95.616,50.694,74.692,0.490901
2025-01-01 00:08:47,23.168,53.899,96.231,50.305,72.687,0.49029
2025-01-01 00:08:48,23.226,55.454,96.015,51.237,72.522,0.49059
2025-01-01 00:08:49,23.874,54.365,96.573,51.122,75.467,0.497614
2025-01-01 00:08:50,22.906,56.5,97.173,52.079,71.408,0.499079
2025-01-01 00:08:51,22.611,54.984,98.015,50.981,73.93,0.530146
2025-01-01 00:08:52,22.853,57.129,95.611,50.203,74.222,0.530279
2025-01-01 00:08:53,23.299,53.294,97.166,52.197,73.465,0.482407
2025-01-01 00:08:54,22.286,55.566,97.969,48.538,74.018,0.560276
2025-01-01 00:08:55,23.383,56.874,96.418,50.869,74.573,0.520698
2025-01-01 00:08:56,22.791,54.569,97.233,50.956,73.372,0.512448
2025-01-01 00:08:57,23.63,55.314,97.976,50.718,75.144,0.521501
2025-01-01 00:08:58,21.855,55.084,97.606,51.07,74.794,0.551101
2025-01-01 00:08:59,22.655,54.818,98.354,50.702,73.889,0.532296
2025-01-01 00:09:00,22.202,55.761,97.859,50.957,73.124,0.537399
2025-01-01 00:09:01,22.628,54.236,97.538,50.019,74.018,0.528375
2025-01-01 00:09:02,23.162,55.435,96.763,49.276,76.671,0.546877
2025-01-01 00:09:03,22.945,56.077,98.269,50.35,73.241,0.531795
2025-01-01 00:09:04,22.905,55.362,98.208,49.509,75.999,0.555955
2025-01-01 00:09:05,22.949,54.592,97.202,49.69,72.069,0.507449
2025-01-01 00:09:06,23.128,56.638,98.863,51.145,73.155,0.529868
2025-01-01 00:09:07,22.519,56.355,99.636,51.405,73.551,0.548695
2025-01-01 00:09:08,23.375,54.599,97.795,51.016,75.355,0.520007
2025-01-01 00:09:09,23.35,54.363,97.815,50.81,74.298,0.511673
2025-01-01 00:09:10,23.209,54.722,97.866,50.035,75.819,0.53636
2025-01-01 00:09:11,23.293,56.236,97.039,50.743,73.863,0.517829
2025-01-01 00:09:12,23.161,55.983,100.81,50.158,74.214,0.555453
2025-01-01 00:09:13,24.028,56.515,98.445,51.374,73.901,0.509937
2025-01-01 00:09:14,22.966,55.416,98.123,49.024,76.744,0.564058
2025-01-01 00:09:15,22.854,54.835,97.943,50.24,72.985,0.520708
2025-01-01 00:09:16,22.629,56.696,98.77,48.634,73.738,0.56416
2025-01-01 00:09:17,22.489,55.242,98.552,50.131,73.193,0.539209
2025-01-01 00:09:18,22.382,56.0,100.773,48.156,75.073,0.594093
2025-01-01 00:09:19,22.559,54.282,98.175,48.504,73.036,0.538399
2025-01-01 00:09:20,22.967,55.28,97.974,48.392,76.611,0.565467
2025-01-01 00:09:21,23.169,56.878,100.153,49.563,74.542,0.563931
2025-01-01 00:09:22,23.026,55.171,99.583,49.589,74.961,0.55332
2025-01-01 00:09:23,22.618,56.721,99.556,51.209,75.043,0.562339
2025-01-01 00:09:24,23.45,53.595,100.427,49.12,74.485,0.538239
2025-01-01 00:09:25,23.37,55.386,100.093,49.755,74.677,0.547642
2025-01-01 00:09:26,22.92,55.794,99.999,49.21,74.656,0.563777
2025-01-01 00:09:27,22.674,57.727,98.729,49.577,75.2,0.575459
2025-01-01 00:09:28,23.275,54.836,98.555,49.085,73.614,0.529906
2025-01-01 00:09:29,23.095,56.696,99.612,49.795,73.434,0.549213
2025-01-01 00:09:30,22.277,57.102,99.317,48.018,75.634,0.598848
2025-01-01 00:09:31,22.968,55.344,100.759,46.848,74.672,0.582699
2025-01-01 00:09:32,23.134,55.713,98.78,49.085,72.292,0.530384
2025-01-01 00:09:33,22.554,56.249,100.22,47.253,74.155,0.587111
2025-01-01 00:09:34,23.1,54.647,100.583,49.693,76.587,0.568091
2025-01-01 00:09:35,22.279,55.694,100.804,48.151,74.585,0.590454
2025-01-01 00:09:36,23.676,57.447,101.331,47.706,74.168,0.576545
2025-01-01 00:09:37,23.633,56.715,100.694,50.644,73.039,0.536135
2025-01-01 00:09:38,22.885,56.057,100.441,48.416,74.179,0.571844
2025-01-01 00:09:39,23.194,56.349,102.441,48.21,73.492,0.578355
2025-01-01 00:09:40,21.81,56.839,100.964,48.925,75.433,0.611221
2025-01-01 00:09:41,22.439,57.052,102.791,48.927,75.006,0.609463
2025-01-01 00:09:42,22.872,55.746,101.135,49.134,74.54,0.572809
2025-01-01 00:09:43,22.485,57.86,101.531,47.106,74.092,0.610601
2025-01-01 00:09:44,23.381,57.664,101.495,48.55,76.869,0.601439
2025-01-01 00:09:45,24.025,57.048,101.952,47.837,74.221,0.570149
2025-01-01 00:09:46,22.441,55.55,101.388,47.285,74.257,0.59393
2025-01-01 00:09:47,22.613,55.396,101.99,48.01,74.839,0.593039
2025-01-01 00:09:48,23.153,56.113,103.511,46.474,75.039,0.610588
2025-01-01 00:09:49,23.844,56.524,103.115,48.613,75.774,0.586102
2025-01-01 00:09:50,22.43,54.718,103.208,47.593,76.345,0.616191
2025-01-01 00:09:51,23.17,57.005,100.896,47.396,76.288,0.600433
2025-01-01 00:09:52,23.959,57.822,101.143,47.621,78.211,0.604864
2025-01-01 00:09:53,22.226,57.135,102.625,47.55,73.298,0.609641
2025-01-01 00:09:54,22.416,55.907,103.263,48.55,75.64,0.613
2025-01-01 00:09:55,22.848,55.813,102.058,46.715,74.774,0.600287
2025-01-01 00:09:56,22.804,56.932,101.963,47.241,77.845,0.62899
2025-01-01 00:09:57,23.475,56.503,104.138,47.328,75.68,0.610121
2025-01-01 00:09:58,23.194,57.125,103.513,46.605,73.069,0.600348
2025-01-01 00:09:59,22.19,57.308,103.969,47.541,76.062,0.643063
2025-01-01 00:10:00,23.34,57.824,102.552,46.791,75.898,0.616189
2025-01-01 00:10:01,22.798,55.625,102.555,46.204,76.524,0.621235
2025-01-01 00:10:02,23.729,57.004,104.106,47.706,74.784,0.598154
2025-01-01 00:10:03,22.783,56.445,102.976,48.481,76.084,0.610847
2025-01-01 00:10:04,22.784,56.735,102.709,47.241,75.404,0.614372
2025-01-01 00:10:05,23.378,57.724,102.487,47.079,74.961,0.604702
2025-01-01 00:10:06,23.494,57.859,102.969,47.022,76.217,0.61711
2025-01-01 00:10:07,23.343,58.31,104.436,46.67,76.028,0.635205
2025-01-01 00:10:08,22.281,57.364,102.13,47.98,77.144,0.633574
2025-01-01 00:10:09,23.399,56.855,104.348,47.081,75.957,0.619728
2025-01-01 00:10:10,22.619,56.738,103.089,45.225,76.689,0.644711
2025-01-01 00:10:11,23.26,55.283,103.665,47.89,74.556,0.589398
2025-01-01 00:10:12,22.437,58.384,103.807,47.658,77.719,0.655984
2025-01-01 00:10:13,23.378,56.75,103.809,47.34,75.154,0.607255
2025-01-01 00:10:14,22.758,57.605,103.819,44.619,77.212,0.661001
2025-01-01 00:10:15,22.527,57.805,103.738,46.787,76.486,0.646304
2025-01-01 00:10:16,23.532,55.908,103.687,47.47,76.376,0.605801
2025-01-01 00:10:17,23.302,56.257,105.653,47.026,77.167,0.636905
2025-01-01 00:10:18,22.881,58.755,104.433,46.854,73.73,0.628831
2025-01-01 00:10:19,23.921,57.526,104.355,47.375,75.652,0.608934
2025-01-01 00:10:20,22.983,56.683,103.91,46.739,77.279,0.636779
2025-01-01 00:10:21,23.226,57.165,104.22,47.56,78.734,0.642786
2025-01-01 00:10:22,23.352,58.406,104.059,46.697,76.442,0.635951
2025-01-01 00:10:23,22.916,58.282,105.537,46.604,73.591,0.633518
2025-01-01 00:10:24,23.469,55.91,104.089,47.224,76.18,0.610366
2025-01-01 00:10:25,22.974,59.039,102.667,46.164,76.533,0.642529
2025-01-01 00:10:26,23.043,58.4,105.041,45.578,77.982,0.668416
2025-01-01 00:10:27,23.938,57.31,104.773,46.432,76.754,0.625462
2025-01-01 00:10:28,22.745,56.299,104.535,46.876,75.209,0.6266
2025-01-01 00:10:29,22.067,58.574,106.1,47.12,77.944,0.685605
2025-01-01 00:10:30,24.088,58.025,102.522,47.1,77.516,0.612036
2025-01-01 00:10:31,24.565,56.12,106.899,46.277,76.041,0.614916
2025-01-01 00:10:32,23.097,57.375,106.443,46.173,77.791,0.664868
2025-01-01 00:10:33,22.34,60.763,104.826,45.815,76.318,0.682639
2025-01-01 00:10:34,23.162,57.682,105.068,46.467,76.663,0.645432
2025-01-01 00:10:35,23.183,56.953,106.087,44.934,76.433,0.655974
2025-01-01 00:10:36,23.241,56.716,106.177,46.246,76.744,0.647253
2025-01-01 00:10:37,22.788,59.527,105.075,48.489,78.252,0.663859
2025-01-01 00:10:38,23.644,58.632,104.154,44.988,75.069,0.633397
2025-01-01 00:10:39,23.626,59.222,107.945,46.3,78.586,0.681893
2025-01-01 00:10:40,22.626,58.093,106.848,46.46,77.521,0.67787
2025-01-01 00:10:41,23.733,59.129,106.109,46.548,76.89,0.652201
2025-01-01 00:10:42,24.419,57.056,106.187,45.354,77.432,0.636701
2025-01-01 00:10:43,23.489,58.098,106.691,46.526,76.366,0.650466
2025-01-01 00:10:44,23.244,58.253,106.868,45.673,75.548,0.657375
2025-01-01 00:10:45,23.352,59.378,104.097,44.946,76.499,0.655342
2025-01-01 00:10:46,23.741,58.345,105.889,46.838,75.331,0.631093
2025-01-01 00:10:47,22.579,57.432,105.84,46.598,76.033,0.655478
2025-01-01 00:10:48,23.537,58.152,106.188,45.283,75.759,0.650169
2025-01-01 00:10:49,23.27,56.442,107.174,45.612,79.225,0.674583
2025-01-01 00:10:50,24.4,55.829,104.666,45.575,76.266,0.60659
2025-01-01 00:10:51,23.4,59.012,105.159,44.716,77.809,0.670641
2025-01-01 00:10:52,24.332,57.837,105.878,46.634,79.249,0.646776
2025-01-01 00:10:53,22.957,57.982,106.764,46.658,78.981,0.679393
2025-01-01 00:10:54,23.813,59.105,107.492,45.747,77.658,0.671188
2025-01-01 00:10:55,23.691,59.703,108.34,45.987,77.715,0.682166
2025-01-01 00:10:56,23.108,58.872,106.47,46.097,78.331,0.679194
2025-01-01 00:10:57,23.643,60.297,107.634,46.199,80.702,0.702045
2025-01-01 00:10:58,24.172,58.903,107.56,44.923,78.715,0.676413
2025-01-01 00:10:59,23.415,58.734,107.437,46.391,79.073,0.682313
2025-01-01 00:11:00,22.743,58.704,106.916,45.06,81.043,0.713685
2025-01-01 00:11:01,23.592,57.21,106.584,46.546,78.709,0.659119
2025-01-01 00:11:02,23.162,59.483,105.961,45.15,79.806,0.695353
2025-01-01 00:11:03,23.454,56.113,105.937,44.964,79.055,0.663217
2025-01-01 00:11:04,23.596,58.004,107.457,45.985,79.09,0.676914
2025-01-01 00:11:05,22.796,58.646,107.096,45.971,77.431,0.68237
2025-01-01 00:11:06,22.854,57.865,106.774,46.099,77.285,0.672022
2025-01-01 00:11:07,23.915,58.235,107.893,45.307,78.078,0.672187
2025-01-01 00:11:08,23.425,60.559,107.065,46.19,79.805,0.69785
2025-01-01 00:11:09,22.417,59.855,106.389,46.273,79.801,0.707449
2025-01-01 00:11:10,24.104,58.098,107.072,46.976,80.453,0.668276
2025-01-01 00:11:11,23.861,58.347,108.194,46.2,78.894,0.676147
2025-01-01 00:11:12,23.381,57.571,106.384,45.582,79.606,0.677391
2025-01-01 00:11:13,23.092,59.586,107.65,44.994,79.665,0.708346
2025-01-01 00:11:14,24.181,58.664,107.417,44.859,78.939,0.67574
2025-01-01 00:11:15,23.951,56.98,106.743,46.353,78.736,0.652893
2025-01-01 00:11:16,24.981,59.079,107.241,46.742,77.394,0.636739
2025-01-01 00:11:17,24.013,59.45,105.992,45.409,79.047,0.671624
2025-01-01 00:11:18,24.01,60.007,107.702,46.34,79.16,0.681735
2025-01-01 00:11:19,23.747,59.003,106.255,46.011,80.7,0.683818
2025-01-01 00:11:20,24.252,58.737,108.719,46.741,80.872,0.685408
2025-01-01 00:11:21,24.17,61.129,107.58,46.876,79.622,0.684941
2025-01-01 00:11:22,24.497,59.182,107.125,44.388,81.978,0.695864
2025-01-01 00:11:23,23.624,59.928,108.881,47.045,79.784,0.696493
2025-01-01 00:11:24,23.681,58.701,106.712,46.44,80.85,0.684522
2025-01-01 00:11:25,23.673,59.964,107.018,45.833,79.545,0.689436
2025-01-01 00:11:26,24.322,57.851,105.957,45.876,78.351,0.645995
2025-01-01 00:11:27,24.69,58.878,109.116,46.325,79.263,0.671462
2025-01-01 00:11:28,23.725,58.165,109.698,45.919,81.597,0.708557
2025-01-01 00:11:29,23.757,58.801,106.169,45.595,79.566,0.676208
2025-01-01 00:11:30,24.14,60.69,107.044,45.802,79.377,0.684251
2025-01-01 00:11:31,23.875,58.86,107.946,45.56,79.987,0.689573
2025-01-01 00:11:32,24.488,60.224,107.376,47.495,79.579,0.666939
2025-01-01 00:11:33,22.901,61.056,107.874,46.488,81.533,0.725744
2025-01-01 00:11:34,23.628,59.544,107.801,48.272,82.418,0.697627
2025-01-01 00:11:35,23.665,60.599,108.338,46.794,80.217,0.701011
2025-01-01 00:11:36,22.911,60.169,106.981,46.996,80.913,0.707202
2025-01-01 00:11:37,23.604,59.788,108.145,45.704,81.485,0.711402
2025-01-01 00:11:38,23.643,60.455,106.845,46.408,80.504,0.695137
2025-01-01 00:11:39,24.015,61.578,107.558,46.671,79.374,0.690231
2025-01-01 00:11:40,24.687,59.134,106.24,46.134,79.991,0.65991
2025-01-01 00:11:41,24.023,58.846,107.579,46.303,81.031,0.686844
2025-01-01 00:11:42,23.645,58.82,107.416,47.043,81.063,0.688354
2025-01-01 00:11:43,24.147,60.866,108.936,47.092,78.494,0.683315
2025-01-01 00:11:44,24.715,61.034,107.937,45.704,80.175,0.687699
2025-01-01 00:11:45,23.718,59.401,108.121,47.035,79.869,0.686923
2025-01-01 00:11:46,23.766,57.835,107.977,47.285,81.866,0.68763
2025-01-01 00:11:47,24.516,59.33,105.871,46.406,80.024,0.660504
2025-01-01 00:11:48,24.141,60.586,106.002,46.36,80.362,0.679981
2025-01-01 00:11:49,24.591,60.005,107.679,47.304,80.374,0.672659
2025-01-01 00:11:50,24.276,60.285,108.274,44.929,81.973,0.710971
2025-01-01 00:11:51,24.65,59.615,107.757,47.027,82.239,0.684859
2025-01-01 00:11:52,23.797,61.185,107.123,48.372,81.723,0.69481
2025-01-01 00:11:53,24.324,60.548,107.741,45.026,82.512,0.711383
2025-01-01 00:11:54,24.241,60.824,107.648,47.801,82.72,0.698192
2025-01-01 00:11:55,23.754,60.43,108.746,47.619,79.118,0.687927
2025-01-01 00:11:56,23.596,60.829,108.682,46.074,82.054,0.722886
2025-01-01 00:11:57,24.736,60.796,107.396,47.682,80.953,0.674821
2025-01-01 00:11:58,24.234,59.443,107.889,48.109,79.942,0.668982
2025-01-01 00:11:59,23.914,60.777,108.204,46.409,81.119,0.705258
2025-01-01 00:12:00,24.393,61.229,108.34,46.827,82.433,0.706485
2025-01-01 00:12:01,25.021,61.626,109.554,47.458,83.355,0.707551
2025-01-01 00:12:02,23.333,60.92,107.859,48.263,80.047,0.695698
2025-01-01 00:12:03,23.741,59.572,109.04,47.093,82.455,0.711368
2025-01-01 00:12:04,24.044,59.759,106.695,47.537,84.124,0.700439
2025-01-01 00:12:05,25.252,60.168,107.2,47.084,84.014,0.685385
2025-01-01 00:12:06,24.679,60.826,105.684,47.682,77.725,0.639914
2025-01-01 00:12:07,24.938,60.547,107.952,48.546,84.536,0.69324
2025-01-01 00:12:08,24.0,59.579,108.428,47.841,83.126,0.702593
2025-01-01 00:12:09,24.027,59.606,105.204,47.518,79.255,0.654304
2025-01-01 00:12:10,24.827,58.67,107.925,47.825,81.156,0.663098
2025-01-01 00:12:11,24.648,57.682,108.318,47.259,83.636,0.684697
2025-01-01 00:12:12,24.91,60.702,108.237,47.153,82.61,0.691889
2025-01-01 00:12:13,24.558,63.187,106.469,48.961,81.539,0.683524
2025-01-01 00:12:14,24.808,62.697,108.412,49.358,82.358,0.691889
2025-01-01 00:12:15,24.764,59.954,107.621,46.665,82.984,0.691591
2025-01-01 00:12:16,25.09,61.115,108.175,48.614,81.684,0.67448
2025-01-01 00:12:17,25.121,59.533,107.43,48.886,82.277,0.66073
2025-01-01 00:12:18,23.924,59.719,107.907,47.281,83.555,0.707964
2025-01-01 00:12:19,23.627,59.866,108.604,47.925,81.687,0.702016
2025-01-01 00:12:20,25.268,60.87,107.26,47.892,80.949,0.662331
2025-01-01 00:12:21,25.378,60.946,107.715,49.927,81.862,0.65695
2025-01-01 00:12:22,24.29,61.413,108.648,49.781,81.609,0.68713
2025-01-01 00:12:23,23.887,61.856,107.23,47.775,81.999,0.703739
2025-01-01 00:12:24,24.883,60.889,106.203,47.397,80.7,0.664278
2025-01-01 00:12:25,25.316,61.294,107.968,49.237,83.104,0.676071
2025-01-01 00:12:26,25.766,60.196,108.69,49.107,83.91,0.671651
2025-01-01 00:12:27,25.142,59.978,108.506,49.721,81.943,0.662737
2025-01-01 00:12:28,24.714,59.855,107.894,47.933,82.182,0.679785
2025-01-01 00:12:29,24.47,62.036,104.795,49.414,82.787,0.6724
2025-01-01 00:12:30,24.939,61.08,106.463,48.304,81.965,0.669564
2025-01-01 00:12:31,24.801,59.579,106.472,49.443,84.286,0.671981
2025-01-01 00:12:32,24.459,61.419,107.059,48.97,82.086,0.681844
2025-01-01 00:12:33,26.008,60.265,108.66,50.576,82.568,0.647064
2025-01-01 00:12:34,25.893,63.206,105.847,49.469,82.329,0.655227
2025-01-01 00:12:35,25.585,60.998,109.125,48.916,84.499,0.688897
2025-01-01 00:12:36,24.573,62.29,106.454,49.333,83.059,0.68585
2025-01-01 00:12:37,25.478,62.729,106.023,49.198,85.773,0.6886
2025-01-01 00:12:38,25.387,60.717,107.588,48.412,83.851,0.679142
2025-01-01 00:12:39,25.305,61.779,107.619,50.931,84.861,0.678767
2025-01-01 00:12:40,25.725,62.288,107.295,50.727,83.126,0.660102
2025-01-01 00:12:41,25.435,61.881,105.826,49.364,82.428,0.656878
2025-01-01 00:12:42,25.504,62.158,107.047,50.121,83.563,0.669243
2025-01-01 00:12:43,25.469,60.498,105.46,51.259,82.831,0.634134
2025-01-01 00:12:44,25.337,62.413,105.644,50.665,81.291,0.643712
2025-01-01 00:12:45,24.292,61.404,106.293,49.486,84.949,0.696966
2025-01-01 00:12:46,25.242,62.27,105.514,49.719,83.814,0.669125
2025-01-01 00:12:47,24.938,62.871,107.332,48.472,82.977,0.693358
2025-01-01 00:12:48,24.593,62.651,105.646,50.523,84.311,0.683641
2025-01-01 00:12:49,26.091,62.361,105.947,50.955,83.957,0.64835
2025-01-01 00:12:50,26.131,62.685,105.23,51.017,85.634,0.656901
2025-01-01 00:12:51,25.962,62.762,107.09,50.636,84.502,0.667929
2025-01-01 00:12:52,25.427,63.599,105.328,50.414,83.835,0.668521
2025-01-01 00:12:53,25.991,62.1,107.077,49.391,84.896,0.674025
2025-01-01 00:12:54,25.338,62.328,106.944,50.502,84.061,0.67408
2025-01-01 00:12:55,25.45,63.126,105.369,49.798,84.364,0.673177
2025-01-01 00:12:56,24.818,61.734,105.783,50.78,85.654,0.682253
2025-01-01 00:12:57,25.58,60.919,105.217,49.806,82.819,0.642956
2025-01-01 00:12:58,25.428,62.777,106.174,50.889,83.224,0.661177
2025-01-01 00:12:59,24.763,62.107,105.37,51.589,83.795,0.664013
2025-01-01 00:13:00,25.405,61.135,105.083,50.889,84.009,0.648724
2025-01-01 00:13:01,25.407,62.873,105.482,50.906,85.762,0.676066
2025-01-01 00:13:02,26.362,63.832,103.788,51.43,82.713,0.624418
2025-01-01 00:13:03,25.926,60.801,105.228,52.172,84.412,0.630872
2025-01-01 00:13:04,25.501,63.482,105.886,50.726,83.823,0.667964
2025-01-01 00:13:05,25.636,59.951,105.307,51.285,86.561,0.654153
2025-01-01 00:13:06,25.549,62.117,106.053,52.133,85.617,0.662947
2025-01-01 00:13:07,25.442,64.387,104.655,51.515,84.878,0.669174
2025-01-01 00:13:08,25.018,62.246,104.504,49.432,85.789,0.682759
2025-01-01 00:13:09,25.5,62.693,103.776,50.517,83.077,0.643564
2025-01-01 00:13:10,25.218,63.395,104.417,51.745,87.128,0.680365
2025-01-01 00:13:11,24.982,60.943,106.717,50.879,83.718,0.66539
2025-01-01 00:13:12,25.879,62.76,104.955,52.406,86.27,0.655974
2025-01-01 00:13:13,25.835,62.78,104.021,52.794,85.457,0.64154
2025-01-01 00:13:14,24.761,64.606,103.528,50.889,85.145,0.682381
2025-01-01 00:13:15,25.609,61.536,102.862,50.589,86.318,0.651045
2025-01-01 00:13:16,26.184,62.418,103.556,51.179,86.087,0.644431
2025-01-01 00:13:17,26.231,61.899,105.071,51.186,85.052,0.642774
2025-01-01 00:13:18,26.23,61.82,103.81,52.803,84.448,0.617067
2025-01-01 00:13:19,25.752,64.009,103.203,50.798,85.132,0.656963
2025-01-01 00:13:20,25.326,62.936,103.237,52.272,84.891,0.646747
2025-01-01 00:13:21,25.222,62.38,104.658,52.84,85.469,0.655678
2025-01-01 00:13:22,25.951,62.445,103.85,52.437,86.298,0.644483
2025-01-01 00:13:23,25.984,62.427,103.226,52.182,85.665,0.636089
2025-01-01 00:13:24,26.453,62.543,103.467,51.753,85.353,0.629401
2025-01-01 00:13:25,26.375,61.778,105.902,53.412,84.374,0.624222
2025-01-01 00:13:26,25.774,62.811,104.837,51.787,85.576,0.656582
2025-01-01 00:13:27,25.233,62.736,105.007,52.791,83.179,0.64332
2025-01-01 00:13:28,25.711,62.364,101.706,51.954,84.284,0.621149
2025-01-01 00:13:29,25.994,63.303,103.227,50.657,85.995,0.654887
2025-01-01 00:13:30,25.799,63.413,102.652,51.962,86.355,0.649384
2025-01-01 00:13:31,25.626,62.643,103.76,52.101,85.294,0.646537
2025-01-01 00:13:32,26.056,63.081,104.194,52.158,85.585,0.645617
2025-01-01 00:13:33,25.692,65.409,103.379,51.792,85.812,0.667193
2025-01-01 00:13:34,25.645,65.396,102.097,52.867,86.21,0.654833
2025-01-01 00:13:35,26.129,62.246,102.226,53.002,85.174,0.614847
2025-01-01 00:13:36,25.787,62.411,103.425,52.213,84.26,0.63044
2025-01-01 00:13:37,26.125,62.291,103.441,52.251,85.927,0.635306
2025-01-01 00:13:38,26.154,64.432,102.778,51.706,87.834,0.662823
2025-01-01 00:13:39,25.462,63.001,102.683,52.794,84.399,0.633006
2025-01-01 00:13:40,25.805,63.663,102.519,53.736,85.375,0.630242
2025-01-01 00:13:41,26.779,65.445,102.653,53.779,85.085,0.620647
2025-01-01 00:13:42,25.493,63.462,103.015,52.239,88.465,0.672318
2025-01-01 00:13:43,25.03,64.202,102.844,54.353,84.436,0.640964
2025-01-01 00:13:44,25.171,64.04,102.151,52.512,85.416,0.652092
2025-01-01 00:13:45,26.13,62.955,101.993,52.029,85.19,0.625123
2025-01-01 00:13:46,26.145,64.626,101.869,51.792,84.141,0.629111
2025-01-01 00:13:47,26.084,62.74,101.089,52.06,84.094,0.609053
2025-01-01 00:13:48,26.764,64.953,100.99,53.227,86.365,0.619194
2025-01-01 00:13:49,24.834,63.049,102.24,52.792,86.55,0.659483
2025-01-01 00:13:50,26.382,63.181,100.897,52.53,85.045,0.608582
2025-01-01 00:13:51,26.978,62.593,102.336,52.394,87.424,0.622084
2025-01-01 00:13:52,25.647,62.78,101.384,52.24,83.048,0.611312
2025-01-01 00:13:53,26.034,63.3,102.167,52.432,84.254,0.620691
2025-01-01 00:13:54,25.861,61.317,101.897,53.992,84.789,0.601385
2025-01-01 00:13:55,25.803,63.537,102.015,54.656,85.783,0.622433
2025-01-01 00:13:56,26.1,63.284,100.607,54.739,85.266,0.599141
2025-01-01 00:13:57,26.99,64.604,101.405,53.83,85.58,0.604448
2025-01-01 00:13:58,27.207,64.258,101.645,52.919,86.416,0.612256
2025-01-01 00:13:59,26.133,63.149,99.268,52.81,87.595,0.619739
2025-01-01 00:14:00,27.267,63.419,102.432,53.98,86.821,0.606487
2025-01-01 00:14:01,26.344,63.664,102.908,53.209,85.937,0.629825
2025-01-01 00:14:02,27.216,65.406,101.501,53.765,85.785,0.608146
2025-01-01 00:14:03,26.305,63.118,101.271,55.009,87.213,0.612067
2025-01-01 00:14:04,26.429,63.241,100.965,53.666,88.163,0.625011
2025-01-01 00:14:05,26.558,62.852,99.964,55.342,86.677,0.588189
2025-01-01 00:14:06,27.977,62.519,100.088,52.645,85.332,0.564332
2025-01-01 00:14:07,26.825,64.328,101.074,53.931,86.24,0.608067
2025-01-01 00:14:08,26.058,64.243,99.047,53.849,86.634,0.612531
2025-01-01 00:14:09,26.908,65.343,98.871,52.835,85.279,0.597291
2025-01-01 00:14:10,26.254,65.121,99.445,54.288,86.991,0.617234
2025-01-01 00:14:11,26.202,66.496,100.41,54.894,86.275,0.62525
2025-01-01 00:14:12,26.912,64.044,98.799,55.454,87.362,0.585032
2025-01-01 00:14:13,26.485,63.876,99.351,54.043,84.798,0.586864
2025-01-01 00:14:14,26.62,62.855,99.381,52.214,83.886,0.582636
2025-01-01 00:14:15,26.499,64.87,98.387,54.136,85.509,0.591545
2025-01-01 00:14:16,26.671,64.31,96.87,54.368,86.013,0.57457
2025-01-01 00:14:17,26.726,64.861,98.195,53.604,83.827,0.575301
2025-01-01 00:14:18,25.556,63.089,99.394,53.982,85.261,0.605774
2025-01-01 00:14:19,26.869,64.597,99.531,53.441,87.534,0.611356
2025-01-01 00:14:20,26.055,64.468,99.451,53.737,86.636,0.617998
2025-01-01 00:14:21,25.835,64.419,99.478,54.673,86.164,0.612153
2025-01-01 00:14:22,26.538,63.614,98.154,54.985,84.732,0.56723
2025-01-01 00:14:23,26.619,65.504,97.852,52.871,87.5,0.614473
2025-01-01 00:14:24,26.241,66.381,98.98,53.491,85.499,0.616919
2025-01-01 00:14:25,27.013,63.237,98.306,52.642,86.114,0.583597
2025-01-01 00:14:26,25.936,65.085,99.338,55.395,86.488,0.611112
2025-01-01 00:14:27,26.414,61.502,98.725,54.632,86.203,0.573419
2025-01-01 00:14:28,26.335,65.065,99.541,52.344,87.786,0.635687
2025-01-01 00:14:29,26.613,62.542,97.705,53.902,86.684,0.578117
2025-01-01 00:14:30,26.786,63.903,99.151,53.735,86.397,0.59412
2025-01-01 00:14:31,26.152,63.13,100.032,53.365,85.884,0.607412
2025-01-01 00:14:32,27.027,64.243,97.965,54.805,86.502,0.575383
2025-01-01 00:14:33,26.706,65.312,98.325,54.793,85.728,0.586779
2025-01-01 00:14:34,25.737,62.631,96.81,54.203,86.202,0.585053
2025-01-01 00:14:35,25.713,64.143,98.549,53.478,85.56,0.60964
2025-01-01 00:14:36,26.695,64.004,98.7,53.488,85.365,0.586891
2025-01-01 00:14:37,26.599,66.112,96.992,54.032,84.858,0.583319
2025-01-01 00:14:38,26.666,64.977,97.988,53.633,85.626,0.590244
2025-01-01 00:14:39,26.713,63.382,97.598,53.995,85.54,0.571277
2025-01-01 00:14:40,26.848,64.101,97.625,54.446,88.131,0.591501
2025-01-01 00:14:41,27.217,66.142,97.963,52.772,87.118,0.604723
2025-01-01 00:14:42,26.196,65.313,97.587,53.391,85.758,0.602667
2025-01-01 00:14:43,26.173,63.694,96.847,53.968,85.402,0.578761
2025-01-01 00:14:44,26.221,64.358,97.737,55.245,86.639,0.590035
2025-01-01 00:14:45,26.919,64.402,97.934,54.665,88.221,0.593595
2025-01-01 00:14:46,27.405,64.112,96.186,53.981,86.836,0.561229
2025-01-01 00:14:47,26.574,62.952,96.658,54.3,83.805,0.547415
2025-01-01 00:14:48,25.547,63.996,94.81,53.89,86.893,0.591837
2025-01-01 00:14:49,25.953,66.075,97.082,54.826,87.093,0.609922
2025-01-01 00:14:50,26.395,64.316,97.642,54.303,88.471,0.60671
2025-01-01 00:14:51,26.54,64.605,96.082,54.971,85.521,0.565144
2025-01-01 00:14:52,26.621,64.86,96.394,52.854,85.972,0.586777
2025-01-01 00:14:53,26.852,66.949,95.962,53.282,86.332,0.593445
2025-01-01 00:14:54,26.683,64.75,95.721,54.136,84.861,0.561003
2025-01-01 00:14:55,27.37,65.846,96.259,54.299,84.737,0.555788
2025-01-01 00:14:56,26.514,64.164,95.166,55.812,86.226,0.554976
2025-01-01 00:14:57,26.427,64.513,95.639,52.432,83.879,0.568818
2025-01-01 00:14:58,27.104,64.794,94.894,53.837,84.134,0.541809
2025-01-01 00:14:59,26.102,64.017,96.312,53.786,86.677,0.590258
2025-01-01 00:15:00,27.071,64.597,95.887,54.022,86.278,0.56503
2025-01-01 00:15:01,26.933,65.698,95.142,55.202,87.162,0.569021
2025-01-01 00:15:02,26.814,64.019,95.537,54.499,86.2,0.559609
2025-01-01 00:15:03,27.687,64.828,95.206,52.496,85.638,0.553853
2025-01-01 00:15:04,26.587,65.545,96.498,54.987,87.153,0.587322
2025-01-01 00:15:05,27.933,64.02,94.841,54.945,85.079,0.516577
2025-01-01 00:15:06,26.796,65.948,95.845,53.93,85.167,0.572321
2025-01-01 00:15:07,26.275,64.934,94.434,52.404,85.469,0.579206
2025-01-01 00:15:08,26.953,64.703,95.883,53.555,86.066,0.570092
2025-01-01 00:15:09,26.385,62.868,96.037,54.028,85.424,0.561563
2025-01-01 00:15:10,26.551,64.51,96.015,54.427,83.7,0.552714
2025-01-01 00:15:11,27.13,65.262,96.333,52.189,85.139,0.576199
2025-01-01 00:15:12,27.214,66.642,95.087,52.965,85.398,0.571384
2025-01-01 00:15:13,26.629,65.472,95.965,54.433,85.551,0.572851
2025-01-01 00:15:14,27.438,66.036,96.285,54.729,84.85,0.553639
2025-01-01 00:15:15,27.527,63.707,93.472,53.845,85.972,0.528358
2025-01-01 00:15:16,27.67,64.795,93.926,54.391,83.408,0.511407
2025-01-01 00:15:17,27.22,66.149,92.969,53.808,85.814,0.548481
2025-01-01 00:15:18,27.64,64.046,95.462,54.185,87.441,0.553405
2025-01-01 00:15:19,26.021,65.904,92.829,53.5,84.536,0.563969
2025-01-01 00:15:20,26.806,65.677,92.496,53.737,85.307,0.546867
2025-01-01 00:15:21,26.535,65.224,93.116,52.345,84.914,0.561426
2025-01-01 00:15:22,27.031,64.625,92.414,53.868,84.907,0.529089
2025-01-01 00:15:23,26.688,63.972,94.365,52.255,83.922,0.550869
2025-01-01 00:15:24,26.893,66.737,92.948,53.8,87.517,0.573938
2025-01-01 00:15:25,27.92,65.598,92.284,52.838,85.562,0.528535
2025-01-01 00:15:26,26.896,65.31,93.874,53.451,84.265,0.546332
2025-01-01 00:15:27,27.19,64.561,93.876,52.357,84.099,0.540967
2025-01-01 00:15:28,26.869,65.015,91.932,52.68,85.085,0.542191
2025-01-01 00:15:29,27.025,65.145,93.032,53.341,82.38,0.520844
2025-01-01 00:15:30,26.992,65.383,93.616,53.612,86.213,0.557602
2025-01-01 00:15:31,27.215,65.72,93.28,53.846,84.302,0.535011
2025-01-01 00:15:32,27.575,64.205,93.254,52.012,85.354,0.53785
2025-01-01 00:15:33,27.817,63.523,94.71,51.692,85.379,0.541238
2025-01-01 00:15:34,27.15,65.076,95.625,52.073,85.982,0.576713
2025-01-01 00:15:35,27.291,63.247,93.114,51.961,85.382,0.53659
2025-01-01 00:15:36,26.422,64.672,92.056,54.026,85.65,0.545248
2025-01-01 00:15:37,26.954,64.487,93.093,53.803,85.947,0.544157
2025-01-01 00:15:38,27.469,65.49,93.474,51.891,84.294,0.543626
2025-01-01 00:15:39,27.432,66.981,93.178,54.014,87.238,0.561734
2025-01-01 00:15:40,27.105,63.055,93.795,53.627,85.045,0.529369
2025-01-01 00:15:41,27.443,67.274,95.35,51.256,84.553,0.578629
2025-01-01 00:15:42,27.245,64.767,91.38,51.691,83.542,0.522208
2025-01-01 00:15:43,27.6,65.348,92.542,51.143,84.267,0.537752
2025-01-01 00:15:44,27.145,63.585,94.546,52.356,84.962,0.547067
2025-01-01 00:15:45,26.822,65.996,92.44,52.394,84.558,0.552259
2025-01-01 00:15:46,27.167,65.04,93.71,52.346,86.599,0.564441
2025-01-01 00:15:47,25.533,64.936,93.511,50.665,83.901,0.588404
2025-01-01 00:15:48,27.189,63.059,94.076,51.098,85.147,0.5494
2025-01-01 00:15:49,25.173,65.069,94.714,52.4,82.943,0.58599
2025-01-01 00:15:50,26.134,65.84,93.095,52.642,86.875,0.588371
2025-01-01 00:15:51,27.221,64.756,90.979,50.48,82.784,0.52231
2025-01-01 00:15:52,27.232,66.164,91.988,51.022,86.667,0.568367
2025-01-01 00:15:53,26.411,66.121,94.839,52.815,83.975,0.572823
2025-01-01 00:15:54,26.635,64.344,91.204,50.968,81.417,0.519117
2025-01-01 00:15:55,27.674,66.578,93.081,51.886,85.681,0.555572
2025-01-01 00:15:56,26.745,65.025,90.037,50.792,84.117,0.536389
2025-01-01 00:15:57,28.107,65.026,91.168,52.462,83.434,0.496446
2025-01-01 00:15:58,26.982,65.072,93.375,50.132,84.707,0.567014
2025-01-01 00:15:59,27.185,65.039,92.494,51.45,84.693,0.545592
2025-01-01 00:16:00,27.787,62.336,92.052,52.394,84.351,0.498524
2025-01-01 00:16:01,27.042,64.776,91.586,52.077,85.174,0.539108
2025-01-01 00:16:02,26.472,63.594,90.377,51.165,84.073,0.531299
2025-01-01 00:16:03,26.916,66.58,93.04,50.925,84.507,0.569532
2025-01-01 00:16:04,26.95,66.535,92.038,51.244,83.058,0.54645
2025-01-01 00:16:05,26.283,65.796,90.775,50.346,84.56,0.565076
2025-01-01 00:16:06,26.834,64.7,92.304,51.243,82.977,0.536777
2025-01-01 00:16:07,26.587,63.925,92.832,51.203,82.204,0.534519
2025-01-01 00:16:08,27.417,64.27,92.029,50.881,83.262,0.523428
2025-01-01 00:16:09,26.969,66.865,92.325,51.961,83.134,0.54601
2025-01-01 00:16:10,26.806,64.224,92.227,50.249,84.534,0.55352
2025-01-01 00:16:11,26.891,62.554,91.463,49.687,81.632,0.513367
2025-01-01 00:16:12,27.051,65.934,92.207,50.575,84.643,0.559062
2025-01-01 00:16:13,27.244,66.397,92.871,51.039,82.537,0.542541
2025-01-01 00:16:14,26.432,66.549,93.155,50.799,80.281,0.547141
2025-01-01 00:16:15,26.406,65.921,92.896,50.707,81.744,0.553788
2025-01-01 00:16:16,27.475,66.077,91.416,49.871,82.778,0.534391
2025-01-01 00:16:17,26.712,64.921,92.715,49.93,83.633,0.559495
2025-01-01 00:16:18,26.205,62.784,92.532,50.269,82.893,0.544903
2025-01-01 00:16:19,27.13,64.88,91.346,50.15,81.555,0.520388
2025-01-01 00:16:20,27.135,65.466,91.581,51.425,82.025,0.52086
2025-01-01 00:16:21,26.132,64.701,92.716,50.701,81.48,0.547299
2025-01-01 00:16:22,27.007,64.647,93.405,50.007,83.174,0.551872
2025-01-01 00:16:23,27.255,63.855,90.21,51.253,82.707,0.50235
2025-01-01 00:16:24,27.069,63.808,93.656,50.677,83.504,0.543956
2025-01-01 00:16:25,27.192,66.639,93.175,49.177,80.594,0.545652
2025-01-01 00:16:26,26.168,66.665,92.206,47.612,82.029,0.584324
2025-01-01 00:16:27,27.029,64.779,91.763,49.088,85.055,0.561974
2025-01-01 00:16:28,26.706,65.053,92.392,50.567,83.341,0.550969
2025-01-01 00:16:29,26.61,63.781,91.36,50.748,82.167,0.524554
2025-01-01 00:16:30,27.28,65.394,91.822,48.649,81.288,0.533568
2025-01-01 00:16:31,27.578,66.5,90.526,50.447,83.752,0.532095
2025-01-01 00:16:32,27.729,63.201,90.261,50.36,84.212,0.506417
2025-01-01 00:16:33,27.483,65.183,94.338,50.922,80.944,0.527204
2025-01-01 00:16:34,26.764,65.247,92.073,50.509,81.007,0.52978
2025-01-01 00:16:35,26.988,65.224,92.218,50.773,82.556,0.536596
2025-01-01 00:16:36,27.188,66.328,91.989,50.026,82.618,0.544656
2025-01-01 00:16:37,26.858,66.709,91.199,49.942,82.699,0.550029
2025-01-01 00:16:38,26.855,64.428,91.728,49.251,84.281,0.555403
2025-01-01 00:16:39,27.194,65.322,92.135,50.121,80.852,0.522781
2025-01-01 00:16:40,26.745,64.721,91.857,48.342,82.014,0.549087
2025-01-01 00:16:41,26.402,63.992,91.312,49.241,82.78,0.546741
2025-01-01 00:16:42,26.552,64.882,92.555,49.727,82.715,0.555486
2025-01-01 00:16:43,27.068,65.27,92.277,50.366,81.034,0.526006
2025-01-01 00:16:44,26.744,64.802,92.495,48.801,81.029,0.543098
2025-01-01 00:16:45,26.905,63.691,92.822,49.9,81.156,0.526596
2025-01-01 00:16:46,27.061,64.095,91.962,48.914,83.698,0.547853
2025-01-01 00:16:47,26.53,64.089,91.98,49.806,80.428,0.526073
2025-01-01 00:16:48,27.087,63.688,93.649,48.32,81.16,0.540757
2025-01-01 00:16:49,26.89,64.83,91.241,49.486,82.427,0.536781
2025-01-01 00:16:50,26.074,64.92,90.331,48.775,80.137,0.534965
2025-01-01 00:16:51,27.404,65.467,92.781,47.848,81.7,0.548169
2025-01-01 00:16:52,26.423,63.615,91.617,48.619,79.058,0.519592
2025-01-01 00:16:53,25.837,63.88,91.191,49.745,81.515,0.543383
2025-01-01 00:16:54,26.133,65.997,93.177,47.819,81.294,0.580135
2025-01-01 00:16:55,26.135,64.262,92.172,47.393,81.374,0.563424
2025-01-01 00:16:56,26.662,64.441,91.078,48.846,80.081,0.523021
2025-01-01 00:16:57,26.49,64.22,94.303,47.132,81.343,0.573301
2025-01-01 00:16:58,26.448,65.513,90.784,49.672,80.97,0.534741
2025-01-01 00:16:59,26.917,65.535,92.336,49.6,82.522,0.549864
2025-01-01 00:17:00,26.767,65.46,90.563,49.148,81.674,0.535253
2025-01-01 00:17:01,26.745,64.357,92.753,48.256,79.116,0.529971
2025-01-01 00:17:02,26.782,63.441,91.872,49.546,79.802,0.511473
2025-01-01 00:17:03,26.874,66.222,93.364,49.239,80.007,0.545779
2025-01-01 00:17:04,25.502,65.136,92.56,47.686,80.909,0.580811
2025-01-01 00:17:05,26.363,63.806,93.961,49.213,80.435,0.547577
2025-01-01 00:17:06,25.445,65.669,92.216,47.283,80.376,0.581958
2025-01-01 00:17:07,26.542,63.691,91.076,47.806,83.911,0.559538
2025-01-01 00:17:08,26.511,65.62,92.955,46.479,79.86,0.565471
2025-01-01 00:17:09,27.025,65.669,92.502,47.982,82.09,0.558162
2025-01-01 00:17:10,27.085,63.251,90.973,47.582,80.19,0.514163
2025-01-01 00:17:11,26.581,64.736,91.776,47.408,77.698,0.523427
2025-01-01 00:17:12,26.219,64.918,92.134,47.59,80.487,0.557394
2025-01-01 00:17:13,26.7,66.732,94.468,47.212,81.546,0.589339
2025-01-01 00:17:14,26.182,63.356,93.661,47.663,80.909,0.56134
2025-01-01 00:17:15,26.434,65.511,92.649,48.611,80.401,0.552712
2025-01-01 00:17:16,26.916,64.077,93.511,46.689,80.068,0.549507
2025-01-01 00:17:17,26.132,62.798,91.045,48.184,79.391,0.521588
2025-01-01 00:17:18,26.802,63.9,92.564,47.622,81.006,0.544218
2025-01-01 00:17:19,26.726,64.003,93.576,47.705,79.355,0.540249
2025-01-01 00:17:20,25.898,62.921,93.387,47.338,79.053,0.549459
2025-01-01 00:17:21,26.85,64.272,92.73,46.746,80.26,0.547546
2025-01-01 00:17:22,26.7,64.897,93.28,47.634,79.352,0.545699
2025-01-01 00:17:23,26.389,64.157,93.705,47.651,81.195,0.565436
2025-01-01 00:17:24,25.945,63.356,93.408,46.555,80.164,0.566721
2025-01-01 00:17:25,25.884,63.728,94.329,46.084,78.616,0.568672
2025-01-01 00:17:26,26.032,63.851,93.839,47.183,78.121,0.550328
2025-01-01 00:17:27,26.559,64.052,94.084,47.679,78.752,0.543478
2025-01-01 00:17:28,25.797,64.923,95.339,47.841,82.192,0.603028
2025-01-01 00:17:29,26.481,64.063,94.507,47.961,79.047,0.548927
2025-01-01 00:17:30,25.629,62.367,95.476,47.258,80.188,0.577265
2025-01-01 00:17:31,26.134,63.185,93.119,46.714,77.657,0.537156
2025-01-01 00:17:32,26.278,63.891,92.255,46.886,77.87,0.53297
2025-01-01 00:17:33,27.433,64.827,93.764,45.858,78.889,0.541962
2025-01-01 00:17:34,25.508,64.978,93.736,46.272,81.103,0.600251
2025-01-01 00:17:35,26.919,65.433,95.48,46.741,77.459,0.55282
2025-01-01 00:17:36,26.245,63.766,92.95,46.536,78.198,0.543512
2025-01-01 00:17:37,26.362,64.375,94.061,46.79,79.982,0.566803
2025-01-01 00:17:38,26.202,62.135,94.606,45.585,80.758,0.573232
2025-01-01 00:17:39,26.351,63.996,94.363,45.732,79.318,0.568913
2025-01-01 00:17:40,26.038,62.467,94.154,47.242,79.551,0.553699
2025-01-01 00:17:41,26.828,63.456,94.747,45.925,77.61,0.541795
2025-01-01 00:17:42,25.859,66.525,95.531,46.021,77.046,0.586537
2025-01-01 00:17:43,26.639,63.775,96.052,46.609,77.205,0.550053
2025-01-01 00:17:44,25.737,62.583,94.614,45.76,77.479,0.558736
2025-01-01 00:17:45,26.015,63.831,93.831,47.363,78.745,0.55431
2025-01-01 00:17:46,25.495,62.881,96.248,45.445,76.958,0.576863
2025-01-01 00:17:47,26.244,62.413,93.703,46.426,78.67,0.544018
2025-01-01 00:17:48,26.725,65.452,96.639,45.801,77.939,0.577027
2025-01-01 00:17:49,25.949,64.391,96.261,46.5,77.59,0.575452
2025-01-01 00:17:50,25.875,63.645,96.475,45.953,79.275,0.5909
2025-01-01 00:17:51,25.401,62.882,95.74,46.309,77.01,0.569129
2025-01-01 00:17:52,25.829,62.938,93.013,47.283,79.832,0.555041
2025-01-01 00:17:53,25.133,64.766,94.157,45.734,79.054,0.597455
2025-01-01 00:17:54,25.458,63.505,95.574,45.707,76.817,0.574033
2025-01-01 00:17:55,26.013,60.09,94.664,45.991,79.397,0.54858
2025-01-01 00:17:56,26.544,65.567,95.096,47.404,76.573,0.546983
2025-01-01 00:17:57,27.274,63.304,96.098,46.134,79.404,0.55443
2025-01-01 00:17:58,25.561,63.438,95.388,47.176,78.201,0.570348
2025-01-01 00:17:59,26.557,64.155,94.414,46.03,75.856,0.535166
2025-01-01 00:18:00,25.946,63.507,96.593,47.107,76.146,0.555251
2025-01-01 00:18:01,25.733,63.762,96.298,46.466,77.164,0.572644
2025-01-01 00:18:02,26.01,62.565,95.609,46.569,78.641,0.563769
2025-01-01 00:18:03,25.809,61.732,96.646,44.963,77.345,0.571241
2025-01-01 00:18:04,25.818,63.215,96.107,44.831,77.265,0.578119
2025-01-01 00:18:05,25.543,64.339,97.42,46.942,77.499,0.588801
2025-01-01 00:18:06,25.033,62.233,96.318,46.921,75.007,0.555985
2025-01-01 00:18:07,24.945,62.125,97.569,48.001,78.341,0.585993
2025-01-01 00:18:08,26.028,64.047,94.45,44.866,78.911,0.580107
2025-01-01 00:18:09,25.547,62.341,96.862,46.434,78.202,0.57932
2025-01-01 00:18:10,25.372,62.36,96.085,45.218,76.698,0.574049
2025-01-01 00:18:11,25.658,62.37,95.703,45.437,76.096,0.558317
2025-01-01 00:18:12,26.036,62.65,97.801,45.621,75.812,0.564474
2025-01-01 00:18:13,25.713,61.113,97.613,46.323,75.703,0.552736
2025-01-01 00:18:14,25.278,62.119,94.799,45.481,79.733,0.587253
2025-01-01 00:18:15,26.204,62.861,97.602,46.035,76.873,0.566424
2025-01-01 00:18:16,26.364,62.825,97.563,46.671,78.007,0.566909
2025-01-01 00:18:17,25.806,63.731,96.328,46.905,77.894,0.573785
2025-01-01 00:18:18,26.029,64.384,96.299,46.555,76.999,0.568695
2025-01-01 00:18:19,26.148,64.029,95.627,46.362,75.664,0.548725
2025-01-01 00:18:20,26.076,63.402,96.963,45.887,77.358,0.573391
2025-01-01 00:18:21,25.801,62.31,97.207,45.546,75.391,0.559685
2025-01-01 00:18:22,25.777,61.806,98.266,46.434,77.368,0.574264
2025-01-01 00:18:23,25.722,62.418,97.823,45.164,75.356,0.569495
2025-01-01 00:18:24,24.897,62.956,96.578,46.103,76.032,0.580697
2025-01-01 00:18:25,25.78,63.163,97.962,45.152,75.985,0.579969
2025-01-01 00:18:26,24.735,62.935,97.554,45.984,78.145,0.609234
2025-01-01 00:18:27,25.0,62.161,96.959,45.18,73.501,0.561644
2025-01-01 00:18:28,26.032,63.039,96.391,45.709,79.176,0.583397
2025-01-01 00:18:29,25.784,63.484,98.691,45.496,75.368,0.580239
2025-01-01 00:18:30,26.091,63.073,98.599,45.407,76.144,0.576746
2025-01-01 00:18:31,25.196,62.131,98.796,45.983,76.746,0.591631
2025-01-01 00:18:32,24.739,61.299,97.598,44.124,76.6,0.598774
2025-01-01 00:18:33,25.178,61.245,98.584,44.632,77.177,0.597251
2025-01-01 00:18:34,25.333,61.391,97.125,46.728,76.856,0.565931
2025-01-01 00:18:35,25.305,62.299,97.601,46.215,78.526,0.594109
2025-01-01 00:18:36,25.816,62.531,98.709,45.531,76.919,0.585045
2025-01-01 00:18:37,25.052,60.566,99.025,46.903,75.859,0.571202
2025-01-01 00:18:38,25.392,61.446,97.222,45.627,75.296,0.561117
2025-01-01 00:18:39,24.705,62.163,97.881,45.69,75.225,0.585492
2025-01-01 00:18:40,25.408,60.989,98.662,45.543,77.431,0.586432
2025-01-01 00:18:41,25.168,62.292,100.074,47.711,77.946,0.600167
2025-01-01 00:18:42,24.775,61.519,98.391,46.392,77.006,0.592427
2025-01-01 00:18:43,25.015,61.072,99.433,46.379,71.965,0.550797
2025-01-01 00:18:44,25.024,61.818,99.626,46.615,73.027,0.564589
2025-01-01 00:18:45,24.964,62.125,99.22,44.779,75.676,0.599909
2025-01-01 00:18:46,25.969,60.853,99.826,45.807,75.448,0.563911
2025-01-01 00:18:47,25.017,61.428,98.302,46.667,75.634,0.572656
2025-01-01 00:18:48,24.928,62.107,99.08,46.322,77.075,0.599602
2025-01-01 00:18:49,23.984,60.845,101.259,48.113,76.979,0.613498
2025-01-01 00:18:50,24.569,59.918,101.418,45.944,75.71,0.600927
2025-01-01 00:18:51,24.868,60.008,100.845,47.151,73.636,0.56509
2025-01-01 00:18:52,24.64,61.094,101.192,47.067,73.954,0.583933
2025-01-01 00:18:53,25.657,60.162,98.354,46.562,75.475,0.548992
2025-01-01 00:18:54,24.867,61.101,99.32,46.734,75.859,0.582662
2025-01-01 00:18:55,25.577,63.082,100.047,46.27,73.864,0.574283
2025-01-01 00:18:56,24.947,60.006,102.862,44.951,76.083,0.61427
2025-01-01 00:18:57,24.918,61.07,100.222,46.838,73.154,0.565393
2025-01-01 00:18:58,24.839,63.453,101.369,46.931,72.028,0.58352
2025-01-01 00:18:59,24.868,61.697,101.091,47.087,74.141,0.583934
2025-01-01 00:19:00,25.709,60.889,101.157,46.7,76.806,0.584568
2025-01-01 00:19:01,23.673,61.067,100.866,47.457,76.953,0.623214
2025-01-01 00:19:02,23.816,61.621,99.778,46.02,73.181,0.596371
2025-01-01 00:19:03,24.528,62.855,98.365,47.921,73.242,0.565645
2025-01-01 00:19:04,24.791,60.596,102.436,45.989,75.946,0.610173
2025-01-01 00:19:05,25.112,60.337,100.625,46.727,74.474,0.570416
2025-01-01 00:19:06,24.987,59.683,99.462,47.393,76.612,0.572035
2025-01-01 00:19:07,24.542,61.132,101.855,46.472,75.837,0.6107
2025-01-01 00:19:08,25.227,59.591,101.923,47.519,76.014,0.579071
2025-01-01 00:19:09,25.216,60.5,102.36,46.683,73.899,0.578219
2025-01-01 00:19:10,24.776,60.022,102.794,47.089,75.389,0.596713
2025-01-01 00:19:11,25.149,61.972,100.847,46.887,77.249,0.60441
2025-01-01 00:19:12,24.788,60.357,100.977,46.61,74.972,0.585279
2025-01-01 00:19:13,24.354,61.23,101.62,48.911,74.721,0.587178
2025-01-01 00:19:14,24.967,59.196,102.846,46.478,74.225,0.581978
2025-01-01 00:19:15,24.658,60.898,100.008,45.362,72.8,0.576191
2025-01-01 00:19:16,24.587,59.531,102.324,46.588,73.377,0.581116
2025-01-01 00:19:17,25.306,60.275,103.213,47.378,73.601,0.573582
2025-01-01 00:19:18,23.328,62.879,103.257,47.013,72.673,0.630417
2025-01-01 00:19:19,23.828,61.567,103.16,48.172,72.769,0.60229
2025-01-01 00:19:20,23.927,60.473,103.599,48.187,71.66,0.586519
2025-01-01 00:19:21,24.323,63.768,99.873,47.19,73.635,0.596791
2025-01-01 00:19:22,24.361,59.62,104.317,46.143,75.361,0.620599
2025-01-01 00:19:23,23.719,61.668,103.118,46.507,74.149,0.627732
2025-01-01 00:19:24,23.964,58.937,104.205,47.553,74.132,0.603617
2025-01-01 00:19:25,24.01,60.192,101.778,46.373,75.405,0.612083
2025-01-01 00:19:26,25.653,59.055,101.282,47.376,76.49,0.565773
2025-01-01 00:19:27,25.309,60.627,104.904,48.854,77.171,0.606891
2025-01-01 00:19:28,24.187,60.392,102.273,48.039,74.596,0.595
2025-01-01 00:19:29,24.195,59.995,102.97,47.849,74.064,0.594306
2025-01-01 00:19:30,23.786,61.362,103.889,47.027,73.887,0.624109
2025-01-01 00:19:31,23.391,59.669,104.215,48.054,75.073,0.624982
2025-01-01 00:19:32,24.271,60.53,104.6,47.751,74.158,0.610166
2025-01-01 00:19:33,23.815,60.99,103.825,48.198,74.144,0.614146
2025-01-01 00:19:34,24.256,58.653,102.626,48.638,74.206,0.576001
2025-01-01 00:19:35,23.482,59.355,104.466,48.825,73.162,0.602071
2025-01-01 00:19:36,23.886,60.124,104.56,48.26,71.478,0.590149
2025-01-01 00:19:37,24.326,60.667,102.1,48.618,73.457,0.579245
2025-01-01 00:19:38,24.419,61.424,105.411,47.85,75.994,0.632988
2025-01-01 00:19:39,24.429,59.754,101.582,49.217,75.922,0.581993
2025-01-01 00:19:40,23.545,59.62,105.18,47.653,75.342,0.633336
2025-01-01 00:19:41,24.618,59.031,103.587,48.249,73.608,0.576127
2025-01-01 00:19:42,23.775,60.2,105.002,49.457,73.238,0.601917
2025-01-01 00:19:43,24.476,59.539,104.881,48.136,76.123,0.613623
2025-01-01 00:19:44,24.139,59.529,104.408,47.502,72.861,0.59582
2025-01-01 00:19:45,23.441,59.676,104.97,48.299,74.196,0.620911
2025-01-01 00:19:46,23.957,60.288,104.506,49.795,76.164,0.615773
2025-01-01 00:19:47,24.282,59.14,105.379,46.919,74.274,0.612638
2025-01-01 00:19:48,24.391,58.898,106.922,48.872,73.762,0.602032
2025-01-01 00:19:49,24.0,60.069,103.467,48.337,75.496,0.610679
2025-01-01 00:19:50,24.821,56.578,101.691,48.765,74.181,0.539744
2025-01-01 00:19:51,24.545,58.967,104.533,48.676,74.32,0.587118
2025-01-01 00:19:52,23.898,58.386,104.534,49.778,75.894,0.601626
2025-01-01 00:19:53,24.387,60.707,104.71,49.108,71.014,0.574638
2025-01-01 00:19:54,24.964,59.03,104.229,49.929,74.49,0.56826
2025-01-01 00:19:55,24.963,58.877,106.096,50.204,73.133,0.568343
2025-01-01 00:19:56,23.354,59.356,103.909,49.257,73.797,0.602634
2025-01-01 00:19:57,23.491,58.776,105.807,49.001,74.174,0.61452
2025-01-01 00:19:58,24.683,58.936,106.061,49.647,73.222,0.579499
2025-01-01 00:19:59,23.397,59.403,105.804,49.858,74.302,0.61587
2025-01-01 00:20:00,23.251,58.85,106.039,48.535,74.485,0.62756
2025-01-01 00:20:01,23.655,58.81,106.565,49.704,74.262,0.612572
2025-01-01 00:20:02,24.094,58.196,105.732,49.369,74.148,0.593968
2025-01-01 00:20:03,23.819,58.02,105.394,49.292,73.869,0.594433
2025-01-01 00:20:04,23.531,59.201,106.288,49.133,73.89,0.617062
2025-01-01 00:20:05,23.506,59.415,106.463,49.242,74.1,0.621279
2025-01-01 00:20:06,23.473,57.647,106.813,50.804,72.872,0.590977
2025-01-01 00:20:07,23.376,59.802,104.27,49.565,75.526,0.61953
2025-01-01 00:20:08,24.943,59.774,105.858,50.829,73.891,0.575145
2025-01-01 00:20:09,23.938,59.952,105.034,50.075,73.516,0.594605
2025-01-01 00:20:10,24.219,59.244,106.717,49.122,74.475,0.610563
2025-01-01 00:20:11,23.518,59.549,106.939,50.238,73.863,0.61656
2025-01-01 00:20:12,23.657,61.065,105.994,49.192,75.493,0.637406
2025-01-01 00:20:13,23.38,58.546,105.594,50.685,75.077,0.608807
2025-01-01 00:20:14,22.398,57.769,106.974,50.09,74.117,0.630964
2025-01-01 00:20:15,23.022,57.248,106.297,50.997,75.134,0.610666
2025-01-01 00:20:16,22.793,60.506,107.909,51.517,74.293,0.63996
2025-01-01 00:20:17,22.561,60.487,108.307,49.039,72.629,0.651774
2025-01-01 00:20:18,23.076,57.761,107.586,50.115,75.086,0.628508
2025-01-01 00:20:19,24.323,57.926,106.868,49.573,71.742,0.574647
2025-01-01 00:20:20,23.626,58.297,108.51,52.324,69.807,0.569304
2025-01-01 00:20:21,24.282,59.814,106.974,50.301,74.87,0.609916
2025-01-01 00:20:22,23.83,57.27,106.301,49.658,74.571,0.598602
2025-01-01 00:20:23,24.003,56.559,106.152,52.558,74.497,0.566732
2025-01-01 00:20:24,23.15,60.661,106.17,50.241,75.719,0.640893
2025-01-01 00:20:25,23.85,58.774,106.912,49.58,74.03,0.609754
2025-01-01 00:20:26,23.941,58.885,107.426,50.007,73.613,0.606068
2025-01-01 00:20:27,23.277,58.194,105.591,51.103,75.032,0.605134
2025-01-01 00:20:28,23.833,58.833,106.599,51.081,73.228,0.590994
2025-01-01 00:20:29,23.825,56.821,107.303,50.43,73.808,0.591289
2025-01-01 00:20:30,23.256,57.463,107.774,50.766,74.407,0.614059
2025-01-01 00:20:31,22.958,58.378,107.145,51.251,74.513,0.619628
2025-01-01 00:20:32,22.916,55.971,107.454,52.322,73.725,0.59165
2025-01-01 00:20:33,23.54,57.908,106.009,51.584,73.548,0.585113
2025-01-01 00:20:34,23.65,57.815,106.373,50.92,72.804,0.583624
2025-01-01 00:20:35,23.079,57.846,107.26,51.242,73.216,0.6039
2025-01-01 00:20:36,23.478,57.566,107.867,52.093,76.356,0.616698
2025-01-01 00:20:37,23.739,57.091,107.622,52.875,73.868,0.580234
2025-01-01 00:20:38,23.753,56.234,106.576,50.7,74.427,0.586139
2025-01-01 00:20:39,24.209,58.17,107.221,52.527,72.425,0.565526
2025-01-01 00:20:40,24.061,57.695,109.001,51.437,77.305,0.625659
2025-01-01 00:20:41,22.912,56.589,108.064,50.44,73.21,0.610182
2025-01-01 00:20:42,24.244,57.996,107.387,50.333,72.85,0.584293
2025-01-01 00:20:43,23.127,57.609,106.553,52.909,74.202,0.59172
2025-01-01 00:20:44,23.905,57.412,106.893,53.055,73.221,0.566781
2025-01-01 00:20:45,23.407,55.686,107.64,51.487,74.748,0.594604
2025-01-01 00:20:46,23.157,58.496,107.936,51.822,72.513,0.602164
2025-01-01 00:20:47,22.45,56.55,108.25,50.615,75.71,0.639308
2025-01-01 00:20:48,23.259,57.817,108.097,52.7,75.491,0.613721
2025-01-01 00:20:49,22.555,56.915,107.362,52.116,74.24,0.611131
2025-01-01 00:20:50,23.81,57.305,107.244,50.945,72.415,0.579687
2025-01-01 00:20:51,24.075,58.817,109.823,52.398,73.447,0.602125
2025-01-01 00:20:52,22.909,58.167,107.24,51.17,74.517,0.620469
2025-01-01 00:20:53,23.45,58.736,106.524,52.774,73.01,0.584004
2025-01-01 00:20:54,22.928,57.907,106.196,51.508,73.227,0.597801
2025-01-01 00:20:55,22.968,57.944,107.499,52.69,75.765,0.618621
2025-01-01 00:20:56,23.661,55.737,108.808,51.943,74.714,0.594702
2025-01-01 00:20:57,23.246,57.172,107.308,50.618,74.698,0.612108
2025-01-01 00:20:58,24.127,57.236,109.376,53.351,75.206,0.593479
2025-01-01 00:20:59,23.007,58.656,107.905,53.439,74.4,0.609738
2025-01-01 00:21:00,23.74,56.897,109.034,52.224,74.55,0.599702
2025-01-01 00:21:01,23.281,57.64,107.179,52.903,75.193,0.601293
2025-01-01 00:21:02,23.623,57.573,107.205,53.077,75.641,0.595964
2025-01-01 00:21:03,22.994,58.476,108.048,53.144,75.293,0.618959
2025-01-01 00:21:04,23.185,57.157,108.448,54.189,76.474,0.610362
2025-01-01 00:21:05,23.145,58.09,107.794,53.182,74.777,0.606752
2025-01-01 00:21:06,22.777,55.53,108.273,52.603,73.157,0.591047
2025-01-01 00:21:07,23.519,55.593,108.574,53.27,76.107,0.596555
2025-01-01 00:21:08,23.506,54.896,106.57,52.623,74.534,0.568507
2025-01-01 00:21:09,23.471,57.938,107.654,52.152,73.934,0.598241
2025-01-01 00:21:10,23.936,57.798,107.479,54.018,75.739,0.586825
2025-01-01 00:21:11,23.886,57.994,107.529,53.506,75.358,0.590369
2025-01-01 00:21:12,22.967,56.393,108.407,51.626,73.408,0.603236
2025-01-01 00:21:13,23.335,56.48,107.495,52.604,75.777,0.600995
2025-01-01 00:21:14,22.83,56.896,105.994,53.792,77.251,0.606848
2025-01-01 00:21:15,23.147,58.434,107.76,51.969,75.421,0.622585
2025-01-01 00:21:16,22.83,58.657,106.929,52.651,74.756,0.614725
2025-01-01 00:21:17,23.934,57.731,108.486,55.415,73.091,0.562247
2025-01-01 00:21:18,23.3,57.242,108.79,53.054,77.587,0.627826
2025-01-01 00:21:19,23.004,58.22,105.803,54.216,74.537,0.586389
2025-01-01 00:21:20,23.704,56.603,107.197,54.581,73.501,0.558614
2025-01-01 00:21:21,22.017,56.442,108.316,52.684,75.356,0.630957
2025-01-01 00:21:22,22.09,56.678,106.545,53.654,76.466,0.619966
2025-01-01 00:21:23,23.49,55.803,108.727,55.116,76.773,0.591862
2025-01-01 00:21:24,23.117,56.581,108.982,53.865,74.517,0.59842
2025-01-01 00:21:25,23.207,55.613,107.759,55.417,75.24,0.574697
2025-01-01 00:21:26,22.414,57.731,107.134,53.042,75.393,0.620762
2025-01-01 00:21:27,23.061,57.224,105.584,55.015,76.6,0.587084
2025-01-01 00:21:28,24.07,58.085,108.693,53.616,76.175,0.601552
2025-01-01 00:21:29,23.476,55.002,109.866,53.365,75.824,0.599974
2025-01-01 00:21:30,23.145,58.508,109.642,54.163,76.634,0.630981
2025-01-01 00:21:31,22.836,55.01,107.634,53.585,73.938,0.580287
2025-01-01 00:21:32,22.855,55.359,106.717,53.628,76.114,0.592761
2025-01-01 00:21:33,21.984,55.913,108.628,54.106,75.913,0.624583
2025-01-01 00:21:34,23.174,57.817,107.643,52.292,75.624,0.61612
2025-01-01 00:21:35,23.464,56.711,108.226,53.119,75.423,0.598805
2025-01-01 00:21:36,22.25,56.218,108.028,54.355,75.922,0.614982
2025-01-01 00:21:37,22.704,55.646,107.795,54.589,75.115,0.591242
2025-01-01 00:21:38,22.453,55.04,108.706,54.099,79.112,0.634104
2025-01-01 00:21:39,22.546,57.525,108.717,54.051,77.509,0.637479
2025-01-01 00:21:40,23.053,57.168,107.103,54.168,77.23,0.60941
2025-01-01 00:21:41,21.981,57.699,106.675,54.628,75.323,0.61455
2025-01-01 00:21:42,23.328,56.721,105.071,52.735,74.85,0.576107
2025-01-01 00:21:43,23.396,53.659,107.194,53.482,75.785,0.570532
2025-01-01 00:21:44,22.891,55.034,106.417,53.843,76.218,0.586616
2025-01-01 00:21:45,21.774,56.722,107.898,54.071,74.384,0.617619
2025-01-01 00:21:46,22.514,55.865,107.111,52.238,76.74,0.621533
2025-01-01 00:21:47,23.627,55.654,107.187,52.931,77.505,0.597884
2025-01-01 00:21:48,21.62,55.088,108.192,53.933,73.566,0.605961
2025-01-01 00:21:49,22.834,57.117,107.743,54.766,75.211,0.598164
2025-01-01 00:21:50,22.416,56.605,107.193,53.628,77.808,0.627975
2025-01-01 00:21:51,23.407,56.628,108.96,53.437,76.826,0.613793
2025-01-01 00:21:52,22.666,55.473,107.974,54.4,75.382,0.595668
2025-01-01 00:21:53,23.205,56.262,106.782,53.72,77.348,0.601402
2025-01-01 00:21:54,23.285,54.727,106.787,54.693,75.796,0.568902
2025-01-01 00:21:55,23.919,55.914,107.907,53.815,76.27,0.582489
2025-01-01 00:21:56,22.899,53.496,107.28,53.103,75.232,0.579182
2025-01-01 00:21:57,23.188,54.436,105.914,55.134,76.664,0.566039
2025-01-01 00:21:58,22.258,55.662,107.887,54.989,77.911,0.621009
2025-01-01 00:21:59,23.595,58.339,108.206,53.236,76.162,0.612549
2025-01-01 00:22:00,22.62,54.144,108.086,54.316,77.555,0.605928
2025-01-01 00:22:01,22.72,54.682,108.402,53.738,76.767,0.607859
2025-01-01 00:22:02,22.989,56.123,108.882,54.493,78.168,0.621604
2025-01-01 00:22:03,22.219,57.656,108.496,53.294,76.364,0.640011
2025-01-01 00:22:04,23.116,56.07,107.059,54.689,78.833,0.6089
2025-01-01 00:22:05,23.486,56.551,106.461,54.943,77.832,0.590044
2025-01-01 00:22:06,23.149,55.493,104.79,53.225,77.354,0.585674
2025-01-01 00:22:07,22.209,55.302,106.581,54.031,77.446,0.612959
2025-01-01 00:22:08,22.943,55.877,107.038,54.943,76.599,0.591382
2025-01-01 00:22:09,23.377,55.118,106.51,53.162,76.57,0.585122
2025-01-01 00:22:10,22.069,56.483,104.526,53.42,77.568,0.614455
2025-01-01 00:22:11,22.472,54.135,106.074,54.475,75.864,0.579141
2025-01-01 00:22:12,23.449,56.614,106.951,53.808,76.629,0.593541
2025-01-01 00:22:13,23.148,55.746,105.225,52.665,76.275,0.586192
2025-01-01 00:22:14,23.221,55.475,106.361,53.658,78.135,0.598994
2025-01-01 00:22:15,23.946,54.03,106.57,55.299,78.203,0.562708
2025-01-01 00:22:16,23.253,54.676,107.199,55.539,79.07,0.592736
2025-01-01 00:22:17,23.35,56.838,107.736,53.366,77.197,0.610867
2025-01-01 00:22:18,24.379,55.415,105.586,53.13,76.679,0.559294
2025-01-01 00:22:19,22.92,55.886,106.088,53.479,75.936,0.590064
2025-01-01 00:22:20,22.63,54.712,106.059,55.271,78.074,0.591865
2025-01-01 00:22:21,23.246,55.547,106.432,54.486,79.476,0.604258
2025-01-01 00:22:22,23.255,54.189,106.259,54.966,77.761,0.575595
2025-01-01 00:22:23,22.775,55.645,107.084,54.575,77.934,0.607031
2025-01-01 00:22:24,22.525,55.901,103.264,52.701,77.945,0.599221
2025-01-01 00:22:25,24.2,55.836,105.95,52.978,78.309,0.583538
2025-01-01 00:22:26,23.212,54.597,105.955,53.159,79.252,0.602336
2025-01-01 00:22:27,22.686,55.144,105.167,53.277,80.41,0.619965
2025-01-01 00:22:28,23.514,56.009,103.072,53.13,78.757,0.580466
2025-01-01 00:22:29,23.006,55.247,105.209,53.2,78.888,0.602672
2025-01-01 00:22:30,22.938,55.157,104.492,54.138,77.976,0.583964
2025-01-01 00:22:31,23.35,57.334,106.812,53.71,78.186,0.612939
2025-01-01 00:22:32,22.427,54.466,105.441,54.552,78.222,0.596232
2025-01-01 00:22:33,23.254,56.484,104.201,53.751,77.981,0.587381
2025-01-01 00:22:34,24.039,54.236,102.874,52.982,78.626,0.55433
2025-01-01 00:22:35,23.32,56.033,105.447,53.646,79.276,0.603216
2025-01-01 00:22:36,22.904,56.074,105.482,52.259,78.655,0.617654
2025-01-01 00:22:37,22.843,54.843,104.499,51.589,78.295,0.604789
2025-01-01 00:22:38,22.897,54.124,105.246,53.924,78.836,0.591558
2025-01-01 00:22:39,22.981,53.359,104.221,54.194,77.587,0.564187
2025-01-01 00:22:40,22.924,54.702,105.564,53.406,79.756,0.608604
2025-01-01 00:22:41,23.577,55.832,105.415,53.003,78.35,0.593188
2025-01-01 00:22:42,22.258,54.217,102.709,52.211,77.513,0.588738
2025-01-01 00:22:43,23.561,55.38,102.878,54.185,79.507,0.571716
2025-01-01 00:22:44,22.946,53.796,106.229,53.612,79.62,0.604047
2025-01-01 00:22:45,23.331,55.028,105.054,53.416,78.028,0.584383
2025-01-01 00:22:46,22.585,54.104,102.783,53.144,79.862,0.593516
2025-01-01 00:22:47,23.819,55.163,102.398,52.737,79.929,0.574836
2025-01-01 00:22:48,23.784,54.729,104.099,52.186,81.592,0.602738
2025-01-01 00:22:49,23.648,54.03,102.671,53.242,78.994,0.561017
2025-01-01 00:22:50,22.417,54.552,103.418,52.571,79.265,0.604483
2025-01-01 00:22:51,23.596,54.267,103.609,52.625,78.657,0.572878
2025-01-01 00:22:52,23.391,53.878,103.486,54.3,80.031,0.572523
2025-01-01 00:22:53,22.393,56.266,104.624,52.848,79.488,0.625878
2025-01-01 00:22:54,23.191,54.814,105.252,50.884,80.733,0.626979
2025-01-01 00:22:55,23.393,52.963,102.857,52.378,79.081,0.567316
2025-01-01 00:22:56,23.496,54.534,102.125,51.964,80.223,0.58329
2025-01-01 00:22:57,23.314,56.064,103.563,52.612,79.426,0.59808
2025-01-01 00:22:58,23.379,54.38,104.724,51.542,77.554,0.585924
2025-01-01 00:22:59,23.978,56.631,102.607,52.986,80.574,0.587087
2025-01-01 00:23:00,23.862,54.269,103.778,52.359,77.777,0.563082
2025-01-01 00:23:01,21.824,55.622,102.007,52.171,79.738,0.620902
2025-01-01 00:23:02,23.107,56.148,102.783,52.627,79.811,0.60029
2025-01-01 00:23:03,23.191,55.555,101.516,52.401,80.028,0.587992
2025-01-01 00:23:04,22.406,53.723,102.605,52.31,80.149,0.601622
2025-01-01 00:23:05,23.338,54.149,102.393,52.192,80.192,0.584062
2025-01-01 00:23:06,23.924,56.255,103.033,52.309,80.637,0.594176
2025-01-01 00:23:07,22.765,54.274,104.118,52.553,80.126,0.607225
2025-01-01 00:23:08,23.486,56.049,101.866,52.406,83.45,0.615122
2025-01-01 00:23:09,22.869,54.637,100.17,53.085,79.954,0.57253
2025-01-01 00:23:10,23.0,55.204,101.882,51.698,78.952,0.588818
2025-01-01 00:23:11,24.084,53.671,102.297,52.278,78.782,0.551187
2025-01-01 00:23:12,23.083,54.444,102.114,53.995,81.318,0.585644
2025-01-01 00:23:13,23.595,54.172,101.668,51.956,78.673,0.562378
2025-01-01 00:23:14,22.438,55.269,103.226,51.937,79.185,0.611637
2025-01-01 00:23:15,24.314,55.132,101.788,50.878,79.067,0.56564
2025-01-01 00:23:16,23.694,55.497,101.46,51.268,81.294,0.594631
2025-01-01 00:23:17,23.312,54.54,100.7,51.702,82.396,0.595999
2025-01-01 00:23:18,23.701,54.097,99.643,52.163,79.721,0.550944
2025-01-01 00:23:19,22.718,55.207,101.632,52.204,81.414,0.609103
2025-01-01 00:23:20,24.025,53.991,101.46,51.893,77.797,0.543112
2025-01-01 00:23:21,23.282,56.096,100.067,52.223,80.121,0.581017
2025-01-01 00:23:22,23.353,54.901,100.994,50.728,81.792,0.602105
2025-01-01 00:23:23,23.219,54.687,100.806,51.866,80.748,0.585406
2025-01-01 00:23:24,23.186,55.473,100.238,51.432,82.369,0.603697
2025-01-01 00:23:25,23.834,54.932,99.98,51.467,78.55,0.552282
2025-01-01 00:23:26,23.626,53.349,101.09,51.024,80.401,0.572203
2025-01-01 00:23:27,23.835,53.944,100.371,50.497,81.879,0.582365
2025-01-01 00:23:28,23.516,56.061,99.917,50.233,81.917,0.603423
2025-01-01 00:23:29,23.788,55.086,99.557,51.407,82.062,0.580391
2025-01-01 00:23:30,23.333,53.32,100.2,51.494,81.744,0.579123
2025-01-01 00:23:31,24.669,55.353,101.166,50.937,80.175,0.56329
2025-01-01 00:23:32,22.782,54.441,100.359,50.974,80.665,0.595578
2025-01-01 00:23:33,24.208,54.126,99.827,50.354,84.433,0.593096
2025-01-01 00:23:34,24.273,53.855,100.283,51.277,80.194,0.551836
2025-01-01 00:23:35,23.175,56.0,101.25,50.867,80.059,0.600916
2025-01-01 00:23:36,24.728,53.035,100.287,50.47,82.625,0.561676
2025-01-01 00:23:37,24.123,54.164,99.968,51.399,80.59,0.557391
2025-01-01 00:23:38,24.123,55.122,100.258,51.166,84.064,0.596563
2025-01-01 00:23:39,23.663,56.581,99.373,49.365,85.246,0.632292
2025-01-01 00:23:40,23.553,55.558,99.626,50.576,81.727,0.592803
2025-01-01 00:23:41,23.569,54.16,98.864,49.714,82.439,0.588542
2025-01-01 00:23:42,23.882,56.537,97.714,50.535,79.929,0.563871
2025-01-01 00:23:43,24.4,53.654,99.519,47.845,83.408,0.593112
2025-01-01 00:23:44,23.803,55.277,99.435,50.467,79.534,0.56681
2025-01-01 00:23:45,23.269,55.502,98.712,50.822,80.664,0.581282
2025-01-01 00:23:46,24.15,54.136,99.947,50.107,82.464,0.581235
2025-01-01 00:23:47,24.211,55.717,98.102,49.207,83.029,0.588543
2025-01-01 00:23:48,24.091,54.509,96.964,51.646,80.641,0.535981
2025-01-01 00:23:49,24.15,55.721,97.951,50.949,81.82,0.566194
2025-01-01 00:23:50,23.655,53.19,97.02,49.542,80.527,0.551057
2025-01-01 00:23:51,23.339,55.368,98.811,49.701,82.19,0.599973
2025-01-01 00:23:52,23.383,54.625,97.634,48.268,81.659,0.590882
2025-01-01 00:23:53,23.013,56.191,99.284,50.175,81.906,0.610759
2025-01-01 00:23:54,23.962,55.002,99.176,48.643,83.499,0.604683
2025-01-01 00:23:55,23.816,56.299,97.201,50.215,83.104,0.587854
2025-01-01 00:23:56,23.651,55.563,97.231,50.446,83.488,0.587741
2025-01-01 00:23:57,22.407,54.933,98.488,49.512,82.707,0.619861
2025-01-01 00:23:58,23.275,55.853,98.847,48.66,83.77,0.624968
2025-01-01 00:23:59,24.473,55.865,95.769,50.454,82.915,0.555944
2025-01-01 00:24:00,23.595,55.548,97.978,49.4,82.415,0.59346
2025-01-01 00:24:01,24.121,52.79,95.414,49.416,83.737,0.552693
2025-01-01 00:24:02,23.26,54.106,96.979,48.54,82.591,0.59038
2025-01-01 00:24:03,24.689,56.479,98.536,49.384,82.75,0.583415
2025-01-01 00:24:04,23.912,53.846,100.368,49.011,84.474,0.611501
2025-01-01 00:24:05,24.143,55.991,97.036,48.055,84.407,0.603358
2025-01-01 00:24:06,25.175,55.822,95.944,50.134,82.927,0.543808
2025-01-01 00:24:07,24.785,54.397,96.595,50.414,84.376,0.556828
2025-01-01 00:24:08,23.888,53.135,97.092,49.766,81.84,0.555173
2025-01-01 00:24:09,23.76,54.569,96.273,49.591,83.07,0.573664
2025-01-01 00:24:10,23.908,57.224,95.937,50.253,82.562,0.578295
2025-01-01 00:24:11,24.341,54.29,96.353,47.949,83.506,0.575051
2025-01-01 00:24:12,24.048,54.368,97.094,47.885,84.434,0.595599
2025-01-01 00:24:13,23.918,54.173,96.449,48.347,84.263,0.587415
2025-01-01 00:24:14,24.864,56.394,95.656,48.863,84.143,0.572125
2025-01-01 00:24:15,24.089,54.945,95.788,48.337,83.848,0.581009
2025-01-01 00:24:16,25.311,54.571,95.964,47.702,83.535,0.554743
2025-01-01 00:24:17,24.221,56.62,95.3,48.469,85.21,0.596619
2025-01-01 00:24:18,25.084,55.796,95.513,48.337,81.955,0.547654
2025-01-01 00:24:19,24.385,54.307,96.786,49.033,83.053,0.565837
2025-01-01 00:24:20,24.703,54.013,95.835,48.343,84.388,0.565344
2025-01-01 00:24:21,23.875,56.405,94.234,46.733,85.769,0.611484
2025-01-01 00:24:22,23.826,55.274,96.936,48.513,83.562,0.594229
2025-01-01 00:24:23,24.498,53.718,96.252,49.42,83.704,0.557371
2025-01-01 00:24:24,24.778,53.495,94.376,48.127,82.51,0.534686
2025-01-01 00:24:25,24.319,54.173,95.319,48.843,83.448,0.559669
2025-01-01 00:24:26,23.672,54.061,94.818,47.6,84.987,0.590902
2025-01-01 00:24:27,23.65,53.266,96.212,48.407,86.072,0.598995
2025-01-01 00:24:28,23.633,54.224,95.09,47.31,83.864,0.58804
2025-01-01 00:24:29,23.478,54.417,95.316,47.66,83.296,0.587384
2025-01-01 00:24:30,24.433,54.885,95.128,47.618,84.376,0.577545
2025-01-01 00:24:31,24.956,57.053,93.765,48.143,82.393,0.551362
2025-01-01 00:24:32,24.403,55.106,96.579,47.055,85.851,0.606686
2025-01-01 00:24:33,23.295,55.218,95.766,46.496,82.929,0.605965
2025-01-01 00:24:34,24.346,55.908,94.286,47.998,84.819,0.581325
2025-01-01 00:24:35,24.376,55.174,95.156,47.922,84.838,0.582633
2025-01-01 00:24:36,25.522,55.825,95.869,47.621,85.268,0.573394
2025-01-01 00:24:37,23.761,55.719,94.883,48.232,84.857,0.595826
2025-01-01 00:24:38,24.31,55.575,96.316,47.28,84.589,0.598393
2025-01-01 00:24:39,25.375,58.233,97.611,47.623,85.135,0.606124
2025-01-01 00:24:40,24.763,56.391,94.5,47.075,85.657,0.59086
2025-01-01 00:24:41,24.836,54.413,93.978,47.105,86.845,0.580297
2025-01-01 00:24:42,24.628,55.879,93.507,47.542,83.401,0.560707
2025-01-01 00:24:43,24.752,54.732,92.218,49.042,82.55,0.521203
2025-01-01 00:24:44,24.992,55.985,95.617,47.782,82.934,0.564054
2025-01-01 00:24:45,24.215,54.179,93.952,47.586,82.647,0.554204
2025-01-01 00:24:46,25.075,54.462,95.119,47.727,83.415,0.551471
2025-01-01 00:24:47,23.966,55.929,95.259,45.19,83.295,0.605131
2025-01-01 00:24:48,24.833,56.598,93.041,47.285,84.419,0.568131
2025-01-01 00:24:49,24.775,56.119,93.131,47.72,85.975,0.576097
2025-01-01 00:24:50,24.394,56.487,95.747,47.022,85.732,0.609848
2025-01-01 00:24:51,24.707,56.023,93.874,46.883,84.263,0.574747
2025-01-01 00:24:52,24.423,55.838,93.226,46.13,84.397,0.581276
2025-01-01 00:24:53,24.215,55.179,92.784,46.5,87.482,0.599864
2025-01-01 00:24:54,24.591,56.512,93.632,46.145,85.812,0.5969
2025-01-01 00:24:55,24.232,56.741,95.226,47.577,85.334,0.60411
2025-01-01 00:24:56,24.962,55.67,94.349,47.945,85.301,0.570829
2025-01-01 00:24:57,24.242,55.634,93.791,48.259,84.836,0.576052
2025-01-01 00:24:58,25.19,57.36,95.145,45.999,87.614,0.616754
2025-01-01 00:24:59,24.26,55.766,94.9,46.113,85.009,0.601996
2025-01-01 00:25:00,24.584,55.88,93.787,46.017,85.442,0.591597
2025-01-01 00:25:01,24.572,56.307,96.178,45.771,83.311,0.597613
2025-01-01 00:25:02,25.563,55.743,93.104,45.755,84.551,0.558526
2025-01-01 00:25:03,25.082,55.04,94.401,46.116,84.679,0.572311
2025-01-01 00:25:04,24.828,56.257,92.862,47.2,85.948,0.577465
2025-01-01 00:25:05,25.2,55.859,94.11,45.899,84.458,0.57331
2025-01-01 00:25:06,23.914,57.759,92.912,47.289,85.47,0.604138
2025-01-01 00:25:07,24.962,56.725,93.576,47.514,84.708,0.570991
2025-01-01 00:25:08,25.999,55.36,95.46,46.623,84.138,0.554341
2025-01-01 00:25:09,25.083,56.704,93.978,47.354,84.111,0.56755
2025-01-01 00:25:10,25.068,56.303,93.46,45.258,85.295,0.585976
2025-01-01 00:25:11,25.325,57.325,92.166,45.878,85.648,0.576312
2025-01-01 00:25:12,25.515,55.511,93.088,46.454,85.313,0.558841
2025-01-01 00:25:13,24.085,56.245,91.851,46.459,84.567,0.580167
2025-01-01 00:25:14,24.259,55.977,93.706,47.403,85.421,0.58853
2025-01-01 00:25:15,25.222,56.156,93.642,45.441,85.219,0.580958
2025-01-01 00:25:16,24.776,55.233,92.563,45.791,84.375,0.566306
2025-01-01 00:25:17,25.806,56.715,94.369,46.135,85.744,0.576964
2025-01-01 00:25:18,25.009,56.578,94.193,45.77,87.835,0.611367
2025-01-01 00:25:19,24.216,57.467,92.784,45.334,85.5,0.608823
2025-01-01 00:25:20,24.566,56.193,93.166,45.771,83.944,0.579229
2025-01-01 00:25:21,23.842,55.813,91.979,45.941,87.476,0.610389
2025-01-01 00:25:22,25.116,57.036,92.262,47.281,87.239,0.582175
2025-01-01 00:25:23,25.156,55.475,91.425,45.293,87.466,0.579894
2025-01-01 00:25:24,25.054,57.377,91.994,46.748,85.711,0.57546
2025-01-01 00:25:25,25.822,57.397,92.339,47.102,84.837,0.551476
2025-01-01 00:25:26,25.899,57.594,90.754,45.663,84.72,0.548704
2025-01-01 00:25:27,25.231,56.736,92.963,46.27,87.175,0.589639
2025-01-01 00:25:28,24.265,55.896,93.382,46.513,87.746,0.610401
2025-01-01 00:25:29,25.657,56.515,92.326,46.373,84.728,0.553014
2025-01-01 00:25:30,25.643,56.809,89.612,46.102,82.82,0.520672
2025-01-01 00:25:31,25.536,55.892,92.032,45.486,85.835,0.564497
2025-01-01 00:25:32,25.889,57.809,90.868,46.552,84.783,0.545324
2025-01-01 00:25:33,24.832,57.079,91.63,45.717,85.031,0.577407
2025-01-01 00:25:34,26.435,55.631,93.671,46.035,85.604,0.549279
2025-01-01 00:25:35,24.967,58.43,89.764,46.148,86.392,0.578009
2025-01-01 00:25:36,25.838,56.669,91.363,46.689,84.973,0.542359
2025-01-01 00:25:37,24.636,55.502,92.991,47.545,86.082,0.575717
2025-01-01 00:25:38,25.03,55.79,91.442,45.411,85.776,0.570469
2025-01-01 00:25:39,26.27,58.133,91.349,46.042,83.17,0.533389
2025-01-01 00:25:40,25.397,58.495,94.145,44.813,86.598,0.613407
2025-01-01 00:25:41,25.964,57.704,92.476,47.186,85.41,0.555771
2025-01-01 00:25:42,25.678,58.039,93.019,46.038,84.441,0.569269
2025-01-01 00:25:43,25.523,57.962,92.567,45.766,85.093,0.575971
2025-01-01 00:25:44,26.274,57.327,92.222,46.05,86.213,0.559156
2025-01-01 00:25:45,25.489,57.125,93.314,46.095,86.03,0.581503
2025-01-01 00:25:46,24.733,57.361,93.946,45.432,86.753,0.614865
2025-01-01 00:25:47,25.238,57.583,90.349,46.974,86.508,0.565182
2025-01-01 00:25:48,25.931,56.132,91.989,46.546,84.582,0.538974
2025-01-01 00:25:49,25.868,57.631,91.975,46.665,82.446,0.532846
2025-01-01 00:25:50,24.903,58.384,91.584,45.502,86.139,0.595517
2025-01-01 00:25:51,25.34,56.746,92.989,45.468,86.753,0.589952
2025-01-01 00:25:52,25.427,56.665,92.262,45.974,85.755,0.570117
2025-01-01 00:25:53,25.55,57.482,93.928,46.715,86.792,0.589059
2025-01-01 00:25:54,25.061,56.382,93.101,46.488,84.798,0.57094
2025-01-01 00:25:55,25.45,55.742,93.365,45.477,85.585,0.57353
2025-01-01 00:25:56,25.415,58.233,90.801,46.646,84.895,0.558718
2025-01-01 00:25:57,26.18,56.662,91.196,45.348,86.836,0.558701
2025-01-01 00:25:58,26.215,57.159,91.28,45.611,84.905,0.544417
2025-01-01 00:25:59,25.752,56.557,93.331,46.282,88.468,0.590105
2025-01-01 00:26:00,25.644,58.472,91.045,45.235,85.392,0.571747
2025-01-01 00:26:01,25.925,58.076,91.079,45.418,86.949,0.574273
2025-01-01 00:26:02,25.462,57.01,90.902,47.449,85.401,0.547598
2025-01-01 00:26:03,25.312,56.099,94.784,47.319,87.59,0.592739
2025-01-01 00:26:04,25.43,56.96,91.897,48.077,87.54,0.568533
2025-01-01 00:26:05,25.598,57.905,92.578,46.625,85.587,0.571724
2025-01-01 00:26:06,25.348,57.551,90.918,46.802,86.3,0.566442
2025-01-01 00:26:07,26.026,57.5,93.029,46.183,87.494,0.58155
2025-01-01 00:26:08,26.324,57.631,90.309,46.049,86.324,0.546421
2025-01-01 00:26:09,25.18,58.207,91.116,47.05,84.847,0.562774
2025-01-01 00:26:10,26.001,57.435,91.378,47.466,86.029,0.547484
2025-01-01 00:26:11,25.893,57.956,92.344,47.031,85.039,0.556289
2025-01-01 00:26:12,26.188,56.548,91.348,45.755,86.11,0.549876
2025-01-01 00:26:13,26.025,60.118,93.682,46.766,84.976,0.580958
2025-01-01 00:26:14,25.319,57.309,92.679,45.863,86.359,0.586096
2025-01-01 00:26:15,25.429,57.826,91.505,46.247,83.755,0.554406
2025-01-01 00:26:16,26.089,58.218,93.213,47.844,84.546,0.550487
2025-01-01 00:26:17,26.603,57.27,91.843,45.604,84.929,0.541195
2025-01-01 00:26:18,24.995,57.719,91.667,48.328,85.678,0.564889
2025-01-01 00:26:19,26.289,57.736,93.177,47.063,84.044,0.543828
2025-01-01 00:26:20,26.725,56.856,89.852,46.282,84.787,0.513606
2025-01-01 00:26:21,26.067,58.239,93.064,46.741,86.768,0.576338
2025-01-01 00:26:22,26.432,56.181,91.642,46.171,86.898,0.547393
2025-01-01 00:26:23,25.819,59.613,91.667,46.314,82.768,0.551586
2025-01-01 00:26:24,26.124,58.683,94.367,46.844,85.09,0.57386
2025-01-01 00:26:25,25.387,58.56,91.907,46.557,87.309,0.590487
2025-01-01 00:26:26,25.039,56.214,93.423,46.108,86.228,0.587046
2025-01-01 00:26:27,26.695,57.189,92.777,46.713,86.238,0.548322
2025-01-01 00:26:28,25.745,59.401,92.912,45.875,86.41,0.594101
2025-01-01 00:26:29,26.022,62.194,92.311,45.946,84.566,0.588394
2025-01-01 00:26:30,25.57,59.268,92.292,45.975,85.957,0.587869
2025-01-01 00:26:31,25.571,59.141,94.156,48.376,86.249,0.585948
2025-01-01 00:26:32,26.202,58.66,93.594,47.402,85.794,0.567704
2025-01-01 00:26:33,25.937,57.318,92.2,47.594,85.175,0.546405
2025-01-01 00:26:34,26.503,59.192,91.69,47.166,85.571,0.550207
2025-01-01 00:26:35,26.553,57.127,92.189,47.603,84.241,0.523296
2025-01-01 00:26:36,26.5,57.049,93.794,48.179,86.327,0.549357
2025-01-01 00:26:37,26.471,57.017,94.031,47.607,83.847,0.535353
2025-01-01 00:26:38,27.153,59.298,93.447,48.635,84.57,0.530887
2025-01-01 00:26:39,25.842,58.296,91.317,47.335,86.346,0.560508
2025-01-01 00:26:40,26.36,58.486,93.729,47.888,85.855,0.560877
2025-01-01 00:26:41,26.966,58.401,94.322,48.015,84.904,0.542558
2025-01-01 00:26:42,27.044,57.322,93.236,46.751,83.408,0.521337
2025-01-01 00:26:43,25.713,57.809,95.087,47.576,85.384,0.579037
2025-01-01 00:26:44,26.279,57.891,91.832,46.114,84.66,0.546939
2025-01-01 00:26:45,27.126,57.138,93.884,47.529,85.969,0.538628
2025-01-01 00:26:46,26.712,58.071,92.226,47.456,84.749,0.532387
2025-01-01 00:26:47,26.567,57.526,94.353,47.454,83.243,0.535626
2025-01-01 00:26:48,26.372,59.217,93.956,47.447,83.659,0.552981
2025-01-01 00:26:49,26.3,59.333,95.194,48.23,84.781,0.568386
2025-01-01 00:26:50,26.647,57.41,93.943,47.16,85.398,0.549818
2025-01-01 00:26:51,26.388,58.439,93.091,49.405,83.845,0.527068
2025-01-01 00:26:52,26.503,60.624,93.056,48.42,84.305,0.551638
2025-01-01 00:26:53,26.575,57.82,93.35,47.373,86.138,0.554399
2025-01-01 00:26:54,26.207,59.26,93.143,48.583,86.491,0.565558
2025-01-01 00:26:55,26.823,58.971,95.055,48.912,85.464,0.553631
2025-01-01 00:26:56,28.024,59.991,95.039,48.462,84.761,0.531803
2025-01-01 00:26:57,25.689,59.226,92.323,47.413,84.329,0.561385
2025-01-01 00:26:58,26.75,58.532,93.915,50.058,85.692,0.536514
2025-01-01 00:26:59,26.218,59.062,93.996,48.832,84.636,0.553359
2025-01-01 00:27:00,26.896,59.11,93.211,47.374,86.089,0.555327
2025-01-01 00:27:01,26.641,58.969,94.489,48.592,86.122,0.561073
2025-01-01 00:27:02,27.008,57.775,95.572,48.301,85.416,0.548752
2025-01-01 00:27:03,27.225,60.37,95.063,48.535,84.295,0.548279
2025-01-01 00:27:04,26.743,60.226,95.58,47.629,84.356,0.569096
2025-01-01 00:27:05,27.222,58.148,93.576,48.681,82.856,0.50713
2025-01-01 00:27:06,25.493,58.925,94.394,48.026,84.733,0.578144
2025-01-01 00:27:07,27.469,59.033,93.655,48.466,84.662,0.525456
2025-01-01 00:27:08,26.871,58.135,94.724,49.11,83.076,0.522501
2025-01-01 00:27:09,27.231,57.457,94.879,48.473,87.533,0.552256
2025-01-01 00:27:10,26.091,58.687,95.575,48.677,85.329,0.57235
2025-01-01 00:27:11,26.294,59.034,95.994,49.62,83.619,0.552644
2025-01-01 00:27:12,26.791,57.982,95.437,48.309,87.057,0.567492
2025-01-01 00:27:13,26.718,59.634,93.955,48.556,83.962,0.542601
2025-01-01 00:27:14,26.877,60.653,93.531,48.127,85.518,0.559375
2025-01-01 00:27:15,27.286,60.365,95.472,48.528,84.59,0.55253
2025-01-01 00:27:16,25.869,59.429,96.521,49.346,83.895,0.573324
2025-01-01 00:27:17,27.246,57.749,95.066,49.81,84.008,0.51634
2025-01-01 00:27:18,26.771,60.338,93.634,48.71,86.099,0.560641
2025-01-01 00:27:19,26.673,59.802,97.317,49.899,85.389,0.572555
2025-01-01 00:27:20,26.047,60.113,95.793,49.552,84.153,0.569437
2025-01-01 00:27:21,27.042,61.658,95.547,48.419,81.801,0.545951
2025-01-01 00:27:22,25.59,58.931,94.281,49.721,84.588,0.561527
2025-01-01 00:27:23,27.129,56.914,95.539,50.594,82.688,0.499545
2025-01-01 00:27:24,26.066,58.769,96.283,48.182,84.791,0.578162
2025-01-01 00:27:25,26.846,60.342,96.174,51.357,83.248,0.535477
2025-01-01 00:27:26,26.766,59.916,95.066,49.321,83.334,0.54136
2025-01-01 00:27:27,27.417,58.706,95.764,48.547,83.259,0.528342
2025-01-01 00:27:28,26.75,58.536,95.282,50.034,85.209,0.543323
2025-01-01 00:27:29,26.499,59.634,97.638,50.646,81.823,0.542837
2025-01-01 00:27:30,26.599,58.776,96.946,49.814,84.787,0.559498
2025-01-01 00:27:31,27.495,60.576,95.604,50.344,84.271,0.534305
2025-01-01 00:27:32,27.132,59.677,95.038,51.848,83.731,0.515564
2025-01-01 00:27:33,26.677,59.495,96.563,50.374,83.238,0.543194
2025-01-01 00:27:34,26.758,59.397,95.871,52.652,84.317,0.527229
2025-01-01 00:27:35,26.098,60.452,96.025,51.335,83.163,0.551288
2025-01-01 00:27:36,27.082,60.265,95.388,50.421,83.109,0.529329
2025-01-01 00:27:37,26.013,60.457,95.592,50.67,83.68,0.55907
2025-01-01 00:27:38,27.274,60.469,96.847,50.238,85.624,0.560006
2025-01-01 00:27:39,26.968,60.25,96.499,50.75,81.701,0.526269
2025-01-01 00:27:40,28.102,59.322,99.344,51.056,84.073,0.533461
2025-01-01 00:27:41,26.363,59.658,97.523,50.34,83.256,0.559211
2025-01-01 00:27:42,26.867,60.027,95.859,49.616,83.118,0.542114
2025-01-01 00:27:43,27.822,62.52,95.558,51.833,81.505,0.506998
2025-01-01 00:27:44,27.523,59.139,97.575,51.611,81.185,0.503124
2025-01-01 00:27:45,26.584,60.102,96.863,49.754,83.654,0.560132
2025-01-01 00:27:46,27.048,60.653,98.675,51.08,81.677,0.541742
2025-01-01 00:27:47,26.941,60.284,97.71,51.82,84.373,0.550681
2025-01-01 00:27:48,27.085,61.694,95.53,51.793,81.888,0.520647
2025-01-01 00:27:49,26.599,60.345,96.577,50.554,83.721,0.554029
2025-01-01 00:27:50,26.907,60.452,97.006,51.949,82.322,0.529293
2025-01-01 00:27:51,26.156,61.534,98.209,51.23,82.217,0.567829
2025-01-01 00:27:52,27.026,62.563,96.8,51.584,81.822,0.539357
2025-01-01 00:27:53,27.187,62.193,98.091,50.591,83.395,0.563343
2025-01-01 00:27:54,26.851,60.682,96.688,47.975,83.681,0.570477
2025-01-01 00:27:55,26.161,60.802,98.117,50.812,82.396,0.56617
2025-01-01 00:27:56,27.465,60.931,98.567,51.916,83.435,0.541974
2025-01-01 00:27:57,27.156,61.064,99.745,51.376,82.692,0.55685
2025-01-01 00:27:58,26.613,60.102,98.616,52.113,81.027,0.533818
2025-01-01 00:27:59,26.839,61.919,97.641,52.53,83.033,0.548249
2025-01-01 00:28:00,26.231,61.222,100.038,51.432,82.169,0.576005
2025-01-01 00:28:01,26.471,61.003,98.449,51.405,79.343,0.533751
2025-01-01 00:28:02,26.717,59.809,99.494,50.05,81.961,0.559181
2025-01-01 00:28:03,27.602,61.175,98.195,50.612,80.348,0.521971
2025-01-01 00:28:04,26.669,59.252,98.987,50.829,80.852,0.537229
2025-01-01 00:28:05,27.311,60.596,98.183,52.396,81.981,0.524295
2025-01-01 00:28:06,26.723,60.647,99.395,51.744,82.139,0.553389
2025-01-01 00:28:07,27.118,61.529,99.964,51.622,81.177,0.548526
2025-01-01 00:28:08,26.924,63.154,98.754,51.58,82.76,0.568845
2025-01-01 00:28:09,27.433,61.879,98.787,51.524,81.939,0.542007
2025-01-01 00:28:10,26.73,62.787,99.783,52.934,81.517,0.558162
2025-01-01 00:28:11,26.212,62.016,98.69,52.317,82.026,0.56427
2025-01-01 00:28:12,26.308,62.528,98.086,53.083,83.368,0.566634
2025-01-01 00:28:13,26.733,63.292,100.046,50.582,79.29,0.562937
2025-01-01 00:28:14,26.375,60.735,99.674,52.809,83.378,0.566219
2025-01-01 00:28:15,27.205,60.702,99.741,52.041,81.027,0.534323
2025-01-01 00:28:16,26.767,62.199,100.48,52.248,80.78,0.557369
2025-01-01 00:28:17,28.187,61.559,100.709,53.6,81.18,0.515834
2025-01-01 00:28:18,26.131,61.814,99.976,52.25,80.546,0.562807
2025-01-01 00:28:19,27.101,61.377,99.103,52.999,80.309,0.523597
2025-01-01 00:28:20,26.435,61.061,99.676,51.834,82.52,0.567464
2025-01-01 00:28:21,26.752,63.309,100.988,52.72,81.643,0.573378
2025-01-01 00:28:22,27.069,60.62,100.629,51.46,79.097,0.531995
2025-01-01 00:28:23,25.834,62.437,100.031,52.729,82.154,0.583932
2025-01-01 00:28:24,27.114,62.306,99.885,53.124,81.926,0.54879
2025-01-01 00:28:25,27.946,60.234,101.376,53.741,79.457,0.50113
2025-01-01 00:28:26,26.767,61.013,100.625,52.241,81.402,0.554873
2025-01-01 00:28:27,27.122,61.212,101.687,52.512,81.876,0.558557
2025-01-01 00:28:28,27.503,62.471,101.902,52.458,79.153,0.538996
2025-01-01 00:28:29,26.907,61.57,100.798,52.808,81.367,0.552732
2025-01-01 00:28:30,26.697,61.882,102.149,52.277,80.161,0.564125
2025-01-01 00:28:31,25.847,60.54,101.425,51.36,81.568,0.585634
2025-01-01 00:28:32,27.304,64.354,101.642,52.287,79.743,0.561542
2025-01-01 00:28:33,26.924,62.13,99.273,53.118,82.06,0.548131
2025-01-01 00:28:34,26.472,62.588,100.578,53.073,80.463,0.558837
2025-01-01 00:28:35,27.039,61.579,100.72,53.667,79.963,0.531221
2025-01-01 00:28:36,26.682,61.497,101.405,53.933,79.779,0.540441
2025-01-01 00:28:37,26.707,64.092,101.924,52.932,81.641,0.58566
2025-01-01 00:28:38,27.271,60.293,102.052,52.055,79.67,0.5364
2025-01-01 00:28:39,26.296,62.518,102.268,53.678,81.756,0.581279
2025-01-01 00:28:40,27.485,61.058,101.384,53.378,80.685,0.530659
2025-01-01 00:28:41,26.259,61.894,102.846,53.21,78.712,0.560497
2025-01-01 00:28:42,26.624,61.69,104.049,54.422,80.352,0.564683
2025-01-01 00:28:43,27.913,61.372,101.972,53.835,80.322,0.521567
2025-01-01 00:28:44,27.511,62.423,101.746,53.601,78.51,0.523369
2025-01-01 00:28:45,26.993,59.848,101.809,53.661,80.167,0.529568
2025-01-01 00:28:46,26.469,62.13,102.664,54.236,80.753,0.565359
2025-01-01 00:28:47,26.671,62.384,102.137,53.03,81.402,0.572912
2025-01-01 00:28:48,26.968,61.144,101.016,52.903,81.294,0.548605
2025-01-01 00:28:49,26.946,64.046,101.373,53.444,82.806,0.581605
2025-01-01 00:28:50,26.877,61.967,103.933,52.713,79.885,0.568998
2025-01-01 00:28:51,26.902,62.352,104.277,53.641,80.494,0.572058
2025-01-01 00:28:52,26.806,62.026,104.678,53.777,79.048,0.56202
2025-01-01 00:28:53,26.187,62.565,103.386,53.666,81.982,0.594354
2025-01-01 00:28:54,26.645,63.983,102.25,53.453,78.597,0.560067
2025-01-01 00:28:55,27.355,65.176,102.884,55.084,81.819,0.572376
2025-01-01 00:28:56,26.208,63.476,101.911,54.533,81.61,0.580046
2025-01-01 00:28:57,26.792,63.847,101.953,53.721,78.561,0.551203
2025-01-01 00:28:58,26.471,64.503,103.818,53.891,80.692,0.593465
2025-01-01 00:28:59,26.931,63.063,104.181,54.934,79.942,0.561876
2025-01-01 00:29:00,26.675,64.412,105.679,53.381,78.846,0.591246
2025-01-01 00:29:01,27.603,63.661,103.716,53.092,79.123,0.554719
2025-01-01 00:29:02,27.111,63.04,102.52,54.06,79.55,0.54814
2025-01-01 00:29:03,26.196,63.273,103.833,54.223,79.61,0.579496
2025-01-01 00:29:04,27.181,61.129,103.75,54.296,80.917,0.551431
2025-01-01 00:29:05,26.451,63.269,103.617,54.579,79.755,0.570763
2025-01-01 00:29:06,26.543,61.46,104.528,53.342,78.092,0.557873
2025-01-01 00:29:07,26.982,61.405,103.046,52.812,79.854,0.554712
2025-01-01 00:29:08,26.572,63.25,104.466,53.48,76.811,0.558435
2025-01-01 00:29:09,27.258,61.969,105.061,54.422,78.391,0.544314
2025-01-01 00:29:10,26.417,63.102,105.903,53.227,78.453,0.587011
2025-01-01 00:29:11,26.487,63.274,104.867,52.425,79.538,0.593459
2025-01-01 00:29:12,26.461,63.344,105.673,54.094,80.82,0.598826
2025-01-01 00:29:13,26.499,62.283,104.258,53.53,78.903,0.568105
2025-01-01 00:29:14,27.324,64.111,104.469,52.607,78.155,0.565647
2025-01-01 00:29:15,27.081,63.149,106.192,54.052,77.698,0.562757
2025-01-01 00:29:16,27.614,63.704,103.543,53.687,79.485,0.552021
2025-01-01 00:29:17,27.885,62.092,104.581,55.339,78.196,0.518997
2025-01-01 00:29:18,26.227,63.135,106.182,54.07,77.773,0.581871
2025-01-01 00:29:19,26.77,64.436,104.911,54.469,79.466,0.580646
2025-01-01 00:29:20,26.138,64.333,104.905,53.986,79.676,0.598799
2025-01-01 00:29:21,26.329,62.59,104.992,53.521,77.069,0.564836
2025-01-01 00:29:22,26.394,62.867,105.442,53.607,76.372,0.562536
2025-01-01 00:29:23,26.172,62.448,106.476,54.859,77.999,0.576372
2025-01-01 00:29:24,26.166,62.804,106.38,54.589,76.697,0.569744
2025-01-01 00:29:25,26.61,62.086,105.532,52.796,76.481,0.559546
2025-01-01 00:29:26,26.065,63.37,106.677,52.983,76.713,0.590214
2025-01-01 00:29:27,27.085,64.165,105.989,53.021,79.167,0.588078
2025-01-01 00:29:28,26.196,62.771,106.569,54.817,78.64,0.584413
2025-01-01 00:29:29,28.05,63.488,104.744,52.576,80.758,0.568645
2025-01-01 00:29:30,26.41,63.382,107.572,54.582,76.988,0.580118
2025-01-01 00:29:31,26.662,64.68,106.114,54.263,79.303,0.594054
2025-01-01 00:29:32,25.969,63.036,103.205,54.052,78.25,0.568112
2025-01-01 00:29:33,27.46,63.096,107.672,53.545,76.939,0.562882
2025-01-01 00:29:34,27.157,62.847,106.076,54.863,77.381,0.549344
2025-01-01 00:29:35,26.735,62.578,105.733,53.99,76.834,0.556036
2025-01-01 00:29:36,25.903,64.267,105.579,52.731,77.768,0.602231
2025-01-01 00:29:37,26.672,63.625,106.681,52.904,78.593,0.594611
2025-01-01 00:29:38,25.995,63.837,105.408,52.542,76.917,0.590377
2025-01-01 00:29:39,27.276,65.078,105.774,54.803,78.329,0.569083
2025-01-01 00:29:40,26.939,65.157,105.852,54.966,78.788,0.580217
2025-01-01 00:29:41,26.572,62.2,106.165,54.678,79.006,0.572916
2025-01-01 00:29:42,25.295,64.516,105.994,53.677,75.758,0.597376
2025-01-01 00:29:43,26.01,64.114,107.413,52.632,77.059,0.607585
2025-01-01 00:29:44,26.835,63.448,106.882,52.91,77.921,0.585834
2025-01-01 00:29:45,27.086,64.258,107.054,52.942,75.718,0.569403
2025-01-01 00:29:46,27.023,62.224,107.32,53.676,75.404,0.549813
2025-01-01 00:29:47,25.661,65.434,106.664,54.801,76.896,0.602118
2025-01-01 00:29:48,26.597,64.506,105.784,54.775,76.386,0.564277
2025-01-01 00:29:49,26.942,63.146,108.656,53.254,76.628,0.58178
2025-01-01 00:29:50,25.593,63.446,107.824,51.832,76.223,0.613871
2025-01-01 00:29:51,26.407,62.348,108.554,52.663,79.335,0.612791
2025-01-01 00:29:52,26.536,63.756,108.019,54.522,76.143,0.577092
2025-01-01 00:29:53,26.237,63.607,106.567,53.73,77.354,0.587114
2025-01-01 00:29:54,25.449,62.783,104.722,53.234,77.229,0.58693
2025-01-01 00:29:55,26.2,64.904,105.882,53.15,74.535,0.573531
2025-01-01 00:29:56,26.187,65.423,107.788,52.862,78.277,0.623854
2025-01-01 00:29:57,26.264,64.137,107.089,52.471,77.224,0.602341
2025-01-01 00:29:58,26.044,63.877,106.809,55.062,76.617,0.57946
2025-01-01 00:29:59,26.092,64.636,104.771,54.748,77.654,0.579152
2025-01-01 00:30:00,26.281,64.2,107.29,52.685,76.285,0.594874
2025-01-01 00:30:01,26.509,63.155,106.258,51.908,77.357,0.588811
2025-01-01 00:30:02,26.123,63.602,106.65,53.414,74.005,0.565265
2025-01-01 00:30:03,26.057,63.976,108.258,53.127,77.195,0.609414
2025-01-01 00:30:04,26.295,64.537,106.412,53.714,76.392,0.583759
2025-01-01 00:30:05,25.276,64.316,106.54,53.861,76.369,0.604
2025-01-01 00:30:06,26.462,64.534,107.69,52.206,75.077,0.590134
2025-01-01 00:30:07,26.21,62.815,108.408,54.131,75.784,0.580271
2025-01-01 00:30:08,26.216,65.022,107.162,52.788,75.708,0.595873
2025-01-01 00:30:09,26.663,64.376,109.06,53.519,74.598,0.581532
2025-01-01 00:30:10,25.193,66.941,106.342,52.786,76.355,0.630404
2025-01-01 00:30:11,25.169,64.017,106.193,53.695,77.773,0.613898
2025-01-01 00:30:12,26.279,64.744,106.133,51.029,74.14,0.584835
2025-01-01 00:30:13,26.125,67.265,106.045,53.47,76.395,0.606192
2025-01-01 00:30:14,26.2,64.645,108.058,52.174,75.263,0.601101
2025-01-01 00:30:15,25.87,64.398,106.766,52.858,75.086,0.590391
2025-01-01 00:30:16,26.419,63.494,106.356,53.753,75.781,0.567697
2025-01-01 00:30:17,26.539,66.024,108.166,52.073,75.761,0.609184
2025-01-01 00:30:18,26.301,63.351,108.631,51.906,75.838,0.600424
2025-01-01 00:30:19,25.914,64.952,108.876,52.333,74.222,0.606121
2025-01-01 00:30:20,24.977,64.065,108.719,52.24,76.85,0.639761
2025-01-01 00:30:21,26.401,64.363,106.942,51.704,75.603,0.592449
2025-01-01 00:30:22,26.613,63.142,108.153,52.585,76.183,0.586402
2025-01-01 00:30:23,26.31,65.923,108.388,52.581,76.892,0.620322
2025-01-01 00:30:24,25.533,64.315,107.431,52.78,73.094,0.586642
2025-01-01 00:30:25,26.295,63.391,108.084,51.708,76.121,0.600426
2025-01-01 00:30:26,26.374,65.871,106.679,51.562,75.133,0.599201
2025-01-01 00:30:27,26.708,64.127,107.315,52.175,76.518,0.590818
2025-01-01 00:30:28,25.476,64.978,108.324,52.027,74.301,0.614403
2025-01-01 00:30:29,25.786,65.498,109.469,51.995,76.351,0.636138
2025-01-01 00:30:30,26.258,65.142,109.121,51.561,73.93,0.605139
2025-01-01 00:30:31,25.898,62.483,108.638,52.342,75.646,0.598259
2025-01-01 00:30:32,25.296,65.387,108.063,51.275,75.473,0.633625
2025-01-01 00:30:33,26.046,64.602,107.913,51.882,74.913,0.602324
2025-01-01 00:30:34,26.113,64.385,106.545,51.685,73.83,0.581681
2025-01-01 00:30:35,25.853,64.616,107.161,51.853,74.595,0.598629
2025-01-01 00:30:36,25.903,63.126,107.195,52.777,76.115,0.592548
2025-01-01 00:30:37,25.649,64.939,108.574,50.727,76.762,0.640609
2025-01-01 00:30:38,26.502,63.393,108.945,49.814,77.293,0.625151
2025-01-01 00:30:39,25.297,64.481,108.736,51.2,75.55,0.633299
2025-01-01 00:30:40,25.438,64.933,109.18,50.702,75.191,0.6374
2025-01-01 00:30:41,25.722,65.861,108.067,49.161,75.4,0.642173
2025-01-01 00:30:42,26.14,63.977,107.008,52.915,77.147,0.599447
2025-01-01 00:30:43,24.936,66.257,107.937,51.913,75.43,0.641474
2025-01-01 00:30:44,25.014,65.762,107.256,51.945,74.883,0.627009
2025-01-01 00:30:45,24.635,64.394,108.632,51.13,74.422,0.637521
2025-01-01 00:30:46,25.654,63.724,107.608,51.641,74.534,0.600884
2025-01-01 00:30:47,25.063,63.397,107.86,50.912,75.164,0.623234
2025-01-01 00:30:48,25.414,65.121,108.643,51.847,73.773,0.616204
2025-01-01 00:30:49,25.921,64.12,107.197,51.292,73.898,0.592293
2025-01-01 00:30:50,25.254,66.064,108.891,51.057,74.549,0.639576
2025-01-01 00:30:51,25.674,64.193,106.567,51.062,74.059,0.596389
2025-01-01 00:30:52,25.393,63.979,108.208,52.148,75.293,0.615193
2025-01-01 00:30:53,25.862,65.121,107.796,51.054,75.363,0.61856
2025-01-01 00:30:54,25.748,64.208,108.699,50.041,74.847,0.624284
2025-01-01 00:30:55,25.148,64.909,106.481,51.077,75.097,0.620276
2025-01-01 00:30:56,25.394,65.893,106.307,51.144,74.629,0.616592
2025-01-01 00:30:57,25.984,65.031,108.569,50.581,69.916,0.580939
2025-01-01 00:30:58,25.642,65.04,107.409,50.598,73.395,0.607502
2025-01-01 00:30:59,24.731,65.13,107.689,49.731,75.274,0.649986
2025-01-01 00:31:00,25.741,63.238,107.099,50.605,73.399,0.590039
2025-01-01 00:31:01,24.854,65.328,108.649,49.499,75.412,0.658219
2025-01-01 00:31:02,26.087,65.101,108.012,50.213,75.461,0.621979
2025-01-01 00:31:03,25.876,65.839,107.93,49.821,74.03,0.62258
2025-01-01 00:31:04,25.492,65.557,106.495,51.086,73.622,0.605911
2025-01-01 00:31:05,25.41,64.754,108.14,51.483,74.324,0.616907
2025-01-01 00:31:06,25.21,65.993,106.619,49.27,74.243,0.633602
2025-01-01 00:31:07,25.637,64.672,106.925,50.125,75.031,0.617705
2025-01-01 00:31:08,25.096,65.215,106.189,49.823,71.453,0.601479
2025-01-01 00:31:09,25.383,64.661,107.368,50.386,73.366,0.611332
2025-01-01 00:31:10,25.685,65.437,108.559,50.034,73.017,0.618967
2025-01-01 00:31:11,24.951,64.602,107.69,49.59,71.195,0.611007
2025-01-01 00:31:12,24.907,66.629,106.989,49.918,73.609,0.637613
2025-01-01 00:31:13,24.602,67.001,107.506,49.614,72.389,0.642985
2025-01-01 00:31:14,24.65,65.861,107.466,51.0,73.71,0.634363
2025-01-01 00:31:15,24.252,66.53,107.393,49.037,73.577,0.659061
2025-01-01 00:31:16,25.514,63.452,107.469,49.821,74.694,0.615196
2025-01-01 00:31:17,26.037,63.572,106.214,49.966,73.838,0.587503
2025-01-01 00:31:18,25.829,64.673,107.323,49.852,72.097,0.595194
2025-01-01 00:31:19,24.286,65.037,105.422,49.206,74.532,0.640227
2025-01-01 00:31:20,25.445,64.799,107.713,50.483,77.009,0.641252
2025-01-01 00:31:21,25.777,63.356,105.995,47.66,75.386,0.618801
2025-01-01 00:31:22,24.821,66.151,108.233,48.4,74.901,0.66507
2025-01-01 00:31:23,25.083,67.154,104.568,49.75,73.843,0.622959
2025-01-01 00:31:24,24.012,66.281,108.645,48.459,73.48,0.674009
2025-01-01 00:31:25,25.133,66.086,105.287,48.357,73.388,0.625922
2025-01-01 00:31:26,24.451,65.226,105.681,48.678,74.342,0.642173
2025-01-01 00:31:27,25.066,64.157,107.135,48.368,72.683,0.621708
2025-01-01 00:31:28,24.169,65.071,107.408,49.451,74.304,0.653637
2025-01-01 00:31:29,25.204,67.104,106.458,49.61,73.237,0.630148
2025-01-01 00:31:30,25.428,64.645,107.586,48.902,71.971,0.611393
2025-01-01 00:31:31,24.508,64.541,105.848,49.621,73.21,0.622063
2025-01-01 00:31:32,24.314,66.102,106.195,47.613,75.52,0.670538
2025-01-01 00:31:33,23.788,66.166,106.241,48.729,74.181,0.664466
2025-01-01 00:31:34,24.716,64.143,105.954,49.693,69.748,0.58743
2025-01-01 00:31:35,24.542,64.727,104.505,49.343,73.2,0.614642
2025-01-01 00:31:36,24.041,64.485,106.362,49.657,75.089,0.649371
2025-01-01 00:31:37,25.026,65.054,106.218,47.983,73.645,0.632332
2025-01-01 00:31:38,24.558,66.085,107.356,49.137,74.63,0.65681
2025-01-01 00:31:39,24.229,64.174,104.936,48.009,73.526,0.632475
2025-01-01 00:31:40,24.473,66.065,105.527,48.775,74.221,0.644792
2025-01-01 00:31:41,25.269,65.073,107.313,49.296,74.042,0.629258
2025-01-01 00:31:42,25.018,67.294,106.345,47.561,73.225,0.648578
2025-01-01 00:31:43,24.635,65.283,106.542,46.661,74.687,0.661241
2025-01-01 00:31:44,24.993,64.863,106.387,49.573,75.841,0.638818
2025-01-01 00:31:45,24.087,65.53,106.331,48.435,74.466,0.658904
2025-01-01 00:31:46,24.667,64.614,107.634,47.909,74.132,0.651135
2025-01-01 00:31:47,24.708,63.151,105.843,47.816,72.998,0.619043
2025-01-01 00:31:48,24.383,64.701,104.678,46.22,75.139,0.655674
2025-01-01 00:31:49,24.82,64.68,106.265,48.016,73.404,0.632294
2025-01-01 00:31:50,24.195,63.338,104.996,47.376,74.694,0.641196
2025-01-01 00:31:51,24.824,64.852,105.389,47.795,74.941,0.640439
2025-01-01 00:31:52,24.829,62.852,105.804,47.73,75.217,0.632038
2025-01-01 00:31:53,23.078,64.565,104.547,44.957,75.245,0.688858
2025-01-01 00:31:54,25.116,65.15,104.792,48.005,75.208,0.632726
2025-01-01 00:31:55,22.981,64.997,105.711,47.719,72.543,0.663738
2025-01-01 00:31:56,24.18,64.482,104.619,47.781,73.027,0.631049
2025-01-01 00:31:57,24.985,64.801,106.073,47.331,72.419,0.625396
2025-01-01 00:31:58,24.298,64.095,104.044,47.473,72.347,0.618492
2025-01-01 00:31:59,23.707,64.883,103.972,47.529,75.914,0.662595
2025-01-01 00:32:00,23.877,64.922,106.797,47.567,72.909,0.656506
2025-01-01 00:32:01,24.922,63.956,103.29,47.685,72.75,0.600209
2025-01-01 00:32:02,23.432,65.116,104.723,47.489,74.045,0.661292
2025-01-01 00:32:03,24.941,65.101,106.529,48.701,73.228,0.62846
2025-01-01 00:32:04,24.333,64.665,104.576,46.6,76.849,0.665957
2025-01-01 00:32:05,23.749,67.244,105.879,46.84,73.818,0.679695
2025-01-01 00:32:06,24.038,64.673,105.111,48.455,74.693,0.64702
2025-01-01 00:32:07,23.805,64.526,104.377,46.938,73.235,0.644846
2025-01-01 00:32:08,24.731,64.373,104.179,47.769,72.19,0.608881
2025-01-01 00:32:09,24.649,63.815,102.115,47.094,73.324,0.605116
2025-01-01 00:32:10,23.407,65.462,103.84,46.766,73.351,0.657594
2025-01-01 00:32:11,24.049,64.08,104.315,47.701,73.357,0.63189
2025-01-01 00:32:12,23.804,64.188,104.238,47.29,72.322,0.632055
2025-01-01 00:32:13,24.867,64.207,106.395,45.613,74.421,0.653315
2025-01-01 00:32:14,23.53,63.75,104.132,46.944,73.869,0.648224
2025-01-01 00:32:15,24.992,62.973,104.403,45.975,72.44,0.609746
2025-01-01 00:32:16,24.158,64.25,104.859,47.755,74.434,0.642672
2025-01-01 00:32:17,23.579,65.575,104.156,48.108,75.239,0.662202
2025-01-01 00:32:18,23.806,64.888,103.45,48.172,75.78,0.651596
2025-01-01 00:32:19,23.729,66.24,103.375,46.928,71.456,0.637482
2025-01-01 00:32:20,23.477,65.418,103.025,46.242,73.502,0.654819
2025-01-01 00:32:21,24.147,65.179,103.739,46.838,72.754,0.634669
2025-01-01 00:32:22,23.471,66.525,103.043,45.8,73.636,0.666493
2025-01-01 00:32:23,22.98,64.533,103.757,48.4,76.105,0.668944
2025-01-01 00:32:24,23.865,64.681,102.041,47.451,73.587,0.626921
2025-01-01 00:32:25,23.139,64.593,103.114,46.712,73.911,0.656624
2025-01-01 00:32:26,23.65,66.135,104.437,47.239,73.508,0.659404
2025-01-01 00:32:27,23.557,64.581,102.577,46.022,76.476,0.66812
2025-01-01 00:32:28,23.561,63.917,104.561,45.505,71.787,0.6458
2025-01-01 00:32:29,24.983,65.139,102.798,44.596,73.902,0.634601
2025-01-01 00:32:30,23.996,63.721,102.494,46.41,73.555,0.627793
2025-01-01 00:32:31,24.077,65.057,102.583,46.154,72.552,0.630095
2025-01-01 00:32:32,23.052,64.923,102.07,46.714,75.964,0.668584
2025-01-01 00:32:33,23.599,64.305,100.316,46.287,72.503,0.616944
2025-01-01 00:32:34,24.019,65.045,103.091,46.636,74.14,0.643785
2025-01-01 00:32:35,23.385,62.977,104.318,46.886,74.623,0.653339
2025-01-01 00:32:36,24.338,64.613,102.52,45.05,73.842,0.638757
2025-01-01 00:32:37,23.269,63.972,102.495,46.895,72.689,0.634687
2025-01-01 00:32:38,23.713,67.281,101.685,45.857,74.595,0.663965
2025-01-01 00:32:39,23.55,64.559,102.939,46.58,73.91,0.647652
2025-01-01 00:32:40,23.911,63.791,101.655,46.967,75.822,0.63764
2025-01-01 00:32:41,23.495,62.993,101.874,46.958,75.5,0.639919
2025-01-01 00:32:42,23.667,65.66,99.955,46.224,77.242,0.6592
2025-01-01 00:32:43,23.671,63.988,100.903,46.249,75.07,0.637763
2025-01-01 00:32:44,23.409,63.53,101.712,46.808,75.675,0.646625
2025-01-01 00:32:45,24.005,64.641,102.164,44.881,74.567,0.649959
2025-01-01 00:32:46,23.869,64.938,102.104,45.31,77.082,0.670208
2025-01-01 00:32:47,23.692,64.904,99.502,45.837,75.071,0.636416
2025-01-01 00:32:48,23.509,64.273,99.516,44.985,74.966,0.641054
2025-01-01 00:32:49,24.109,64.395,101.489,45.825,75.77,0.644003
2025-01-01 00:32:50,23.58,64.45,100.07,45.773,74.379,0.634802
2025-01-01 00:32:51,23.532,64.536,101.623,46.097,74.586,0.646913
2025-01-01 00:32:52,23.726,64.606,99.009,45.976,75.866,0.635264
2025-01-01 00:32:53,24.509,65.258,100.453,46.871,76.13,0.629697
2025-01-01 00:32:54,22.978,64.201,100.428,46.469,76.001,0.655655
2025-01-01 00:32:55,24.021,63.309,100.854,45.95,75.222,0.628619
2025-01-01 00:32:56,22.677,63.963,99.254,45.738,75.678,0.654385
2025-01-01 00:32:57,23.721,64.842,98.229,45.964,76.54,0.636639
2025-01-01 00:32:58,24.388,62.282,100.278,45.977,74.11,0.600282
2025-01-01 00:32:59,23.833,62.268,100.545,48.015,75.46,0.610247
2025-01-01 00:33:00,23.662,64.948,100.937,44.834,72.0,0.630989
2025-01-01 00:33:01,23.285,65.53,99.482,45.26,76.419,0.663046
2025-01-01 00:33:02,23.569,62.724,100.527,45.145,74.628,0.632649
2025-01-01 00:33:03,23.416,64.07,100.148,46.221,74.697,0.635503
2025-01-01 00:33:04,23.137,63.55,100.896,46.193,75.495,0.649344
2025-01-01 00:33:05,23.374,63.668,99.43,45.555,76.422,0.64625
2025-01-01 00:33:06,23.607,64.213,97.667,46.736,78.587,0.640989
2025-01-01 00:33:07,23.113,62.594,99.24,46.321,73.892,0.6179
2025-01-01 00:33:08,23.083,62.759,99.308,46.782,74.774,0.623874
2025-01-01 00:33:09,22.795,63.543,99.649,47.002,76.107,0.646564
2025-01-01 00:33:10,23.66,63.678,97.51,44.343,75.0,0.623916
2025-01-01 00:33:11,23.726,62.676,98.642,46.605,76.915,0.622808
2025-01-01 00:33:12,23.559,64.57,99.734,45.035,75.751,0.649261
2025-01-01 00:33:13,23.915,63.34,98.674,46.277,77.055,0.627129
2025-01-01 00:33:14,23.467,63.314,98.385,46.031,75.735,0.625717
2025-01-01 00:33:15,23.608,63.996,100.509,46.077,76.728,0.650146
2025-01-01 00:33:16,23.554,63.562,97.446,45.151,74.967,0.618901
2025-01-01 00:33:17,23.347,64.506,99.662,46.953,78.483,0.660214
2025-01-01 00:33:18,23.117,62.713,99.363,45.111,74.16,0.630166
2025-01-01 00:33:19,24.48,62.226,98.029,46.759,75.393,0.585562
2025-01-01 00:33:20,23.137,63.29,98.135,45.03,74.58,0.628675
2025-01-01 00:33:21,23.021,63.637,98.045,46.178,77.288,0.645753
2025-01-01 00:33:22,23.561,62.313,98.177,47.654,77.019,0.613706
2025-01-01 00:33:23,23.461,62.142,97.315,48.118,74.953,0.588336
2025-01-01 00:33:24,22.623,63.689,97.395,44.953,77.655,0.660697
2025-01-01 00:33:25,23.878,62.725,97.383,45.705,75.664,0.607132
2025-01-01 00:33:26,23.261,62.006,97.33,45.871,77.012,0.624228
2025-01-01 00:33:27,22.743,64.4,97.258,48.115,77.338,0.638117
2025-01-01 00:33:28,23.885,62.778,95.243,46.279,76.343,0.59262
2025-01-01 00:33:29,23.594,64.535,97.497,47.217,77.774,0.632661
2025-01-01 00:33:30,22.641,63.389,96.788,46.621,76.555,0.634177
2025-01-01 00:33:31,24.153,63.631,95.365,45.446,77.18,0.606567
2025-01-01 00:33:32,23.586,63.1,96.799,44.943,76.491,0.623622
2025-01-01 00:33:33,23.243,60.631,96.685,45.967,74.624,0.590309
2025-01-01 00:33:34,24.036,62.124,98.259,48.338,76.765,0.595833
2025-01-01 00:33:35,23.312,63.11,96.362,46.718,75.911,0.609137
2025-01-01 00:33:36,23.211,63.575,97.487,47.384,78.678,0.639724
2025-01-01 00:33:37,22.887,61.395,98.121,45.434,75.417,0.62422
2025-01-01 00:33:38,23.501,63.105,96.029,46.339,78.572,0.626269
2025-01-01 00:33:39,23.441,62.011,96.529,47.252,76.935,0.604074
2025-01-01 00:33:40,23.202,63.342,98.225,45.787,77.685,0.646978
2025-01-01 00:33:41,22.793,63.061,96.646,46.641,75.59,0.619972
2025-01-01 00:33:42,23.246,63.798,96.711,46.021,76.924,0.630853
2025-01-01 00:33:43,23.139,64.095,95.852,47.419,76.546,0.616087
2025-01-01 00:33:44,22.501,63.46,96.868,47.11,79.916,0.66033
2025-01-01 00:33:45,22.425,63.835,96.063,47.373,76.615,0.631754
2025-01-01 00:33:46,23.437,62.597,94.193,47.558,78.875,0.604179
2025-01-01 00:33:47,21.847,65.744,95.593,46.715,78.942,0.675168
2025-01-01 00:33:48,23.244,61.675,94.689,47.736,78.958,0.604789
2025-01-01 00:33:49,22.897,62.339,95.908,46.498,76.928,0.618752
2025-01-01 00:33:50,23.784,63.74,94.804,47.508,79.857,0.617576
2025-01-01 00:33:51,22.877,63.564,96.124,45.469,80.156,0.661053
2025-01-01 00:33:52,23.448,63.271,95.616,46.488,78.233,0.621824
2025-01-01 00:33:53,22.914,63.431,94.25,48.977,77.284,0.598965
2025-01-01 00:33:54,23.164,60.645,94.932,47.653,76.861,0.584674
2025-01-01 00:33:55,23.47,64.29,95.973,47.694,78.511,0.624822
2025-01-01 00:33:56,22.865,62.468,96.428,46.587,78.074,0.63245
2025-01-01 00:33:57,23.59,63.89,94.306,46.412,78.267,0.614328
2025-01-01 00:33:58,22.59,60.582,94.04,47.119,76.482,0.59081
2025-01-01 00:33:59,23.229,62.844,97.018,47.319,78.191,0.627529
2025-01-01 00:34:00,23.539,61.995,94.988,48.948,79.576,0.599213
2025-01-01 00:34:01,23.403,63.102,95.02,48.275,79.234,0.612395
2025-01-01 00:34:02,24.027,62.818,94.121,47.592,77.811,0.583633
2025-01-01 00:34:03,22.682,62.838,95.008,47.602,78.229,0.622609
2025-01-01 00:34:04,22.37,61.384,96.44,48.201,76.651,0.61284
2025-01-01 00:34:05,22.559,62.357,94.913,46.586,77.667,0.623895
2025-01-01 00:34:06,23.382,62.205,95.658,46.15,78.11,0.617402
2025-01-01 00:34:07,23.297,62.851,94.557,48.329,79.331,0.609806
2025-01-01 00:34:08,23.096,63.315,93.437,47.839,77.776,0.600237
2025-01-01 00:34:09,22.48,62.447,93.716,46.779,77.434,0.614183
2025-01-01 00:34:10,23.422,60.99,93.218,46.201,79.64,0.601521
2025-01-01 00:34:11,22.423,62.344,94.492,48.641,78.277,0.613843
2025-01-01 00:34:12,23.611,64.818,95.436,47.558,77.831,0.61724
2025-01-01 00:34:13,24.458,63.823,94.312,48.345,79.866,0.594099
2025-01-01 00:34:14,23.209,59.173,93.783,47.863,79.495,0.584025
2025-01-01 00:34:15,23.315,62.18,93.242,48.097,78.749,0.591758
2025-01-01 00:34:16,22.775,63.019,94.328,47.701,78.631,0.619375
2025-01-01 00:34:17,22.114,61.874,92.676,48.165,79.561,0.617169
2025-01-01 00:34:18,22.715,61.566,92.723,48.739,79.806,0.600264
2025-01-01 00:34:19,22.468,61.728,94.701,48.109,79.465,0.623167
2025-01-01 00:34:20,22.289,62.517,93.467,48.115,79.413,0.623001
2025-01-01 00:34:21,23.872,60.786,93.392,48.92,78.594,0.563196
2025-01-01 00:34:22,23.146,63.092,93.466,49.026,78.72,0.596776
2025-01-01 00:34:23,23.197,61.816,94.308,47.63,79.225,0.606853
2025-01-01 00:34:24,22.852,60.906,93.695,48.57,78.332,0.589233
2025-01-01 00:34:25,22.919,62.935,92.734,48.228,78.246,0.597009
2025-01-01 00:34:26,23.486,60.234,92.719,48.712,79.486,0.571329
2025-01-01 00:34:27,22.987,61.193,93.181,49.902,80.836,0.595002
2025-01-01 00:34:28,23.267,61.145,93.629,49.096,77.215,0.568436
2025-01-01 00:34:29,22.903,63.829,93.243,50.595,79.288,0.59888
2025-01-01 00:34:30,22.83,60.969,93.106,49.094,80.139,0.596461
2025-01-01 00:34:31,22.297,59.468,93.23,48.841,81.153,0.608006
2025-01-01 00:34:32,22.011,61.009,93.101,49.014,82.081,0.630094
2025-01-01 00:34:33,22.869,62.015,92.312,49.199,79.666,0.592631
2025-01-01 00:34:34,23.028,62.312,94.155,49.399,82.397,0.625293
2025-01-01 00:34:35,22.357,63.772,92.522,48.403,80.631,0.630949
2025-01-01 00:34:36,22.983,62.871,93.091,49.066,81.116,0.61466
2025-01-01 00:34:37,23.028,61.62,90.859,48.729,78.915,0.572587
2025-01-01 00:34:38,21.923,60.509,92.663,50.189,80.792,0.60674
2025-01-01 00:34:39,22.545,62.992,91.739,47.881,81.383,0.625339
2025-01-01 00:34:40,23.207,60.968,91.82,49.604,79.53,0.569799
2025-01-01 00:34:41,23.197,60.646,95.183,48.32,77.285,0.584423
2025-01-01 00:34:42,22.428,60.855,92.973,49.937,80.645,0.601298
2025-01-01 00:34:43,23.086,59.987,93.913,49.329,80.262,0.589177
2025-01-01 00:34:44,23.519,60.742,93.507,48.252,82.188,0.605398
2025-01-01 00:34:45,23.398,60.942,93.6,50.516,79.983,0.576004
2025-01-01 00:34:46,22.963,61.873,92.384,47.806,79.837,0.601536
2025-01-01 00:34:47,22.779,60.722,94.157,49.852,79.331,0.591732
2025-01-01 00:34:48,22.7,59.81,93.365,50.487,80.035,0.581886
2025-01-01 00:34:49,23.251,59.441,92.529,51.092,84.046,0.588865
2025-01-01 00:34:50,23.117,61.222,92.721,48.76,78.995,0.582341
2025-01-01 00:34:51,23.336,61.052,92.291,49.692,79.351,0.569059
2025-01-01 00:34:52,23.09,60.392,92.452,51.029,80.942,0.574036
2025-01-01 00:34:53,23.436,60.447,92.329,51.14,83.43,0.585302
2025-01-01 00:34:54,23.077,61.27,92.728,51.301,82.004,0.589457
2025-01-01 00:34:55,23.425,62.239,94.061,52.383,83.031,0.599386
2025-01-01 00:34:56,23.471,60.035,91.091,49.983,80.759,0.558756
2025-01-01 00:34:57,22.636,60.872,93.415,50.745,79.607,0.586049
2025-01-01 00:34:58,22.138,61.708,91.882,50.227,80.789,0.604595
2025-01-01 00:34:59,23.817,59.941,93.498,48.98,81.231,0.580094
2025-01-01 00:35:00,23.177,60.668,91.875,50.545,81.447,0.577393
2025-01-01 00:35:01,22.195,60.613,92.601,49.078,81.23,0.612603
2025-01-01 00:35:02,22.699,59.306,92.011,50.313,82.249,0.587138
2025-01-01 00:35:03,23.446,60.753,90.421,49.611,80.738,0.56202
2025-01-01 00:35:04,22.925,60.583,93.874,51.193,80.532,0.585357
2025-01-01 00:35:05,22.813,61.073,91.177,50.275,80.252,0.575294
2025-01-01 00:35:06,23.774,59.298,92.189,49.525,81.996,0.568563
2025-01-01 00:35:07,22.554,60.462,91.038,51.701,81.929,0.578642
2025-01-01 00:35:08,22.683,61.8,90.741,50.581,83.163,0.601376
2025-01-01 00:35:09,23.193,62.463,91.861,50.773,83.762,0.606924
2025-01-01 00:35:10,23.287,61.632,91.462,50.391,80.508,0.572363
2025-01-01 00:35:11,23.345,59.142,90.876,52.147,82.037,0.547741
2025-01-01 00:35:12,23.558,60.737,92.001,51.499,81.813,0.566456
2025-01-01 00:35:13,23.207,59.769,90.546,50.846,80.267,0.547991
2025-01-01 00:35:14,23.358,60.503,92.147,49.859,81.528,0.579972
2025-01-01 00:35:15,22.989,59.414,91.888,53.452,84.093,0.572672
2025-01-01 00:35:16,23.156,58.439,89.53,53.08,81.504,0.524905
2025-01-01 00:35:17,23.184,59.775,91.483,52.704,81.355,0.550968
2025-01-01 00:35:18,23.244,60.808,92.472,51.039,82.302,0.58482
2025-01-01 00:35:19,23.529,60.341,90.938,51.253,83.508,0.571698
2025-01-01 00:35:20,23.426,60.422,92.512,52.026,82.098,0.569414
2025-01-01 00:35:21,23.177,60.202,92.433,51.042,82.667,0.584501
2025-01-01 00:35:22,22.757,60.357,90.983,51.017,79.821,0.560787
2025-01-01 00:35:23,23.202,60.449,91.991,53.026,83.299,0.573018
2025-01-01 00:35:24,23.161,59.611,92.831,51.866,82.927,0.579667
2025-01-01 00:35:25,23.278,59.935,91.133,51.064,83.772,0.579259
2025-01-01 00:35:26,24.292,61.562,91.809,52.771,80.517,0.534624
2025-01-01 00:35:27,22.934,59.928,93.171,51.599,82.444,0.587549
2025-01-01 00:35:28,23.414,59.795,91.17,50.524,84.012,0.581428
2025-01-01 00:35:29,23.745,59.822,92.494,51.248,82.234,0.564669
2025-01-01 00:35:30,23.267,59.468,90.965,51.79,83.012,0.563244
2025-01-01 00:35:31,24.395,59.217,91.893,52.427,82.506,0.534542
2025-01-01 00:35:32,23.044,59.828,92.511,52.435,82.583,0.574407
2025-01-01 00:35:33,23.403,59.081,89.672,53.327,84.492,0.548175
2025-01-01 00:35:34,22.85,59.408,91.555,52.201,81.43,0.560568
2025-01-01 00:35:35,23.082,58.729,92.532,52.064,83.124,0.572827
2025-01-01 00:35:36,23.39,59.595,92.343,53.477,83.533,0.563875
2025-01-01 00:35:37,23.697,60.038,91.61,53.309,84.402,0.563088
2025-01-01 00:35:38,23.442,59.209,91.045,52.399,83.176,0.554908
2025-01-01 00:35:39,23.921,57.379,92.796,52.847,84.53,0.552053
2025-01-01 00:35:40,23.252,59.945,91.863,52.276,83.347,0.573132
2025-01-01 00:35:41,23.143,59.441,92.75,51.769,83.601,0.58439
2025-01-01 00:35:42,24.67,58.295,92.606,54.499,83.599,0.520624
2025-01-01 00:35:43,23.524,60.029,91.8,52.349,84.332,0.574786
2025-01-01 00:35:44,22.976,57.824,93.342,53.059,84.24,0.576487
2025-01-01 00:35:45,22.998,60.235,91.699,51.651,82.298,0.575632
2025-01-01 00:35:46,22.883,59.099,93.508,53.492,83.937,0.58348
2025-01-01 00:35:47,23.832,56.855,93.664,51.977,84.368,0.561936
2025-01-01 00:35:48,23.191,59.269,93.419,54.322,85.516,0.584038
2025-01-01 00:35:49,23.447,58.652,92.215,54.456,82.594,0.539625
2025-01-01 00:35:50,23.362,58.469,94.971,53.508,84.493,0.583919
2025-01-01 00:35:51,23.769,58.255,92.605,53.184,83.471,0.549219
2025-01-01 00:35:52,22.99,58.833,92.724,52.978,84.16,0.578796
2025-01-01 00:35:53,22.886,58.442,92.492,53.125,82.682,0.563302
2025-01-01 00:35:54,23.546,57.038,91.416,53.525,83.995,0.537721
2025-01-01 00:35:55,23.745,60.135,93.873,53.303,84.434,0.580361
2025-01-01 00:35:56,23.621,58.586,92.039,54.05,82.928,0.539662
2025-01-01 00:35:57,23.061,58.066,93.566,52.563,85.87,0.59489
2025-01-01 00:35:58,23.815,57.637,93.841,54.552,82.318,0.53345
2025-01-01 00:35:59,23.115,59.504,93.321,53.023,84.855,0.590781
2025-01-01 00:36:00,23.237,57.402,92.063,52.795,81.334,0.535773
2025-01-01 00:36:01,23.037,58.803,92.452,53.712,83.981,0.568622
2025-01-01 00:36:02,24.171,58.053,90.155,53.792,84.901,0.527015
2025-01-01 00:36:03,23.848,58.079,92.756,52.09,85.218,0.569763
2025-01-01 00:36:04,23.845,57.469,93.716,53.122,84.273,0.557345
2025-01-01 00:36:05,24.178,57.92,92.717,51.797,84.147,0.55437
2025-01-01 00:36:06,24.972,58.518,92.407,53.02,85.154,0.537918
2025-01-01 00:36:07,22.723,58.712,92.743,53.08,85.65,0.59519
2025-01-01 00:36:08,23.22,57.66,94.301,53.849,86.201,0.587366
2025-01-01 00:36:09,23.293,58.323,93.076,53.005,83.032,0.561641
2025-01-01 00:36:10,23.188,59.271,95.034,53.218,84.375,0.595157
2025-01-01 00:36:11,23.086,56.688,92.652,54.725,82.018,0.529659
2025-01-01 00:36:12,23.488,58.313,93.488,55.355,83.044,0.543096
2025-01-01 00:36:13,23.041,57.337,92.886,52.988,83.874,0.565509
2025-01-01 00:36:14,23.829,57.204,95.443,54.561,85.79,0.57083
2025-01-01 00:36:15,23.7,58.486,93.598,54.075,84.208,0.559598
2025-01-01 00:36:16,23.927,57.649,95.598,52.393,84.471,0.578271
2025-01-01 00:36:17,23.953,56.946,93.101,53.169,85.21,0.553692
2025-01-01 00:36:18,24.014,59.457,95.102,51.397,84.077,0.589858
2025-01-01 00:36:19,23.538,59.021,93.745,54.095,82.52,0.554257
2025-01-01 00:36:20,24.798,56.138,94.518,52.99,84.05,0.53152
2025-01-01 00:36:21,23.868,56.565,92.517,53.974,84.83,0.539114
2025-01-01 00:36:22,22.833,58.603,94.14,55.938,85.568,0.581147
2025-01-01 00:36:23,23.276,57.694,92.779,55.169,84.788,0.55351
2025-01-01 00:36:24,22.92,59.449,94.163,53.294,85.607,0.605
2025-01-01 00:36:25,23.812,58.534,92.445,53.112,86.204,0.57206
2025-01-01 00:36:26,23.756,58.187,93.928,54.964,86.467,0.57064
2025-01-01 00:36:27,23.596,56.836,95.177,53.136,85.358,0.578151
2025-01-01 00:36:28,24.85,58.319,94.689,54.743,83.814,0.532954
2025-01-01 00:36:29,24.132,56.522,92.969,56.147,83.712,0.510835
2025-01-01 00:36:30,24.234,59.073,92.366,54.506,83.851,0.536355
2025-01-01 00:36:31,23.42,58.16,94.824,54.92,83.969,0.564628
2025-01-01 00:36:32,23.4,56.883,95.971,54.834,85.405,0.576829
2025-01-01 00:36:33,23.931,58.483,93.49,53.539,87.576,0.585057
2025-01-01 00:36:34,24.014,59.891,96.615,54.221,85.59,0.596143
2025-01-01 00:36:35,23.013,57.402,94.576,53.228,85.26,0.589016
2025-01-01 00:36:36,23.865,58.141,92.69,55.028,86.539,0.558495
2025-01-01 00:36:37,23.977,57.129,93.154,53.13,84.415,0.548672
2025-01-01 00:36:38,23.876,57.618,95.552,54.56,86.683,0.580933
2025-01-01 00:36:39,23.592,55.996,94.979,54.905,86.617,0.567863
2025-01-01 00:36:40,23.743,57.474,96.4,53.606,85.548,0.58701
2025-01-01 00:36:41,23.939,57.489,93.789,53.422,88.012,0.584314
2025-01-01 00:36:42,24.087,59.216,95.175,53.861,86.86,0.591623
2025-01-01 00:36:43,24.359,55.594,95.134,53.28,85.597,0.552703
2025-01-01 00:36:44,24.612,57.079,95.055,54.115,85.391,0.54959
2025-01-01 00:36:45,23.939,58.62,94.887,53.252,85.065,0.578244
2025-01-01 00:36:46,23.873,57.062,94.978,53.305,85.446,0.571694
2025-01-01 00:36:47,24.335,57.105,95.588,54.412,85.5,0.558757
2025-01-01 00:36:48,24.436,56.415,95.789,54.462,85.258,0.550575
2025-01-01 00:36:49,23.929,56.288,95.813,53.725,85.403,0.567712
2025-01-01 00:36:50,24.556,55.367,96.841,52.635,84.246,0.553475
2025-01-01 00:36:51,24.666,56.536,94.508,54.879,85.013,0.53127
2025-01-01 00:36:52,24.837,56.148,93.973,53.574,83.795,0.520001
2025-01-01 00:36:53,25.096,57.228,96.877,55.571,86.225,0.550088
2025-01-01 00:36:54,23.789,56.296,94.993,53.804,85.84,0.567578
2025-01-01 00:36:55,24.244,56.577,95.634,54.006,85.613,0.561139
2025-01-01 00:36:56,24.258,56.577,95.479,53.539,86.838,0.573109
2025-01-01 00:36:57,24.219,56.955,95.535,54.065,84.753,0.556228
2025-01-01 00:36:58,23.959,56.448,94.789,56.637,84.95,0.534984
2025-01-01 00:36:59,23.557,55.888,95.756,53.561,84.04,0.562609
2025-01-01 00:37:00,24.361,57.009,97.054,54.844,87.058,0.578256
2025-01-01 00:37:01,23.947,57.965,96.481,53.879,86.569,0.593002
2025-01-01 00:37:02,24.389,56.999,97.069,54.727,87.45,0.581729
2025-01-01 00:37:03,23.965,56.235,96.149,52.224,87.766,0.599165
2025-01-01 00:37:04,23.828,56.696,97.629,55.306,85.369,0.574937
2025-01-01 00:37:05,24.511,54.743,96.299,54.002,85.035,0.542001
2025-01-01 00:37:06,24.485,56.629,94.78,53.494,83.744,0.537939
2025-01-01 00:37:07,24.715,56.342,97.288,54.409,84.591,0.550298
2025-01-01 00:37:08,25.535,55.784,97.821,53.779,85.528,0.544429
2025-01-01 00:37:09,24.596,55.94,96.577,52.723,83.453,0.547606
2025-01-01 00:37:10,24.716,56.257,98.419,51.678,84.642,0.578889
2025-01-01 00:37:11,23.951,57.635,96.452,55.053,85.843,0.575853
2025-01-01 00:37:12,23.863,57.71,98.058,53.388,87.022,0.611919
2025-01-01 00:37:13,25.314,55.666,99.216,53.05,85.096,0.561094
2025-01-01 00:37:14,24.077,56.051,97.592,53.085,86.116,0.586792
2025-01-01 00:37:15,24.033,56.053,97.414,54.657,88.205,0.591847
2025-01-01 00:37:16,24.551,57.331,97.62,53.065,83.807,0.567301
2025-01-01 00:37:17,24.542,56.643,99.439,53.944,87.282,0.598058
2025-01-01 00:37:18,24.152,56.566,98.299,53.131,86.44,0.596495
2025-01-01 00:37:19,24.467,56.986,100.127,52.364,87.507,0.62029
2025-01-01 00:37:20,25.251,55.83,98.348,54.058,87.151,0.566431
2025-01-01 00:37:21,24.25,57.767,97.501,54.187,85.197,0.579343
2025-01-01 00:37:22,23.972,56.379,97.658,52.729,85.998,0.593563
2025-01-01 00:37:23,25.157,55.501,98.39,53.209,84.245,0.548802
2025-01-01 00:37:24,24.948,56.105,96.374,53.283,85.371,0.551084
2025-01-01 00:37:25,24.408,57.544,98.028,53.527,86.035,0.589835
2025-01-01 00:37:26,23.944,55.864,98.137,54.713,86.364,0.582617
2025-01-01 00:37:27,24.379,57.217,98.917,52.841,86.947,0.60704
2025-01-01 00:37:28,24.741,55.62,100.707,52.8,87.899,0.609053
2025-01-01 00:37:29,25.367,55.458,98.908,52.886,85.475,0.560319
2025-01-01 00:37:30,24.283,56.861,97.019,52.235,87.37,0.600085
2025-01-01 00:37:31,24.776,55.306,98.115,51.573,86.315,0.582685
2025-01-01 00:37:32,25.172,56.981,99.38,53.019,84.423,0.5699
2025-01-01 00:37:33,23.66,56.489,99.299,53.294,85.808,0.607809
2025-01-01 00:37:34,25.385,55.243,100.919,52.834,86.124,0.579447
2025-01-01 00:37:35,24.293,56.024,100.343,52.741,84.977,0.595975
2025-01-01 00:37:36,25.067,55.526,100.402,52.031,84.728,0.579071
2025-01-01 00:37:37,25.041,56.403,99.343,52.91,84.682,0.571176
2025-01-01 00:37:38,25.477,57.921,100.748,52.802,85.313,0.58933
2025-01-01 00:37:39,25.226,55.643,98.842,53.003,84.922,0.5589
2025-01-01 00:37:40,23.779,56.527,100.795,52.839,87.43,0.632522
2025-01-01 00:37:41,24.592,55.998,99.633,52.851,83.005,0.567055
2025-01-01 00:37:42,25.07,55.978,98.557,53.547,86.072,0.56806
2025-01-01 00:37:43,24.92,55.769,100.687,52.904,86.564,0.594697
2025-01-01 00:37:44,25.273,55.058,101.58,52.786,84.767,0.574895
2025-01-01 00:37:45,25.446,56.231,99.865,50.961,85.635,0.587003
2025-01-01 00:37:46,25.372,55.588,101.923,53.152,85.493,0.582448
2025-01-01 00:37:47,24.977,54.953,98.793,52.024,85.801,0.573365
2025-01-01 00:37:48,24.178,56.854,99.341,52.278,86.678,0.613798
2025-01-01 00:37:49,24.89,55.92,100.48,51.148,86.56,0.607481
2025-01-01 00:37:50,25.342,55.575,100.344,53.79,85.141,0.563367
2025-01-01 00:37:51,24.606,57.125,100.136,50.09,84.043,0.607204
2025-01-01 00:37:52,25.483,53.931,101.025,53.211,86.034,0.56496
2025-01-01 00:37:53,25.638,57.022,100.451,52.311,85.035,0.578312
2025-01-01 00:37:54,25.264,54.852,100.709,50.397,85.177,0.587734
2025-01-01 00:37:55,23.685,55.926,101.435,53.5,86.064,0.619656
2025-01-01 00:37:56,24.595,55.11,100.577,52.231,85.26,0.590534
2025-01-01 00:37:57,26.193,54.758,101.226,49.883,86.135,0.582165
2025-01-01 00:37:58,24.993,56.978,100.774,51.38,88.767,0.630637
2025-01-01 00:37:59,24.291,57.504,100.301,52.094,86.559,0.623432
2025-01-01 00:38:00,25.917,55.41,102.358,52.984,87.333,0.588637
2025-01-01 00:38:01,25.323,55.951,103.389,51.234,86.316,0.617481
2025-01-01 00:38:02,25.885,55.656,102.832,49.391,85.778,0.608119
2025-01-01 00:38:03,25.488,57.314,102.186,52.623,86.299,0.604715
2025-01-01 00:38:04,25.595,53.455,101.299,51.801,86.223,0.573004
2025-01-01 00:38:05,25.563,55.93,101.74,49.562,86.667,0.614653
2025-01-01 00:38:06,25.747,54.81,103.17,51.569,85.684,0.591104
2025-01-01 00:38:07,26.553,53.167,99.917,51.599,84.023,0.522166
2025-01-01 00:38:08,25.916,55.147,101.92,50.926,83.811,0.569843
2025-01-01 00:38:09,24.657,57.341,103.103,50.469,86.106,0.642798
2025-01-01 00:38:10,25.687,54.823,101.315,50.589,84.18,0.573383
2025-01-01 00:38:11,26.05,56.256,102.961,50.761,86.334,0.604437
2025-01-01 00:38:12,26.097,56.65,102.999,51.25,87.095,0.609087
2025-01-01 00:38:13,25.298,55.425,101.252,51.541,85.201,0.587133
2025-01-01 00:38:14,26.11,55.544,102.876,49.136,86.897,0.613508
2025-01-01 00:38:15,26.008,53.694,102.255,51.003,85.731,0.574812
2025-01-01 00:38:16,26.846,54.681,103.371,51.133,85.428,0.568702
2025-01-01 00:38:17,25.201,56.291,103.707,50.822,85.46,0.621015
2025-01-01 00:38:18,25.338,55.432,103.519,50.306,84.351,0.605476
2025-01-01 00:38:19,25.455,55.726,103.274,51.709,84.173,0.591697
2025-01-01 00:38:20,25.379,55.48,103.571,51.592,83.325,0.587827
2025-01-01 00:38:21,25.194,57.527,102.187,50.167,84.392,0.61492
2025-01-01 00:38:22,24.274,54.892,103.413,50.337,87.813,0.650013
2025-01-01 00:38:23,25.454,56.917,102.727,50.964,83.427,0.595611
2025-01-01 00:38:24,25.871,55.433,104.635,51.316,83.78,0.590479
2025-01-01 00:38:25,25.456,56.983,104.366,49.58,84.197,0.6242
2025-01-01 00:38:26,26.686,54.052,104.442,49.338,84.226,0.579173
2025-01-01 00:38:27,25.74,55.451,105.553,50.338,85.431,0.620427
2025-01-01 00:38:28,26.394,54.862,103.587,49.162,84.345,0.587207
2025-01-01 00:38:29,25.895,55.385,103.446,48.448,84.811,0.609595
2025-01-01 00:38:30,26.193,56.458,103.718,49.291,84.001,0.600412
2025-01-01 00:38:31,25.935,55.604,102.545,50.223,84.42,0.587627
2025-01-01 00:38:32,26.495,56.436,102.7,51.076,84.888,0.580197
2025-01-01 00:38:33,25.853,54.536,104.92,49.209,84.767,0.609603
2025-01-01 00:38:34,26.089,54.374,102.978,49.619,87.274,0.605919
2025-01-01 00:38:35,26.039,55.203,103.373,49.786,84.832,0.595192
2025-01-01 00:38:36,25.727,55.14,104.419,49.086,84.582,0.612314
2025-01-01 00:38:37,26.088,54.984,104.182,48.966,81.804,0.580159
2025-01-01 00:38:38,27.018,54.203,105.552,49.759,85.056,0.585097
2025-01-01 00:38:39,25.78,56.352,104.799,48.477,82.364,0.609404
2025-01-01 00:38:40,26.14,54.782,104.011,48.764,85.363,0.606365
2025-01-01 00:38:41,26.574,56.563,105.852,49.16,84.838,0.616471
2025-01-01 00:38:42,26.53,55.142,105.679,49.523,85.59,0.609377
2025-01-01 00:38:43,25.98,55.77,103.609,47.997,83.836,0.607222
2025-01-01 00:38:44,24.797,55.672,105.341,49.049,84.595,0.642688
2025-01-01 00:38:45,26.262,54.283,104.442,48.065,85.337,0.608201
2025-01-01 00:38:46,24.908,55.468,104.484,48.495,83.375,0.627175
2025-01-01 00:38:47,26.767,57.023,107.161,49.618,85.186,0.624762
2025-01-01 00:38:48,26.131,55.34,105.483,48.872,85.095,0.618549
2025-01-01 00:38:49,26.56,55.983,105.206,50.212,84.219,0.595332
2025-01-01 00:38:50,25.623,55.769,105.574,48.764,86.237,0.642481
2025-01-01 00:38:51,25.312,55.377,106.428,49.542,84.924,0.636907
2025-01-01 00:38:52,26.233,55.251,104.915,49.349,82.258,0.585405
2025-01-01 00:38:53,26.099,55.607,105.149,48.649,85.415,0.622743
2025-01-01 00:38:54,25.884,55.818,106.399,47.553,83.4,0.62987
2025-01-01 00:38:55,26.186,53.698,104.287,48.468,85.108,0.599739
2025-01-01 00:38:56,27.541,55.293,106.855,48.073,84.465,0.598922
2025-01-01 00:38:57,26.588,54.857,104.319,47.989,80.901,0.569083
2025-01-01 00:38:58,26.709,54.645,105.738,48.518,84.756,0.60297
2025-01-01 00:38:59,26.62,56.329,104.444,47.182,83.724,0.608649
2025-01-01 00:39:00,26.951,54.296,105.044,47.59,83.398,0.585765
2025-01-01 00:39:01,26.129,53.631,107.455,47.428,83.401,0.617935
2025-01-01 00:39:02,25.21,55.818,107.258,47.984,84.813,0.657774
2025-01-01 00:39:03,26.156,53.599,107.421,47.522,82.719,0.610829
2025-01-01 00:39:04,26.669,53.089,104.875,47.524,85.118,0.596203
2025-01-01 00:39:05,25.791,55.922,105.327,48.144,81.916,0.608847
2025-01-01 00:39:06,26.201,55.17,106.772,47.63,84.052,0.625932
2025-01-01 00:39:07,25.956,55.482,107.199,47.941,84.581,0.638274
2025-01-01 00:39:08,27.065,54.565,105.736,46.996,84.508,0.603654
2025-01-01 00:39:09,26.702,53.621,106.008,47.177,83.788,0.599689
2025-01-01 00:39:10,26.665,53.818,105.505,49.425,83.275,0.577653
2025-01-01 00:39:11,26.662,54.731,108.344,47.187,82.819,0.618079
2025-01-01 00:39:12,26.345,53.73,106.259,46.013,81.967,0.603866
2025-01-01 00:39:13,26.475,55.308,106.813,47.925,82.566,0.607595
2025-01-01 00:39:14,25.796,54.538,106.912,47.039,82.19,0.62067
2025-01-01 00:39:15,25.307,55.185,107.98,47.755,81.948,0.636362
2025-01-01 00:39:16,26.487,55.155,105.967,47.443,85.417,0.625879
2025-01-01 00:39:17,26.586,55.387,108.132,47.91,81.143,0.6044
2025-01-01 00:39:18,27.04,55.5,105.728,47.347,84.511,0.608351
2025-01-01 00:39:19,27.233,54.657,108.215,47.201,81.63,0.59479
2025-01-01 00:39:20,27.243,55.186,105.376,48.258,81.841,0.570839
2025-01-01 00:39:21,25.971,55.239,107.027,45.523,81.774,0.630147
2025-01-01 00:39:22,26.305,52.575,108.797,46.195,81.64,0.611483
2025-01-01 00:39:23,26.732,55.652,107.908,46.554,84.033,0.633805
2025-01-01 00:39:24,27.769,55.157,107.67,45.819,83.584,0.608271
2025-01-01 00:39:25,27.254,55.573,106.237,46.75,82.551,0.596705
2025-01-01 00:39:26,27.085,53.724,106.587,46.631,86.03,0.618226
2025-01-01 00:39:27,26.342,54.697,108.702,47.835,82.713,0.621869
2025-01-01 00:39:28,26.105,53.924,107.864,46.946,82.756,0.621885
2025-01-01 00:39:29,26.951,55.763,108.316,46.808,81.813,0.6138
2025-01-01 00:39:30,26.017,53.616,107.532,46.638,81.621,0.612356
2025-01-01 00:39:31,26.458,54.096,107.208,46.063,81.897,0.610215
2025-01-01 00:39:32,26.53,55.562,108.287,47.582,83.51,0.628933
2025-01-01 00:39:33,27.394,54.402,107.81,47.802,83.123,0.594037
2025-01-01 00:39:34,26.43,54.107,107.409,45.83,83.937,0.630029
2025-01-01 00:39:35,25.398,55.946,106.193,48.061,81.477,0.620931
2025-01-01 00:39:36,26.88,55.991,108.588,46.195,82.995,0.632493
2025-01-01 00:39:37,26.287,55.77,108.1,46.097,82.604,0.637431
2025-01-01 00:39:38,26.668,55.901,107.079,47.046,82.707,0.617048
2025-01-01 00:39:39,26.613,54.826,108.889,47.086,81.099,0.610992
2025-01-01 00:39:40,26.528,54.858,107.977,46.549,80.838,0.608006
2025-01-01 00:39:41,27.07,54.42,108.019,46.299,82.68,0.609997
2025-01-01 00:39:42,25.917,55.242,108.661,47.485,83.029,0.639177
2025-01-01 00:39:43,26.434,54.552,108.466,46.02,81.188,0.618002
2025-01-01 00:39:44,27.043,54.653,108.11,46.435,82.609,0.611363
2025-01-01 00:39:45,26.403,55.692,107.646,47.818,83.266,0.624279
2025-01-01 00:39:46,25.914,56.283,109.836,45.367,81.34,0.656391
2025-01-01 00:39:47,27.061,55.503,107.135,46.044,79.996,0.591721
2025-01-01 00:39:48,27.297,56.906,108.63,47.207,80.093,0.60039
2025-01-01 00:39:49,26.721,54.414,107.815,46.785,80.806,0.597498
2025-01-01 00:39:50,25.771,53.288,108.367,47.054,81.03,0.613826
2025-01-01 00:39:51,27.113,55.849,109.159,45.258,81.469,0.625452
2025-01-01 00:39:52,25.938,54.37,107.625,46.551,81.44,0.619278
2025-01-01 00:39:53,26.93,54.876,108.549,46.045,81.08,0.609311
2025-01-01 00:39:54,26.339,53.388,108.223,48.071,82.168,0.603062
2025-01-01 00:39:55,26.21,54.267,107.325,46.881,80.387,0.599758
2025-01-01 00:39:56,26.577,53.673,109.232,46.197,82.764,0.625514
2025-01-01 00:39:57,26.713,54.75,108.691,46.425,82.322,0.621173
2025-01-01 00:39:58,26.49,54.798,107.551,46.223,82.18,0.618181
2025-01-01 00:39:59,27.113,55.292,109.094,46.722,80.295,0.601313
2025-01-01 00:40:00,26.603,56.451,107.163,45.462,80.893,0.619881
2025-01-01 00:40:01,27.323,55.898,107.968,47.224,81.846,0.601504
2025-01-01 00:40:02,26.98,53.609,107.57,45.058,80.685,0.595741
2025-01-01 00:40:03,26.497,55.849,108.751,46.268,80.032,0.617099
2025-01-01 00:40:04,26.419,55.364,107.52,45.432,79.93,0.611325
2025-01-01 00:40:05,26.035,55.165,108.757,46.114,79.934,0.622428
2025-01-01 00:40:06,27.01,55.25,108.591,46.859,79.316,0.590614
2025-01-01 00:40:07,26.693,55.489,107.618,44.689,84.099,0.644812
2025-01-01 00:40:08,25.69,54.603,109.819,45.914,78.258,0.621833
2025-01-01 00:40:09,26.614,55.124,107.239,44.889,79.369,0.602759
2025-01-01 00:40:10,26.437,56.502,106.569,45.81,81.207,0.61939
2025-01-01 00:40:11,27.681,54.626,108.827,44.872,79.62,0.590132
2025-01-01 00:40:12,26.047,54.312,105.813,46.15,79.961,0.594121
2025-01-01 00:40:13,26.183,55.293,109.446,45.674,80.803,0.635074
2025-01-01 00:40:14,27.463,54.236,108.045,46.608,81.513,0.588794
2025-01-01 00:40:15,27.592,53.657,106.506,46.989,79.891,0.553899
2025-01-01 00:40:16,26.546,55.048,106.972,46.012,81.271,0.608787
2025-01-01 00:40:17,26.607,56.854,106.274,46.717,78.074,0.584517
2025-01-01 00:40:18,27.235,55.38,108.277,47.106,79.329,0.582558
2025-01-01 00:40:19,25.768,55.61,106.552,45.262,80.595,0.626188
2025-01-01 00:40:20,26.005,53.315,108.365,47.148,82.315,0.618478
2025-01-01 00:40:21,26.8,55.898,107.541,45.972,78.734,0.593692
2025-01-01 00:40:22,27.719,55.567,107.353,45.221,78.468,0.573068
2025-01-01 00:40:23,26.73,54.823,108.319,46.245,80.193,0.603009
2025-01-01 00:40:24,27.002,55.682,108.413,45.952,79.793,0.602934
2025-01-01 00:40:25,27.522,55.687,108.915,44.889,78.812,0.595306
2025-01-01 00:40:26,28.012,54.472,107.114,45.139,78.16,0.554746
2025-01-01 00:40:27,26.674,55.879,107.695,47.336,78.949,0.589304
2025-01-01 00:40:28,26.957,56.759,107.066,46.256,80.137,0.602132
2025-01-01 00:40:29,27.879,55.35,107.839,47.226,79.057,0.561716
2025-01-01 00:40:30,26.21,54.726,106.873,45.716,80.808,0.611375
2025-01-01 00:40:31,27.488,55.431,107.2,45.417,79.185,0.580394
2025-01-01 00:40:32,26.467,56.48,107.178,44.722,80.016,0.621407
2025-01-01 00:40:33,27.03,54.415,107.862,46.854,79.574,0.580692
2025-01-01 00:40:34,26.86,56.236,107.543,46.42,78.701,0.591343
2025-01-01 00:40:35,26.504,54.996,108.016,45.778,80.132,0.609696
2025-01-01 00:40:36,26.494,55.933,107.371,45.483,77.617,0.593867
2025-01-01 00:40:37,27.126,55.144,106.867,47.033,78.36,0.56511
2025-01-01 00:40:38,27.487,55.158,107.605,46.004,78.474,0.571397
2025-01-01 00:40:39,26.926,57.266,106.462,46.029,79.374,0.597454
2025-01-01 00:40:40,27.027,54.351,107.914,45.698,79.62,0.589469
2025-01-01 00:40:41,27.279,56.263,107.024,45.869,77.831,0.575387
2025-01-01 00:40:42,26.509,57.527,107.477,46.654,77.609,0.597323
2025-01-01 00:40:43,27.366,56.5,107.455,45.099,78.797,0.591928
2025-01-01 00:40:44,27.407,54.501,108.798,46.316,76.804,0.561525
2025-01-01 00:40:45,28.3,54.569,107.539,47.037,79.806,0.551843
2025-01-01 00:40:46,26.811,55.118,107.19,46.226,78.275,0.579572
2025-01-01 00:40:47,26.77,56.046,106.384,47.159,77.087,0.564567
2025-01-01 00:40:48,27.384,56.134,107.837,47.41,77.011,0.5603
2025-01-01 00:40:49,27.409,54.655,106.721,47.084,78.761,0.557007
2025-01-01 00:40:50,26.732,55.074,105.422,45.955,78.676,0.572715
2025-01-01 00:40:51,26.798,55.154,106.708,46.382,77.358,0.567805
2025-01-01 00:40:52,27.27,55.805,107.049,46.712,78.092,0.568351
2025-01-01 00:40:53,26.586,57.99,105.993,46.086,76.821,0.585583
2025-01-01 00:40:54,26.794,55.093,106.647,46.086,77.814,0.572873
2025-01-01 00:40:55,27.043,55.069,106.645,46.066,79.843,0.583858
2025-01-01 00:40:56,27.496,54.933,106.612,48.58,80.578,0.560174
2025-01-01 00:40:57,26.695,56.723,107.853,46.357,77.715,0.593318
2025-01-01 00:40:58,26.075,56.067,105.257,47.459,78.437,0.580214
2025-01-01 00:40:59,26.037,55.233,108.551,45.939,78.338,0.610006
2025-01-01 00:41:00,26.364,55.787,106.432,48.027,75.751,0.554639
2025-01-01 00:41:01,26.336,55.38,106.993,46.395,76.386,0.573805
2025-01-01 00:41:02,26.913,56.489,106.487,46.773,74.936,0.550627
2025-01-01 00:41:03,26.395,58.899,104.579,45.297,78.204,0.602463
2025-01-01 00:41:04,26.636,56.788,105.193,47.691,79.949,0.583281
2025-01-01 00:41:05,26.598,56.166,105.669,47.899,78.844,0.572679
2025-01-01 00:41:06,26.763,55.616,107.131,45.918,77.568,0.580315
2025-01-01 00:41:07,27.642,54.96,104.695,47.843,77.35,0.521009
2025-01-01 00:41:08,27.31,57.06,105.166,45.87,76.993,0.559474
2025-01-01 00:41:09,26.984,57.028,106.127,47.482,78.639,0.575392
2025-01-01 00:41:10,26.743,55.905,106.376,46.784,77.577,0.570829
2025-01-01 00:41:11,26.754,57.608,106.285,48.122,77.344,0.570673
2025-01-01 00:41:12,27.132,56.439,104.797,47.291,75.897,0.536367
2025-01-01 00:41:13,27.257,57.216,104.122,47.876,77.894,0.546282
2025-01-01 00:41:14,26.508,56.761,106.196,48.162,76.945,0.565633
2025-01-01 00:41:15,26.977,56.311,107.027,46.979,77.553,0.572021
2025-01-01 00:41:16,25.939,55.557,105.185,47.23,78.228,0.5789
2025-01-01 00:41:17,27.057,56.39,104.321,46.406,75.02,0.533305
2025-01-01 00:41:18,27.329,57.402,104.97,47.098,76.58,0.54758
2025-01-01 00:41:19,26.804,56.076,105.728,48.922,76.36,0.539905
2025-01-01 00:41:20,27.848,57.048,105.035,48.029,76.207,0.52378
2025-01-01 00:41:21,26.495,55.55,106.608,46.632,75.455,0.559223
2025-01-01 00:41:22,27.04,57.438,106.058,48.818,75.877,0.544103
2025-01-01 00:41:23,26.909,56.996,105.248,47.869,75.386,0.540466
2025-01-01 00:41:24,26.872,55.506,103.041,48.267,77.648,0.528791
2025-01-01 00:41:25,26.86,56.509,104.233,48.041,77.066,0.542665
2025-01-01 00:41:26,26.966,57.69,104.307,48.031,76.938,0.548673
2025-01-01 00:41:27,27.332,55.525,104.037,46.144,74.211,0.513687
2025-01-01 00:41:28,27.592,55.738,104.903,48.675,78.818,0.535557
2025-01-01 00:41:29,26.897,56.765,104.852,46.034,75.945,0.554215
2025-01-01 00:41:30,27.3,58.994,102.894,48.699,78.485,0.547805
2025-01-01 00:41:31,26.536,56.214,105.299,48.014,77.247,0.557643
2025-01-01 00:41:32,27.264,57.408,104.437,48.652,76.027,0.52875
2025-01-01 00:41:33,26.495,57.199,104.704,48.16,78.714,0.572195
2025-01-01 00:41:34,27.415,56.376,105.016,48.918,76.901,0.527431
2025-01-01 00:41:35,27.969,57.153,103.429,48.146,75.904,0.505901
2025-01-01 00:41:36,26.797,56.571,105.379,48.409,75.666,0.539123
2025-01-01 00:41:37,25.755,56.688,103.902,48.559,77.333,0.564371
2025-01-01 00:41:38,26.571,55.412,105.479,49.79,75.409,0.523847
2025-01-01 00:41:39,27.454,57.075,102.995,48.819,75.558,0.505581
2025-01-01 00:41:40,27.108,58.026,105.249,47.337,75.255,0.546563
2025-01-01 00:41:41,26.95,57.212,102.829,47.992,75.024,0.518412
2025-01-01 00:41:42,27.323,58.272,106.203,48.974,75.058,0.537183
2025-01-01 00:41:43,27.053,57.79,102.623,49.557,77.979,0.531648
2025-01-01 00:41:44,27.413,57.178,104.552,48.025,77.022,0.537523
2025-01-01 00:41:45,27.257,56.637,103.052,50.448,76.056,0.499125
2025-01-01 00:41:46,27.55,56.807,104.049,48.851,75.078,0.505407
2025-01-01 00:41:47,26.961,55.851,103.213,49.101,75.035,0.502718
2025-01-01 00:41:48,27.227,57.082,102.081,47.816,75.219,0.508306
2025-01-01 00:41:49,26.613,57.524,100.293,49.766,77.768,0.518075
2025-01-01 00:41:50,26.458,59.122,105.515,48.572,75.934,0.567603
2025-01-01 00:41:51,27.604,57.963,102.998,48.387,76.445,0.519515
2025-01-01 00:41:52,26.851,56.598,99.899,48.785,75.751,0.493261
2025-01-01 00:41:53,27.137,56.053,103.062,50.201,74.413,0.485672
2025-01-01 00:41:54,26.788,57.314,103.365,49.523,75.563,0.520011
2025-01-01 00:41:55,26.424,58.362,101.876,48.495,74.113,0.520049
2025-01-01 00:41:56,26.714,57.358,101.799,48.838,76.804,0.525228
2025-01-01 00:41:57,27.418,58.15,102.403,50.446,74.437,0.488285
2025-01-01 00:41:58,26.969,57.457,103.54,49.186,74.615,0.513007
2025-01-01 00:41:59,25.827,58.384,102.353,49.88,76.243,0.544635
2025-01-01 00:42:00,26.566,56.099,103.63,50.132,74.396,0.503687
2025-01-01 00:42:01,27.555,59.33,103.213,46.81,74.938,0.531785
2025-01-01 00:42:02,26.548,56.643,101.767,50.613,72.003,0.470098
2025-01-01 00:42:03,25.745,58.58,100.339,48.977,74.749,0.52662
2025-01-01 00:42:04,27.582,57.544,101.596,49.427,75.818,0.492888
2025-01-01 00:42:05,26.967,57.73,102.263,51.004,74.322,0.489036
2025-01-01 00:42:06,26.581,57.635,101.709,50.987,75.713,0.504407
2025-01-01 00:42:07,26.421,58.162,102.197,50.281,74.992,0.515063
2025-01-01 00:42:08,27.138,58.394,102.338,50.527,76.287,0.510731
2025-01-01 00:42:09,26.316,59.025,101.918,50.783,74.07,0.510284
2025-01-01 00:42:10,27.15,59.405,101.025,51.202,74.633,0.488918
2025-01-01 00:42:11,26.837,58.36,101.732,51.361,73.13,0.479949
2025-01-01 00:42:12,26.678,59.772,103.36,50.259,74.755,0.528607
2025-01-01 00:42:13,26.618,58.182,99.546,49.64,74.332,0.48939
2025-01-01 00:42:14,26.447,59.198,101.435,50.082,75.962,0.525848
2025-01-01 00:42:15,27.046,58.58,102.692,50.445,74.033,0.498767
2025-01-01 00:42:16,26.08,57.633,99.597,50.358,74.247,0.491671
2025-01-01 00:42:17,25.691,58.394,101.684,49.647,73.919,0.52502
2025-01-01 00:42:18,26.798,58.748,101.729,50.863,74.736,0.500819
2025-01-01 00:42:19,26.795,58.243,99.029,49.316,77.065,0.507009
2025-01-01 00:42:20,26.709,58.72,101.129,50.695,70.456,0.463596
2025-01-01 00:42:21,26.661,59.204,100.057,50.803,74.571,0.493341
2025-01-01 00:42:22,26.285,58.347,100.179,50.832,76.014,0.50812
2025-01-01 00:42:23,26.828,55.458,99.825,51.477,73.964,0.449735
2025-01-01 00:42:24,26.4,60.111,101.374,51.426,75.19,0.516794
2025-01-01 00:42:25,26.167,58.167,99.86,52.685,75.948,0.492498
2025-01-01 00:42:26,26.243,57.673,99.42,50.549,74.182,0.48496
2025-01-01 00:42:27,27.397,57.404,99.348,51.242,73.708,0.447455
2025-01-01 00:42:28,25.507,58.224,99.365,51.246,75.592,0.511729
2025-01-01 00:42:29,26.612,58.029,98.538,51.263,75.043,0.47426
2025-01-01 00:42:30,25.511,57.887,99.056,50.171,74.353,0.50445
2025-01-01 00:42:31,26.284,57.974,99.557,50.291,75.142,0.497296
2025-01-01 00:42:32,26.109,59.218,99.755,51.297,75.541,0.507895
2025-01-01 00:42:33,25.27,60.751,100.466,50.085,74.306,0.542501
2025-01-01 00:42:34,26.495,59.573,99.415,51.132,74.718,0.493585
2025-01-01 00:42:35,26.098,59.908,98.611,50.935,74.96,0.502249
2025-01-01 00:42:36,25.225,58.44,97.986,51.267,73.761,0.493503
2025-01-01 00:42:37,26.682,58.955,99.204,52.464,75.724,0.481487
2025-01-01 00:42:38,26.966,59.309,98.704,50.748,73.044,0.464426
2025-01-01 00:42:39,26.981,58.255,98.649,52.359,74.107,0.452634
2025-01-01 00:42:40,26.402,58.522,98.908,51.258,75.17,0.486653
2025-01-01 00:42:41,26.233,59.835,99.078,51.409,72.966,0.482144
2025-01-01 00:42:42,26.86,60.103,98.741,52.19,75.265,0.480699
2025-01-01 00:42:43,27.024,59.113,98.213,51.649,74.433,0.462657
2025-01-01 00:42:44,26.736,57.883,97.495,51.205,75.781,0.468839
2025-01-01 00:42:45,25.685,58.815,97.597,51.672,74.913,0.489495
2025-01-01 00:42:46,26.243,57.702,98.972,50.597,73.969,0.479549
2025-01-01 00:42:47,26.348,59.252,97.614,52.372,74.43,0.468743
2025-01-01 00:42:48,25.21,59.465,96.605,49.634,74.461,0.508826
2025-01-01 00:42:49,26.335,58.972,99.025,52.875,76.557,0.491868
2025-01-01 00:42:50,27.223,59.517,96.837,52.704,74.219,0.440968
2025-01-01 00:42:51,26.393,59.725,97.73,53.541,73.941,0.459415
2025-01-01 00:42:52,26.795,59.598,98.101,54.052,73.863,0.447907
2025-01-01 00:42:53,26.136,58.173,97.528,53.101,74.314,0.458381
2025-01-01 00:42:54,25.994,59.154,94.962,51.897,72.717,0.444755
2025-01-01 00:42:55,26.207,59.851,97.747,54.182,73.611,0.457123
2025-01-01 00:42:56,25.594,61.053,98.599,51.534,72.847,0.499983
2025-01-01 00:42:57,25.505,59.235,97.976,51.012,72.997,0.488636
2025-01-01 00:42:58,26.606,60.091,94.982,54.06,75.012,0.441116
2025-01-01 00:42:59,26.644,60.452,99.151,53.102,74.072,0.474616
2025-01-01 00:43:00,25.448,59.41,95.615,51.163,73.144,0.472917
2025-01-01 00:43:01,26.413,60.788,95.781,51.622,73.849,0.465297
2025-01-01 00:43:02,25.87,60.875,97.56,53.189,73.729,0.479249
2025-01-01 00:43:03,26.069,61.087,97.149,52.093,74.082,0.484324
2025-01-01 00:43:04,26.114,60.198,96.696,52.249,72.207,0.456405
2025-01-01 00:43:05,26.366,62.133,95.966,54.443,72.702,0.447299
2025-01-01 00:43:06,25.895,59.191,97.786,54.628,72.279,0.445159
2025-01-01 00:43:07,26.544,61.964,96.337,53.066,72.926,0.457033
2025-01-01 00:43:08,25.978,60.641,94.731,52.866,73.136,0.450599
2025-01-01 00:43:09,26.121,61.247,97.451,53.747,72.761,0.463359
2025-01-01 00:43:10,25.377,59.619,96.36,52.612,74.918,0.485796
2025-01-01 00:43:11,26.857,60.817,97.178,51.314,76.208,0.488345
2025-01-01 00:43:12,25.997,61.433,96.558,50.925,74.991,0.500239
2025-01-01 00:43:13,26.104,58.952,98.301,53.11,73.322,0.462627
2025-01-01 00:43:14,24.927,59.91,95.523,53.909,74.253,0.476287
2025-01-01 00:43:15,25.305,57.965,95.773,53.25,73.923,0.457443
2025-01-01 00:43:16,26.319,59.961,96.402,53.919,73.274,0.444204
2025-01-01 00:43:17,25.828,59.357,95.304,54.031,75.596,0.460503
2025-01-01 00:43:18,24.712,59.988,96.336,54.444,76.418,0.502085
2025-01-01 00:43:19,26.173,63.163,92.513,53.515,72.249,0.435744
2025-01-01 00:43:20,25.366,61.991,95.314,53.618,75.745,0.495003
2025-01-01 00:43:21,26.327,58.867,95.212,53.397,73.312,0.430952
2025-01-01 00:43:22,25.562,60.895,95.104,53.249,73.711,0.466588
2025-01-01 00:43:23,25.692,61.171,94.295,52.227,74.37,0.472549
2025-01-01 00:43:24,26.164,60.068,96.008,54.45,75.894,0.463115
2025-01-01 00:43:25,25.109,60.617,94.527,53.232,74.381,0.475861
2025-01-01 00:43:26,25.046,60.748,95.162,53.212,74.545,0.48474
2025-01-01 00:43:27,25.428,59.159,94.856,53.158,75.081,0.466756
2025-01-01 00:43:28,25.924,59.507,95.326,52.543,75.278,0.468126
2025-01-01 00:43:29,24.828,60.744,96.189,53.571,74.686,0.496101
2025-01-01 00:43:30,24.644,60.704,94.886,54.076,75.303,0.491131
2025-01-01 00:43:31,25.873,59.929,95.466,53.121,73.374,0.453404
2025-01-01 00:43:32,25.144,59.876,94.704,54.538,72.019,0.441696
2025-01-01 00:43:33,25.233,60.614,93.988,53.434,76.301,0.483329
2025-01-01 00:43:34,24.484,61.623,94.289,52.523,72.876,0.488376
2025-01-01 00:43:35,25.057,60.693,94.083,54.867,73.492,0.454585
2025-01-01 00:43:36,25.376,62.425,94.872,53.946,73.747,0.475479
2025-01-01 00:43:37,25.829,60.14,94.349,54.496,73.552,0.438608
2025-01-01 00:43:38,24.962,61.062,93.386,54.532,73.298,0.454939
2025-01-01 00:43:39,26.159,60.547,93.898,53.082,74.739,0.451041
2025-01-01 00:43:40,24.972,61.522,92.534,53.437,74.765,0.471844
2025-01-01 00:43:41,24.956,60.185,93.816,54.697,74.954,0.464345
2025-01-01 00:43:42,26.05,62.927,93.944,55.352,74.893,0.455931
2025-01-01 00:43:43,25.371,59.341,95.693,53.947,73.74,0.458893
2025-01-01 00:43:44,24.972,62.78,95.176,53.408,73.753,0.493675
2025-01-01 00:43:45,25.154,61.187,92.738,55.267,75.614,0.46023
2025-01-01 00:43:46,25.892,61.682,93.918,53.431,73.662,0.454118
2025-01-01 00:43:47,25.932,62.497,93.881,54.205,73.655,0.453179
2025-01-01 00:43:48,24.774,62.052,93.377,53.609,75.437,0.491154
2025-01-01 00:43:49,25.144,60.497,93.388,54.175,74.317,0.457758
2025-01-01 00:43:50,25.194,61.859,93.149,53.211,73.752,0.46745
2025-01-01 00:43:51,24.639,63.159,95.324,53.675,73.782,0.503403
2025-01-01 00:43:52,25.088,60.436,92.984,53.479,75.745,0.472465
2025-01-01 00:43:53,25.102,63.474,93.692,54.515,75.119,0.487446
2025-01-01 00:43:54,25.652,61.773,90.773,54.121,74.72,0.439425
2025-01-01 00:43:55,25.669,60.987,94.077,54.698,73.057,0.440752
2025-01-01 00:43:56,24.884,60.558,94.39,53.336,74.767,0.481841
2025-01-01 00:43:57,24.925,61.26,92.107,53.832,74.244,0.460349
2025-01-01 00:43:58,25.348,59.56,92.602,54.5,73.426,0.430502
2025-01-01 00:43:59,24.706,61.132,93.521,54.687,73.822,0.465392
2025-01-01 00:44:00,25.277,61.316,93.045,52.843,75.402,0.477182
2025-01-01 00:44:01,24.922,60.536,93.448,54.253,76.081,0.477558
2025-01-01 00:44:02,24.464,62.39,92.652,53.346,73.345,0.479534
2025-01-01 00:44:03,24.454,61.455,94.762,54.721,73.52,0.48038
2025-01-01 00:44:04,25.639,61.069,92.188,55.478,75.496,0.441749
2025-01-01 00:44:05,24.821,61.411,95.51,51.895,74.197,0.504456
2025-01-01 00:44:06,25.703,62.122,94.021,53.455,75.377,0.476481
2025-01-01 00:44:07,24.609,61.872,93.574,54.185,74.232,0.480692
2025-01-01 00:44:08,24.995,61.128,91.664,53.963,75.458,0.463451
2025-01-01 00:44:09,26.029,61.986,93.578,54.71,73.144,0.436955
2025-01-01 00:44:10,24.287,61.841,93.238,54.013,75.479,0.496737
2025-01-01 00:44:11,23.85,60.783,90.48,53.517,72.329,0.454679
2025-01-01 00:44:12,25.426,61.664,91.162,53.114,75.986,0.464601
2025-01-01 00:44:13,24.353,62.563,92.891,52.969,74.864,0.50068
2025-01-01 00:44:14,24.739,62.586,92.369,53.314,75.463,0.490486
2025-01-01 00:44:15,24.44,61.814,91.955,53.443,75.247,0.485433
2025-01-01 00:44:16,24.851,62.752,93.521,54.189,72.946,0.470713
2025-01-01 00:44:17,24.225,61.125,91.53,53.742,76.663,0.491334
2025-01-01 00:44:18,24.594,61.186,91.93,53.332,75.455,0.479645
2025-01-01 00:44:19,24.892,61.914,91.712,53.029,75.992,0.483422
2025-01-01 00:44:20,24.147,63.693,92.843,53.258,74.157,0.50536
2025-01-01 00:44:21,24.284,62.389,90.589,53.352,75.437,0.484834
2025-01-01 00:44:22,24.444,61.98,91.787,53.186,73.609,0.473549
2025-01-01 00:44:23,23.887,63.829,90.538,54.304,75.392,0.496654
2025-01-01 00:44:24,24.374,62.027,91.926,54.841,74.119,0.46844
2025-01-01 00:44:25,24.628,64.579,92.941,52.785,81.288,0.564539
2025-01-01 00:44:26,24.353,61.862,92.939,54.6,76.04,0.493354
2025-01-01 00:44:27,24.401,61.391,91.451,54.237,76.945,0.487387
2025-01-01 00:44:28,24.51,62.265,92.694,53.804,75.083,0.488923
2025-01-01 00:44:29,24.176,62.212,91.958,54.858,75.896,0.489162
2025-01-01 00:44:30,24.834,61.682,93.488,53.476,76.539,0.498074
2025-01-01 00:44:31,25.19,65.121,91.982,53.909,74.201,0.481356
2025-01-01 00:44:32,24.224,62.866,89.124,53.661,74.718,0.470055
2025-01-01 00:44:33,24.682,63.04,92.979,53.575,76.728,0.508514
2025-01-01 00:44:34,24.304,62.143,91.613,53.876,75.337,0.485774
2025-01-01 00:44:35,24.591,62.055,91.786,53.518,74.738,0.477735
2025-01-01 00:44:36,25.175,63.687,92.386,53.825,74.916,0.480682
2025-01-01 00:44:37,24.631,61.014,90.616,52.887,74.244,0.460562
2025-01-01 00:44:38,23.474,61.575,92.107,52.882,73.398,0.495352
2025-01-01 00:44:39,24.572,62.498,92.559,52.823,73.753,0.484512
2025-01-01 00:44:40,24.945,64.124,92.382,53.039,75.882,0.503033
2025-01-01 00:44:41,24.202,62.426,91.414,54.11,76.672,0.498007
2025-01-01 00:44:42,24.795,63.244,93.0,52.897,78.929,0.531056
2025-01-01 00:44:43,23.937,62.883,91.007,53.755,75.896,0.500427
2025-01-01 00:44:44,23.524,64.179,91.377,53.412,74.451,0.512854
2025-01-01 00:44:45,24.322,61.325,91.865,52.812,75.993,0.494669
2025-01-01 00:44:46,23.357,63.673,92.295,54.177,76.912,0.5347
2025-01-01 00:44:47,24.1,62.765,91.676,53.683,77.346,0.51371
2025-01-01 00:44:48,24.848,63.916,93.23,53.059,77.271,0.521701
2025-01-01 00:44:49,23.235,62.198,92.3,52.955,76.881,0.53533
2025-01-01 00:44:50,23.535,63.068,92.083,53.057,76.35,0.52826
2025-01-01 00:44:51,23.643,62.968,92.272,51.72,77.162,0.543258
2025-01-01 00:44:52,24.113,62.094,92.75,52.245,74.899,0.507196
2025-01-01 00:44:53,23.946,61.842,92.265,53.235,73.955,0.489953
2025-01-01 00:44:54,24.814,62.568,90.222,51.559,78.92,0.513866
2025-01-01 00:44:55,24.576,63.305,93.129,52.186,76.395,0.521686
2025-01-01 00:44:56,24.332,62.443,92.168,52.429,77.137,0.517585
2025-01-01 00:44:57,24.142,62.896,92.744,55.024,73.178,0.477313
2025-01-01 00:44:58,24.252,61.365,91.664,53.198,78.439,0.512466
2025-01-01 00:44:59,23.609,62.906,90.256,53.494,78.017,0.52172
2025-01-01 00:45:00,24.454,64.325,89.817,51.928,74.797,0.49484
2025-01-01 00:45:01,23.455,64.032,91.166,52.818,76.34,0.531804
2025-01-01 00:45:02,24.414,63.264,92.642,51.076,77.086,0.535272
2025-01-01 00:45:03,24.575,63.62,93.439,52.174,75.296,0.517434
2025-01-01 00:45:04,24.073,62.572,92.46,52.797,77.446,0.526446
2025-01-01 00:45:05,23.866,65.049,91.124,51.213,78.161,0.556878
2025-01-01 00:45:06,24.14,65.517,91.411,52.615,77.342,0.539287
2025-01-01 00:45:07,22.495,63.638,93.576,52.634,75.12,0.560252
2025-01-01 00:45:08,24.063,66.088,90.926,51.724,75.803,0.535392
2025-01-01 00:45:09,23.841,62.841,94.36,51.49,76.946,0.553987
2025-01-01 00:45:10,23.858,62.293,94.157,51.538,76.843,0.546764
2025-01-01 00:45:11,24.223,62.858,94.44,51.784,76.916,0.543784
2025-01-01 00:45:12,23.819,63.372,92.711,51.759,76.921,0.543462
2025-01-01 00:45:13,23.272,65.926,92.014,52.37,75.123,0.549843
2025-01-01 00:45:14,23.758,63.356,92.739,51.485,78.303,0.558336
2025-01-01 00:45:15,23.849,62.8,93.319,53.144,78.138,0.542994
2025-01-01 00:45:16,23.86,62.784,91.788,53.087,78.061,0.530535
2025-01-01 00:45:17,23.87,64.845,91.367,51.949,77.999,0.550362
2025-01-01 00:45:18,24.295,64.725,92.215,51.433,77.193,0.543713
2025-01-01 00:45:19,23.219,63.264,91.758,51.23,76.855,0.552023
2025-01-01 00:45:20,23.837,61.896,93.803,51.858,76.412,0.535572
2025-01-01 00:45:21,24.381,62.665,91.979,51.945,79.535,0.540186
2025-01-01 00:45:22,22.856,65.536,92.725,51.338,77.709,0.590291
2025-01-01 00:45:23,23.801,64.525,93.647,51.132,75.792,0.555017
2025-01-01 00:45:24,23.405,63.923,93.98,51.675,77.8,0.574324
2025-01-01 00:45:25,23.5,65.748,92.946,51.394,75.385,0.560038
2025-01-01 00:45:26,23.221,65.858,93.159,50.827,78.235,0.595913
2025-01-01 00:45:27,23.576,63.885,91.796,51.321,78.16,0.559072
2025-01-01 00:45:28,24.569,63.924,93.876,50.692,77.39,0.551658
2025-01-01 00:45:29,23.004,63.379,94.157,50.52,76.964,0.582162
2025-01-01 00:45:30,23.039,63.697,91.064,51.063,78.819,0.571237
2025-01-01 00:45:31,22.961,62.516,94.74,50.552,78.096,0.590151
2025-01-01 00:45:32,24.464,62.531,92.319,50.37,75.918,0.521742
2025-01-01 00:45:33,23.357,62.319,93.658,51.737,79.745,0.576555
2025-01-01 00:45:34,23.563,65.145,93.186,50.531,77.224,0.577438
2025-01-01 00:45:35,23.363,62.519,93.093,52.263,76.823,0.545685
2025-01-01 00:45:36,23.081,66.049,92.994,51.234,80.088,0.610919
2025-01-01 00:45:37,23.424,63.388,92.255,50.02,79.782,0.58506
2025-01-01 00:45:38,24.759,65.875,93.819,51.548,78.058,0.560602
2025-01-01 00:45:39,24.215,63.791,93.058,49.99,77.113,0.555155
2025-01-01 00:45:40,23.081,62.608,92.085,52.086,77.578,0.552373
2025-01-01 00:45:41,23.821,65.476,92.41,50.631,78.197,0.575477
2025-01-01 00:45:42,23.07,65.613,92.204,50.827,80.235,0.606222
2025-01-01 00:45:43,22.587,63.323,93.024,50.361,80.383,0.610829
2025-01-01 00:45:44,23.974,63.915,94.086,50.492,79.082,0.581665
2025-01-01 00:45:45,24.034,63.358,92.944,50.039,79.717,0.576052
2025-01-01 00:45:46,23.966,64.161,94.685,49.425,78.739,0.593148
2025-01-01 00:45:47,23.198,64.406,93.646,50.38,77.997,0.590886
2025-01-01 00:45:48,23.339,63.964,93.531,50.871,77.297,0.574452
2025-01-01 00:45:49,23.787,62.513,93.894,49.041,79.539,0.588352
2025-01-01 00:45:50,23.598,63.768,95.33,51.169,80.286,0.602948
2025-01-01 00:45:51,23.195,65.068,92.622,50.361,78.647,0.593392
2025-01-01 00:45:52,22.573,64.172,95.709,49.473,80.739,0.64565
2025-01-01 00:45:53,23.43,64.069,95.073,49.402,78.906,0.608485
2025-01-01 00:45:54,23.902,63.482,94.151,51.2,79.523,0.578979
2025-01-01 00:45:55,22.755,63.818,95.417,50.402,79.212,0.618945
2025-01-01 00:45:56,23.663,65.853,93.974,50.507,81.015,0.616848
2025-01-01 00:45:57,23.5,63.319,94.645,49.337,80.177,0.608965
2025-01-01 00:45:58,23.701,65.195,93.881,49.926,79.57,0.603356
2025-01-01 00:45:59,23.752,64.536,95.453,49.704,79.787,0.612543
2025-01-01 00:46:00,22.96,64.748,93.844,49.228,78.322,0.610845
2025-01-01 00:46:01,22.49,63.785,94.565,49.399,77.123,0.608674
2025-01-01 00:46:02,23.023,64.18,95.362,50.143,79.22,0.617292
2025-01-01 00:46:03,23.726,64.54,95.798,50.479,79.68,0.609329
2025-01-01 00:46:04,23.002,64.039,93.996,48.942,80.605,0.626035
2025-01-01 00:46:05,22.918,64.905,95.638,48.037,79.826,0.645958
2025-01-01 00:46:06,22.346,65.044,93.972,50.347,79.513,0.628357
2025-01-01 00:46:07,24.125,66.772,92.872,50.302,76.594,0.571169
2025-01-01 00:46:08,23.653,64.891,94.345,49.242,80.818,0.620392
2025-01-01 00:46:09,23.617,62.713,95.998,50.301,80.493,0.607823
2025-01-01 00:46:10,23.709,65.801,95.222,49.074,81.271,0.636704
2025-01-01 00:46:11,23.505,64.446,94.771,48.03,80.382,0.62862
2025-01-01 00:46:12,23.087,66.674,95.434,47.654,81.779,0.670261
2025-01-01 00:46:13,23.12,66.145,95.474,47.592,79.797,0.651931
2025-01-01 00:46:14,22.981,64.181,96.146,48.6,80.463,0.644316
2025-01-01 00:46:15,24.505,65.42,93.987,48.17,80.855,0.611259
2025-01-01 00:46:16,23.459,64.115,95.571,48.026,81.412,0.641073
2025-01-01 00:46:17,22.942,64.723,95.872,48.351,81.175,0.653965
2025-01-01 00:46:18,23.4,65.407,94.458,49.071,81.302,0.635134
2025-01-01 00:46:19,22.655,65.855,94.521,47.895,81.106,0.660484
2025-01-01 00:46:20,23.906,65.647,95.611,47.708,80.606,0.638682
2025-01-01 00:46:21,22.817,64.837,96.062,47.844,81.973,0.667949
2025-01-01 00:46:22,23.392,67.256,96.143,48.915,78.936,0.64312
2025-01-01 00:46:23,23.669,64.417,95.653,48.071,80.244,0.630062
2025-01-01 00:46:24,23.322,63.185,95.69,48.301,82.963,0.648308
2025-01-01 00:46:25,23.171,63.387,95.971,49.269,80.299,0.627661
2025-01-01 00:46:26,23.123,66.284,96.744,50.252,81.066,0.653317
2025-01-01 00:46:27,23.084,64.743,97.77,48.441,82.879,0.676505
2025-01-01 00:46:28,22.819,64.987,94.385,48.313,81.115,0.647548
2025-01-01 00:46:29,22.877,64.294,97.31,46.884,80.319,0.665956
2025-01-01 00:46:30,23.836,64.392,96.657,48.079,82.811,0.653253
2025-01-01 00:46:31,23.037,64.066,97.375,47.786,81.079,0.661276
2025-01-01 00:46:32,22.694,65.332,98.117,48.403,81.214,0.678534
2025-01-01 00:46:33,22.824,64.771,96.258,47.33,79.155,0.651138
2025-01-01 00:46:34,23.627,65.311,98.04,47.758,81.432,0.665218
2025-01-01 00:46:35,23.41,65.223,95.925,48.036,82.457,0.659983
2025-01-01 00:46:36,23.348,64.465,97.39,49.026,81.172,0.650068
2025-01-01 00:46:37,22.935,63.439,97.104,48.713,80.204,0.644255
2025-01-01 00:46:38,23.347,63.358,97.476,48.431,81.217,0.64756
2025-01-01 00:46:39,22.734,67.937,96.525,47.957,81.108,0.686042
2025-01-01 00:46:40,22.922,66.395,98.036,46.987,81.593,0.692314
2025-01-01 00:46:41,23.533,66.263,99.27,47.871,81.328,0.680317
2025-01-01 00:46:42,23.482,64.254,96.797,46.63,83.998,0.678857
2025-01-01 00:46:43,22.55,64.943,98.044,47.042,82.415,0.695698
2025-01-01 00:46:44,22.61,64.124,98.796,48.589,80.015,0.666858
2025-01-01 00:46:45,23.089,63.632,97.73,47.557,82.24,0.66995
2025-01-01 00:46:46,23.895,64.36,99.473,47.268,82.157,0.672091
2025-01-01 00:46:47,22.071,66.28,97.77,47.333,83.689,0.718147
2025-01-01 00:46:48,23.165,65.799,98.17,46.935,82.119,0.688793
2025-01-01 00:46:49,22.336,63.992,97.38,45.247,82.135,0.698765
2025-01-01 00:46:50,22.704,64.651,98.587,45.924,84.642,0.716884
2025-01-01 00:46:51,22.837,65.719,98.55,47.392,81.174,0.687475
2025-01-01 00:46:52,22.806,64.403,99.271,46.126,83.463,0.708555
2025-01-01 00:46:53,22.748,65.056,98.086,46.742,82.632,0.696376
2025-01-01 00:46:54,23.016,65.382,98.128,45.811,82.004,0.695078
2025-01-01 00:46:55,22.743,65.374,99.361,46.185,81.876,0.705029
2025-01-01 00:46:56,22.278,65.24,100.384,46.723,84.333,0.732414
2025-01-01 00:46:57,23.397,64.334,99.704,47.433,83.31,0.690472
2025-01-01 00:46:58,23.383,64.439,101.01,47.561,83.521,0.700742
2025-01-01 00:46:59,23.427,63.858,99.807,46.043,83.915,0.700682
2025-01-01 00:47:00,22.233,63.433,99.859,46.846,83.306,0.711441
2025-01-01 00:47:01,23.152,64.881,100.108,45.43,81.67,0.702419
2025-01-01 00:47:02,23.34,65.813,101.005,46.587,81.105,0.699397
2025-01-01 00:47:03,22.486,63.618,100.844,47.276,84.885,0.722269
2025-01-01 00:47:04,23.005,65.272,98.61,46.432,83.334,0.703165
2025-01-01 00:47:05,22.942,65.784,100.584,47.511,83.227,0.712834
2025-01-01 00:47:06,23.921,63.163,100.138,47.102,85.343,0.692396
2025-01-01 00:47:07,23.962,64.729,99.767,46.6,81.947,0.678067
2025-01-01 00:47:08,22.168,66.646,98.277,46.182,80.242,0.705376
2025-01-01 00:47:09,24.247,65.552,98.599,45.931,81.142,0.668334
2025-01-01 00:47:10,22.543,63.129,99.864,45.169,82.724,0.710225
2025-01-01 00:47:11,23.491,65.657,98.852,45.276,83.546,0.706731
2025-01-01 00:47:12,23.487,64.25,100.062,47.087,85.121,0.705519
2025-01-01 00:47:13,22.504,65.688,101.209,47.481,84.507,0.732792
2025-01-01 00:47:14,23.25,64.305,100.002,45.385,80.465,0.687986
2025-01-01 00:47:15,22.95,64.941,100.755,46.284,86.944,0.740627
2025-01-01 00:47:16,23.282,64.454,99.69,44.952,83.134,0.707748
2025-01-01 00:47:17,23.122,64.993,101.148,45.412,85.143,0.733761
2025-01-01 00:47:18,23.606,64.42,101.445,46.384,84.368,0.712453
2025-01-01 00:47:19,23.047,64.762,99.602,45.745,83.762,0.712848
2025-01-01 00:47:20,22.927,63.807,100.362,44.611,83.514,0.719273
2025-01-01 00:47:21,23.561,65.47,99.934,47.504,82.505,0.689965
2025-01-01 00:47:22,23.305,65.152,101.798,46.076,82.336,0.712777
2025-01-01 00:47:23,23.383,63.357,101.541,45.219,83.724,0.713404
2025-01-01 00:47:24,22.687,65.962,101.415,46.192,82.299,0.725544
2025-01-01 00:47:25,22.499,64.789,101.423,46.013,85.983,0.746928
2025-01-01 00:47:26,22.74,65.124,101.962,46.405,84.162,0.733996
2025-01-01 00:47:27,22.716,65.722,102.068,45.785,86.597,0.757348
2025-01-01 00:47:28,23.422,65.281,101.317,46.299,83.603,0.715589
2025-01-01 00:47:29,23.52,66.114,101.263,46.794,83.456,0.714521
2025-01-01 00:47:30,22.958,64.65,101.926,44.977,84.913,0.740381
2025-01-01 00:47:31,23.754,65.973,101.881,45.471,83.932,0.724534
2025-01-01 00:47:32,23.726,65.056,104.217,46.691,85.449,0.736731
2025-01-01 00:47:33,23.167,65.435,101.858,45.573,86.045,0.744677
2025-01-01 00:47:34,22.638,65.325,102.617,45.944,85.676,0.753061
2025-01-01 00:47:35,23.84,66.157,102.878,45.63,86.032,0.742916
2025-01-01 00:47:36,23.026,65.631,103.897,45.677,85.412,0.755561
2025-01-01 00:47:37,23.123,64.46,101.77,45.607,83.809,0.724473
2025-01-01 00:47:38,22.895,64.255,104.005,44.993,85.872,0.757351
2025-01-01 00:47:39,22.624,64.84,102.601,46.367,85.377,0.74622
2025-01-01 00:47:40,22.339,64.123,105.333,46.85,83.834,0.75066
2025-01-01 00:47:41,23.394,63.823,103.278,45.861,84.021,0.725093
2025-01-01 00:47:42,22.691,62.74,101.769,46.764,84.535,0.719818
2025-01-01 00:47:43,24.617,63.311,102.883,45.614,86.013,0.71216
2025-01-01 00:47:44,22.549,66.838,104.498,45.571,84.854,0.770465
2025-01-01 00:47:45,22.469,64.188,103.325,46.344,84.74,0.745555
2025-01-01 00:47:46,23.357,66.739,103.265,46.363,84.589,0.743475
2025-01-01 00:47:47,23.872,65.23,104.124,45.937,84.389,0.732129
2025-01-01 00:47:48,23.145,64.769,103.14,46.575,83.449,0.72627
2025-01-01 00:47:49,23.405,63.309,103.354,45.012,85.832,0.739167
2025-01-01 00:47:50,22.203,64.805,102.7,45.807,83.688,0.746297
2025-01-01 00:47:51,22.792,66.683,105.452,46.832,85.021,0.765311
2025-01-01 00:47:52,22.6,66.339,102.579,46.84,84.48,0.746669
2025-01-01 00:47:53,22.195,65.045,104.049,46.75,85.921,0.764083
2025-01-01 00:47:54,23.207,63.612,104.437,46.91,84.621,0.73206
2025-01-01 00:47:55,22.034,63.794,104.02,45.808,83.853,0.752243
2025-01-01 00:47:56,22.5,63.888,102.857,44.755,86.277,0.75904
2025-01-01 00:47:57,22.9,66.008,103.188,45.927,84.127,0.746239
2025-01-01 00:47:58,22.759,66.35,104.785,46.658,85.332,0.763091
2025-01-01 00:47:59,23.38,64.903,103.557,46.804,86.703,0.745236
2025-01-01 00:48:00,23.342,64.393,102.339,45.76,84.326,0.726221
2025-01-01 00:48:01,23.643,66.233,104.872,45.424,85.105,0.75377
2025-01-01 00:48:02,23.579,63.694,103.686,45.522,84.738,0.730299
2025-01-01 00:48:03,23.781,64.713,105.263,45.801,85.439,0.745134
2025-01-01 00:48:04,23.217,65.112,104.502,44.738,85.225,0.757041
2025-01-01 00:48:05,23.377,63.773,104.525,45.854,86.437,0.748303
2025-01-01 00:48:06,23.489,63.988,104.898,46.335,84.612,0.735431
2025-01-01 00:48:07,23.312,63.897,103.778,46.241,86.91,0.746495
2025-01-01 00:48:08,23.051,66.015,104.161,46.078,87.331,0.768157
2025-01-01 00:48:09,23.091,66.499,104.796,45.814,85.737,0.765563
2025-01-01 00:48:10,22.857,64.686,103.98,45.931,84.504,0.746495
2025-01-01 00:48:11,23.485,64.289,105.906,45.97,85.425,0.750508
2025-01-01 00:48:12,23.236,63.944,104.952,47.005,85.347,0.740766
2025-01-01 00:48:13,22.96,64.532,103.877,46.466,87.645,0.7598
2025-01-01 00:48:14,22.969,63.965,104.833,49.027,85.415,0.73351
2025-01-01 00:48:15,22.704,64.404,105.559,46.256,87.219,0.771268
2025-01-01 00:48:16,23.807,64.9,105.076,46.901,85.714,0.740089
2025-01-01 00:48:17,23.366,64.067,105.986,46.331,85.655,0.751133
2025-01-01 00:48:18,22.905,64.267,106.223,46.342,85.194,0.758407
2025-01-01 00:48:19,23.75,64.256,108.114,47.89,85.325,0.747359
2025-01-01 00:48:20,23.074,64.109,106.924,47.47,86.724,0.761879
2025-01-01 00:48:21,22.661,63.969,104.199,45.3,84.798,0.752452
2025-01-01 00:48:22,23.884,65.157,105.535,45.918,86.844,0.755593
2025-01-01 00:48:23,23.115,62.608,105.689,46.661,87.438,0.754688
2025-01-01 00:48:24,23.189,65.937,106.589,46.39,85.016,0.763595
2025-01-01 00:48:25,23.424,64.482,105.139,45.632,87.191,0.760903
2025-01-01 00:48:26,23.985,64.94,105.599,46.966,87.015,0.748262
2025-01-01 00:48:27,23.434,65.038,104.942,45.407,86.816,0.761608
2025-01-01 00:48:28,22.835,63.588,105.64,47.048,85.024,0.747406
2025-01-01 00:48:29,23.716,63.364,105.733,47.567,85.658,0.732468
2025-01-01 00:48:30,23.213,63.229,106.039,47.719,85.67,0.741521
2025-01-01 00:48:31,24.41,63.997,105.219,46.944,88.337,0.741871
2025-01-01 00:48:32,23.476,64.925,107.441,48.307,85.829,0.752601
2025-01-01 00:48:33,22.37,63.625,106.983,47.404,85.633,0.764829
2025-01-01 00:48:34,23.677,64.798,105.113,47.855,84.487,0.728442
2025-01-01 00:48:35,24.482,61.804,106.638,46.63,84.71,0.714291
2025-01-01 00:48:36,24.308,63.768,105.097,48.478,85.066,0.710761
2025-01-01 00:48:37,24.447,65.302,108.053,47.3,86.331,0.750727
2025-01-01 00:48:38,23.033,63.945,108.373,48.607,84.198,0.748148
2025-01-01 00:48:39,24.011,63.268,106.75,48.475,85.117,0.723994
2025-01-01 00:48:40,23.205,63.421,106.0,47.638,83.692,0.730191
2025-01-01 00:48:41,23.69,61.03,106.233,47.8,87.616,0.733698
2025-01-01 00:48:42,22.953,63.027,106.489,47.376,86.069,0.751908
2025-01-01 00:48:43,23.279,65.076,106.879,46.91,86.321,0.764146
2025-01-01 00:48:44,23.275,63.417,108.399,48.087,84.648,0.746969
2025-01-01 00:48:45,24.075,63.515,108.027,48.092,87.356,0.74875
2025-01-01 00:48:46,24.038,61.627,108.083,46.409,87.772,0.751155
2025-01-01 00:48:47,23.788,62.308,107.323,47.684,86.054,0.736601
2025-01-01 00:48:48,22.987,65.108,106.038,48.493,85.403,0.749966
2025-01-01 00:48:49,23.519,64.514,106.46,49.019,86.645,0.744894
2025-01-01 00:48:50,23.314,62.579,107.329,48.475,86.868,0.747025
2025-01-01 00:48:51,24.135,63.224,106.103,46.729,87.034,0.740379
2025-01-01 00:48:52,24.302,63.804,107.644,47.149,86.789,0.746063
2025-01-01 00:48:53,24.253,62.616,108.18,47.765,87.152,0.742068
2025-01-01 00:48:54,23.361,61.786,107.955,49.211,85.166,0.730189
2025-01-01 00:48:55,22.381,63.609,107.947,47.657,87.093,0.777133
2025-01-01 00:48:56,22.881,64.319,105.608,49.04,85.455,0.741962
2025-01-01 00:48:57,24.488,64.316,108.839,47.746,82.988,0.724919
2025-01-01 00:48:58,23.59,64.577,105.969,48.722,85.444,0.735081
2025-01-01 00:48:59,23.429,62.126,107.413,47.596,85.335,0.738233
2025-01-01 00:49:00,24.639,63.715,108.212,48.245,86.288,0.733575
2025-01-01 00:49:01,24.463,63.366,107.98,47.547,87.002,0.741855
2025-01-01 00:49:02,23.857,63.524,106.37,49.66,86.226,0.7262
2025-01-01 00:49:03,23.711,63.376,106.575,48.003,88.403,0.752641
2025-01-01 00:49:04,23.806,62.904,107.985,47.374,85.359,0.741075
2025-01-01 00:49:05,23.999,60.523,108.233,47.365,83.6,0.713435
2025-01-01 00:49:06,24.699,64.679,106.637,48.651,86.315,0.726278
2025-01-01 00:49:07,24.125,63.824,108.159,48.408,85.323,0.73569
2025-01-01 00:49:08,24.29,61.986,106.272,49.348,84.669,0.699444
2025-01-01 00:49:09,24.526,63.919,108.431,48.695,85.61,0.731026
2025-01-01 00:49:10,23.371,62.974,106.942,49.871,85.021,0.72592
2025-01-01 00:49:11,24.347,62.978,107.924,48.685,85.132,0.722371
2025-01-01 00:49:12,23.837,62.604,107.774,49.87,87.774,0.738612
2025-01-01 00:49:13,22.741,63.885,109.038,48.342,86.089,0.769416
2025-01-01 00:49:14,22.949,62.523,108.134,47.958,85.613,0.752663
2025-01-01 00:49:15,23.519,62.201,107.307,48.558,87.84,0.746936
2025-01-01 00:49:16,24.308,64.405,108.279,48.369,85.56,0.738348
2025-01-01 00:49:17,24.114,63.069,110.074,48.336,84.429,0.737725
2025-01-01 00:49:18,24.164,63.075,108.683,49.716,84.303,0.719262
2025-01-01 00:49:19,25.062,63.889,107.893,49.23,85.789,0.715822
2025-01-01 00:49:20,23.467,62.504,107.128,49.612,83.903,0.71659
2025-01-01 00:49:21,24.102,62.677,107.353,49.977,84.455,0.70891
2025-01-01 00:49:22,24.283,63.425,108.657,48.263,85.393,0.734905
2025-01-01 00:49:23,23.778,61.552,107.098,50.125,87.196,0.724017
2025-01-01 00:49:24,24.175,63.288,107.991,48.761,87.375,0.741846
2025-01-01 00:49:25,23.376,62.285,109.43,49.321,86.604,0.750232
2025-01-01 00:49:26,24.897,63.87,108.147,48.326,85.794,0.725778
2025-01-01 00:49:27,23.866,63.534,106.919,50.421,85.099,0.717413
2025-01-01 00:49:28,25.238,63.375,110.178,48.603,86.235,0.730595
2025-01-01 00:49:29,24.221,61.327,109.762,49.051,87.892,0.742021
2025-01-01 00:49:30,24.767,62.803,108.5,49.166,85.908,0.719633
2025-01-01 00:49:31,24.242,61.702,109.273,50.022,85.168,0.717211
2025-01-01 00:49:32,24.269,62.815,107.728,50.055,85.516,0.715855
2025-01-01 00:49:33,24.008,60.509,108.716,50.889,85.368,0.706663
2025-01-01 00:49:34,24.375,61.256,107.563,50.213,86.329,0.707833
2025-01-01 00:49:35,24.49,63.958,106.626,51.126,84.736,0.699684
2025-01-01 00:49:36,23.955,63.111,110.566,50.714,86.122,0.740821
2025-01-01 00:49:37,24.3,62.36,106.56,49.711,86.297,0.712464
2025-01-01 00:49:38,24.073,61.777,108.256,49.99,86.009,0.720166
2025-01-01 00:49:39,25.544,61.573,108.235,51.789,84.272,0.666924
2025-01-01 00:49:40,24.365,62.829,108.454,51.619,85.376,0.708237
2025-01-01 00:49:41,25.199,62.257,107.837,51.353,84.902,0.682996
2025-01-01 00:49:42,24.344,64.119,107.835,51.514,85.425,0.713579
2025-01-01 00:49:43,24.588,62.359,108.039,51.178,84.692,0.696387
2025-01-01 00:49:44,23.813,62.574,108.366,51.13,86.961,0.729798
2025-01-01 00:49:45,24.267,61.097,107.869,50.957,85.671,0.701647
2025-01-01 00:49:46,24.612,62.096,107.786,52.332,83.482,0.676398
2025-01-01 00:49:47,25.316,62.605,106.516,50.656,83.804,0.670511
2025-01-01 00:49:48,24.65,62.026,109.832,51.275,86.822,0.718836
2025-01-01 00:49:49,25.247,61.884,108.335,49.771,85.136,0.694833
2025-01-01 00:49:50,24.892,62.667,107.988,50.048,84.859,0.700549
2025-01-01 00:49:51,25.401,63.825,107.133,52.699,86.656,0.688357
2025-01-01 00:49:52,24.574,62.426,106.732,51.795,85.094,0.687277
2025-01-01 00:49:53,25.815,63.395,108.573,51.185,83.815,0.676559
2025-01-01 00:49:54,24.394,62.843,107.529,51.471,83.87,0.6921
2025-01-01 00:49:55,24.27,63.276,108.285,50.376,85.949,0.723105
2025-01-01 00:49:56,24.064,61.552,106.285,51.173,87.604,0.710014
2025-01-01 00:49:57,25.851,61.924,109.157,50.401,86.148,0.692145
2025-01-01 00:49:58,25.112,61.898,108.484,51.384,84.654,0.684731
2025-01-01 00:49:59,24.552,62.617,107.473,52.217,84.811,0.689173
2025-01-01 00:50:00,25.36,62.833,107.992,52.087,85.112,0.681386
2025-01-01 00:50:01,25.096,62.135,108.235,53.047,82.6,0.658822
2025-01-01 00:50:02,25.751,62.856,106.125,52.062,85.023,0.660384
2025-01-01 00:50:03,24.011,61.385,109.107,49.894,85.665,0.722555
2025-01-01 00:50:04,24.669,62.803,107.879,53.488,87.061,0.698644
2025-01-01 00:50:05,24.587,62.903,106.658,51.305,86.211,0.70061
2025-01-01 00:50:06,23.848,62.534,106.23,52.156,87.186,0.710791
2025-01-01 00:50:07,25.381,61.959,108.277,52.157,86.855,0.68931
2025-01-01 00:50:08,24.733,62.507,107.464,52.317,86.479,0.696144
2025-01-01 00:50:09,25.254,60.869,107.698,52.211,84.804,0.66542
2025-01-01 00:50:10,26.081,61.93,107.203,52.273,85.153,0.654594
2025-01-01 00:50:11,24.741,62.001,106.134,51.21,82.702,0.66346
2025-01-01 00:50:12,24.724,60.34,107.605,54.384,84.828,0.657484
2025-01-01 00:50:13,25.011,62.112,106.857,52.882,85.317,0.67205
2025-01-01 00:50:14,25.461,60.357,106.991,52.448,84.263,0.647092
2025-01-01 00:50:15,24.701,61.147,109.346,53.926,82.718,0.662884
2025-01-01 00:50:16,24.686,61.583,107.794,51.64,86.431,0.69731
2025-01-01 00:50:17,25.546,60.78,107.807,53.236,84.983,0.654125
2025-01-01 00:50:18,25.224,61.562,109.555,52.141,86.524,0.696047
2025-01-01 00:50:19,24.029,61.514,107.172,52.951,85.314,0.689025
2025-01-01 00:50:20,24.455,60.595,106.86,53.011,86.028,0.677406
2025-01-01 00:50:21,25.835,61.951,106.013,50.845,85.744,0.665393
2025-01-01 00:50:22,25.302,60.587,106.19,51.61,83.496,0.646134
2025-01-01 00:50:23,24.737,63.607,104.546,54.066,83.662,0.651142
2025-01-01 00:50:24,25.049,61.178,107.333,52.635,83.72,0.658133
2025-01-01 00:50:25,25.158,60.084,105.224,54.478,83.036,0.615004
2025-01-01 00:50:26,25.536,60.238,107.341,53.965,86.274,0.652163
2025-01-01 00:50:27,24.505,62.338,106.342,52.779,84.167,0.672255
2025-01-01 00:50:28,24.78,60.749,106.459,52.747,84.628,0.660596
2025-01-01 00:50:29,25.354,59.762,106.234,54.35,82.439,0.612214
2025-01-01 00:50:30,25.184,61.947,107.607,54.751,84.979,0.657682
2025-01-01 00:50:31,25.536,60.645,107.374,52.875,83.464,0.641231
2025-01-01 00:50:32,24.652,61.681,106.079,54.371,85.427,0.661833
2025-01-01 00:50:33,25.462,61.931,105.151,53.999,83.05,0.624568
2025-01-01 00:50:34,25.846,61.237,106.915,54.172,85.429,0.641733
2025-01-01 00:50:35,25.56,63.326,104.957,53.324,84.918,0.649874
2025-01-01 00:50:36,25.403,59.172,104.317,52.739,83.187,0.610148
2025-01-01 00:50:37,25.301,60.046,106.31,52.466,85.405,0.651951
2025-01-01 00:50:38,24.948,60.575,106.968,52.297,85.039,0.66568
2025-01-01 00:50:39,25.346,63.06,105.283,54.901,84.205,0.638497
2025-01-01 00:50:40,26.028,62.563,106.029,53.411,82.381,0.622413
2025-01-01 00:50:41,25.355,62.021,105.146,52.516,84.49,0.648767
2025-01-01 00:50:42,24.986,59.905,106.219,54.263,83.564,0.630339
2025-01-01 00:50:43,25.201,59.989,106.527,53.106,83.5,0.636222
2025-01-01 00:50:44,25.564,59.805,105.104,52.996,83.484,0.617543
2025-01-01 00:50:45,25.293,59.817,104.273,55.198,83.315,0.600175
2025-01-01 00:50:46,25.739,62.06,103.776,52.505,82.267,0.613897
2025-01-01 00:50:47,25.774,60.29,106.091,53.783,81.441,0.602045
2025-01-01 00:50:48,25.973,60.389,103.961,53.147,81.148,0.584619
2025-01-01 00:50:49,26.256,61.242,105.401,53.043,83.527,0.615206
2025-01-01 00:50:50,26.058,58.771,105.737,52.496,80.213,0.581606
2025-01-01 00:50:51,25.109,60.454,104.388,53.737,83.946,0.624885
2025-01-01 00:50:52,25.14,59.271,104.652,53.012,83.635,0.620503
2025-01-01 00:50:53,25.57,60.04,105.746,54.205,82.617,0.608388
2025-01-01 00:50:54,25.398,59.715,103.867,53.715,84.165,0.61155
2025-01-01 00:50:55,25.071,59.63,103.693,53.522,82.573,0.605417
2025-01-01 00:50:56,25.435,60.461,104.296,53.096,83.339,0.61713
2025-01-01 00:50:57,25.434,60.423,105.734,54.953,80.439,0.591189
2025-01-01 00:50:58,25.351,59.949,105.993,54.414,80.05,0.592284
2025-01-01 00:50:59,25.545,60.506,104.209,53.297,82.409,0.60566
2025-01-01 00:51:00,26.307,59.233,103.521,52.77,83.15,0.584499
2025-01-01 00:51:01,25.833,60.75,105.221,52.362,83.734,0.625812
2025-01-01 00:51:02,26.985,59.829,102.411,54.796,82.332,0.543745
2025-01-01 00:51:03,25.85,59.518,104.252,54.626,82.791,0.585688
2025-01-01 00:51:04,25.635,59.174,103.883,54.749,83.389,0.58902
2025-01-01 00:51:05,25.797,59.694,105.143,53.827,82.242,0.596213
2025-01-01 00:51:06,25.939,61.772,105.166,54.579,83.05,0.609316
2025-01-01 00:51:07,26.043,59.805,102.75,54.765,80.941,0.555909
2025-01-01 00:51:08,26.879,58.691,103.781,53.897,80.257,0.537778
2025-01-01 00:51:09,25.433,60.721,102.963,53.675,81.553,0.590675
2025-01-01 00:51:10,26.301,59.297,103.16,53.188,83.073,0.578693
2025-01-01 00:51:11,25.99,60.019,103.991,54.316,81.239,0.573953
2025-01-01 00:51:12,25.115,59.096,102.958,54.429,82.822,0.590525
2025-01-01 00:51:13,26.301,60.949,103.405,53.661,80.757,0.570331
2025-01-01 00:51:14,26.564,59.045,104.087,53.76,81.239,0.558919
2025-01-01 00:51:15,25.517,61.0,104.563,53.82,82.177,0.606838
2025-01-01 00:51:16,25.955,58.52,103.254,54.63,81.033,0.554
2025-01-01 00:51:17,25.112,59.243,103.0,52.899,81.185,0.589888
2025-01-01 00:51:18,25.36,60.903,101.692,53.116,78.6,0.564014
2025-01-01 00:51:19,26.527,59.638,104.302,53.131,82.685,0.582161
2025-01-01 00:51:20,25.785,61.708,103.128,53.881,81.483,0.589377
2025-01-01 00:51:21,25.478,59.134,102.685,54.25,80.438,0.562675
2025-01-01 00:51:22,26.161,59.627,102.549,53.141,83.719,0.585095
2025-01-01 00:51:23,25.799,61.242,102.74,54.72,80.52,0.568736
2025-01-01 00:51:24,25.839,57.79,103.066,55.159,80.796,0.543822
2025-01-01 00:51:25,26.458,57.633,103.104,54.315,80.207,0.530515
2025-01-01 00:51:26,25.522,58.443,103.734,54.877,82.633,0.577974
2025-01-01 00:51:27,25.664,60.019,102.28,53.24,82.975,0.590019
2025-01-01 00:51:28,26.207,57.562,103.706,53.252,82.802,0.569511
2025-01-01 00:51:29,26.629,59.736,102.923,54.369,82.737,0.561443
2025-01-01 00:51:30,26.777,59.633,101.718,53.918,80.378,0.531919
2025-01-01 00:51:31,25.839,61.088,100.024,53.224,83.048,0.577565
2025-01-01 00:51:32,26.653,60.087,101.69,55.069,80.752,0.532363
2025-01-01 00:51:33,25.806,59.372,103.076,54.157,79.082,0.549702
2025-01-01 00:51:34,27.124,60.335,100.655,54.467,80.367,0.516879
2025-01-01 00:51:35,25.658,59.482,101.425,53.353,81.216,0.564575
2025-01-01 00:51:36,26.902,58.451,101.42,55.223,79.997,0.504984
2025-01-01 00:51:37,25.922,57.733,102.109,53.74,80.893,0.54549
2025-01-01 00:51:38,27.27,58.276,100.691,54.665,81.307,0.504791
2025-01-01 00:51:39,26.572,58.773,100.122,53.368,81.101,0.527765
2025-01-01 00:51:40,25.781,58.956,101.473,53.952,81.34,0.554901
2025-01-01 00:51:41,26.041,56.613,100.071,54.246,80.284,0.509752
2025-01-01 00:51:42,26.705,58.497,98.89,55.378,79.573,0.485299
2025-01-01 00:51:43,26.853,58.713,102.478,53.411,78.627,0.518467
2025-01-01 00:51:44,26.304,59.2,101.476,53.905,80.231,0.536256
2025-01-01 00:51:45,26.374,60.247,102.343,54.196,79.638,0.542149
2025-01-01 00:51:46,26.743,58.774,101.245,52.569,80.086,0.530214
2025-01-01 00:51:47,26.442,57.646,100.963,51.939,77.689,0.51111
2025-01-01 00:51:48,25.742,56.706,100.563,52.859,78.297,0.514863
2025-01-01 00:51:49,25.994,59.179,99.919,54.406,80.676,0.530896
2025-01-01 00:51:50,26.53,57.591,100.528,54.981,78.047,0.485511
2025-01-01 00:51:51,27.032,59.296,99.374,52.845,79.727,0.508001
2025-01-01 00:51:52,27.244,59.795,98.769,52.584,78.904,0.497344
2025-01-01 00:51:53,26.837,56.822,99.417,54.759,78.773,0.47189
2025-01-01 00:51:54,26.602,58.888,100.952,53.051,79.894,0.526751
2025-01-01 00:51:55,26.844,59.595,98.339,53.178,79.771,0.504249
2025-01-01 00:51:56,26.148,59.291,98.266,54.615,80.338,0.511016
2025-01-01 00:51:57,26.416,56.144,99.985,54.454,78.306,0.479103
2025-01-01 00:51:58,26.091,57.355,98.89,54.135,78.512,0.491034
2025-01-01 00:51:59,25.89,56.898,99.702,51.988,80.867,0.53415
2025-01-01 00:52:00,26.692,58.671,100.118,52.319,79.195,0.516283
2025-01-01 00:52:01,26.629,58.529,99.502,54.19,79.85,0.503257
2025-01-01 00:52:02,26.89,55.387,98.32,53.515,78.76,0.46063
2025-01-01 00:52:03,26.83,57.754,100.147,52.605,79.848,0.509821
2025-01-01 00:52:04,26.689,58.825,99.518,52.918,76.261,0.483893
2025-01-01 00:52:05,26.856,58.141,98.715,54.047,80.576,0.496203
2025-01-01 00:52:06,26.567,58.109,98.579,54.345,78.594,0.482667
2025-01-01 00:52:07,26.804,57.567,98.887,53.082,77.587,0.476756
2025-01-01 00:52:08,26.245,56.843,98.114,52.501,77.757,0.483638
2025-01-01 00:52:09,26.803,57.855,96.708,52.793,78.662,0.473061
2025-01-01 00:52:10,26.962,57.894,99.002,54.05,78.792,0.479343
2025-01-01 00:52:11,26.302,58.427,98.856,53.996,79.04,0.4995
2025-01-01 00:52:12,26.673,58.478,95.778,53.053,77.386,0.46087
2025-01-01 00:52:13,26.344,57.838,98.504,52.435,79.809,0.509499
2025-01-01 00:52:14,26.402,58.817,99.664,53.684,78.082,0.500835
2025-01-01 00:52:15,26.112,57.318,96.694,54.075,77.968,0.469075
2025-01-01 00:52:16,27.316,56.219,97.663,51.573,78.333,0.463141
2025-01-01 00:52:17,27.225,58.111,97.469,52.508,79.347,0.479246
2025-01-01 00:52:18,26.97,57.731,99.226,53.576,78.458,0.480451
2025-01-01 00:52:19,27.696,58.072,98.602,52.667,77.795,0.463149
2025-01-01 00:52:20,26.624,56.282,96.519,52.174,78.005,0.463014
2025-01-01 00:52:21,28.243,59.308,97.656,52.668,79.804,0.469414
2025-01-01 00:52:22,26.622,58.199,99.533,52.772,79.555,0.509347
2025-01-01 00:52:23,26.871,57.171,96.522,51.529,78.675,0.474523
2025-01-01 00:52:24,26.553,56.495,97.053,52.458,78.362,0.471202
2025-01-01 00:52:25,26.946,58.479,97.495,52.633,80.908,0.500566
2025-01-01 00:52:26,27.185,56.272,96.289,51.9,78.637,0.455884
2025-01-01 00:52:27,26.718,59.607,98.581,51.622,78.245,0.508016
2025-01-01 00:52:28,27.671,56.704,96.263,51.767,77.735,0.44162
2025-01-01 00:52:29,26.91,59.01,95.266,51.373,78.354,0.47612
2025-01-01 00:52:30,26.933,57.077,96.05,52.782,74.221,0.422818
2025-01-01 00:52:31,26.351,58.814,97.147,51.266,79.057,0.508586
2025-01-01 00:52:32,27.021,56.471,95.617,52.154,76.247,0.434256
2025-01-01 00:52:33,26.752,57.197,96.638,51.654,76.861,0.462295
2025-01-01 00:52:34,26.522,57.956,96.819,51.339,75.992,0.469674
2025-01-01 00:52:35,26.445,57.786,94.969,52.95,76.738,0.449952
2025-01-01 00:52:36,28.175,58.197,95.537,51.698,77.164,0.431729
2025-01-01 00:52:37,26.714,56.582,96.372,51.215,78.59,0.474107
2025-01-01 00:52:38,26.124,57.127,96.649,51.087,79.02,0.498164
2025-01-01 00:52:39,26.509,58.264,95.331,51.919,79.753,0.487596
2025-01-01 00:52:40,26.839,56.284,95.946,52.257,77.497,0.448977
2025-01-01 00:52:41,27.144,57.535,95.435,52.559,77.063,0.441701
2025-01-01 00:52:42,27.154,56.717,96.372,51.356,78.212,0.461083
2025-01-01 00:52:43,27.22,57.115,96.089,51.254,76.203,0.444534
2025-01-01 00:52:44,26.565,56.968,95.122,51.488,76.021,0.447314
2025-01-01 00:52:45,27.063,56.069,95.901,51.463,76.691,0.441298
2025-01-01 00:52:46,26.46,56.571,94.937,50.658,77.044,0.459889
2025-01-01 00:52:47,26.594,56.951,95.735,52.391,74.556,0.432571
2025-01-01 00:52:48,26.45,56.678,95.678,51.184,78.27,0.47292
2025-01-01 00:52:49,26.319,58.328,97.507,51.54,77.23,0.491167
2025-01-01 00:52:50,27.45,57.739,94.729,51.396,77.853,0.446082
2025-01-01 00:52:51,27.267,56.994,94.854,51.325,74.964,0.422476
2025-01-01 00:52:52,27.416,55.916,94.279,50.143,76.004,0.42405
2025-01-01 00:52:53,26.951,55.831,93.825,50.885,75.898,0.423852
2025-01-01 00:52:54,27.324,58.604,94.334,52.659,76.468,0.431512
2025-01-01 00:52:55,26.06,55.595,95.388,52.049,76.625,0.451265
2025-01-01 00:52:56,27.376,56.695,95.394,50.848,77.664,0.447637
2025-01-01 00:52:57,27.037,56.918,94.887,50.373,76.694,0.448447
2025-01-01 00:52:58,27.265,56.221,94.23,48.836,75.641,0.435875
2025-01-01 00:52:59,27.145,55.506,93.968,50.156,79.111,0.450001
2025-01-01 00:53:00,26.465,55.7,93.481,50.434,76.123,0.436142
2025-01-01 00:53:01,26.213,55.915,93.778,50.186,75.31,0.440757
2025-01-01 00:53:02,26.609,55.728,92.977,50.185,74.093,0.414618
2025-01-01 00:53:03,27.251,57.742,95.568,50.824,76.42,0.449463
2025-01-01 00:53:04,27.316,56.382,95.987,49.469,77.098,0.456803
2025-01-01 00:53:05,26.29,55.845,92.153,50.43,74.858,0.420611
2025-01-01 00:53:06,26.486,56.452,94.319,50.067,76.934,0.457129
2025-01-01 00:53:07,26.617,56.991,94.244,49.392,76.242,0.456921
2025-01-01 00:53:08,26.803,55.956,94.122,51.38,73.972,0.411058
2025-01-01 00:53:09,26.302,57.18,93.263,50.582,76.81,0.453594
2025-01-01 00:53:10,26.275,54.985,94.821,49.298,75.7,0.450351
2025-01-01 00:53:11,26.577,57.405,94.154,50.283,74.626,0.44027
2025-01-01 00:53:12,27.032,56.203,94.722,48.701,77.086,0.457619
2025-01-01 00:53:13,26.401,56.142,92.896,49.225,77.023,0.452702
2025-01-01 00:53:14,26.935,55.476,92.197,50.76,74.48,0.398798
2025-01-01 00:53:15,27.523,54.92,93.963,49.923,76.171,0.414963
2025-01-01 00:53:16,26.344,54.46,92.513,49.802,76.023,0.426106
2025-01-01 00:53:17,26.893,55.343,94.48,50.317,75.659,0.428784
2025-01-01 00:53:18,27.51,56.672,91.248,49.96,75.084,0.398465
2025-01-01 00:53:19,26.789,55.103,92.857,49.202,75.487,0.423691
2025-01-01 00:53:20,26.712,54.495,92.661,50.107,76.753,0.423115
2025-01-01 00:53:21,27.581,55.114,92.897,47.951,76.081,0.420677
2025-01-01 00:53:22,26.846,55.618,93.443,48.712,73.24,0.415997
2025-01-01 00:53:23,27.552,55.638,93.532,49.112,72.945,0.396225
2025-01-01 00:53:24,27.214,55.834,93.73,49.572,73.252,0.405578
2025-01-01 00:53:25,26.829,56.976,93.801,48.818,73.815,0.432984
2025-01-01 00:53:26,27.24,57.174,92.831,47.595,74.503,0.432549
2025-01-01 00:53:27,27.16,57.911,95.069,47.427,74.832,0.461012
2025-01-01 00:53:28,27.51,54.261,94.305,48.857,75.262,0.413466
2025-01-01 00:53:29,26.724,55.011,92.565,48.475,75.265,0.425741
2025-01-01 00:53:30,27.018,56.547,92.701,48.074,75.214,0.434104
2025-01-01 00:53:31,26.966,55.376,92.465,47.886,76.611,0.437654
2025-01-01 00:53:32,27.348,56.672,93.123,48.801,73.194,0.409278
2025-01-01 00:53:33,26.482,56.001,91.751,49.682,75.574,0.425762
2025-01-01 00:53:34,27.502,57.355,91.897,48.694,75.536,0.421314
2025-01-01 00:53:35,27.225,56.801,90.483,49.586,73.594,0.390606
2025-01-01 00:53:36,26.332,56.801,92.217,48.181,75.718,0.450855
2025-01-01 00:53:37,27.593,55.311,93.647,48.782,75.494,0.416721
2025-01-01 00:53:38,28.104,55.608,92.397,49.457,74.964,0.389297
2025-01-01 00:53:39,27.486,55.384,92.421,48.197,72.085,0.387266
2025-01-01 00:53:40,27.697,54.166,92.765,48.292,76.113,0.408022
2025-01-01 00:53:41,27.024,57.127,91.454,47.92,75.199,0.429717
2025-01-01 00:53:42,26.148,56.384,92.453,48.643,75.382,0.447486
2025-01-01 00:53:43,26.054,55.278,93.289,48.84,70.801,0.409006
2025-01-01 00:53:44,27.101,56.911,92.678,48.349,74.204,0.424525
2025-01-01 00:53:45,26.675,54.961,93.324,47.835,73.093,0.419264
2025-01-01 00:53:46,26.51,53.737,93.584,46.769,76.339,0.450308
2025-01-01 00:53:47,26.933,56.567,92.958,47.881,73.434,0.424987
2025-01-01 00:53:48,27.269,54.266,91.559,47.718,76.509,0.416309
2025-01-01 00:53:49,26.232,55.334,91.906,48.012,75.851,0.442148
2025-01-01 00:53:50,26.73,55.721,94.16,47.869,74.948,0.444955
2025-01-01 00:53:51,27.706,55.886,92.522,48.986,76.02,0.412672
2025-01-01 00:53:52,26.41,56.334,92.369,47.124,73.499,0.436411
2025-01-01 00:53:53,27.378,56.052,91.309,46.375,73.69,0.412015
2025-01-01 00:53:54,26.697,56.007,92.06,46.675,75.692,0.446576
2025-01-01 00:53:55,27.208,54.653,92.851,47.037,73.434,0.410344
2025-01-01 00:53:56,27.48,55.724,92.134,48.365,72.948,0.393343
2025-01-01 00:53:57,27.297,53.911,91.585,46.417,74.131,0.403585
2025-01-01 00:53:58,27.377,56.966,91.803,46.48,73.436,0.419629
2025-01-01 00:53:59,26.342,53.988,93.269,47.699,76.711,0.449663
2025-01-01 00:54:00,27.47,55.031,92.734,48.004,75.382,0.415214
2025-01-01 00:54:01,26.481,54.046,92.589,46.043,73.74,0.429596
2025-01-01 00:54:02,27.033,54.622,92.486,45.823,73.21,0.418213
2025-01-01 00:54:03,27.027,55.354,90.853,46.571,74.798,0.418693
2025-01-01 00:54:04,27.135,54.8,92.3,47.685,75.798,0.423265
2025-01-01 00:54:05,27.055,56.461,93.089,47.234,74.703,0.437653
2025-01-01 00:54:06,26.459,55.532,91.754,46.48,73.194,0.42695
2025-01-01 00:54:07,26.201,54.831,92.988,47.633,72.594,0.423576
2025-01-01 00:54:08,27.306,55.149,92.551,47.103,73.847,0.412414
2025-01-01 00:54:09,26.957,56.491,92.831,46.879,74.663,0.440367
2025-01-01 00:54:10,27.432,56.17,92.052,45.637,73.703,0.422824
2025-01-01 00:54:11,26.829,54.112,92.887,46.276,75.461,0.437055
2025-01-01 00:54:12,26.142,54.559,90.535,48.422,74.869,0.416904
2025-01-01 00:54:13,27.321,55.705,92.034,46.553,74.506,0.421547
2025-01-01 00:54:14,26.647,55.573,92.716,46.022,74.816,0.447179
2025-01-01 00:54:15,26.996,54.16,92.302,46.448,72.526,0.404207
2025-01-01 00:54:16,26.494,55.95,93.105,46.816,73.581,0.440318
2025-01-01 00:54:17,27.633,54.301,91.858,47.395,72.918,0.384539
2025-01-01 00:54:18,26.366,56.487,91.473,47.153,74.615,0.440563
2025-01-01 00:54:19,26.628,55.703,90.388,46.084,72.912,0.414697
2025-01-01 00:54:20,26.843,54.033,91.762,47.612,74.229,0.407804
2025-01-01 00:54:21,26.236,54.628,92.561,47.217,73.922,0.431932
2025-01-01 00:54:22,26.939,54.602,92.815,46.18,74.829,0.4332
2025-01-01 00:54:23,27.572,55.301,90.665,46.406,72.663,0.389134
2025-01-01 00:54:24,26.513,54.929,93.252,46.961,74.631,0.441023
2025-01-01 00:54:25,26.948,53.98,91.115,47.314,72.796,0.390997
2025-01-01 00:54:26,25.368,53.724,91.982,45.213,72.914,0.446571
2025-01-01 00:54:27,26.715,55.66,91.549,46.459,73.892,0.426538
2025-01-01 00:54:28,26.569,55.39,92.551,46.353,75.489,0.449352
2025-01-01 00:54:29,26.308,55.203,92.244,45.898,73.038,0.434628
2025-01-01 00:54:30,27.249,55.362,92.846,45.87,71.908,0.410716
2025-01-01 00:54:31,26.537,54.466,94.03,47.152,72.901,0.427491
2025-01-01 00:54:32,26.602,55.263,92.604,46.715,73.568,0.429638
2025-01-01 00:54:33,26.494,57.612,91.649,47.951,76.267,0.455123
2025-01-01 00:54:34,25.715,56.242,92.709,45.79,74.486,0.471924
2025-01-01 00:54:35,26.098,54.774,94.215,46.336,73.112,0.448663
2025-01-01 00:54:36,27.135,54.534,92.95,46.456,73.842,0.41936
2025-01-01 00:54:37,25.59,52.192,93.263,46.907,75.894,0.452154
2025-01-01 00:54:38,26.253,56.116,90.749,47.26,73.718,0.42665
2025-01-01 00:54:39,26.426,55.83,92.756,46.232,73.73,0.443788
2025-01-01 00:54:40,27.488,54.495,92.128,45.266,73.516,0.411157
2025-01-01 00:54:41,26.991,53.603,91.744,45.558,74.836,0.42118
2025-01-01 00:54:42,26.318,53.876,92.431,46.227,73.37,0.426368
2025-01-01 00:54:43,27.239,55.472,92.592,46.998,75.047,0.427057
2025-01-01 00:54:44,26.206,54.935,91.89,44.93,75.276,0.45777
2025-01-01 00:54:45,27.07,55.712,92.735,45.14,74.737,0.444818
2025-01-01 00:54:46,25.876,55.104,92.406,46.671,73.733,0.444712
2025-01-01 00:54:47,27.082,55.982,93.315,45.021,72.326,0.432121
2025-01-01 00:54:48,26.331,55.382,92.875,45.146,73.738,0.451617
2025-01-01 00:54:49,26.009,55.839,93.059,46.947,73.207,0.445854
2025-01-01 00:54:50,26.404,52.919,93.698,45.854,73.077,0.427493
2025-01-01 00:54:51,26.64,53.772,93.311,45.786,73.729,0.43141
2025-01-01 00:54:52,26.243,54.641,92.788,47.113,74.595,0.439898
2025-01-01 00:54:53,26.756,56.083,90.747,45.163,73.278,0.427095
2025-01-01 00:54:54,26.177,56.883,93.387,44.998,72.38,0.46009
2025-01-01 00:54:55,26.767,54.837,92.002,47.309,72.885,0.408479
2025-01-01 00:54:56,26.666,54.389,92.87,46.19,76.07,0.448238
2025-01-01 00:54:57,26.403,53.045,93.37,46.545,74.707,0.434158
2025-01-01 00:54:58,26.201,55.864,94.375,45.751,72.907,0.458352
2025-01-01 00:54:59,26.486,54.45,94.929,45.915,75.61,0.466925
2025-01-01 00:55:00,26.674,57.959,92.21,45.438,73.784,0.456205
2025-01-01 00:55:01,27.417,54.261,91.862,46.257,76.814,0.428505
2025-01-01 00:55:02,26.844,57.107,93.55,46.67,74.404,0.452405
2025-01-01 00:55:03,26.85,55.75,93.515,46.164,74.778,0.448758
2025-01-01 00:55:04,27.894,53.975,92.119,46.86,75.114,0.399823
2025-01-01 00:55:05,26.596,55.237,93.353,46.546,75.903,0.455822
2025-01-01 00:55:06,26.568,55.777,94.018,45.183,73.604,0.456759
2025-01-01 00:55:07,26.665,54.782,92.241,45.912,75.822,0.446342
2025-01-01 00:55:08,25.796,55.848,92.528,45.677,73.406,0.45766
2025-01-01 00:55:09,26.065,55.828,92.931,46.646,73.734,0.45011
2025-01-01 00:55:10,26.022,55.611,93.416,46.422,74.191,0.458686
2025-01-01 00:55:11,26.586,55.0,94.377,46.164,75.298,0.460074
2025-01-01 00:55:12,26.162,53.845,93.411,46.883,73.812,0.435885
2025-01-01 00:55:13,26.305,54.946,93.849,44.591,76.203,0.481117
2025-01-01 00:55:14,26.766,55.202,96.096,45.613,75.829,0.479432
2025-01-01 00:55:15,26.641,53.154,92.951,45.694,74.3,0.429433
2025-01-01 00:55:16,26.115,55.203,93.312,46.323,73.109,0.444562
2025-01-01 00:55:17,25.848,54.94,94.702,46.579,75.486,0.477154
2025-01-01 00:55:18,26.737,53.745,95.071,46.15,71.787,0.424028
2025-01-01 00:55:19,26.542,54.713,94.558,45.116,75.209,0.467379
2025-01-01 00:55:20,25.339,54.739,96.013,46.51,73.348,0.480029
2025-01-01 00:55:21,25.972,56.985,94.584,46.304,75.863,0.493954
2025-01-01 00:55:22,26.197,55.28,92.352,45.045,72.711,0.4421
2025-01-01 00:55:23,26.49,56.102,94.488,46.003,73.598,0.458409
2025-01-01 00:55:24,26.542,54.953,93.884,46.558,74.938,0.450976
2025-01-01 00:55:25,26.214,53.203,95.903,47.602,75.155,0.454921
2025-01-01 00:55:26,26.351,55.755,95.549,45.43,73.702,0.472317
2025-01-01 00:55:27,26.076,54.431,93.061,46.955,74.076,0.441045
2025-01-01 00:55:28,25.693,54.76,96.067,45.485,75.639,0.499402
2025-01-01 00:55:29,25.885,54.049,95.723,45.353,75.726,0.488779
2025-01-01 00:55:30,26.011,55.181,94.527,45.425,74.118,0.471193
2025-01-01 00:55:31,25.969,56.181,94.842,46.903,73.834,0.468633
2025-01-01 00:55:32,25.029,56.056,96.381,46.549,72.944,0.496062
2025-01-01 00:55:33,25.759,56.717,93.087,46.22,74.914,0.477779
2025-01-01 00:55:34,25.971,56.866,95.574,46.865,75.609,0.494493
2025-01-01 00:55:35,25.788,53.1,96.293,46.559,74.841,0.471908
2025-01-01 00:55:36,25.79,53.96,95.182,46.644,73.574,0.458505
2025-01-01 00:55:37,26.143,53.354,95.991,46.342,76.853,0.481847
2025-01-01 00:55:38,25.344,55.803,95.519,45.793,72.211,0.479925
2025-01-01 00:55:39,25.055,54.487,94.705,47.999,75.816,0.483695
2025-01-01 00:55:40,25.68,54.699,94.753,47.797,75.049,0.466772
2025-01-01 00:55:41,26.221,54.981,96.349,47.981,75.378,0.470527
2025-01-01 00:55:42,26.667,55.59,95.076,46.311,73.899,0.45539
2025-01-01 00:55:43,26.199,53.731,94.262,46.23,74.689,0.45283
2025-01-01 00:55:44,25.059,53.968,95.985,46.478,75.252,0.496416
2025-01-01 00:55:45,25.661,55.238,95.426,47.704,74.826,0.475292
2025-01-01 00:55:46,25.891,56.446,94.817,46.88,72.806,0.463824
2025-01-01 00:55:47,25.836,55.232,96.165,46.481,77.043,0.504725
2025-01-01 00:55:48,26.001,54.476,96.938,47.244,75.799,0.485294
2025-01-01 00:55:49,25.257,53.131,96.269,46.401,75.091,0.48713
2025-01-01 00:55:50,25.733,56.243,95.262,45.944,75.199,0.49623
2025-01-01 00:55:51,25.895,54.565,96.889,47.17,77.132,0.499628
2025-01-01 00:55:52,26.082,54.165,97.522,46.693,74.252,0.476961
2025-01-01 00:55:53,25.25,53.609,98.78,47.134,74.014,0.49601
2025-01-01 00:55:54,25.465,53.897,98.089,45.038,76.228,0.522113
2025-01-01 00:55:55,24.27,54.387,95.723,46.513,75.796,0.519535
2025-01-01 00:55:56,25.295,55.122,97.668,47.232,74.063,0.497339
2025-01-01 00:55:57,25.328,54.165,97.148,46.097,76.615,0.515139
2025-01-01 00:55:58,25.064,55.572,95.821,46.167,75.697,0.513085
2025-01-01 00:55:59,25.641,55.153,97.34,47.427,74.3,0.487744
2025-01-01 00:56:00,25.514,57.634,99.057,48.001,76.001,0.53245
2025-01-01 00:56:01,24.396,53.721,98.418,46.77,75.856,0.531285
2025-01-01 00:56:02,25.617,55.6,96.292,47.319,75.378,0.493234
2025-01-01 00:56:03,25.029,55.627,97.403,47.382,75.981,0.519878
2025-01-01 00:56:04,25.72,54.436,97.965,46.369,76.307,0.510125
2025-01-01 00:56:05,24.82,55.576,95.828,48.612,76.69,0.508592
2025-01-01 00:56:06,25.46,56.265,95.947,47.566,75.759,0.500389
2025-01-01 00:56:07,25.287,55.606,97.882,47.621,75.343,0.510572
2025-01-01 00:56:08,25.564,56.909,97.981,48.105,75.992,0.516663
2025-01-01 00:56:09,25.458,53.362,96.06,46.607,77.173,0.498508
2025-01-01 00:56:10,25.252,54.712,98.373,48.639,76.538,0.510814
2025-01-01 00:56:11,24.595,57.045,99.158,48.792,75.429,0.538755
2025-01-01 00:56:12,24.608,56.498,97.939,48.114,75.927,0.534098
2025-01-01 00:56:13,25.039,56.142,98.304,48.421,77.899,0.538702
2025-01-01 00:56:14,25.31,56.851,98.902,47.84,76.839,0.538114
2025-01-01 00:56:15,24.993,53.717,98.857,48.842,76.163,0.508297
2025-01-01 00:56:16,25.594,56.445,96.836,47.544,77.39,0.519423
2025-01-01 00:56:17,25.125,56.731,97.687,48.228,75.41,0.517139
2025-01-01 00:56:18,24.766,55.024,98.284,48.327,76.498,0.525396
2025-01-01 00:56:19,25.092,58.329,97.907,48.326,78.396,0.555492
2025-01-01 00:56:20,25.328,55.913,100.322,49.265,76.971,0.532224
2025-01-01 00:56:21,25.361,53.542,99.578,50.212,78.174,0.510838
2025-01-01 00:56:22,26.121,56.133,97.922,48.427,76.171,0.496935
2025-01-01 00:56:23,24.831,55.05,98.906,48.944,75.743,0.51807
2025-01-01 00:56:24,25.112,56.952,100.339,47.98,77.75,0.560876
2025-01-01 00:56:25,25.345,56.353,98.651,49.501,74.207,0.497319
2025-01-01 00:56:26,25.104,55.226,100.237,48.315,76.661,0.535967
2025-01-01 00:56:27,24.848,57.345,100.857,51.3,77.726,0.548843
2025-01-01 00:56:28,24.307,56.8,100.779,47.502,77.209,0.579957
2025-01-01 00:56:29,24.81,55.052,99.832,50.611,74.055,0.499231
2025-01-01 00:56:30,24.512,55.746,100.992,49.741,75.008,0.534616
2025-01-01 00:56:31,24.169,56.435,99.307,48.106,76.531,0.559076
2025-01-01 00:56:32,24.617,55.573,102.404,50.914,77.284,0.552003
2025-01-01 00:56:33,24.475,55.622,100.248,48.372,77.377,0.558496
2025-01-01 00:56:34,25.274,56.013,101.243,48.919,76.798,0.542471
2025-01-01 00:56:35,25.266,54.93,99.823,48.189,77.728,0.536698
2025-01-01 00:56:36,24.497,53.783,100.773,49.165,77.423,0.542919
2025-01-01 00:56:37,24.802,56.275,100.906,49.296,76.791,0.549476
2025-01-01 00:56:38,23.986,54.068,99.522,50.059,77.638,0.541861
2025-01-01 00:56:39,24.652,55.084,99.582,51.402,76.263,0.513542
2025-01-01 00:56:40,25.082,54.327,100.424,49.098,77.852,0.535233
2025-01-01 00:56:41,25.278,54.471,101.823,47.363,76.119,0.541358
2025-01-01 00:56:42,24.492,56.566,98.974,50.141,77.768,0.545382
2025-01-01 00:56:43,25.358,55.939,100.531,49.238,77.787,0.540318
2025-01-01 00:56:44,24.058,55.924,102.292,51.19,76.922,0.561152
2025-01-01 00:56:45,24.175,54.889,99.838,49.765,78.091,0.552122
2025-01-01 00:56:46,25.137,55.57,102.412,49.243,79.229,0.568853
2025-01-01 00:56:47,25.601,56.625,100.119,49.097,76.203,0.524693
2025-01-01 00:56:48,24.996,56.218,100.418,50.462,78.621,0.547389
2025-01-01 00:56:49,24.713,57.115,101.275,49.801,78.83,0.573491
2025-01-01 00:56:50,23.619,57.28,103.383,51.253,77.327,0.591882
2025-01-01 00:56:51,23.689,56.085,100.956,49.967,78.587,0.58282
2025-01-01 00:56:52,24.748,54.508,99.95,51.324,77.37,0.519737
2025-01-01 00:56:53,24.488,55.627,100.368,49.146,79.234,0.568686
2025-01-01 00:56:54,24.098,56.309,102.789,48.916,74.49,0.563774
2025-01-01 00:56:55,24.667,55.653,100.588,51.027,79.562,0.555407
2025-01-01 00:56:56,24.675,55.398,103.217,50.049,76.544,0.556024
2025-01-01 00:56:57,25.074,56.546,102.185,50.266,78.038,0.558393
2025-01-01 00:56:58,24.653,58.931,102.168,49.724,77.004,0.580615
2025-01-01 00:56:59,25.183,56.036,102.583,49.722,79.828,0.573943
2025-01-01 00:57:00,24.556,56.546,101.57,51.156,77.809,0.556669
2025-01-01 00:57:01,24.479,55.261,102.594,50.688,77.485,0.557574
2025-01-01 00:57:02,25.052,57.84,101.347,49.911,79.532,0.576803
2025-01-01 00:57:03,24.015,57.496,103.973,51.448,79.118,0.602262
2025-01-01 00:57:04,25.895,57.452,101.681,51.811,77.892,0.530191
2025-01-01 00:57:05,24.659,58.031,103.23,50.84,77.155,0.575053
2025-01-01 00:57:06,24.646,56.268,101.84,51.785,77.045,0.54373
2025-01-01 00:57:07,24.702,56.418,102.424,50.236,79.98,0.583546
2025-01-01 00:57:08,25.362,58.456,102.666,51.555,79.005,0.568219
2025-01-01 00:57:09,24.804,57.404,106.103,51.277,78.763,0.598918
2025-01-01 00:57:10,23.589,54.578,103.189,50.569,79.199,0.591502
2025-01-01 00:57:11,25.078,57.277,102.463,52.899,76.323,0.532147
2025-01-01 00:57:12,24.19,56.267,102.921,51.497,78.325,0.574802
2025-01-01 00:57:13,24.398,57.773,101.941,50.892,78.41,0.578905
2025-01-01 00:57:14,23.689,57.309,103.363,51.434,79.999,0.610472
2025-01-01 00:57:15,24.576,55.186,105.457,50.776,77.112,0.573151
2025-01-01 00:57:16,23.972,57.222,104.021,50.599,80.193,0.616168
2025-01-01 00:57:17,24.332,57.19,104.667,51.218,81.135,0.616093
2025-01-01 00:57:18,24.124,57.37,102.932,51.324,76.973,0.574664
2025-01-01 00:57:19,25.213,57.609,103.716,51.038,79.11,0.577951
2025-01-01 00:57:20,25.226,58.556,104.201,52.734,79.743,0.581022
2025-01-01 00:57:21,24.243,57.501,103.348,51.172,80.245,0.603671
2025-01-01 00:57:22,24.237,57.137,104.55,51.09,76.654,0.581949
2025-01-01 00:57:23,24.003,58.289,104.841,50.938,79.711,0.62292
2025-01-01 00:57:24,24.727,59.412,104.843,50.911,79.098,0.610844
2025-01-01 00:57:25,23.995,58.111,104.224,52.808,79.075,0.598867
2025-01-01 00:57:26,23.933,57.43,105.54,52.242,81.952,0.631776
2025-01-01 00:57:27,24.618,57.684,104.265,52.637,79.264,0.585299
2025-01-01 00:57:28,23.845,57.536,104.247,52.948,80.117,0.605455
2025-01-01 00:57:29,24.08,57.326,106.11,51.915,79.488,0.615146
2025-01-01 00:57:30,23.293,59.501,103.633,53.407,79.976,0.622261
2025-01-01 00:57:31,24.421,56.615,103.109,51.775,80.404,0.588532
2025-01-01 00:57:32,25.025,58.547,104.015,51.446,80.867,0.602322
2025-01-01 00:57:33,24.401,57.295,105.34,52.668,78.918,0.592316
2025-01-01 00:57:34,24.756,55.969,106.306,52.531,80.088,0.592682
2025-01-01 00:57:35,23.588,57.29,104.43,52.575,80.185,0.613764
2025-01-01 00:57:36,24.115,56.96,106.974,53.317,78.036,0.596631
2025-01-01 00:57:37,23.51,58.114,105.254,52.634,78.924,0.61698
2025-01-01 00:57:38,23.854,57.656,105.178,52.844,81.192,0.622244
2025-01-01 00:57:39,24.34,56.572,104.51,53.724,79.623,0.58012
2025-01-01 00:57:40,23.99,59.095,107.377,52.892,83.366,0.661432
2025-01-01 00:57:41,23.219,58.743,105.34,53.117,81.442,0.644292
2025-01-01 00:57:42,23.254,59.269,104.223,51.629,80.883,0.645144
2025-01-01 00:57:43,23.207,57.949,108.076,55.779,82.208,0.64622
2025-01-01 00:57:44,24.129,57.706,106.075,51.572,81.377,0.633707
2025-01-01 00:57:45,24.902,58.475,106.543,52.453,80.725,0.614946
2025-01-01 00:57:46,24.537,57.224,107.487,52.468,78.861,0.605956
2025-01-01 00:57:47,22.894,57.961,106.481,54.649,81.411,0.643009
2025-01-01 00:57:48,24.539,57.686,106.901,52.52,82.343,0.631858
2025-01-01 00:57:49,24.283,56.431,106.04,53.391,80.009,0.597421
2025-01-01 00:57:50,23.029,58.049,106.778,52.624,78.584,0.63523
2025-01-01 00:57:51,23.637,57.511,106.068,52.279,79.546,0.62343
2025-01-01 00:57:52,24.323,57.74,106.139,53.603,82.994,0.628709
2025-01-01 00:57:53,24.037,58.377,106.335,52.606,81.033,0.632317
2025-01-01 00:57:54,23.095,59.316,105.874,53.382,82.743,0.662512
2025-01-01 00:57:55,24.042,57.226,106.83,53.751,81.067,0.619997
2025-01-01 00:57:56,22.655,57.769,106.882,54.808,80.502,0.641463
2025-01-01 00:57:57,23.599,57.371,107.252,52.305,83.713,0.663397
2025-01-01 00:57:58,24.267,57.337,107.125,53.224,80.759,0.619482
2025-01-01 00:57:59,23.694,57.604,108.537,53.288,80.96,0.644684
2025-01-01 00:58:00,23.423,58.033,107.641,53.408,81.865,0.652846
2025-01-01 00:58:01,24.105,58.847,106.431,55.492,81.017,0.614447
2025-01-01 00:58:02,24.135,58.612,107.14,53.327,82.352,0.642884
2025-01-01 00:58:03,24.291,57.267,108.148,51.478,82.006,0.647713
2025-01-01 00:58:04,24.061,59.649,105.833,53.363,82.107,0.640058
2025-01-01 00:58:05,24.152,59.331,108.844,53.454,80.837,0.647228
2025-01-01 00:58:06,23.966,57.517,106.101,53.382,79.634,0.609587
2025-01-01 00:58:07,23.721,59.674,107.821,53.025,80.683,0.652896
2025-01-01 00:58:08,23.621,58.808,106.971,52.567,80.841,0.647315
2025-01-01 00:58:09,23.446,58.357,106.957,55.376,82.137,0.638294
2025-01-01 00:58:10,22.947,58.903,105.748,53.926,80.86,0.643916
2025-01-01 00:58:11,23.064,58.551,108.0,53.54,80.132,0.65226
2025-01-01 00:58:12,23.389,59.154,105.845,55.417,80.566,0.624477
2025-01-01 00:58:13,23.639,58.828,105.73,53.041,82.458,0.647272
2025-01-01 00:58:14,24.228,58.336,108.371,54.238,82.869,0.645579
2025-01-01 00:58:15,23.476,56.679,109.039,52.776,81.488,0.653931
2025-01-01 00:58:16,23.987,59.265,106.62,54.394,81.667,0.634057
2025-01-01 00:58:17,24.014,58.396,108.326,52.904,82.934,0.659591
2025-01-01 00:58:18,23.348,59.58,108.155,54.205,82.447,0.667369
2025-01-01 00:58:19,23.751,59.316,107.301,55.407,83.722,0.652927
2025-01-01 00:58:20,23.321,58.519,108.762,53.935,82.16,0.664729
2025-01-01 00:58:21,24.094,59.922,107.295,52.12,81.401,0.654827
2025-01-01 00:58:22,23.74,59.137,108.008,53.917,83.753,0.66715
2025-01-01 00:58:23,22.817,59.128,106.268,54.286,82.125,0.658914
2025-01-01 00:58:24,23.483,58.859,106.34,54.634,81.602,0.637565
2025-01-01 00:58:25,24.216,60.713,108.749,55.104,83.669,0.664752
2025-01-01 00:58:26,23.292,58.349,108.159,55.155,84.386,0.668353
2025-01-01 00:58:27,23.596,58.773,107.493,53.841,82.915,0.658274
2025-01-01 00:58:28,23.636,57.891,109.569,53.427,81.539,0.658592
2025-01-01 00:58:29,22.835,59.888,109.584,53.068,84.634,0.711649
2025-01-01 00:58:30,23.599,58.612,108.15,53.538,83.293,0.666569
2025-01-01 00:58:31,22.638,58.757,106.278,54.358,83.152,0.667264
2025-01-01 00:58:32,23.013,58.743,107.644,52.903,82.451,0.673628
2025-01-01 00:58:33,23.854,59.355,106.945,53.246,84.339,0.66776
2025-01-01 00:58:34,23.486,58.075,107.887,54.441,81.701,0.645301
2025-01-01 00:58:35,23.146,57.115,106.881,53.478,81.633,0.644609
2025-01-01 00:58:36,23.513,59.849,106.639,54.293,85.398,0.676538
2025-01-01 00:58:37,23.251,57.311,105.59,53.348,82.136,0.639269
2025-01-01 00:58:38,23.279,60.312,108.037,54.23,84.369,0.686564
2025-01-01 00:58:39,23.593,61.05,105.586,53.382,84.917,0.678115
2025-01-01 00:58:40,22.893,59.36,107.579,52.478,83.561,0.690334
2025-01-01 00:58:41,23.268,60.857,108.607,54.762,82.297,0.675732
2025-01-01 00:58:42,23.084,59.566,107.203,53.439,84.155,0.683493
2025-01-01 00:58:43,22.44,61.223,106.852,53.793,85.114,0.708466
2025-01-01 00:58:44,22.764,59.201,107.88,53.435,83.899,0.690062
2025-01-01 00:58:45,24.001,57.326,107.129,54.419,82.637,0.631295
2025-01-01 00:58:46,23.402,59.644,108.152,54.244,83.944,0.677439
2025-01-01 00:58:47,22.54,61.465,106.941,54.405,81.959,0.682518
2025-01-01 00:58:48,22.425,60.325,107.876,53.524,82.495,0.693196
2025-01-01 00:58:49,23.132,59.308,107.64,53.916,83.396,0.675214
2025-01-01 00:58:50,23.961,60.186,107.979,54.281,83.823,0.667617
2025-01-01 00:58:51,23.081,60.861,109.63,55.173,82.349,0.68409
2025-01-01 00:58:52,23.821,59.838,108.197,54.172,84.134,0.672621
2025-01-01 00:58:53,23.337,62.583,108.504,53.113,84.502,0.710871
2025-01-01 00:58:54,23.39,59.473,107.375,54.118,83.659,0.669967
2025-01-01 00:58:55,22.48,61.026,108.223,53.759,81.368,0.689423
2025-01-01 00:58:56,23.61,60.819,107.724,52.278,84.124,0.692142
2025-01-01 00:58:57,22.968,59.39,108.026,52.386,86.217,0.711169
2025-01-01 00:58:58,23.561,59.699,108.642,53.794,84.629,0.685903
2025-01-01 00:58:59,22.717,61.175,107.489,53.845,84.138,0.700015
2025-01-01 00:59:00,23.206,60.335,107.586,53.578,83.712,0.684582
2025-01-01 00:59:01,23.288,60.562,107.491,54.504,84.891,0.686306
2025-01-01 00:59:02,23.03,58.621,107.465,53.03,84.487,0.685223
2025-01-01 00:59:03,23.304,60.946,108.136,52.65,85.124,0.706113
2025-01-01 00:59:04,22.963,60.611,107.59,53.079,82.998,0.689198
2025-01-01 00:59:05,22.767,60.293,109.441,53.231,84.497,0.712546
2025-01-01 00:59:06,23.889,60.751,110.612,53.651,83.835,0.694752
2025-01-01 00:59:07,23.606,60.014,107.352,53.037,84.872,0.685013
2025-01-01 00:59:08,22.697,59.864,108.201,51.939,82.128,0.694723
2025-01-01 00:59:09,23.357,60.248,108.931,51.573,84.027,0.705055
2025-01-01 00:59:10,22.697,60.058,107.613,53.702,85.185,0.702392
2025-01-01 00:59:11,22.472,62.736,106.868,52.675,85.415,0.726015
2025-01-01 00:59:12,23.577,61.501,109.584,51.949,84.569,0.714317
2025-01-01 00:59:13,22.204,59.654,108.514,54.026,82.047,0.690999
2025-01-01 00:59:14,23.515,62.691,108.128,54.735,85.444,0.702192
2025-01-01 00:59:15,22.922,60.255,109.24,53.395,86.609,0.721493
2025-01-01 00:59:16,22.939,60.751,108.539,53.657,83.735,0.698393
2025-01-01 00:59:17,23.246,61.651,107.699,53.634,84.264,0.696586
2025-01-01 00:59:18,23.329,58.817,106.747,51.532,85.776,0.694739
2025-01-01 00:59:19,22.622,60.583,107.207,54.063,85.84,0.706732
2025-01-01 00:59:20,23.391,60.279,108.881,54.312,86.189,0.702177
2025-01-01 00:59:21,23.086,61.091,108.332,54.757,86.122,0.706147
2025-01-01 00:59:22,22.398,61.288,107.437,52.905,83.097,0.705019
2025-01-01 00:59:23,22.939,60.874,109.363,52.313,84.391,0.717339
2025-01-01 00:59:24,23.712,60.86,107.411,54.274,85.748,0.687129
2025-01-01 00:59:25,23.857,62.082,108.526,53.552,84.923,0.698324
2025-01-01 00:59:26,23.375,61.351,107.729,53.817,85.495,0.699927
2025-01-01 00:59:27,22.419,61.123,109.41,52.563,84.929,0.730554
2025-01-01 00:59:28,23.258,61.262,108.198,53.261,84.591,0.701837
2025-01-01 00:59:29,23.436,62.983,107.459,52.164,84.852,0.713026
2025-01-01 00:59:30,23.372,61.352,107.2,52.964,83.824,0.690105
2025-01-01 00:59:31,23.4,60.697,107.328,52.652,84.33,0.69183
2025-01-01 00:59:32,23.188,59.335,106.583,54.766,85.144,0.674225
2025-01-01 00:59:33,22.969,59.842,105.905,53.29,85.193,0.687186
2025-01-01 00:59:34,22.7,60.841,107.543,51.089,85.959,0.727886
2025-01-01 00:59:35,22.054,61.232,106.662,52.768,84.961,0.719626
2025-01-01 00:59:36,23.172,60.817,106.62,53.023,87.339,0.710925
2025-01-01 00:59:37,23.094,61.756,107.027,52.307,86.829,0.721559
2025-01-01 00:59:38,23.28,60.868,107.127,51.761,84.775,0.702645
2025-01-01 00:59:39,22.332,60.554,107.04,53.129,85.639,0.715223
2025-01-01 00:59:40,23.323,62.113,108.729,51.788,86.881,0.733576
2025-01-01 00:59:41,24.027,62.901,107.609,52.973,84.679,0.696178
2025-01-01 00:59:42,23.039,60.456,109.01,51.631,84.574,0.716109
2025-01-01 00:59:43,22.969,61.839,106.418,51.995,87.052,0.723861
2025-01-01 00:59:44,23.155,59.722,107.594,53.142,86.344,0.703132
2025-01-01 00:59:45,24.017,60.184,106.38,52.722,86.825,0.687656
2025-01-01 00:59:46,22.49,61.101,106.154,52.309,85.935,0.717047
2025-01-01 00:59:47,23.104,62.856,108.812,52.213,85.271,0.729296
2025-01-01 00:59:48,22.603,60.974,105.849,52.262,83.987,0.699045
2025-01-01 00:59:49,22.73,60.967,104.335,51.508,85.781,0.703956
2025-01-01 00:59:50,22.98,61.851,105.808,50.879,87.114,0.727017
2025-01-01 00:59:51,23.68,61.883,104.455,52.499,87.147,0.69588
2025-01-01 00:59:52,23.908,61.091,105.46,53.219,86.957,0.687177
2025-01-01 00:59:53,23.233,63.894,105.499,52.428,86.634,0.720298
2025-01-01 00:59:54,22.823,61.673,106.338,52.098,88.36,0.733009
2025-01-01 00:59:55,24.259,62.082,104.198,50.877,83.861,0.671005
2025-01-01 00:59:56,22.801,61.598,107.388,52.495,86.017,0.721602
2025-01-01 00:59:57,22.731,62.47,104.26,52.127,84.631,0.700976
2025-01-01 00:59:58,22.132,63.295,105.95,52.298,87.633,0.7462
2025-01-01 00:59:59,23.719,63.754,105.696,52.465,85.122,0.701119
2025-01-01 01:00:00,23.508,61.359,106.786,52.855,87.009,0.707879
2025-01-01 01:00:01,24.235,63.252,106.253,50.642,85.274,0.704393
2025-01-01 01:00:02,22.335,62.731,107.028,50.449,86.331,0.748187
2025-01-01 01:00:03,23.761,63.186,105.418,51.546,85.709,0.704806
2025-01-01 01:00:04,23.07,62.149,105.253,50.636,85.835,0.716612
2025-01-01 01:00:05,23.442,62.084,106.068,50.443,86.263,0.718672
2025-01-01 01:00:06,22.218,63.236,106.621,52.242,86.978,0.744544
2025-01-01 01:00:07,23.779,63.285,106.353,50.404,85.754,0.718416
2025-01-01 01:00:08,23.442,63.925,105.786,51.148,86.965,0.728394
2025-01-01 01:00:09,23.033,62.587,105.631,49.797,87.151,0.735957
2025-01-01 01:00:10,23.379,62.311,105.296,51.097,85.414,0.706466
2025-01-01 01:00:11,22.678,59.987,105.676,51.938,88.186,0.721259
2025-01-01 01:00:12,22.775,60.865,107.234,51.907,86.827,0.725637
2025-01-01 01:00:13,22.837,62.111,104.888,51.717,85.423,0.708887
2025-01-01 01:00:14,22.147,61.433,104.698,50.762,86.684,0.730373
2025-01-01 01:00:15,23.509,63.376,104.552,51.658,87.201,0.714644
2025-01-01 01:00:16,23.678,61.281,105.313,51.057,86.669,0.703494
2025-01-01 01:00:17,22.737,62.118,102.731,50.305,86.209,0.711035
2025-01-01 01:00:18,23.266,62.186,104.647,50.905,81.831,0.679328
2025-01-01 01:00:19,22.965,63.881,105.591,51.252,84.817,0.720578
2025-01-01 01:00:20,23.267,62.096,104.112,49.425,86.796,0.719339
2025-01-01 01:00:21,22.794,63.184,104.752,49.582,84.801,0.724156
2025-01-01 01:00:22,22.672,62.956,106.602,50.258,86.606,0.744023
2025-01-01 01:00:23,23.645,63.691,104.75,49.339,87.054,0.728316
2025-01-01 01:00:24,23.093,63.665,102.105,49.27,85.86,0.713944
2025-01-01 01:00:25,24.142,62.809,102.859,49.866,83.879,0.675734
2025-01-01 01:00:26,23.16,61.174,103.943,50.939,85.114,0.693467
2025-01-01 01:00:27,22.68,62.666,103.314,50.866,86.821,0.719856
2025-01-01 01:00:28,23.762,62.904,104.145,50.288,87.508,0.71498
2025-01-01 01:00:29,23.471,63.237,103.67,50.118,83.502,0.692673
2025-01-01 01:00:30,23.525,62.241,105.053,51.587,86.096,0.703388
2025-01-01 01:00:31,23.764,64.146,102.718,49.428,84.237,0.696141
2025-01-01 01:00:32,22.849,63.045,103.523,49.995,86.106,0.720861
2025-01-01 01:00:33,23.118,62.137,103.869,49.274,85.807,0.714984
2025-01-01 01:00:34,23.103,62.626,103.914,48.658,88.825,0.741965
2025-01-01 01:00:35,22.551,65.039,103.64,50.579,85.343,0.730284
2025-01-01 01:00:36,23.072,63.801,101.001,49.33,87.245,0.717168
2025-01-01 01:00:37,23.879,64.211,103.415,50.074,87.193,0.715349
2025-01-01 01:00:38,23.337,62.146,103.1,49.264,85.744,0.70568
2025-01-01 01:00:39,22.553,62.525,104.034,50.402,86.116,0.723889
2025-01-01 01:00:40,22.456,62.558,103.811,48.55,85.968,0.734432
2025-01-01 01:00:41,24.074,63.449,103.246,50.223,85.069,0.690091
2025-01-01 01:00:42,23.204,63.116,103.236,49.951,84.959,0.705364
2025-01-01 01:00:43,22.934,62.825,104.192,47.744,85.456,0.73131
2025-01-01 01:00:44,23.129,62.975,103.907,48.71,84.575,0.715235
2025-01-01 01:00:45,22.536,62.57,102.949,49.885,85.332,0.715501
2025-01-01 01:00:46,23.994,63.209,104.735,50.322,85.69,0.703649
2025-01-01 01:00:47,23.095,64.526,101.877,49.53,86.11,0.717822
2025-01-01 01:00:48,23.984,61.924,101.235,48.585,86.439,0.688875
2025-01-01 01:00:49,23.335,63.808,102.325,48.073,85.661,0.717741
2025-01-01 01:00:50,24.033,64.866,101.877,49.246,84.963,0.6963
2025-01-01 01:00:51,23.455,63.326,99.7,48.398,86.386,0.698542
2025-01-01 01:00:52,23.763,63.004,101.427,48.378,86.813,0.705131
2025-01-01 01:00:53,23.705,64.481,102.337,48.451,85.269,0.71015
2025-01-01 01:00:54,23.666,62.596,101.849,49.282,84.661,0.686232
2025-01-01 01:00:55,23.538,63.58,101.044,49.969,85.292,0.689743
2025-01-01 01:00:56,23.258,62.586,101.776,49.292,85.596,0.700081
2025-01-01 01:00:57,24.342,61.779,101.77,48.426,87.174,0.690899
2025-01-01 01:00:58,22.94,63.52,102.275,47.646,86.619,0.731707
2025-01-01 01:00:59,23.406,62.431,100.831,48.848,85.767,0.694065
2025-01-01 01:01:00,23.421,63.705,102.259,49.595,88.037,0.721901
2025-01-01 01:01:01,23.625,64.854,100.207,49.014,85.699,0.699596
2025-01-01 01:01:02,23.22,65.615,100.706,48.326,87.421,0.730736
2025-01-01 01:01:03,23.602,63.876,102.821,47.718,87.173,0.728659
2025-01-01 01:01:04,23.371,64.824,100.01,48.335,87.072,0.71653
2025-01-01 01:01:05,22.675,64.225,100.287,48.933,86.059,0.716861
2025-01-01 01:01:06,23.481,63.464,99.604,48.146,85.796,0.695729
2025-01-01 01:01:07,22.937,61.944,99.942,47.828,85.643,0.699601
2025-01-01 01:01:08,22.631,65.516,100.819,47.313,86.638,0.741954
2025-01-01 01:01:09,23.578,62.861,101.298,49.886,84.651,0.681977
2025-01-01 01:01:10,23.765,65.314,100.484,47.054,85.263,0.71086
2025-01-01 01:01:11,23.795,64.489,100.09,46.933,87.559,0.719071
2025-01-01 01:01:12,23.827,62.996,99.083,47.804,86.286,0.688303
2025-01-01 01:01:13,22.588,64.304,99.51,47.465,86.661,0.726896
2025-01-01 01:01:14,22.886,66.145,98.602,48.4,84.029,0.703342
2025-01-01 01:01:15,24.565,65.568,100.796,48.381,84.954,0.688853
2025-01-01 01:01:16,23.066,63.539,100.776,46.52,85.851,0.7219
2025-01-01 01:01:17,23.907,63.359,99.841,46.842,85.377,0.693841
2025-01-01 01:01:18,23.27,64.191,100.234,46.703,83.933,0.704483
2025-01-01 01:01:19,23.665,63.944,100.58,47.987,86.291,0.706123
2025-01-01 01:01:20,23.321,65.328,99.716,47.66,86.648,0.719881
2025-01-01 01:01:21,23.931,64.887,100.92,46.978,84.988,0.70651
2025-01-01 01:01:22,23.731,62.473,98.413,47.407,86.26,0.68467
2025-01-01 01:01:23,23.451,64.643,99.0,46.292,87.714,0.724295
2025-01-01 01:01:24,23.162,64.023,98.792,46.558,87.084,0.71864
2025-01-01 01:01:25,23.834,64.257,99.819,46.072,84.938,0.702544
2025-01-01 01:01:26,23.106,64.487,97.649,47.189,83.876,0.688919
2025-01-01 01:01:27,23.939,65.454,100.443,47.148,85.449,0.708915
2025-01-01 01:01:28,25.052,65.251,99.469,46.209,87.961,0.70378
2025-01-01 01:01:29,24.426,63.54,100.569,47.296,86.722,0.696525
2025-01-01 01:01:30,24.124,64.248,98.69,47.768,85.08,0.679552
2025-01-01 01:01:31,23.735,63.875,98.093,46.062,86.933,0.704704
2025-01-01 01:01:32,22.821,62.659,99.213,46.589,86.431,0.714621
2025-01-01 01:01:33,23.143,64.248,99.499,47.226,82.72,0.690566
2025-01-01 01:01:34,24.459,66.218,97.667,46.776,86.243,0.693627
2025-01-01 01:01:35,23.436,62.677,96.297,45.65,85.08,0.680307
2025-01-01 01:01:36,23.495,64.381,96.381,46.362,83.867,0.677397
2025-01-01 01:01:37,23.775,64.365,98.383,46.303,84.985,0.69374
2025-01-01 01:01:38,23.341,64.724,99.575,46.515,85.34,0.713067
2025-01-01 01:01:39,23.272,63.489,96.648,46.518,83.858,0.676659
2025-01-01 01:01:40,23.874,63.042,97.591,47.843,84.634,0.665176
2025-01-01 01:01:41,23.468,63.103,97.429,46.393,84.348,0.679998
2025-01-01 01:01:42,23.557,65.827,99.613,45.157,85.665,0.726455
2025-01-01 01:01:43,23.551,63.528,99.866,46.576,84.315,0.696061
2025-01-01 01:01:44,24.217,64.025,97.947,47.874,82.603,0.651947
2025-01-01 01:01:45,23.854,66.644,98.336,46.316,84.071,0.699871
2025-01-01 01:01:46,23.895,63.819,98.224,46.073,83.437,0.677192
2025-01-01 01:01:47,24.297,64.909,95.99,46.154,82.985,0.657026
2025-01-01 01:01:48,23.942,65.644,97.886,46.841,85.918,0.698565
2025-01-01 01:01:49,23.889,65.609,96.084,46.102,85.429,0.688655
2025-01-01 01:01:50,24.278,63.275,96.85,45.114,83.268,0.661576
2025-01-01 01:01:51,24.391,63.906,98.079,45.767,82.868,0.664748
2025-01-01 01:01:52,23.998,64.934,96.938,46.231,84.231,0.678435
2025-01-01 01:01:53,24.127,66.573,97.878,46.691,82.728,0.679111
2025-01-01 01:01:54,23.711,63.895,97.994,45.776,83.988,0.685647
2025-01-01 01:01:55,23.686,64.175,94.857,45.986,84.325,0.6676
2025-01-01 01:01:56,24.516,65.1,94.356,46.241,84.567,0.653663
2025-01-01 01:01:57,24.369,65.312,97.616,45.565,84.57,0.685039
2025-01-01 01:01:58,24.389,65.384,97.576,46.097,83.186,0.671293
2025-01-01 01:01:59,24.317,63.868,96.552,46.528,84.168,0.659896
2025-01-01 01:02:00,24.215,64.194,96.609,45.19,85.579,0.683688
2025-01-01 01:02:01,24.555,64.952,97.031,46.369,81.486,0.646628
2025-01-01 01:02:02,24.69,66.009,96.935,45.238,84.352,0.67925
2025-01-01 01:02:03,24.694,64.519,95.679,45.241,82.506,0.646672
2025-01-01 01:02:04,24.203,64.745,96.863,45.555,85.564,0.686726
2025-01-01 01:02:05,24.962,63.752,95.484,47.166,84.818,0.63886
2025-01-01 01:02:06,24.399,66.651,95.999,44.691,84.737,0.689069
2025-01-01 01:02:07,24.616,64.951,95.88,45.683,82.729,0.651312
2025-01-01 01:02:08,24.457,65.884,94.746,46.024,84.027,0.660325
2025-01-01 01:02:09,24.455,64.845,94.789,46.97,84.117,0.64787
2025-01-01 01:02:10,23.979,64.909,97.692,47.588,80.778,0.64916
2025-01-01 01:02:11,24.713,63.332,94.493,45.685,83.756,0.636062
2025-01-01 01:02:12,25.801,62.69,95.683,46.449,84.272,0.616006
2025-01-01 01:02:13,24.207,66.101,95.821,45.937,81.795,0.658258
2025-01-01 01:02:14,24.446,64.935,95.116,45.927,84.17,0.658468
2025-01-01 01:02:15,24.203,65.072,95.771,46.224,83.522,0.66204
2025-01-01 01:02:16,24.198,63.624,95.359,44.734,85.015,0.670614
2025-01-01 01:02:17,25.231,63.977,94.09,45.963,82.816,0.617483
2025-01-01 01:02:18,24.138,65.95,95.428,46.361,83.48,0.665606
2025-01-01 01:02:19,24.253,66.634,94.279,45.312,83.63,0.667981
2025-01-01 01:02:20,23.713,64.28,96.497,46.367,79.805,0.642736
2025-01-01 01:02:21,24.144,65.579,95.118,44.62,82.703,0.666711
2025-01-01 01:02:22,23.685,65.104,93.923,46.08,83.185,0.658212
2025-01-01 01:02:23,24.871,64.799,94.9,47.082,80.207,0.608407
2025-01-01 01:02:24,25.971,66.778,93.568,45.837,83.796,0.626287
2025-01-01 01:02:25,24.404,64.478,94.686,45.235,83.043,0.649371
2025-01-01 01:02:26,23.771,66.177,94.139,44.883,82.988,0.671713
2025-01-01 01:02:27,25.07,65.323,93.476,46.342,83.71,0.630151
2025-01-01 01:02:28,24.273,64.93,93.401,46.779,82.303,0.629591
2025-01-01 01:02:29,25.303,66.324,96.614,46.0,82.8,0.650207
2025-01-01 01:02:30,24.529,65.246,94.21,45.683,83.737,0.650889
2025-01-01 01:02:31,24.37,64.864,93.627,44.519,82.717,0.647583
2025-01-01 01:02:32,24.614,66.344,93.394,46.173,80.389,0.621618
2025-01-01 01:02:33,25.098,66.218,94.412,45.534,82.614,0.63973
2025-01-01 01:02:34,24.622,66.174,93.245,45.592,82.579,0.640228
2025-01-01 01:02:35,24.504,61.088,92.732,47.404,83.534,0.597684
2025-01-01 01:02:36,24.669,65.419,93.738,44.683,81.991,0.639342
2025-01-01 01:02:37,24.149,65.194,93.675,44.805,81.179,0.64104
2025-01-01 01:02:38,25.0,64.949,93.243,46.339,81.133,0.607041
2025-01-01 01:02:39,23.925,65.597,92.715,45.862,83.983,0.655636
2025-01-01 01:02:40,24.613,65.25,93.162,45.772,82.549,0.631914
2025-01-01 01:02:41,25.231,65.669,93.031,46.423,83.821,0.626246
2025-01-01 01:02:42,25.02,64.725,92.841,46.428,83.943,0.623601
2025-01-01 01:02:43,25.18,66.493,93.676,45.464,81.156,0.623769
2025-01-01 01:02:44,24.869,65.775,95.575,45.789,81.013,0.635729
2025-01-01 01:02:45,25.503,65.54,94.632,46.323,81.792,0.616148
2025-01-01 01:02:46,25.397,65.492,95.194,46.438,82.631,0.627938
2025-01-01 01:02:47,25.175,66.156,92.637,46.714,80.16,0.596962
2025-01-01 01:02:48,25.432,66.021,94.833,45.884,82.336,0.62987
2025-01-01 01:02:49,25.36,64.887,93.34,46.651,82.223,0.606027
2025-01-01 01:02:50,24.782,65.99,94.054,47.159,80.335,0.613005
2025-01-01 01:02:51,24.346,65.174,93.482,46.461,80.325,0.617124
2025-01-01 01:02:52,25.245,66.916,92.638,46.367,82.114,0.618886
2025-01-01 01:02:53,25.325,66.097,93.658,46.288,84.016,0.634306
2025-01-01 01:02:54,25.613,64.373,93.382,46.01,81.121,0.59297
2025-01-01 01:02:55,24.617,67.328,91.089,45.781,81.818,0.625514
2025-01-01 01:02:56,24.648,62.894,92.693,46.322,80.643,0.591922
2025-01-01 01:02:57,25.348,65.632,93.651,46.951,81.6,0.606836
2025-01-01 01:02:58,25.099,64.296,93.018,45.909,80.512,0.596669
2025-01-01 01:02:59,24.208,66.873,93.173,46.591,80.899,0.633283
2025-01-01 01:03:00,25.356,65.242,91.916,46.53,84.095,0.613784
2025-01-01 01:03:01,24.258,64.193,92.889,48.137,81.231,0.602817
2025-01-01 01:03:02,24.729,64.717,92.502,47.326,79.172,0.582794
2025-01-01 01:03:03,25.894,64.267,92.362,47.347,81.766,0.573801
2025-01-01 01:03:04,26.147,64.672,91.854,47.552,82.296,0.570129
2025-01-01 01:03:05,24.643,64.646,93.416,46.414,81.698,0.617735
2025-01-01 01:03:06,25.103,64.22,92.816,47.988,80.621,0.580287
2025-01-01 01:03:07,25.305,65.238,92.686,47.05,79.678,0.581488
2025-01-01 01:03:08,26.191,65.355,94.464,46.924,79.654,0.577178
2025-01-01 01:03:09,25.07,63.963,92.859,46.025,80.443,0.592288
2025-01-01 01:03:10,25.095,63.297,93.559,46.713,80.177,0.585057
2025-01-01 01:03:11,26.124,65.262,92.605,45.661,79.893,0.574981
2025-01-01 01:03:12,25.179,65.478,91.954,46.914,81.967,0.599877
2025-01-01 01:03:13,25.744,65.671,91.224,46.691,81.559,0.58181
2025-01-01 01:03:14,24.66,65.487,92.502,46.874,81.92,0.615061
2025-01-01 01:03:15,25.329,66.503,89.575,46.125,79.399,0.570983
2025-01-01 01:03:16,24.602,65.922,92.49,47.838,79.185,0.590617
2025-01-01 01:03:17,24.92,67.599,92.513,47.792,80.329,0.605491
2025-01-01 01:03:18,25.883,68.013,91.961,48.712,80.679,0.579553
2025-01-01 01:03:19,25.455,63.148,92.068,48.733,80.213,0.55001
2025-01-01 01:03:20,25.337,62.703,90.892,47.572,80.489,0.551137
2025-01-01 01:03:21,25.138,64.886,93.512,48.31,81.92,0.59775
2025-01-01 01:03:22,25.418,65.39,91.774,47.745,79.701,0.568246
2025-01-01 01:03:23,25.695,64.803,91.125,47.24,80.877,0.566171
2025-01-01 01:03:24,26.052,65.575,92.628,47.405,80.476,0.570998
2025-01-01 01:03:25,24.264,64.594,92.182,48.185,79.914,0.589365
2025-01-01 01:03:26,25.177,64.162,91.702,50.991,80.658,0.547823
2025-01-01 01:03:27,25.688,64.305,91.586,48.701,78.769,0.537986
2025-01-01 01:03:28,25.575,64.64,92.035,48.012,78.473,0.549162
2025-01-01 01:03:29,25.842,65.675,93.378,48.25,80.101,0.572831
2025-01-01 01:03:30,25.79,64.336,92.494,48.292,77.562,0.536045
2025-01-01 01:03:31,25.519,64.525,91.984,47.888,80.087,0.563346
2025-01-01 01:03:32,25.424,65.375,92.865,48.615,78.065,0.556551
2025-01-01 01:03:33,25.58,64.596,92.036,47.935,81.186,0.571572
2025-01-01 01:03:34,26.293,65.902,92.406,47.301,78.835,0.553679
2025-01-01 01:03:35,25.368,63.856,92.153,48.546,81.0,0.565699
2025-01-01 01:03:36,25.718,63.629,92.59,48.704,78.949,0.541547
2025-01-01 01:03:37,25.856,65.06,91.556,48.146,78.844,0.544364
2025-01-01 01:03:38,26.56,65.15,90.861,48.562,80.133,0.531467
2025-01-01 01:03:39,25.645,63.87,92.909,49.135,79.392,0.547873
2025-01-01 01:03:40,26.29,66.067,93.509,48.377,78.906,0.556088
2025-01-01 01:03:41,26.442,66.638,90.916,48.114,78.448,0.535023
2025-01-01 01:03:42,25.809,64.074,92.191,47.957,78.406,0.540786
2025-01-01 01:03:43,25.751,66.177,91.569,48.374,81.655,0.576441
2025-01-01 01:03:44,25.707,62.296,92.907,49.859,76.762,0.50748
2025-01-01 01:03:45,25.758,65.743,92.278,48.526,77.276,0.541435
2025-01-01 01:03:46,26.328,63.797,95.367,49.027,80.078,0.557587
2025-01-01 01:03:47,26.031,65.618,91.748,48.534,79.935,0.552217
2025-01-01 01:03:48,26.048,63.668,93.597,48.52,77.452,0.531228
2025-01-01 01:03:49,25.383,64.549,93.705,48.199,76.404,0.547215
2025-01-01 01:03:50,25.476,63.794,92.616,49.038,79.98,0.554388
2025-01-01 01:03:51,27.046,64.377,92.133,48.599,77.145,0.499536
2025-01-01 01:03:52,25.9,66.408,92.205,50.088,77.759,0.535016
2025-01-01 01:03:53,25.616,64.456,92.136,49.038,78.412,0.539509
2025-01-01 01:03:54,26.734,66.661,93.275,49.144,76.957,0.526941
2025-01-01 01:03:55,26.173,64.151,91.286,49.092,79.301,0.525121
2025-01-01 01:03:56,26.336,66.014,92.016,49.589,78.165,0.527939
2025-01-01 01:03:57,25.992,62.882,91.914,50.541,77.03,0.494818
2025-01-01 01:03:58,25.916,64.207,90.49,48.573,77.084,0.510554
2025-01-01 01:03:59,26.004,63.943,93.096,49.684,79.541,0.539011
2025-01-01 01:04:00,25.411,66.002,93.322,48.263,77.599,0.563753
2025-01-01 01:04:01,26.073,64.634,91.648,50.554,78.62,0.517208
2025-01-01 01:04:02,26.279,62.346,93.336,49.545,77.82,0.509501
2025-01-01 01:04:03,27.069,63.108,90.747,48.493,75.675,0.46727
2025-01-01 01:04:04,26.201,63.39,92.38,48.725,78.627,0.524471
2025-01-01 01:04:05,25.004,65.321,92.257,50.454,78.969,0.554595
2025-01-01 01:04:06,26.138,65.175,92.498,48.528,79.841,0.551633
2025-01-01 01:04:07,27.568,64.054,92.522,50.14,75.299,0.461553
2025-01-01 01:04:08,26.645,63.789,92.392,49.631,73.74,0.470104
2025-01-01 01:04:09,25.819,65.037,92.112,49.876,78.247,0.531501
2025-01-01 01:04:10,26.533,63.175,92.422,49.549,76.712,0.49358
2025-01-01 01:04:11,25.88,64.745,93.926,49.383,75.666,0.524321
2025-01-01 01:04:12,25.587,64.642,92.017,49.813,77.462,0.526972
2025-01-01 01:04:13,26.103,63.978,94.886,50.717,76.745,0.520052
2025-01-01 01:04:14,26.335,64.632,92.03,50.083,75.704,0.493514
2025-01-01 01:04:15,25.366,64.319,92.941,50.711,77.088,0.526883
2025-01-01 01:04:16,25.74,64.696,93.309,50.237,77.819,0.533792
2025-01-01 01:04:17,26.333,62.847,92.484,50.976,77.301,0.490338
2025-01-01 01:04:18,26.136,64.777,94.197,50.876,77.263,0.523039
2025-01-01 01:04:19,26.55,65.17,93.399,50.168,77.528,0.517981
2025-01-01 01:04:20,25.757,64.446,92.69,49.894,74.92,0.505157
2025-01-01 01:04:21,26.734,64.707,94.307,51.478,76.841,0.501913
2025-01-01 01:04:22,25.797,63.977,91.962,50.119,77.144,0.511915
2025-01-01 01:04:23,27.222,64.959,92.455,51.226,76.356,0.476214
2025-01-01 01:04:24,25.554,64.113,93.627,50.906,75.768,0.514024
2025-01-01 01:04:25,25.878,62.881,93.911,50.566,75.822,0.50272
2025-01-01 01:04:26,26.644,64.829,93.478,51.336,76.32,0.495077
2025-01-01 01:04:27,27.279,62.355,93.074,52.142,77.724,0.464794
2025-01-01 01:04:28,26.616,64.251,92.997,51.603,78.415,0.503076
2025-01-01 01:04:29,26.752,63.564,94.428,51.261,78.125,0.506212
2025-01-01 01:04:30,26.49,63.479,93.586,52.509,74.62,0.466359
2025-01-01 01:04:31,25.979,64.079,92.523,49.927,75.322,0.499207
2025-01-01 01:04:32,26.258,63.177,92.516,50.431,77.194,0.497928
2025-01-01 01:04:33,25.909,64.377,95.011,51.003,77.922,0.536013
2025-01-01 01:04:34,25.886,63.901,92.831,52.563,75.158,0.481246
2025-01-01 01:04:35,26.737,63.205,93.875,52.235,76.495,0.47865
2025-01-01 01:04:36,25.985,65.139,95.007,50.161,74.874,0.52094
2025-01-01 01:04:37,26.717,63.984,94.253,51.237,76.522,0.495586
2025-01-01 01:04:38,25.917,64.388,93.009,50.58,75.376,0.502285
2025-01-01 01:04:39,26.726,65.152,92.807,51.658,76.326,0.488052
2025-01-01 01:04:40,26.344,65.113,95.749,52.464,74.611,0.499018
2025-01-01 01:04:41,27.301,64.27,92.896,52.574,74.064,0.443705
2025-01-01 01:04:42,26.77,63.365,93.442,52.059,79.702,0.503751
2025-01-01 01:04:43,27.236,62.215,94.427,51.555,76.027,0.465548
2025-01-01 01:04:44,26.25,63.829,93.895,51.869,78.465,0.513589
2025-01-01 01:04:45,26.665,64.694,94.749,52.542,77.674,0.505763
2025-01-01 01:04:46,26.156,63.93,92.768,53.922,73.862,0.454022
2025-01-01 01:04:47,26.449,60.108,94.088,51.145,76.219,0.469452
2025-01-01 01:04:48,26.534,64.399,95.038,53.413,74.193,0.473245
2025-01-01 01:04:49,26.312,64.437,95.105,52.385,75.353,0.496408
2025-01-01 01:04:50,26.076,63.18,93.916,52.893,73.408,0.463046
2025-01-01 01:04:51,25.986,64.446,93.531,52.433,73.744,0.477758
2025-01-01 01:04:52,25.532,64.061,94.832,53.454,74.57,0.494464
2025-01-01 01:04:53,26.182,62.723,93.372,52.641,74.904,0.46732
2025-01-01 01:04:54,27.033,64.656,96.036,51.904,75.569,0.494508
2025-01-01 01:04:55,25.928,62.092,94.976,52.828,74.243,0.473898
2025-01-01 01:04:56,26.052,63.278,94.19,53.414,75.63,0.481014
2025-01-01 01:04:57,27.639,63.153,93.901,52.557,76.778,0.458184
2025-01-01 01:04:58,26.434,62.46,94.392,50.942,75.709,0.487055
2025-01-01 01:04:59,26.92,63.564,93.533,52.552,75.265,0.461965
2025-01-01 01:05:00,27.089,64.545,95.66,52.765,75.721,0.48429
2025-01-01 01:05:01,27.107,64.457,94.433,52.693,73.555,0.456247
2025-01-01 01:05:02,26.022,63.907,95.708,52.374,76.386,0.512356
2025-01-01 01:05:03,26.675,61.462,95.918,53.869,73.774,0.448162
2025-01-01 01:05:04,25.989,61.796,96.419,50.953,77.04,0.518924
2025-01-01 01:05:05,28.028,63.272,95.778,52.966,76.071,0.456043
2025-01-01 01:05:06,26.015,63.045,96.726,53.017,75.782,0.504148
2025-01-01 01:05:07,26.295,62.555,97.061,54.645,75.803,0.484748
2025-01-01 01:05:08,26.306,64.932,96.008,52.995,75.049,0.500202
2025-01-01 01:05:09,26.085,63.106,96.144,53.401,74.077,0.481414
2025-01-01 01:05:10,27.516,63.516,95.344,53.181,73.861,0.44608
2025-01-01 01:05:11,28.057,63.934,94.991,53.193,77.063,0.460742
2025-01-01 01:05:12,26.614,62.975,97.337,54.563,75.055,0.47727
2025-01-01 01:05:13,26.198,65.483,96.739,52.298,73.565,0.505319
2025-01-01 01:05:14,25.746,61.925,96.898,52.688,75.494,0.503201
2025-01-01 01:05:15,26.749,62.232,95.699,53.859,75.257,0.462898
2025-01-01 01:05:16,26.718,61.867,97.992,53.494,74.423,0.474505
2025-01-01 01:05:17,26.556,64.345,96.219,53.094,73.713,0.479949
2025-01-01 01:05:18,26.998,63.557,95.726,53.295,75.647,0.47485
2025-01-01 01:05:19,27.091,62.183,96.034,54.114,75.873,0.460683
2025-01-01 01:05:20,27.06,61.835,98.26,53.801,75.098,0.471995
2025-01-01 01:05:21,26.746,64.056,95.659,52.872,74.772,0.479632
2025-01-01 01:05:22,26.358,63.004,96.1,53.661,73.722,0.469277
2025-01-01 01:05:23,27.246,64.025,99.832,53.459,75.212,0.499981
2025-01-01 01:05:24,26.925,62.526,97.957,53.903,73.85,0.466706
2025-01-01 01:05:25,27.367,63.069,96.365,53.296,73.061,0.446518
2025-01-01 01:05:26,27.323,62.829,96.1,52.612,75.916,0.472387
2025-01-01 01:05:27,26.221,61.876,95.592,54.142,73.306,0.452949
2025-01-01 01:05:28,26.219,62.327,97.445,54.067,72.243,0.46249
2025-01-01 01:05:29,26.562,61.257,98.16,54.784,76.068,0.478769
2025-01-01 01:05:30,26.416,62.907,99.035,52.622,72.383,0.486763
2025-01-01 01:05:31,27.326,63.145,95.707,53.641,73.987,0.447996
2025-01-01 01:05:32,27.127,63.344,96.361,53.534,73.12,0.452582
2025-01-01 01:05:33,27.505,62.991,97.652,53.422,73.546,0.455889
2025-01-01 01:05:34,27.157,62.167,100.645,52.526,77.063,0.516828
2025-01-01 01:05:35,27.066,63.817,98.829,52.925,74.253,0.490658
2025-01-01 01:05:36,27.565,63.128,98.402,54.013,74.788,0.467275
2025-01-01 01:05:37,27.203,63.594,96.89,53.415,75.287,0.475724
2025-01-01 01:05:38,27.005,63.627,96.082,53.17,73.544,0.461476
2025-01-01 01:05:39,27.714,62.02,98.327,54.992,75.593,0.454481
2025-01-01 01:05:40,27.034,62.503,98.276,55.761,74.737,0.460058
2025-01-01 01:05:41,26.827,62.86,98.195,53.832,75.174,0.484793
2025-01-01 01:05:42,26.562,60.906,98.169,52.689,73.384,0.469575
2025-01-01 01:05:43,27.335,60.898,97.889,54.221,74.771,0.450138
2025-01-01 01:05:44,27.604,60.695,97.747,52.247,74.213,0.451587
2025-01-01 01:05:45,26.962,61.855,100.202,52.847,75.565,0.500532
2025-01-01 01:05:46,27.643,61.599,98.014,54.268,73.547,0.439021
2025-01-01 01:05:47,26.006,60.466,98.713,52.84,76.62,0.508837
2025-01-01 01:05:48,26.965,62.02,99.038,53.719,74.575,0.477841
2025-01-01 01:05:49,26.974,61.744,99.872,52.777,74.005,0.484393
2025-01-01 01:05:50,26.632,62.991,98.402,54.016,73.853,0.479404
2025-01-01 01:05:51,28.188,63.791,100.32,54.876,74.124,0.46124
2025-01-01 01:05:52,26.964,62.203,98.851,53.493,73.366,0.46942
2025-01-01 01:05:53,26.794,61.019,99.358,53.973,74.91,0.477563
2025-01-01 01:05:54,27.012,62.331,101.252,53.339,74.086,0.495166
2025-01-01 01:05:55,25.998,61.662,98.728,53.399,76.423,0.512274
2025-01-01 01:05:56,26.62,61.381,100.507,53.333,73.561,0.486729
2025-01-01 01:05:57,27.491,60.728,100.88,54.628,73.928,0.458557
2025-01-01 01:05:58,26.686,61.094,100.274,52.869,73.543,0.484597
2025-01-01 01:05:59,26.586,61.348,99.935,53.734,76.299,0.502587
2025-01-01 01:06:00,27.655,62.299,102.267,54.327,72.314,0.466279
2025-01-01 01:06:01,27.67,61.974,100.217,54.725,74.155,0.459867
2025-01-01 01:06:02,27.258,63.256,100.523,54.347,74.412,0.486048
2025-01-01 01:06:03,26.771,62.073,100.072,53.933,72.677,0.473261
2025-01-01 01:06:04,26.878,61.791,100.648,53.532,77.197,0.513886
2025-01-01 01:06:05,26.595,61.028,101.55,54.723,72.904,0.476898
2025-01-01 01:06:06,26.499,60.265,100.399,53.283,74.057,0.484741
2025-01-01 01:06:07,26.473,60.7,98.654,53.288,76.033,0.491388
2025-01-01 01:06:08,26.685,60.538,101.365,55.044,73.559,0.472814
2025-01-01 01:06:09,26.475,58.645,99.861,54.242,74.179,0.462807
2025-01-01 01:06:10,26.209,60.165,101.77,54.262,73.59,0.489987
2025-01-01 01:06:11,27.099,62.743,101.114,54.414,73.938,0.485943
2025-01-01 01:06:12,27.104,61.477,102.147,53.849,75.299,0.499955
2025-01-01 01:06:13,27.836,60.699,100.343,52.763,73.494,0.456795
2025-01-01 01:06:14,26.649,61.442,100.844,54.102,70.815,0.460576
2025-01-01 01:06:15,27.129,59.057,101.127,53.874,73.961,0.462023
2025-01-01 01:06:16,27.135,61.26,100.072,53.187,74.076,0.476227
2025-01-01 01:06:17,26.849,62.223,102.752,52.988,74.237,0.513624
2025-01-01 01:06:18,27.346,60.791,100.102,53.807,73.784,0.461184
2025-01-01 01:06:19,27.358,59.108,102.912,52.742,72.971,0.471388
2025-01-01 01:06:20,27.131,60.433,102.325,53.696,73.714,0.480864
2025-01-01 01:06:21,26.837,62.093,101.788,53.582,76.13,0.51672
2025-01-01 01:06:22,26.783,61.04,102.418,53.68,73.965,0.496192
2025-01-01 01:06:23,26.274,59.33,102.477,54.078,74.803,0.499261
2025-01-01 01:06:24,26.552,63.083,101.844,54.233,72.784,0.498229
2025-01-01 01:06:25,26.64,59.428,102.628,53.146,73.68,0.49058
2025-01-01 01:06:26,26.385,60.406,103.146,54.389,72.834,0.49132
2025-01-01 01:06:27,27.163,59.579,101.554,53.495,75.594,0.484875
2025-01-01 01:06:28,27.538,59.547,102.93,55.05,72.181,0.44705
2025-01-01 01:06:29,26.481,60.098,100.041,53.156,74.502,0.485741
2025-01-01 01:06:30,27.073,61.153,100.821,52.31,74.471,0.492526
2025-01-01 01:06:31,26.41,61.774,103.399,54.241,74.402,0.517175
2025-01-01 01:06:32,26.77,60.064,102.499,53.889,71.265,0.46579
2025-01-01 01:06:33,26.572,59.407,102.146,54.483,71.661,0.461407
2025-01-01 01:06:34,27.214,60.863,103.029,53.742,74.238,0.491751
2025-01-01 01:06:35,26.568,60.859,102.768,55.338,73.0,0.481919
2025-01-01 01:06:36,27.408,60.558,102.257,53.286,73.347,0.475058
2025-01-01 01:06:37,26.775,60.56,101.687,54.244,73.62,0.479964
2025-01-01 01:06:38,26.567,60.138,101.439,52.957,72.877,0.48299
2025-01-01 01:06:39,26.26,60.316,104.226,53.739,72.683,0.505508
2025-01-01 01:06:40,27.008,60.003,103.144,53.857,74.165,0.489367
2025-01-01 01:06:41,27.323,61.221,104.616,53.948,71.891,0.483275
2025-01-01 01:06:42,27.006,62.346,103.293,53.87,73.585,0.503195
2025-01-01 01:06:43,27.983,60.264,104.159,50.626,73.405,0.495199
2025-01-01 01:06:44,27.572,60.044,103.756,53.126,74.192,0.487456
2025-01-01 01:06:45,26.697,60.274,104.004,52.686,77.1,0.538248
2025-01-01 01:06:46,26.686,59.326,104.129,52.808,73.072,0.497983
2025-01-01 01:06:47,27.073,60.716,103.667,52.848,74.754,0.509796
2025-01-01 01:06:48,26.413,60.359,102.959,53.819,74.547,0.50744
2025-01-01 01:06:49,27.408,59.464,105.03,53.162,74.971,0.502975
2025-01-01 01:06:50,26.999,60.753,105.933,52.556,74.061,0.525836
2025-01-01 01:06:51,26.939,59.837,106.073,51.749,76.064,0.544057
2025-01-01 01:06:52,27.147,58.814,103.934,54.11,75.175,0.489991
2025-01-01 01:06:53,27.658,60.103,103.827,52.326,75.212,0.501026
2025-01-01 01:06:54,26.875,59.955,104.079,52.699,72.693,0.495716
2025-01-01 01:06:55,26.725,60.645,104.53,54.474,74.525,0.509734
2025-01-01 01:06:56,27.528,60.483,104.725,52.225,73.818,0.502941
2025-01-01 01:06:57,27.25,59.509,103.85,52.458,73.416,0.489971
2025-01-01 01:06:58,26.598,59.113,103.439,52.822,73.719,0.498257
2025-01-01 01:06:59,26.753,59.553,105.038,51.308,74.426,0.527777
2025-01-01 01:07:00,26.84,59.882,101.527,51.171,75.063,0.507213
2025-01-01 01:07:01,26.915,59.969,105.025,52.119,75.715,0.531794
2025-01-01 01:07:02,26.047,59.754,104.249,52.102,75.681,0.543417
2025-01-01 01:07:03,25.946,59.328,106.041,52.522,74.934,0.547106
2025-01-01 01:07:04,26.265,60.383,106.376,51.586,74.673,0.555206
2025-01-01 01:07:05,26.217,58.679,106.465,52.67,74.241,0.532646
2025-01-01 01:07:06,26.369,61.799,105.113,50.55,74.358,0.558717
2025-01-01 01:07:07,26.999,60.05,104.389,52.172,73.744,0.508747
2025-01-01 01:07:08,26.589,58.126,104.773,52.469,74.191,0.508075
2025-01-01 01:07:09,26.762,59.406,105.939,52.395,75.156,0.531424
2025-01-01 01:07:10,26.042,59.961,104.068,51.954,76.606,0.552403
2025-01-01 01:07:11,26.414,58.806,107.169,51.507,74.605,0.546337
2025-01-01 01:07:12,26.929,57.627,105.506,51.832,73.843,0.504259
2025-01-01 01:07:13,26.923,58.05,106.397,52.923,76.002,0.524326
2025-01-01 01:07:14,26.254,59.599,104.175,51.406,72.465,0.515553
2025-01-01 01:07:15,26.687,57.269,105.09,52.618,76.148,0.517083
2025-01-01 01:07:16,27.696,57.542,104.168,52.694,73.205,0.464211
2025-01-01 01:07:17,26.577,59.496,107.153,50.344,75.743,0.565666
2025-01-01 01:07:18,26.229,58.704,106.028,51.579,74.412,0.538729
2025-01-01 01:07:19,26.479,58.198,106.815,50.847,75.399,0.549105
2025-01-01 01:07:20,26.601,58.366,106.363,50.375,77.544,0.565273
2025-01-01 01:07:21,26.469,57.358,106.822,52.158,74.07,0.522314
2025-01-01 01:07:22,26.518,59.281,106.07,51.85,73.906,0.530669
2025-01-01 01:07:23,25.802,57.957,106.257,51.629,75.232,0.550904
2025-01-01 01:07:24,26.031,58.196,106.42,50.496,77.001,0.571721
2025-01-01 01:07:25,26.427,59.046,106.969,51.479,75.418,0.553215
2025-01-01 01:07:26,26.408,58.411,107.046,50.208,75.29,0.55788
2025-01-01 01:07:27,26.196,57.931,109.475,51.264,75.472,0.57139
2025-01-01 01:07:28,26.379,56.614,108.394,50.618,74.098,0.542716
2025-01-01 01:07:29,26.487,58.939,104.981,51.933,75.553,0.533387
2025-01-01 01:07:30,26.89,58.618,106.664,50.747,74.901,0.538507
2025-01-01 01:07:31,26.384,57.99,106.448,51.167,76.994,0.557598
2025-01-01 01:07:32,26.621,57.438,108.179,51.113,76.4,0.557102
2025-01-01 01:07:33,26.139,58.457,106.628,50.81,73.889,0.54495
2025-01-01 01:07:34,26.684,58.893,107.452,50.899,75.174,0.552361
2025-01-01 01:07:35,26.574,58.479,104.693,51.002,76.184,0.537945
2025-01-01 01:07:36,26.807,59.987,105.558,49.986,74.409,0.543577
2025-01-01 01:07:37,26.719,59.023,109.205,50.969,74.329,0.55862
2025-01-01 01:07:38,26.644,58.179,107.204,51.281,75.107,0.542644
2025-01-01 01:07:39,26.288,58.993,106.194,50.851,76.113,0.560286
2025-01-01 01:07:40,26.448,58.273,107.474,50.193,76.982,0.573239
2025-01-01 01:07:41,26.844,58.238,106.216,50.559,76.055,0.544162
2025-01-01 01:07:42,25.974,59.458,107.022,50.072,78.77,0.604053
2025-01-01 01:07:43,25.973,57.233,105.889,50.211,75.042,0.547816
2025-01-01 01:07:44,26.365,58.123,106.587,49.299,76.783,0.572114
2025-01-01 01:07:45,26.469,59.259,106.994,51.296,74.603,0.548676
2025-01-01 01:07:46,25.836,58.347,108.564,51.683,77.908,0.592066
2025-01-01 01:07:47,26.198,57.639,107.939,49.515,77.646,0.587961
2025-01-01 01:07:48,26.175,56.271,108.145,50.65,76.91,0.565715
2025-01-01 01:07:49,25.101,55.677,107.511,51.13,74.014,0.552912
2025-01-01 01:07:50,26.086,59.993,108.389,49.14,76.981,0.608109
2025-01-01 01:07:51,26.104,58.195,106.721,48.123,75.198,0.575124
2025-01-01 01:07:52,26.089,57.272,106.889,51.006,76.767,0.56157
2025-01-01 01:07:53,26.863,58.176,108.056,49.727,74.52,0.551033
2025-01-01 01:07:54,25.534,56.848,107.395,49.263,76.632,0.586222
2025-01-01 01:07:55,25.716,57.435,107.685,49.659,75.927,0.580119
2025-01-01 01:07:56,24.808,56.796,107.558,49.269,75.461,0.593382
2025-01-01 01:07:57,25.86,56.294,108.999,51.875,77.15,0.57233
2025-01-01 01:07:58,25.888,55.572,109.072,49.026,76.421,0.581913
2025-01-01 01:07:59,25.817,56.05,107.162,49.656,76.281,0.566625
2025-01-01 01:08:00,26.612,58.64,106.048,50.372,77.456,0.563937
2025-01-01 01:08:01,26.474,56.602,107.115,50.312,78.901,0.572425
2025-01-01 01:08:02,26.069,58.095,106.947,50.102,76.993,0.576996
2025-01-01 01:08:03,25.83,58.488,108.693,48.829,74.54,0.587758
2025-01-01 01:08:04,26.514,57.519,108.798,48.992,74.883,0.568048
2025-01-01 01:08:05,25.977,57.175,106.861,47.319,76.882,0.591036
2025-01-01 01:08:06,25.563,57.578,107.152,48.943,78.077,0.602949
2025-01-01 01:08:07,25.099,56.999,106.44,48.974,77.053,0.595048
2025-01-01 01:08:08,25.722,58.591,108.066,49.486,77.552,0.605551
2025-01-01 01:08:09,26.305,59.236,107.898,50.274,76.915,0.585486
2025-01-01 01:08:10,27.051,58.781,108.742,49.352,78.187,0.589278
2025-01-01 01:08:11,25.929,55.151,108.459,49.585,77.82,0.580551
2025-01-01 01:08:12,25.501,56.838,108.58,48.661,75.905,0.594321
2025-01-01 01:08:13,25.276,57.251,106.435,49.648,77.713,0.59342
2025-01-01 01:08:14,26.129,57.682,107.357,48.576,75.373,0.57376
2025-01-01 01:08:15,24.956,55.464,108.938,49.427,77.81,0.608591
2025-01-01 01:08:16,26.098,55.42,107.454,49.105,76.983,0.567824
2025-01-01 01:08:17,26.217,58.443,106.369,48.723,77.563,0.586592
2025-01-01 01:08:18,26.011,56.55,108.806,47.124,77.808,0.609202
2025-01-01 01:08:19,25.668,55.595,107.422,49.179,77.807,0.58449
2025-01-01 01:08:20,26.044,55.951,109.063,48.556,79.219,0.607083
2025-01-01 01:08:21,25.832,57.419,107.981,48.764,77.609,0.599762
2025-01-01 01:08:22,25.342,56.179,107.72,48.402,77.845,0.603953
2025-01-01 01:08:23,26.641,57.217,109.358,48.489,79.264,0.606367
2025-01-01 01:08:24,25.524,55.97,106.689,49.091,79.995,0.603015
2025-01-01 01:08:25,26.072,55.178,109.421,47.622,77.748,0.598575
2025-01-01 01:08:26,24.459,58.32,107.342,48.326,77.206,0.630597
2025-01-01 01:08:27,26.291,57.268,108.137,47.281,77.316,0.598261
2025-01-01 01:08:28,26.371,56.51,108.138,48.315,78.463,0.592787
2025-01-01 01:08:29,25.636,56.297,107.531,48.007,77.729,0.598947
2025-01-01 01:08:30,25.885,58.257,107.186,47.254,75.926,0.596099
2025-01-01 01:08:31,25.869,57.358,107.568,47.786,79.424,0.616868
2025-01-01 01:08:32,25.252,57.888,106.912,47.21,79.106,0.630386
2025-01-01 01:08:33,25.831,56.133,109.876,47.316,79.556,0.630301
2025-01-01 01:08:34,25.137,56.742,107.419,47.857,79.845,0.62969
2025-01-01 01:08:35,25.221,57.069,109.045,47.743,78.513,0.632502
2025-01-01 01:08:36,26.073,56.092,108.898,45.947,78.649,0.620297
2025-01-01 01:08:37,25.981,56.521,108.217,47.735,79.597,0.615071
2025-01-01 01:08:38,25.124,56.009,107.701,47.153,76.984,0.609365
2025-01-01 01:08:39,25.094,56.967,108.012,47.021,78.071,0.628553
2025-01-01 01:08:40,25.122,55.223,108.371,46.408,78.476,0.625808
2025-01-01 01:08:41,25.795,57.092,107.879,47.231,79.706,0.624979
2025-01-01 01:08:42,24.912,56.807,106.191,46.808,78.007,0.618906
2025-01-01 01:08:43,25.574,56.269,105.917,48.204,77.852,0.587485
2025-01-01 01:08:44,25.753,56.898,109.221,45.746,78.243,0.633303
2025-01-01 01:08:45,25.319,56.061,105.053,46.334,79.377,0.610694
2025-01-01 01:08:46,25.852,55.732,107.859,46.241,78.785,0.613765
2025-01-01 01:08:47,25.178,56.923,107.402,47.235,77.179,0.61347
2025-01-01 01:08:48,25.207,56.943,107.771,47.928,77.47,0.613094
2025-01-01 01:08:49,24.809,55.826,106.442,47.355,79.192,0.621457
2025-01-01 01:08:50,25.789,55.718,107.904,46.04,79.286,0.62069
2025-01-01 01:08:51,24.881,56.106,107.729,46.536,79.169,0.636829
2025-01-01 01:08:52,25.423,55.714,110.254,46.197,78.625,0.639243
2025-01-01 01:08:53,25.196,57.769,107.591,47.216,80.189,0.643947
2025-01-01 01:08:54,24.688,56.539,108.777,46.416,79.741,0.656421
2025-01-01 01:08:55,24.893,56.215,105.896,45.612,79.754,0.635007
2025-01-01 01:08:56,25.873,55.246,108.381,47.177,79.851,0.615492
2025-01-01 01:08:57,25.266,56.897,107.552,47.687,81.378,0.64205
2025-01-01 01:08:58,24.644,55.525,107.559,46.502,78.286,0.629908
2025-01-01 01:08:59,25.284,55.463,107.536,46.711,79.064,0.620404
2025-01-01 01:09:00,25.042,56.867,108.921,45.379,79.22,0.655573
2025-01-01 01:09:01,26.825,56.461,107.431,44.908,81.187,0.623423
2025-01-01 01:09:02,25.224,53.55,106.352,45.047,79.284,0.6129
2025-01-01 01:09:03,24.875,55.875,106.479,46.463,78.836,0.624179
2025-01-01 01:09:04,25.758,56.138,107.871,46.225,79.715,0.626117
2025-01-01 01:09:05,24.111,55.653,107.459,46.882,80.022,0.651795
2025-01-01 01:09:06,25.062,56.133,105.437,46.261,81.386,0.635691
2025-01-01 01:09:07,25.996,54.143,107.438,47.184,79.55,0.595469
2025-01-01 01:09:08,24.924,53.102,105.797,47.067,79.235,0.597143
2025-01-01 01:09:09,24.098,54.939,107.271,46.088,79.023,0.643669
2025-01-01 01:09:10,24.75,56.177,105.981,45.52,79.756,0.63898
2025-01-01 01:09:11,25.659,52.651,106.457,44.768,83.3,0.631576
2025-01-01 01:09:12,25.103,55.014,106.146,47.426,80.737,0.61892
2025-01-01 01:09:13,24.479,53.916,108.16,45.505,81.05,0.654585
2025-01-01 01:09:14,24.539,55.578,106.993,45.042,80.387,0.654524
2025-01-01 01:09:15,24.585,57.76,107.802,46.324,80.606,0.666951
2025-01-01 01:09:16,25.029,55.567,109.384,45.012,81.439,0.669359
2025-01-01 01:09:17,25.501,55.659,106.484,46.287,81.225,0.62937
2025-01-01 01:09:18,25.342,56.588,107.886,45.898,81.023,0.65033
2025-01-01 01:09:19,25.027,55.753,105.63,46.89,80.678,0.625276
2025-01-01 01:09:20,24.116,55.499,107.53,46.806,80.29,0.653692
2025-01-01 01:09:21,24.102,56.624,105.412,47.004,81.276,0.652736
2025-01-01 01:09:22,25.016,56.152,106.145,46.273,80.921,0.638228
2025-01-01 01:09:23,24.06,55.952,106.643,45.409,83.434,0.684166
2025-01-01 01:09:24,24.603,55.508,106.742,45.254,82.19,0.663074
2025-01-01 01:09:25,24.852,55.285,104.717,45.648,80.174,0.623788
2025-01-01 01:09:26,24.114,56.532,105.063,47.657,79.633,0.632265
2025-01-01 01:09:27,24.154,55.262,106.482,45.853,80.612,0.652794
2025-01-01 01:09:28,24.603,56.814,105.442,46.172,79.844,0.638724
2025-01-01 01:09:29,24.886,54.52,104.351,47.25,80.647,0.607289
2025-01-01 01:09:30,25.148,56.986,105.615,46.232,80.087,0.631267
2025-01-01 01:09:31,24.905,56.009,105.504,45.423,80.911,0.640735
2025-01-01 01:09:32,24.622,54.553,105.736,46.6,80.979,0.630542
2025-01-01 01:09:33,24.195,56.016,106.024,45.669,81.587,0.662398
2025-01-01 01:09:34,24.017,54.842,105.896,46.239,81.215,0.650524
2025-01-01 01:09:35,24.281,55.512,104.597,46.414,80.433,0.633152
2025-01-01 01:09:36,24.725,54.978,104.888,45.607,83.027,0.647832
2025-01-01 01:09:37,24.672,55.317,106.159,46.15,82.105,0.64958
2025-01-01 01:09:38,23.438,56.378,104.621,47.28,81.02,0.655199
2025-01-01 01:09:39,24.079,55.942,104.701,45.499,80.663,0.649125
2025-01-01 01:09:40,25.058,54.284,103.523,47.055,80.018,0.592033
2025-01-01 01:09:41,24.479,54.329,104.929,45.531,79.982,0.625802
2025-01-01 01:09:42,23.715,55.655,105.233,47.447,83.139,0.663747
2025-01-01 01:09:43,25.585,55.714,102.841,45.325,83.063,0.622438
2025-01-01 01:09:44,24.377,54.684,103.675,45.698,81.284,0.630254
2025-01-01 01:09:45,24.568,56.938,103.252,47.225,83.676,0.646671
2025-01-01 01:09:46,24.56,56.148,105.389,47.266,82.828,0.649941
2025-01-01 01:09:47,24.16,54.697,102.616,46.685,82.383,0.628803
2025-01-01 01:09:48,23.965,54.588,104.376,45.173,83.224,0.661476
2025-01-01 01:09:49,25.374,55.071,105.098,46.112,82.983,0.632719
2025-01-01 01:09:50,24.799,54.956,104.494,46.057,82.476,0.636001
2025-01-01 01:09:51,24.692,56.533,103.791,45.381,82.053,0.645462
2025-01-01 01:09:52,24.554,56.251,104.501,46.634,82.263,0.644452
2025-01-01 01:09:53,23.749,55.29,105.116,45.466,80.512,0.653455
2025-01-01 01:09:54,24.874,55.923,103.894,45.067,81.53,0.63639
2025-01-01 01:09:55,23.798,56.058,101.686,44.816,84.701,0.66925
2025-01-01 01:09:56,24.346,55.283,104.995,47.497,81.597,0.634547
2025-01-01 01:09:57,23.369,55.618,104.169,45.733,80.418,0.654192
2025-01-01 01:09:58,23.153,55.8,103.657,45.765,83.773,0.680759
2025-01-01 01:09:59,24.318,55.684,101.631,45.349,83.035,0.639586
2025-01-01 01:10:00,23.739,54.408,103.233,47.285,83.151,0.641817
2025-01-01 01:10:01,23.134,54.5,102.576,45.104,82.644,0.661162
2025-01-01 01:10:02,24.384,54.881,102.155,45.263,83.974,0.644232
2025-01-01 01:10:03,25.159,54.454,103.154,45.989,84.765,0.633453
2025-01-01 01:10:04,24.779,53.679,102.673,46.249,82.351,0.611764
2025-01-01 01:10:05,23.94,55.82,102.658,46.814,83.783,0.651288
2025-01-01 01:10:06,24.059,55.483,103.785,45.768,84.413,0.666309
2025-01-01 01:10:07,24.484,53.79,103.219,47.567,82.424,0.614096
2025-01-01 01:10:08,24.586,54.881,102.385,45.819,84.975,0.645533
2025-01-01 01:10:09,23.839,54.93,102.175,45.571,84.548,0.658102
2025-01-01 01:10:10,24.013,55.289,102.259,45.52,81.766,0.636764
2025-01-01 01:10:11,24.132,54.019,102.383,45.809,85.216,0.650837
2025-01-01 01:10:12,24.244,53.74,103.13,45.519,81.92,0.62865
2025-01-01 01:10:13,23.887,55.608,101.419,47.082,82.567,0.630857
2025-01-01 01:10:14,23.879,53.548,103.835,45.708,84.257,0.656527
2025-01-01 01:10:15,24.615,54.843,102.877,46.43,84.731,0.642136
2025-01-01 01:10:16,24.516,54.744,99.469,45.742,83.644,0.615033
2025-01-01 01:10:17,24.136,54.941,102.206,45.656,82.814,0.638556
2025-01-01 01:10:18,24.743,55.312,103.076,47.511,83.301,0.625595
2025-01-01 01:10:19,23.676,56.653,102.338,47.939,83.203,0.648029
2025-01-01 01:10:20,24.667,53.45,101.45,47.704,84.71,0.611747
2025-01-01 01:10:21,24.113,55.922,101.715,45.544,83.256,0.646403
2025-01-01 01:10:22,25.464,52.529,101.868,45.688,83.003,0.591926
2025-01-01 01:10:23,23.219,56.43,102.372,48.37,82.055,0.64445
2025-01-01 01:10:24,23.457,52.99,100.1,46.618,83.156,0.619718
2025-01-01 01:10:25,23.998,57.465,100.823,45.757,83.769,0.655385
2025-01-01 01:10:26,23.974,54.636,102.979,47.758,82.596,0.629085
2025-01-01 01:10:27,24.737,56.313,101.286,46.983,81.899,0.612312
2025-01-01 01:10:28,23.415,56.103,102.693,47.421,85.209,0.670605
2025-01-01 01:10:29,24.188,54.58,104.062,45.213,82.873,0.651756
2025-01-01 01:10:30,24.304,54.654,100.497,46.781,82.542,0.61042
2025-01-01 01:10:31,24.063,54.174,99.703,47.839,86.037,0.626294
2025-01-01 01:10:32,23.217,55.797,100.546,46.607,85.211,0.663048
2025-01-01 01:10:33,24.389,54.584,101.822,48.148,85.462,0.631137
2025-01-01 01:10:34,24.287,54.187,101.874,46.147,84.876,0.640248
2025-01-01 01:10:35,23.96,55.541,102.818,47.151,85.881,0.663613
2025-01-01 01:10:36,23.75,54.106,100.421,48.599,85.406,0.627394
2025-01-01 01:10:37,23.749,54.673,100.857,46.404,83.97,0.638713
2025-01-01 01:10:38,23.584,55.108,99.568,47.585,83.142,0.621136
2025-01-01 01:10:39,23.932,54.358,97.684,47.879,82.917,0.59034
2025-01-01 01:10:40,23.615,54.509,100.063,47.528,84.326,0.629531
2025-01-01 01:10:41,23.163,56.535,98.86,47.299,83.209,0.63731
2025-01-01 01:10:42,23.052,54.796,100.568,46.843,83.608,0.6461
2025-01-01 01:10:43,23.188,54.641,97.954,47.747,84.417,0.62321
2025-01-01 01:10:44,23.664,54.826,99.007,47.553,86.312,0.638263
2025-01-01 01:10:45,23.528,55.456,99.926,46.533,82.857,0.632534
2025-01-01 01:10:46,23.637,53.969,99.941,48.608,84.739,0.620006
2025-01-01 01:10:47,23.769,55.431,99.433,47.048,83.235,0.623026
2025-01-01 01:10:48,23.194,55.261,101.259,46.695,84.103,0.656026
2025-01-01 01:10:49,24.229,53.218,100.873,47.395,85.919,0.626827
2025-01-01 01:10:50,23.352,56.803,98.53,47.206,83.818,0.638207
2025-01-01 01:10:51,23.258,56.472,100.736,47.763,84.552,0.655379
2025-01-01 01:10:52,23.705,54.213,100.8,47.025,85.069,0.640177
2025-01-01 01:10:53,22.535,53.893,98.826,48.427,85.772,0.64372
2025-01-01 01:10:54,23.047,55.246,98.907,49.224,84.304,0.626147
2025-01-01 01:10:55,23.923,53.595,98.723,48.254,86.505,0.618717
2025-01-01 01:10:56,22.553,56.389,98.041,47.065,84.488,0.654367
2025-01-01 01:10:57,23.971,54.559,98.053,47.541,85.633,0.617772
2025-01-01 01:10:58,24.157,56.653,99.83,48.501,84.853,0.628757
2025-01-01 01:10:59,23.207,54.211,98.861,46.802,85.999,0.645199
2025-01-01 01:11:00,23.528,54.927,97.782,47.442,87.571,0.643395
2025-01-01 01:11:01,23.932,56.311,97.324,47.163,84.833,0.622003
2025-01-01 01:11:02,23.129,54.725,97.405,48.626,85.174,0.620749
2025-01-01 01:11:03,23.787,55.325,97.913,50.317,84.702,0.598915
2025-01-01 01:11:04,23.008,56.151,98.904,47.632,84.544,0.646126
2025-01-01 01:11:05,23.096,54.507,97.045,49.347,84.434,0.606266
2025-01-01 01:11:06,22.926,53.807,98.721,48.297,85.277,0.631324
2025-01-01 01:11:07,23.488,53.615,97.931,47.747,84.392,0.609194
2025-01-01 01:11:08,23.886,55.663,97.791,50.109,84.454,0.597801
2025-01-01 01:11:09,23.206,55.475,98.59,50.64,81.576,0.590226
2025-01-01 01:11:10,22.654,56.154,98.323,49.297,87.06,0.656955
2025-01-01 01:11:11,22.74,54.825,95.991,49.313,87.394,0.631801
2025-01-01 01:11:12,23.47,53.675,96.227,49.128,86.223,0.60196
2025-01-01 01:11:13,24.186,52.76,96.998,49.016,84.419,0.571759
2025-01-01 01:11:14,23.453,57.987,97.5,49.462,83.974,0.622303
2025-01-01 01:11:15,23.055,55.654,98.426,49.787,83.634,0.616105
2025-01-01 01:11:16,23.623,55.271,97.044,50.633,86.3,0.606039
2025-01-01 01:11:17,23.112,55.421,98.601,48.94,87.072,0.647097
2025-01-01 01:11:18,23.035,53.719,96.109,49.517,85.774,0.604373
2025-01-01 01:11:19,22.738,54.363,96.196,49.401,86.624,0.623496
2025-01-01 01:11:20,23.914,56.91,96.347,50.348,86.147,0.607167
2025-01-01 01:11:21,21.932,55.834,95.755,51.505,84.708,0.617798
2025-01-01 01:11:22,23.594,54.421,97.652,50.489,86.863,0.610614
2025-01-01 01:11:23,22.956,53.967,93.643,50.338,86.804,0.591698
2025-01-01 01:11:24,22.975,54.687,95.83,50.482,84.498,0.593384
2025-01-01 01:11:25,24.02,54.897,97.403,50.827,86.673,0.599061
2025-01-01 01:11:26,22.81,57.271,95.864,51.802,85.544,0.614607
2025-01-01 01:11:27,22.82,55.043,97.171,48.579,85.424,0.630066
2025-01-01 01:11:28,23.089,54.052,98.219,50.464,86.221,0.618073
2025-01-01 01:11:29,23.355,55.194,96.025,47.977,86.2,0.62176
2025-01-01 01:11:30,22.92,55.527,97.037,50.86,86.849,0.625483
2025-01-01 01:11:31,22.348,53.993,98.211,50.597,84.778,0.621025
2025-01-01 01:11:32,22.697,55.687,96.119,49.775,86.49,0.62941
2025-01-01 01:11:33,23.764,56.505,95.594,48.134,84.432,0.604056
2025-01-01 01:11:34,23.155,55.446,96.47,50.315,85.623,0.609939
2025-01-01 01:11:35,23.338,54.522,96.678,50.562,85.715,0.599907
2025-01-01 01:11:36,22.976,54.802,95.382,50.39,87.025,0.611676
2025-01-01 01:11:37,22.772,53.684,94.864,50.0,85.884,0.597891
2025-01-01 01:11:38,23.935,55.221,96.993,49.837,85.57,0.598464
2025-01-01 01:11:39,22.997,55.678,94.934,50.569,87.605,0.617445
2025-01-01 01:11:40,22.865,54.483,96.328,50.025,85.389,0.608448
2025-01-01 01:11:41,23.63,57.332,95.326,51.371,85.348,0.594936
2025-01-01 01:11:42,22.716,56.198,96.821,50.716,83.671,0.608984
2025-01-01 01:11:43,22.775,53.626,94.076,49.456,85.671,0.593695
2025-01-01 01:11:44,23.073,53.66,94.005,51.032,84.811,0.568394
2025-01-01 01:11:45,23.064,54.462,95.643,51.278,85.646,0.591895
2025-01-01 01:11:46,23.19,57.033,93.591,52.297,86.242,0.589723
2025-01-01 01:11:47,24.102,56.365,94.772,51.8,84.658,0.564562
2025-01-01 01:11:48,23.22,57.112,96.138,50.393,84.979,0.612306
2025-01-01 01:11:49,21.859,55.513,92.739,52.308,84.052,0.583465
2025-01-01 01:11:50,23.208,55.308,94.862,50.113,85.365,0.59518
2025-01-01 01:11:51,23.06,54.285,95.608,51.298,84.848,0.58383
2025-01-01 01:11:52,23.06,55.897,94.307,51.933,88.558,0.610859
2025-01-01 01:11:53,23.158,55.367,93.343,52.551,87.794,0.587116
2025-01-01 01:11:54,23.017,55.344,93.946,52.948,87.602,0.590133
2025-01-01 01:11:55,23.003,57.212,93.309,52.51,84.441,0.576829
2025-01-01 01:11:56,23.333,55.483,94.157,51.434,85.784,0.582182
2025-01-01 01:11:57,22.752,56.957,93.751,52.06,84.554,0.588009
2025-01-01 01:11:58,22.547,54.054,93.456,51.828,88.211,0.600305
2025-01-01 01:11:59,24.531,58.347,94.377,51.132,86.997,0.590543
2025-01-01 01:12:00,22.659,55.302,95.433,51.659,84.737,0.595126
2025-01-01 01:12:01,23.064,56.399,94.125,53.241,86.443,0.586647
2025-01-01 01:12:02,22.265,56.575,95.085,52.37,84.22,0.600943
2025-01-01 01:12:03,23.069,55.229,95.266,53.551,85.834,0.579474
2025-01-01 01:12:04,22.542,56.563,93.046,51.088,85.785,0.60131
2025-01-01 01:12:05,22.786,56.632,93.854,51.698,86.881,0.606956
2025-01-01 01:12:06,23.529,55.066,93.102,52.385,87.176,0.571125
2025-01-01 01:12:07,23.241,55.096,91.992,52.696,86.011,0.557359
2025-01-01 01:12:08,23.288,55.86,93.779,52.057,85.714,0.577925
2025-01-01 01:12:09,22.117,55.718,92.321,52.839,82.096,0.556196
2025-01-01 01:12:10,23.92,57.245,93.808,52.88,87.848,0.585701
2025-01-01 01:12:11,22.405,56.573,91.72,51.182,85.179,0.588826
2025-01-01 01:12:12,23.765,55.819,93.399,52.942,86.085,0.560698
2025-01-01 01:12:13,23.511,56.515,91.61,53.244,88.667,0.576599
2025-01-01 01:12:14,23.289,53.881,93.809,52.668,84.516,0.549207
2025-01-01 01:12:15,22.573,55.332,92.696,51.004,85.968,0.591211
2025-01-01 01:12:16,23.076,56.255,92.555,52.299,86.53,0.580998
2025-01-01 01:12:17,22.765,57.102,94.128,52.915,87.237,0.60695
2025-01-01 01:12:18,23.015,56.206,92.637,51.916,85.919,0.580437
2025-01-01 01:12:19,22.876,57.485,93.028,53.386,87.318,0.596332
2025-01-01 01:12:20,21.982,56.915,92.678,53.278,85.399,0.594326
2025-01-01 01:12:21,23.563,55.579,93.344,52.844,86.54,0.567432
2025-01-01 01:12:22,22.962,55.948,93.84,52.791,86.374,0.586144
2025-01-01 01:12:23,22.762,56.517,93.595,52.973,85.756,0.5865
2025-01-01 01:12:24,22.725,55.681,92.255,52.855,86.242,0.575806
2025-01-01 01:12:25,23.186,57.682,93.894,51.87,84.792,0.588221
2025-01-01 01:12:26,22.561,55.064,91.733,52.593,85.471,0.566519
2025-01-01 01:12:27,21.882,56.51,91.873,53.034,84.272,0.58014
2025-01-01 01:12:28,23.215,56.951,92.454,54.149,85.273,0.558405
2025-01-01 01:12:29,23.272,55.924,93.595,53.605,87.154,0.577715
2025-01-01 01:12:30,22.915,55.721,91.346,54.265,86.278,0.554821
2025-01-01 01:12:31,22.443,56.206,93.377,52.0,86.128,0.59956
2025-01-01 01:12:32,23.064,57.116,92.401,52.874,83.824,0.560097
2025-01-01 01:12:33,22.289,55.827,91.993,54.853,86.111,0.568731
2025-01-01 01:12:34,22.51,55.281,93.496,52.633,85.635,0.583724
2025-01-01 01:12:35,22.651,57.523,91.568,52.651,86.338,0.587913
2025-01-01 01:12:36,23.451,56.795,94.631,53.077,87.336,0.593308
2025-01-01 01:12:37,22.851,57.426,92.143,54.94,85.167,0.560872
2025-01-01 01:12:38,22.811,57.201,92.445,52.82,85.261,0.578758
2025-01-01 01:12:39,24.016,58.645,93.815,53.834,86.723,0.577788
2025-01-01 01:12:40,23.218,57.604,92.425,53.732,84.878,0.562769
2025-01-01 01:12:41,23.215,55.789,93.417,51.905,85.687,0.577132
2025-01-01 01:12:42,22.864,57.007,90.254,53.464,83.166,0.537305
2025-01-01 01:12:43,22.754,56.003,91.745,53.062,85.171,0.563346
2025-01-01 01:12:44,21.963,56.131,92.566,54.074,87.086,0.596016
2025-01-01 01:12:45,23.545,55.197,93.233,54.949,85.901,0.543294
2025-01-01 01:12:46,23.289,56.348,92.904,53.308,86.555,0.572481
2025-01-01 01:12:47,22.979,57.204,92.795,53.333,86.601,0.584886
2025-01-01 01:12:48,23.005,56.618,93.165,55.647,87.05,0.569569
2025-01-01 01:12:49,23.446,55.609,92.565,53.087,84.991,0.549722
2025-01-01 01:12:50,22.305,55.211,89.934,52.605,86.514,0.567902
2025-01-01 01:12:51,22.792,58.871,93.508,54.803,88.056,0.607394
2025-01-01 01:12:52,22.524,57.11,91.217,53.682,85.303,0.569044
2025-01-01 01:12:53,23.983,55.986,92.358,53.97,83.725,0.521836
2025-01-01 01:12:54,23.54,57.298,92.217,55.548,84.569,0.535678
2025-01-01 01:12:55,22.007,59.051,92.075,52.659,85.819,0.612419
2025-01-01 01:12:56,22.357,57.508,90.915,53.644,83.237,0.556716
2025-01-01 01:12:57,23.053,54.127,90.076,52.828,84.289,0.52425
2025-01-01 01:12:58,22.888,59.593,91.008,54.102,84.781,0.570307
2025-01-01 01:12:59,22.468,55.118,92.832,53.408,85.281,0.569835
2025-01-01 01:13:00,24.109,56.787,90.557,52.927,87.276,0.548213
2025-01-01 01:13:01,23.299,55.887,91.121,54.465,85.917,0.541283
2025-01-01 01:13:02,23.386,56.307,92.418,53.901,83.726,0.538593
2025-01-01 01:13:03,22.809,57.358,90.973,52.904,89.674,0.603761
2025-01-01 01:13:04,23.523,55.03,91.458,52.965,84.984,0.535953
2025-01-01 01:13:05,22.978,57.038,92.085,54.095,82.957,0.54276
2025-01-01 01:13:06,23.034,58.303,92.289,52.602,83.696,0.569603
2025-01-01 01:13:07,23.488,56.34,90.963,54.131,83.672,0.523081
2025-01-01 01:13:08,22.375,55.82,92.156,55.029,83.262,0.543301
2025-01-01 01:13:09,23.995,57.099,92.42,54.499,85.463,0.540835
2025-01-01 01:13:10,23.295,56.928,90.754,53.474,81.615,0.517997
2025-01-01 01:13:11,23.851,56.699,92.25,54.198,85.961,0.546104
2025-01-01 01:13:12,22.681,56.134,91.328,52.983,85.727,0.567869
2025-01-01 01:13:13,22.764,57.87,92.178,54.098,84.168,0.564358
2025-01-01 01:13:14,22.653,57.974,92.788,53.731,85.781,0.588038
2025-01-01 01:13:15,23.367,56.342,91.901,53.164,83.337,0.537534
2025-01-01 01:13:16,23.283,56.509,93.003,54.497,83.602,0.541488
2025-01-01 01:13:17,23.026,57.601,92.894,52.417,85.238,0.583154
2025-01-01 01:13:18,22.759,56.528,93.026,53.051,84.291,0.569816
2025-01-01 01:13:19,22.641,57.701,92.537,53.147,83.757,0.572219
2025-01-01 01:13:20,23.259,59.019,93.251,53.595,84.334,0.575184
2025-01-01 01:13:21,23.059,57.521,92.553,55.036,86.017,0.566377
2025-01-01 01:13:22,22.957,56.396,90.519,54.598,85.933,0.547181
2025-01-01 01:13:23,24.083,58.031,91.414,54.075,84.871,0.536265
2025-01-01 01:13:24,23.277,57.491,92.015,54.033,83.896,0.547149
2025-01-01 01:13:25,23.962,57.548,92.161,53.972,84.91,0.542244
2025-01-01 01:13:26,23.07,58.203,92.628,55.073,83.211,0.548423
2025-01-01 01:13:27,23.468,58.448,91.487,52.516,85.61,0.571217
2025-01-01 01:13:28,23.327,57.823,94.327,54.578,85.309,0.573844
2025-01-01 01:13:29,22.516,57.756,92.241,53.546,86.447,0.592018
2025-01-01 01:13:30,24.088,59.911,92.362,54.346,83.126,0.541037
2025-01-01 01:13:31,23.316,59.078,91.726,54.34,82.937,0.545629
2025-01-01 01:13:32,23.767,58.741,91.422,54.509,84.67,0.543766
2025-01-01 01:13:33,23.028,58.069,92.328,55.178,83.639,0.548789
2025-01-01 01:13:34,23.332,56.962,92.512,52.802,85.126,0.565087
2025-01-01 01:13:35,22.991,59.126,92.428,54.69,85.466,0.576767
2025-01-01 01:13:36,24.052,58.174,94.202,53.821,85.887,0.569771
2025-01-01 01:13:37,23.601,57.483,92.454,53.488,83.871,0.547111
2025-01-01 01:13:38,23.639,57.848,92.528,55.469,84.816,0.542615
2025-01-01 01:13:39,24.145,57.155,93.463,54.387,83.096,0.527206
2025-01-01 01:13:40,24.055,59.21,92.513,53.474,83.934,0.550891
2025-01-01 01:13:41,23.87,58.867,93.259,54.556,83.566,0.547162
2025-01-01 01:13:42,22.788,58.396,91.478,53.735,83.458,0.559203
2025-01-01 01:13:43,23.162,58.203,91.524,53.406,85.731,0.570903
2025-01-01 01:13:44,23.019,57.596,92.957,53.247,81.888,0.550232
2025-01-01 01:13:45,23.896,56.178,92.643,53.955,83.448,0.525256
2025-01-01 01:13:46,23.629,56.927,92.106,53.198,83.474,0.538521
2025-01-01 01:13:47,22.86,57.629,93.079,53.791,84.136,0.569386
2025-01-01 01:13:48,23.472,57.51,93.209,54.353,82.002,0.534129
2025-01-01 01:13:49,22.831,58.724,92.333,53.708,82.915,0.562974
2025-01-01 01:13:50,23.563,59.278,92.569,55.176,82.513,0.538391
2025-01-01 01:13:51,22.774,58.369,93.349,53.58,80.479,0.550365
2025-01-01 01:13:52,23.878,59.939,92.158,54.623,84.53,0.553882
2025-01-01 01:13:53,23.815,57.779,92.622,54.298,81.325,0.51866
2025-01-01 01:13:54,24.592,58.458,93.807,54.709,81.118,0.510728
2025-01-01 01:13:55,24.074,58.575,93.298,55.038,84.132,0.541825
2025-01-01 01:13:56,23.451,59.75,92.894,52.023,82.545,0.570524
2025-01-01 01:13:57,24.084,58.796,92.518,53.614,82.539,0.534622
2025-01-01 01:13:58,22.989,58.856,92.459,53.282,82.514,0.561282
2025-01-01 01:13:59,23.219,57.099,93.392,53.43,84.093,0.562255
2025-01-01 01:14:00,23.879,57.887,95.603,52.991,82.093,0.557264
2025-01-01 01:14:01,22.647,59.915,94.196,52.842,83.421,0.600284
2025-01-01 01:14:02,23.72,56.776,92.351,52.364,81.288,0.525353
2025-01-01 01:14:03,23.241,60.227,94.446,53.287,83.005,0.584935
2025-01-01 01:14:04,23.815,59.416,93.036,53.922,83.643,0.556073
2025-01-01 01:14:05,23.239,58.201,93.847,52.745,84.196,0.579268
2025-01-01 01:14:06,24.003,58.149,93.32,52.841,80.601,0.527535
2025-01-01 01:14:07,23.814,60.91,95.989,52.509,82.054,0.587082
2025-01-01 01:14:08,24.518,60.458,92.891,52.235,84.279,0.56477
2025-01-01 01:14:09,23.835,58.96,94.399,52.804,83.416,0.569154
2025-01-01 01:14:10,23.46,59.247,93.46,53.23,82.021,0.557757
2025-01-01 01:14:11,23.735,58.499,94.945,53.922,82.214,0.554033
2025-01-01 01:14:12,23.2,59.313,94.561,51.923,82.515,0.586024
2025-01-01 01:14:13,24.089,58.537,95.585,52.812,81.66,0.555044
2025-01-01 01:14:14,24.195,59.165,95.111,53.739,82.713,0.555501
2025-01-01 01:14:15,25.148,61.087,93.763,51.812,82.594,0.551431
2025-01-01 01:14:16,23.617,59.214,97.438,53.727,80.616,0.569434
2025-01-01 01:14:17,23.808,58.295,95.142,52.32,81.314,0.55688
2025-01-01 01:14:18,23.668,58.01,94.102,53.197,81.305,0.543242
2025-01-01 01:14:19,24.076,59.536,94.924,52.411,81.491,0.559217
2025-01-01 01:14:20,24.176,58.681,95.417,52.908,82.07,0.555558
2025-01-01 01:14:21,23.972,59.722,95.446,53.784,81.91,0.560204
2025-01-01 01:14:22,24.557,57.889,95.418,52.355,80.778,0.534607
2025-01-01 01:14:23,23.72,60.232,95.957,53.204,83.197,0.588149
2025-01-01 01:14:24,24.536,58.515,95.929,52.58,81.542,0.548345
2025-01-01 01:14:25,24.327,59.654,94.283,51.685,83.24,0.569303
2025-01-01 01:14:26,24.066,59.303,97.31,52.151,83.159,0.591417
2025-01-01 01:14:27,23.929,61.393,97.242,52.054,80.106,0.585134
2025-01-01 01:14:28,25.315,59.879,96.146,51.043,80.736,0.547561
2025-01-01 01:14:29,23.708,61.687,95.456,52.491,80.77,0.580738
2025-01-01 01:14:30,24.281,60.335,95.547,52.602,81.594,0.564806
2025-01-01 01:14:31,23.772,61.233,95.241,52.676,82.036,0.583313
2025-01-01 01:14:32,25.055,59.632,95.444,53.121,81.287,0.535181
2025-01-01 01:14:33,24.62,60.22,93.527,52.69,80.396,0.530202
2025-01-01 01:14:34,23.853,61.126,97.319,51.394,82.985,0.61323
2025-01-01 01:14:35,24.464,60.846,97.042,51.514,80.423,0.574416
2025-01-01 01:14:36,24.352,60.505,94.264,52.446,81.786,0.557348
2025-01-01 01:14:37,23.98,59.68,96.908,52.035,80.797,0.574704
2025-01-01 01:14:38,24.633,59.882,96.087,51.658,80.709,0.557535
2025-01-01 01:14:39,24.464,61.212,95.974,50.92,81.542,0.582391
2025-01-01 01:14:40,24.392,61.454,96.744,51.143,82.531,0.597872
2025-01-01 01:14:41,24.279,59.548,94.587,51.981,80.991,0.551259
2025-01-01 01:14:42,24.531,59.431,96.398,49.901,79.984,0.565856
2025-01-01 01:14:43,24.446,59.303,96.568,49.536,82.292,0.58953
2025-01-01 01:14:44,24.377,61.071,96.649,51.909,81.055,0.577219
2025-01-01 01:14:45,24.043,59.345,95.282,50.874,80.612,0.565435
2025-01-01 01:14:46,25.226,61.125,97.177,51.621,81.586,0.569413
2025-01-01 01:14:47,23.87,60.886,97.871,52.454,80.685,0.589296
2025-01-01 01:14:48,24.624,59.829,97.301,50.327,83.193,0.596503
2025-01-01 01:14:49,24.266,61.971,96.746,49.747,80.192,0.595671
2025-01-01 01:14:50,25.322,58.978,99.747,50.806,81.515,0.576574
2025-01-01 01:14:51,24.007,62.133,96.216,50.424,80.611,0.596949
2025-01-01 01:14:52,24.107,60.826,97.997,50.896,80.552,0.594857
2025-01-01 01:14:53,24.006,58.466,97.551,51.291,79.537,0.565313
2025-01-01 01:14:54,24.669,62.165,99.404,51.066,79.488,0.593171
2025-01-01 01:14:55,23.837,61.578,97.862,50.786,80.458,0.605147
2025-01-01 01:14:56,24.3,60.211,98.161,51.539,78.766,0.568211
2025-01-01 01:14:57,23.479,59.708,98.151,51.173,79.063,0.587554
2025-01-01 01:14:58,24.692,59.136,96.672,50.435,79.717,0.556095
2025-01-01 01:14:59,24.338,63.154,96.946,51.032,81.133,0.602427
2025-01-01 01:15:00,23.86,59.848,97.625,49.23,79.687,0.595426
2025-01-01 01:15:01,25.164,59.541,98.944,51.261,79.613,0.559168
2025-01-01 01:15:02,23.983,61.105,98.306,50.371,78.211,0.586851
2025-01-01 01:15:03,25.052,59.232,97.953,49.335,81.462,0.58102
2025-01-01 01:15:04,24.319,59.921,99.618,49.906,80.701,0.604239
2025-01-01 01:15:05,25.487,61.93,96.35,51.012,80.782,0.561124
2025-01-01 01:15:06,25.078,61.432,97.124,49.511,77.521,0.556794
2025-01-01 01:15:07,24.215,60.615,96.011,50.396,79.632,0.572053
2025-01-01 01:15:08,24.277,61.052,99.803,50.714,78.03,0.587434
2025-01-01 01:15:09,25.055,60.624,98.585,49.973,80.028,0.579637
2025-01-01 01:15:10,24.638,61.037,99.736,49.205,79.434,0.601198
2025-01-01 01:15:11,24.701,60.369,98.749,49.788,79.617,0.584795
2025-01-01 01:15:12,25.438,60.583,99.969,48.655,78.081,0.575293
2025-01-01 01:15:13,24.444,60.585,98.907,49.334,77.639,0.58047
2025-01-01 01:15:14,24.881,60.502,99.532,48.782,78.065,0.582535
2025-01-01 01:15:15,25.329,62.305,99.474,49.574,79.149,0.588438
2025-01-01 01:15:16,25.273,62.063,99.637,48.539,78.436,0.590895
2025-01-01 01:15:17,24.805,60.393,101.073,49.564,78.977,0.596714
2025-01-01 01:15:18,24.757,60.163,97.852,50.347,77.392,0.552859
2025-01-01 01:15:19,24.049,61.232,99.497,50.341,78.559,0.598344
2025-01-01 01:15:20,24.407,63.576,99.852,48.332,80.189,0.637001
2025-01-01 01:15:21,25.111,60.425,99.791,48.739,78.86,0.58567
2025-01-01 01:15:22,24.9,61.324,99.434,49.898,78.883,0.585862
2025-01-01 01:15:23,25.023,61.605,99.386,49.723,78.84,0.585788
2025-01-01 01:15:24,25.521,61.44,101.539,48.612,77.69,0.588802
2025-01-01 01:15:25,24.425,61.122,100.028,48.659,80.21,0.618576
2025-01-01 01:15:26,24.917,62.767,102.625,49.059,78.628,0.623637
2025-01-01 01:15:27,25.146,62.098,100.804,47.471,78.36,0.609718
2025-01-01 01:15:28,24.716,62.52,100.075,49.303,78.92,0.607881
2025-01-01 01:15:29,25.801,62.295,101.006,49.695,79.173,0.589001
2025-01-01 01:15:30,25.556,62.631,100.651,48.462,76.498,0.581431
2025-01-01 01:15:31,25.263,63.353,101.973,47.584,78.009,0.621203
2025-01-01 01:15:32,26.032,63.131,99.552,49.795,80.573,0.589585
2025-01-01 01:15:33,24.402,64.156,99.007,48.787,79.826,0.62902
2025-01-01 01:15:34,25.164,63.079,101.257,49.125,77.661,0.602321
2025-01-01 01:15:35,25.368,61.223,101.82,47.448,78.612,0.608435
2025-01-01 01:15:36,24.744,62.771,101.359,47.398,77.296,0.619286
2025-01-01 01:15:37,25.368,62.665,101.833,48.731,78.062,0.605286
2025-01-01 01:15:38,24.681,63.905,101.774,49.169,77.037,0.617144
2025-01-01 01:15:39,25.596,61.048,99.856,47.392,76.967,0.574543
2025-01-01 01:15:40,25.797,62.604,101.705,48.163,76.778,0.588416
2025-01-01 01:15:41,25.42,61.395,102.828,46.923,79.457,0.626357
2025-01-01 01:15:42,24.374,62.619,101.77,47.581,76.813,0.623996
2025-01-01 01:15:43,24.834,61.922,100.376,47.886,78.71,0.611778
2025-01-01 01:15:44,25.616,62.646,101.439,48.433,76.773,0.588647
2025-01-01 01:15:45,25.361,60.786,102.416,46.307,76.587,0.601965
2025-01-01 01:15:46,24.019,63.02,103.741,48.999,77.662,0.645163
2025-01-01 01:15:47,26.004,62.462,100.075,47.758,75.588,0.563665
2025-01-01 01:15:48,25.467,62.438,102.479,48.881,77.896,0.603955
2025-01-01 01:15:49,25.006,64.266,101.271,48.357,76.887,0.613657
2025-01-01 01:15:50,25.929,61.963,102.796,48.432,76.343,0.583645
2025-01-01 01:15:51,25.109,62.717,102.961,49.319,76.038,0.599301
2025-01-01 01:15:52,25.12,62.504,102.225,47.031,79.275,0.633845
2025-01-01 01:15:53,25.66,62.631,103.174,47.719,76.822,0.606172
2025-01-01 01:15:54,26.387,64.684,103.766,46.772,76.725,0.615628
2025-01-01 01:15:55,26.324,62.555,102.546,47.438,77.818,0.596552
2025-01-01 01:15:56,25.709,61.953,101.457,48.051,75.715,0.575892
2025-01-01 01:15:57,25.776,64.42,104.302,48.333,78.04,0.629921
2025-01-01 01:15:58,25.957,62.27,103.788,47.082,76.591,0.604508
2025-01-01 01:15:59,24.948,61.001,103.606,46.381,74.928,0.607511
2025-01-01 01:16:00,25.915,61.893,102.433,47.361,75.907,0.58498
2025-01-01 01:16:01,25.242,61.416,104.191,46.579,75.185,0.609178
2025-01-01 01:16:02,25.784,60.891,105.329,46.757,76.553,0.611855
2025-01-01 01:16:03,25.527,62.356,103.246,47.716,75.459,0.59674
2025-01-01 01:16:04,25.907,62.676,103.543,47.526,75.283,0.593001
2025-01-01 01:16:05,25.731,63.955,102.463,47.766,76.675,0.607316
2025-01-01 01:16:06,24.151,63.431,102.888,46.79,76.334,0.644223
2025-01-01 01:16:07,25.793,63.413,102.612,47.828,77.69,0.610845
2025-01-01 01:16:08,26.04,61.964,103.896,46.995,77.595,0.609944
2025-01-01 01:16:09,25.957,63.769,103.503,46.719,76.228,0.612805
2025-01-01 01:16:10,25.698,64.303,104.294,46.03,76.713,0.636437
2025-01-01 01:16:11,26.586,63.333,103.107,45.201,74.383,0.58929
2025-01-01 01:16:12,25.936,63.388,103.908,45.587,76.866,0.626545
2025-01-01 01:16:13,26.015,61.727,103.198,46.976,76.483,0.594821
2025-01-01 01:16:14,26.333,64.073,104.415,46.043,77.094,0.625277
2025-01-01 01:16:15,26.008,64.826,102.67,45.42,75.542,0.616886
2025-01-01 01:16:16,25.392,63.395,104.529,46.368,75.513,0.626547
2025-01-01 01:16:17,24.637,62.504,104.173,46.895,75.481,0.629633
2025-01-01 01:16:18,25.633,62.962,104.706,46.972,77.513,0.631087
2025-01-01 01:16:19,26.267,62.73,102.946,46.586,76.092,0.594369
2025-01-01 01:16:20,25.725,62.815,105.325,46.531,73.919,0.607547
2025-01-01 01:16:21,26.317,63.849,104.444,46.119,76.449,0.618667
2025-01-01 01:16:22,26.005,63.506,105.031,47.029,75.082,0.60996
2025-01-01 01:16:23,26.59,64.256,103.014,46.352,76.903,0.607066
2025-01-01 01:16:24,25.813,63.648,103.712,46.405,76.211,0.61865
2025-01-01 01:16:25,26.209,62.439,104.634,47.27,77.016,0.608641
2025-01-01 01:16:26,26.242,62.827,106.468,47.048,76.738,0.623624
2025-01-01 01:16:27,26.755,62.79,105.688,46.241,76.581,0.611184
2025-01-01 01:16:28,25.165,63.191,105.358,46.103,76.782,0.64747
2025-01-01 01:16:29,25.803,65.196,104.371,46.074,76.363,0.638012
2025-01-01 01:16:30,26.471,65.381,104.256,44.702,74.518,0.619686
2025-01-01 01:16:31,26.834,64.287,105.704,47.174,73.944,0.592593
2025-01-01 01:16:32,26.195,63.593,106.193,45.728,74.286,0.618092
2025-01-01 01:16:33,25.943,62.136,105.766,46.939,76.126,0.615883
2025-01-01 01:16:34,26.482,63.742,107.33,46.269,72.548,0.60384
2025-01-01 01:16:35,26.551,62.755,105.001,47.33,75.165,0.591033
2025-01-01 01:16:36,25.951,65.199,105.925,46.622,74.832,0.630558
2025-01-01 01:16:37,26.31,61.986,104.114,46.911,76.587,0.598494
2025-01-01 01:16:38,26.748,64.0,106.079,45.691,74.947,0.613828
2025-01-01 01:16:39,27.117,62.764,107.397,45.12,74.614,0.608359
2025-01-01 01:16:40,26.556,63.651,104.946,46.252,76.605,0.616163
2025-01-01 01:16:41,26.221,64.35,106.888,44.586,74.885,0.640564
2025-01-01 01:16:42,26.185,64.728,107.545,45.732,74.661,0.639011
2025-01-01 01:16:43,26.504,63.668,105.471,45.142,74.349,0.611361
2025-01-01 01:16:44,26.18,64.512,106.684,45.41,75.25,0.638153
2025-01-01 01:16:45,26.346,63.11,107.852,46.547,74.48,0.619434
2025-01-01 01:16:46,25.735,64.04,106.558,46.484,74.457,0.629635
2025-01-01 01:16:47,26.926,64.818,107.168,45.921,76.562,0.634838
2025-01-01 01:16:48,25.72,64.169,104.661,46.298,74.854,0.621393
2025-01-01 01:16:49,26.086,63.329,107.084,45.602,74.23,0.625533
2025-01-01 01:16:50,26.364,63.601,107.056,47.968,73.547,0.599078
2025-01-01 01:16:51,27.323,64.916,105.263,46.261,74.954,0.597925
2025-01-01 01:16:52,26.129,62.83,105.675,45.543,74.018,0.60944
2025-01-01 01:16:53,26.019,62.998,107.293,46.711,74.223,0.61826
2025-01-01 01:16:54,26.089,64.564,106.434,46.999,73.618,0.614734
2025-01-01 01:16:55,27.206,63.544,107.896,45.385,74.852,0.615707
2025-01-01 01:16:56,24.983,62.55,107.142,44.867,73.028,0.639414
2025-01-01 01:16:57,25.899,65.373,106.933,45.024,75.062,0.652854
2025-01-01 01:16:58,27.778,62.943,106.751,45.464,73.89,0.582155
2025-01-01 01:16:59,26.72,63.862,107.259,45.957,75.383,0.623709
2025-01-01 01:17:00,25.883,63.462,107.812,44.698,75.083,0.64878
2025-01-01 01:17:01,26.427,63.803,107.586,45.669,74.604,0.627806
2025-01-01 01:17:02,26.493,63.235,106.67,45.84,75.474,0.621301
2025-01-01 01:17:03,26.893,64.852,108.373,46.27,76.306,0.640057
2025-01-01 01:17:04,27.401,64.268,107.831,46.503,75.939,0.616847
2025-01-01 01:17:05,26.687,65.159,107.598,46.34,72.824,0.613245
2025-01-01 01:17:06,26.234,63.584,107.342,47.459,73.652,0.608391
2025-01-01 01:17:07,26.908,66.345,107.788,46.907,73.78,0.62185
2025-01-01 01:17:08,26.176,62.325,105.492,46.217,75.107,0.607281
2025-01-01 01:17:09,26.02,62.662,107.601,45.272,73.696,0.624185
2025-01-01 01:17:10,25.667,66.018,109.034,45.517,73.632,0.662631
2025-01-01 01:17:11,25.775,64.756,107.647,44.924,73.408,0.644385
2025-01-01 01:17:12,26.12,64.64,107.543,46.201,74.631,0.636264
2025-01-01 01:17:13,25.989,64.747,106.896,46.355,75.018,0.636952
2025-01-01 01:17:14,26.745,64.904,108.015,46.817,72.787,0.609594
2025-01-01 01:17:15,25.999,64.649,107.357,46.329,73.609,0.628682
2025-01-01 01:17:16,25.036,63.4,108.89,46.973,71.937,0.633806
2025-01-01 01:17:17,26.096,65.2,106.745,47.004,71.327,0.603222
2025-01-01 01:17:18,26.392,65.058,107.183,45.337,74.765,0.637917
2025-01-01 01:17:19,26.335,65.842,107.061,45.762,74.549,0.639043
2025-01-01 01:17:20,27.407,66.193,109.521,46.185,74.364,0.63259
2025-01-01 01:17:21,26.35,64.775,107.521,45.647,76.05,0.64697
2025-01-01 01:17:22,27.106,63.232,107.186,46.035,72.123,0.583786
2025-01-01 01:17:23,26.665,66.247,105.666,46.491,71.626,0.596462
2025-01-01 01:17:24,26.663,63.471,106.866,46.171,72.764,0.596935
2025-01-01 01:17:25,26.275,64.842,108.326,46.291,71.558,0.615512
2025-01-01 01:17:26,26.672,64.261,108.341,45.559,73.356,0.622407
2025-01-01 01:17:27,26.328,64.102,107.185,46.74,74.782,0.622912
2025-01-01 01:17:28,26.804,65.311,107.258,46.705,74.43,0.619384
2025-01-01 01:17:29,26.609,64.805,109.73,45.772,75.298,0.651006
2025-01-01 01:17:30,26.263,65.087,110.582,45.373,74.503,0.662656
2025-01-01 01:17:31,27.24,63.771,109.049,47.417,73.566,0.600455
2025-01-01 01:17:32,26.965,64.426,109.473,47.857,73.412,0.609831
2025-01-01 01:17:33,26.536,63.844,109.697,46.674,74.562,0.633821
2025-01-01 01:17:34,26.841,64.427,110.152,46.224,72.195,0.619521
2025-01-01 01:17:35,26.734,64.52,107.646,47.379,70.213,0.579543
2025-01-01 01:17:36,26.349,66.495,107.079,46.947,74.49,0.634725
2025-01-01 01:17:37,26.826,64.404,109.8,46.432,74.298,0.632042
2025-01-01 01:17:38,26.488,62.549,107.01,47.406,75.896,0.611279
2025-01-01 01:17:39,26.333,66.082,106.952,46.015,74.845,0.64049
2025-01-01 01:17:40,26.001,65.147,106.981,46.141,74.378,0.636644
2025-01-01 01:17:41,26.64,64.578,107.86,47.018,73.63,0.613606
2025-01-01 01:17:42,27.11,64.283,106.01,46.851,73.029,0.583839
2025-01-01 01:17:43,26.486,63.784,106.564,47.303,73.665,0.599814
2025-01-01 01:17:44,28.1,66.68,107.377,47.783,75.147,0.60029
2025-01-01 01:17:45,27.289,64.804,106.804,45.621,74.556,0.610797
2025-01-01 01:17:46,27.505,63.025,109.062,46.93,75.121,0.605396
2025-01-01 01:17:47,27.256,65.101,108.005,48.456,74.129,0.598861
2025-01-01 01:17:48,27.791,65.989,108.573,46.495,72.922,0.60243
2025-01-01 01:17:49,26.477,64.949,108.461,46.438,75.396,0.641826
2025-01-01 01:17:50,25.596,63.9,107.782,45.256,75.29,0.655174
2025-01-01 01:17:51,26.659,63.82,108.972,47.169,74.231,0.6197
2025-01-01 01:17:52,27.167,63.903,108.43,47.591,74.678,0.60596
2025-01-01 01:17:53,26.969,66.35,107.652,47.63,74.616,0.621065
2025-01-01 01:17:54,27.036,64.765,106.278,46.378,73.457,0.597838
2025-01-01 01:17:55,27.564,63.167,108.474,47.242,73.711,0.587143
2025-01-01 01:17:56,27.1,65.238,106.682,47.468,72.937,0.590854
2025-01-01 01:17:57,27.313,65.003,108.312,47.374,73.718,0.603725
2025-01-01 01:17:58,26.449,64.42,107.999,46.5,75.277,0.634084
2025-01-01 01:17:59,26.375,63.856,106.547,47.481,75.056,0.612365
2025-01-01 01:18:00,27.735,63.82,108.151,46.811,74.724,0.597007
2025-01-01 01:18:01,26.982,65.978,108.069,46.01,75.212,0.637191
2025-01-01 01:18:02,26.625,65.145,108.057,48.097,73.631,0.611758
2025-01-01 01:18:03,26.63,65.383,107.992,47.71,72.67,0.608009
2025-01-01 01:18:04,26.62,65.155,107.175,48.117,73.899,0.607356
2025-01-01 01:18:05,26.594,65.245,108.4,47.262,74.003,0.624488
2025-01-01 01:18:06,26.31,64.454,107.101,48.238,74.917,0.615631
2025-01-01 01:18:07,26.205,64.723,106.693,48.602,74.73,0.612699
2025-01-01 01:18:08,26.861,66.099,108.421,49.235,75.34,0.621571
2025-01-01 01:18:09,26.666,66.354,108.66,48.531,71.721,0.605737
2025-01-01 01:18:10,27.519,63.722,108.306,48.237,73.193,0.579457
2025-01-01 01:18:11,27.115,64.741,107.468,46.874,74.054,0.606074
2025-01-01 01:18:12,27.104,65.793,105.71,47.942,74.752,0.598609
2025-01-01 01:18:13,26.602,66.84,109.105,46.939,76.703,0.663167
2025-01-01 01:18:14,26.916,66.744,105.641,47.473,73.031,0.598609
2025-01-01 01:18:15,27.16,64.171,108.153,49.742,73.366,0.579848
2025-01-01 01:18:16,27.339,66.245,109.648,47.411,73.725,0.621708
2025-01-01 01:18:17,26.937,65.032,107.657,46.407,73.353,0.611162
2025-01-01 01:18:18,27.525,66.021,107.768,48.983,73.198,0.58659
2025-01-01 01:18:19,26.992,65.768,107.824,47.846,74.335,0.613983
2025-01-01 01:18:20,27.386,63.719,107.61,49.052,75.477,0.589607
2025-01-01 01:18:21,26.746,65.536,109.728,47.554,74.457,0.634494
2025-01-01 01:18:22,26.086,65.994,106.5,48.202,73.3,0.614379
2025-01-01 01:18:23,27.128,64.97,106.338,49.553,74.114,0.580021
2025-01-01 01:18:24,27.358,64.746,106.943,47.592,73.122,0.584214
2025-01-01 01:18:25,27.284,63.422,108.974,48.569,75.567,0.604134
2025-01-01 01:18:26,27.208,65.679,106.618,48.991,76.172,0.606135
2025-01-01 01:18:27,26.824,65.206,107.585,48.237,72.513,0.594447
2025-01-01 01:18:28,26.595,64.076,108.186,49.061,74.722,0.607483
2025-01-01 01:18:29,27.275,64.673,107.853,48.935,73.534,0.585954
2025-01-01 01:18:30,27.213,65.154,108.05,49.405,74.565,0.597173
2025-01-01 01:18:31,26.719,64.441,108.407,50.506,74.409,0.596194
2025-01-01 01:18:32,27.555,65.003,107.254,51.228,72.924,0.555796
2025-01-01 01:18:33,26.559,63.25,106.444,49.515,76.007,0.596295
2025-01-01 01:18:34,26.708,66.349,107.003,49.112,74.397,0.609563
2025-01-01 01:18:35,27.818,65.015,106.47,49.609,74.039,0.565149
2025-01-01 01:18:36,27.433,63.899,109.284,49.126,74.767,0.596246
2025-01-01 01:18:37,26.82,62.538,106.182,48.099,73.607,0.574318
2025-01-01 01:18:38,27.142,66.026,107.149,49.388,74.456,0.597485
2025-01-01 01:18:39,27.074,65.553,105.115,50.347,72.497,0.557058
2025-01-01 01:18:40,25.623,65.204,106.698,48.367,71.899,0.607863
2025-01-01 01:18:41,26.542,65.855,106.227,48.807,73.59,0.599557
2025-01-01 01:18:42,26.968,65.851,107.138,49.186,74.142,0.598826
2025-01-01 01:18:43,26.814,65.182,107.111,50.007,72.699,0.579537
2025-01-01 01:18:44,27.114,64.731,107.773,51.668,74.238,0.575045
2025-01-01 01:18:45,27.554,64.565,107.639,49.176,74.223,0.581273
2025-01-01 01:18:46,26.826,65.4,106.18,49.953,74.818,0.591321
2025-01-01 01:18:47,26.456,66.373,105.246,49.942,75.657,0.606126
2025-01-01 01:18:48,27.146,64.87,105.307,49.753,77.004,0.592998
2025-01-01 01:18:49,26.818,66.446,106.379,50.013,75.493,0.605519
2025-01-01 01:18:50,26.9,65.339,106.176,49.737,73.828,0.582804
2025-01-01 01:18:51,26.83,65.342,106.217,52.36,75.84,0.581847
2025-01-01 01:18:52,28.094,67.362,105.365,50.823,76.751,0.581045
2025-01-01 01:18:53,25.85,66.606,107.276,49.915,73.758,0.620933
2025-01-01 01:18:54,26.773,66.627,104.305,51.284,73.856,0.569651
2025-01-01 01:18:55,26.963,64.146,105.126,50.599,73.461,0.555261
2025-01-01 01:18:56,26.571,67.13,104.577,50.497,74.521,0.590978
2025-01-01 01:18:57,27.408,64.851,105.382,50.362,75.679,0.572508
2025-01-01 01:18:58,27.361,64.7,106.773,50.364,77.044,0.594043
2025-01-01 01:18:59,26.927,62.762,105.174,49.645,76.368,0.577062
2025-01-01 01:19:00,26.812,65.242,105.498,49.338,75.795,0.597652
2025-01-01 01:19:01,26.887,63.826,105.995,51.03,75.422,0.574137
2025-01-01 01:19:02,26.887,65.311,104.929,50.636,75.871,0.583424
2025-01-01 01:19:03,26.896,63.735,105.58,51.547,75.977,0.570833
2025-01-01 01:19:04,26.837,66.687,105.38,50.189,77.036,0.610387
2025-01-01 01:19:05,27.053,65.434,103.93,50.078,75.483,0.573994
2025-01-01 01:19:06,27.299,67.155,104.527,51.633,75.859,0.577425
2025-01-01 01:19:07,26.302,63.844,105.276,50.831,75.091,0.580411
2025-01-01 01:19:08,26.387,66.409,106.133,51.807,75.755,0.601897
2025-01-01 01:19:09,26.033,63.049,106.061,51.204,75.348,0.585825
2025-01-01 01:19:10,27.336,65.052,106.804,52.733,74.266,0.557455
2025-01-01 01:19:11,27.023,64.204,105.122,51.89,76.78,0.572022
2025-01-01 01:19:12,27.145,64.379,104.15,51.667,77.556,0.571157
2025-01-01 01:19:13,26.172,64.301,104.427,52.033,75.764,0.576819
2025-01-01 01:19:14,27.773,63.894,104.303,51.228,76.247,0.547291
2025-01-01 01:19:15,26.571,63.54,103.934,50.185,76.922,0.581666
2025-01-01 01:19:16,26.953,64.348,104.65,51.841,75.756,0.562973
2025-01-01 01:19:17,27.291,64.897,104.621,53.158,76.196,0.553199
2025-01-01 01:19:18,26.364,65.934,102.942,49.825,75.748,0.589226
2025-01-01 01:19:19,26.578,65.056,105.128,52.084,75.39,0.575352
2025-01-01 01:19:20,26.934,65.917,102.126,50.532,76.717,0.573082
2025-01-01 01:19:21,28.267,63.262,103.662,51.793,76.748,0.526494
2025-01-01 01:19:22,26.982,64.296,104.956,51.926,77.281,0.576148
2025-01-01 01:19:23,27.628,65.429,104.336,52.51,76.212,0.552382
2025-01-01 01:19:24,27.421,65.05,103.293,52.131,74.819,0.53741
2025-01-01 01:19:25,26.995,63.834,105.539,53.111,77.631,0.571089
2025-01-01 01:19:26,26.309,65.618,103.051,52.995,75.463,0.563406
2025-01-01 01:19:27,27.326,64.141,101.409,51.953,75.486,0.524936
2025-01-01 01:19:28,26.04,63.883,103.783,53.034,75.794,0.564601
2025-01-01 01:19:29,27.582,65.135,101.47,51.956,74.384,0.517923
2025-01-01 01:19:30,26.874,64.642,102.336,51.866,76.259,0.553031
2025-01-01 01:19:31,25.441,64.1,103.708,51.337,77.308,0.603327
2025-01-01 01:19:32,26.588,64.053,102.543,53.397,76.089,0.543855
2025-01-01 01:19:33,27.077,63.528,103.501,52.153,78.261,0.563583
2025-01-01 01:19:34,26.624,64.188,101.68,50.502,78.232,0.576403
2025-01-01 01:19:35,27.091,65.671,103.613,52.918,77.813,0.570619
2025-01-01 01:19:36,26.301,64.802,100.98,52.181,74.47,0.539382
2025-01-01 01:19:37,26.064,65.502,103.906,52.334,78.559,0.60427
2025-01-01 01:19:38,26.673,65.045,102.027,52.429,76.6,0.556748
2025-01-01 01:19:39,26.715,63.903,103.949,52.39,78.946,0.58158
2025-01-01 01:19:40,26.517,62.851,101.493,54.884,76.254,0.518567
2025-01-01 01:19:41,27.296,63.559,104.173,54.074,76.858,0.538334
2025-01-01 01:19:42,26.248,63.8,101.205,53.344,77.181,0.548612
2025-01-01 01:19:43,26.82,63.708,100.283,53.018,76.002,0.520597
2025-01-01 01:19:44,26.688,65.422,102.034,53.769,75.224,0.537935
2025-01-01 01:19:45,25.867,65.396,103.139,53.1,74.34,0.562253
2025-01-01 01:19:46,25.976,66.622,102.609,53.597,80.809,0.613352
2025-01-01 01:19:47,26.632,63.63,102.895,53.429,75.312,0.535783
2025-01-01 01:19:48,27.607,65.976,102.455,53.123,75.377,0.530868
2025-01-01 01:19:49,26.896,65.953,100.737,53.81,78.099,0.550665
2025-01-01 01:19:50,25.733,64.113,102.237,52.758,75.753,0.562915
2025-01-01 01:19:51,25.031,64.802,101.476,53.177,75.58,0.573166
2025-01-01 01:19:52,26.942,65.553,100.586,52.382,74.112,0.523071
2025-01-01 01:19:53,26.517,64.236,101.387,52.509,77.962,0.55988
2025-01-01 01:19:54,27.126,64.142,101.063,51.21,76.377,0.539687
2025-01-01 01:19:55,26.104,63.633,102.447,53.632,78.483,0.568709
2025-01-01 01:19:56,26.709,61.883,100.428,53.885,77.671,0.517964
2025-01-01 01:19:57,26.946,64.296,100.293,54.2,77.915,0.529314
2025-01-01 01:19:58,26.289,63.498,100.068,52.481,77.319,0.544208
2025-01-01 01:19:59,26.288,63.114,102.575,53.745,77.583,0.553551
2025-01-01 01:20:00,26.503,64.593,99.947,53.423,76.892,0.536083
2025-01-01 01:20:01,26.75,62.701,101.798,54.043,77.057,0.527545
2025-01-01 01:20:02,26.461,64.94,99.381,52.96,76.755,0.537531
2025-01-01 01:20:03,26.943,64.599,100.83,53.24,79.937,0.559637
2025-01-01 01:20:04,26.214,63.696,100.497,52.293,77.697,0.555169
2025-01-01 01:20:05,25.769,64.014,101.379,52.989,75.506,0.551027
2025-01-01 01:20:06,27.41,62.867,101.145,53.59,78.587,0.524995
2025-01-01 01:20:07,26.108,64.788,100.05,53.752,77.364,0.548618
2025-01-01 01:20:08,26.114,64.206,99.342,52.288,78.328,0.557485
2025-01-01 01:20:09,26.353,64.26,101.415,53.251,78.11,0.55964
2025-01-01 01:20:10,26.408,64.48,99.064,53.811,80.275,0.555591
2025-01-01 01:20:11,26.169,63.315,97.345,54.831,78.079,0.513081
2025-01-01 01:20:12,26.341,62.418,97.665,53.05,79.571,0.53074
2025-01-01 01:20:13,26.317,64.874,97.82,54.139,79.498,0.542058
2025-01-01 01:20:14,26.412,64.585,99.942,53.317,77.059,0.540181
2025-01-01 01:20:15,25.134,63.34,101.472,53.428,78.977,0.585944
2025-01-01 01:20:16,27.24,64.263,97.129,53.101,77.895,0.505844
2025-01-01 01:20:17,26.213,65.091,98.298,52.985,77.408,0.541007
2025-01-01 01:20:18,26.564,64.95,99.082,53.457,77.467,0.535149
2025-01-01 01:20:19,25.572,63.225,100.45,54.691,79.952,0.566346
2025-01-01 01:20:20,26.013,62.279,98.029,53.264,82.191,0.559896
2025-01-01 01:20:21,25.899,62.428,99.319,53.153,78.107,0.540654
2025-01-01 01:20:22,26.957,63.412,98.391,54.063,79.386,0.520891
2025-01-01 01:20:23,25.916,65.163,101.161,53.912,79.554,0.58091
2025-01-01 01:20:24,26.575,62.95,98.611,53.865,78.6,0.522671
2025-01-01 01:20:25,25.857,63.06,98.735,54.134,80.979,0.55817
2025-01-01 01:20:26,25.942,63.016,98.376,53.133,81.98,0.568798
2025-01-01 01:20:27,26.032,63.078,97.791,53.231,78.681,0.534818
2025-01-01 01:20:28,26.783,63.576,99.069,54.748,81.534,0.543975
2025-01-01 01:20:29,25.183,62.284,96.874,53.85,78.851,0.537567
2025-01-01 01:20:30,25.456,64.625,95.945,54.451,78.397,0.53345
2025-01-01 01:20:31,25.126,63.372,97.711,54.959,79.448,0.550101
2025-01-01 01:20:32,25.542,65.972,98.591,54.662,80.713,0.579379
2025-01-01 01:20:33,25.666,62.295,97.109,52.894,79.599,0.542
2025-01-01 01:20:34,25.251,65.035,97.792,53.9,80.664,0.578009
2025-01-01 01:20:35,25.677,64.812,96.3,54.829,80.105,0.544003
2025-01-01 01:20:36,25.022,62.985,98.499,54.416,81.511,0.576523
2025-01-01 01:20:37,25.506,62.977,98.004,54.147,80.579,0.556329
2025-01-01 01:20:38,26.601,62.426,97.288,52.688,81.834,0.543492
2025-01-01 01:20:39,26.188,62.412,97.354,53.506,79.023,0.523724
2025-01-01 01:20:40,26.065,63.297,95.708,54.054,79.862,0.523151
2025-01-01 01:20:41,25.456,63.293,95.67,52.856,80.159,0.547873
2025-01-01 01:20:42,25.174,61.644,96.815,54.629,79.191,0.52953
2025-01-01 01:20:43,25.358,65.515,97.369,53.896,79.061,0.562868
2025-01-01 01:20:44,25.891,62.936,97.338,52.402,80.783,0.556929
2025-01-01 01:20:45,26.332,63.236,96.329,53.527,81.177,0.536407
2025-01-01 01:20:46,26.334,62.518,97.357,53.745,80.568,0.532314
2025-01-01 01:20:47,26.184,62.851,97.952,53.863,81.758,0.551746
2025-01-01 01:20:48,25.484,62.734,96.363,55.095,79.218,0.52394
2025-01-01 01:20:49,25.85,63.063,96.682,54.414,80.127,0.533317
2025-01-01 01:20:50,25.662,63.025,96.085,52.85,79.235,0.536884
2025-01-01 01:20:51,25.707,63.818,96.088,52.74,80.872,0.556138
2025-01-01 01:20:52,26.811,63.213,96.306,53.707,81.344,0.525368
2025-01-01 01:20:53,24.896,63.664,97.762,54.01,82.423,0.588989
2025-01-01 01:20:54,25.644,62.923,96.897,54.691,79.454,0.530911
2025-01-01 01:20:55,26.352,63.137,96.73,55.267,81.368,0.526923
2025-01-01 01:20:56,24.998,62.637,95.375,55.297,82.698,0.553744
2025-01-01 01:20:57,25.393,63.854,94.855,53.5,79.826,0.539577
2025-01-01 01:20:58,25.435,63.146,96.068,54.586,79.599,0.532795
2025-01-01 01:20:59,25.572,62.638,96.847,54.163,79.366,0.533226
2025-01-01 01:21:00,24.87,62.58,97.253,52.932,81.939,0.581732
2025-01-01 01:21:01,25.95,62.631,93.004,52.277,80.372,0.517213
2025-01-01 01:21:02,25.97,62.743,97.83,53.883,81.87,0.555517
2025-01-01 01:21:03,25.875,62.628,95.728,52.553,81.09,0.543968
2025-01-01 01:21:04,25.17,62.097,96.148,53.047,83.563,0.575572
2025-01-01 01:21:05,25.632,63.393,93.428,53.159,82.401,0.543573
2025-01-01 01:21:06,25.124,63.428,94.861,53.86,80.543,0.545724
2025-01-01 01:21:07,25.391,64.355,95.851,54.687,81.198,0.553571
2025-01-01 01:21:08,26.618,61.939,93.784,53.65,82.559,0.511019
2025-01-01 01:21:09,25.573,63.18,92.001,53.184,80.383,0.515276
2025-01-01 01:21:10,24.915,60.576,95.157,51.936,83.137,0.567101
2025-01-01 01:21:11,25.583,63.285,94.704,53.932,81.47,0.540318
2025-01-01 01:21:12,24.801,60.97,96.129,53.562,82.793,0.565201
2025-01-01 01:21:13,24.861,61.413,94.461,53.072,81.639,0.548419
2025-01-01 01:21:14,24.924,62.7,94.469,54.417,81.297,0.543829
2025-01-01 01:21:15,25.206,61.717,95.189,52.503,81.153,0.548834
2025-01-01 01:21:16,25.88,61.551,95.46,52.879,84.108,0.556263
2025-01-01 01:21:17,25.685,61.795,93.655,53.201,81.726,0.526338
2025-01-01 01:21:18,25.641,62.979,95.245,52.916,85.828,0.584171
2025-01-01 01:21:19,24.813,61.287,93.717,53.776,82.364,0.543545
2025-01-01 01:21:20,25.076,62.136,94.194,53.674,81.212,0.538922
2025-01-01 01:21:21,25.466,61.781,94.788,54.111,80.381,0.521984
2025-01-01 01:21:22,24.999,62.95,94.902,53.639,83.813,0.573754
2025-01-01 01:21:23,25.158,62.948,94.316,53.111,82.152,0.556012
2025-01-01 01:21:24,25.501,60.234,92.859,52.897,83.421,0.52894
2025-01-01 01:21:25,25.09,63.084,92.011,53.498,85.27,0.563547
2025-01-01 01:21:26,25.36,61.398,93.637,52.946,83.336,0.545741
2025-01-01 01:21:27,26.027,62.214,94.74,53.099,82.987,0.541457
2025-01-01 01:21:28,25.128,61.008,94.163,53.432,84.103,0.554807
2025-01-01 01:21:29,25.787,62.288,93.901,53.097,83.646,0.546308
2025-01-01 01:21:30,25.461,64.437,93.598,53.195,81.214,0.546413
2025-01-01 01:21:31,24.431,61.982,93.861,52.277,84.377,0.585754
2025-01-01 01:21:32,24.597,61.364,92.506,53.95,82.771,0.541624
2025-01-01 01:21:33,24.715,61.561,94.229,51.944,84.724,0.584501
2025-01-01 01:21:34,24.687,60.293,94.244,53.14,83.53,0.557375
2025-01-01 01:21:35,25.053,63.179,92.993,52.359,84.399,0.573833
2025-01-01 01:21:36,25.389,62.012,93.736,53.572,82.747,0.540918
2025-01-01 01:21:37,25.692,60.619,91.534,53.371,81.243,0.495504
2025-01-01 01:21:38,25.202,60.62,93.384,52.619,83.787,0.547679
2025-01-01 01:21:39,24.809,61.62,93.024,53.821,84.329,0.556631
2025-01-01 01:21:40,23.974,62.505,94.371,52.383,82.535,0.587734
2025-01-01 01:21:41,25.033,60.39,92.868,53.194,83.005,0.534989
2025-01-01 01:21:42,24.994,62.623,93.891,51.863,80.638,0.550745
2025-01-01 01:21:43,25.056,61.386,92.589,52.722,83.154,0.544478
2025-01-01 01:21:44,26.001,60.516,90.651,51.606,81.885,0.499465
2025-01-01 01:21:45,25.552,60.946,92.671,52.321,84.051,0.541178
2025-01-01 01:21:46,25.307,63.131,93.053,52.218,83.877,0.56509
2025-01-01 01:21:47,24.417,59.962,92.967,52.914,83.538,0.552808
2025-01-01 01:21:48,24.625,60.586,92.943,51.627,85.151,0.575343
2025-01-01 01:21:49,24.817,62.238,92.233,54.574,83.896,0.545752
2025-01-01 01:21:50,24.461,61.47,92.379,50.961,83.883,0.575686
2025-01-01 01:21:51,25.082,60.43,91.541,52.204,84.08,0.540173
2025-01-01 01:21:52,24.993,62.154,90.635,52.198,83.037,0.539377
2025-01-01 01:21:53,24.254,62.169,92.491,52.349,84.969,0.584844
2025-01-01 01:21:54,25.38,61.455,91.819,51.455,82.722,0.537639
2025-01-01 01:21:55,24.816,60.479,93.612,52.01,84.37,0.566265
2025-01-01 01:21:56,23.884,60.601,90.319,51.314,85.367,0.575754
2025-01-01 01:21:57,24.707,61.311,92.761,53.213,82.714,0.545773
2025-01-01 01:21:58,24.856,59.682,94.562,51.155,82.376,0.556756
2025-01-01 01:21:59,25.186,62.289,92.229,51.492,82.775,0.551525
2025-01-01 01:22:00,24.514,62.628,92.382,51.027,86.248,0.601558
2025-01-01 01:22:01,25.08,60.659,92.784,50.865,83.376,0.555681
2025-01-01 01:22:02,24.743,61.219,92.836,50.331,82.707,0.566127
2025-01-01 01:22:03,23.976,62.016,91.898,51.936,84.626,0.585541
2025-01-01 01:22:04,23.91,62.752,91.275,50.807,80.957,0.566045
2025-01-01 01:22:05,25.162,62.321,92.913,50.654,83.118,0.566579
2025-01-01 01:22:06,25.182,58.995,90.33,50.466,85.999,0.54667
2025-01-01 01:22:07,24.73,60.382,93.049,51.426,83.194,0.557806
2025-01-01 01:22:08,25.3,61.166,91.805,51.145,84.065,0.550583
2025-01-01 01:22:09,25.064,60.138,92.181,51.094,84.768,0.557278
2025-01-01 01:22:10,24.861,62.382,91.634,50.409,84.805,0.579421
2025-01-01 01:22:11,24.048,62.195,93.573,51.311,83.849,0.596211
2025-01-01 01:22:12,25.353,59.717,92.375,50.377,85.179,0.557939
2025-01-01 01:22:13,24.739,60.337,91.789,50.907,86.295,0.576789
2025-01-01 01:22:14,24.262,59.717,91.747,50.683,83.321,0.559759
2025-01-01 01:22:15,24.105,60.238,91.935,49.388,84.048,0.583939
2025-01-01 01:22:16,24.551,60.174,94.468,52.306,84.538,0.575619
2025-01-01 01:22:17,23.572,61.321,90.743,51.086,85.538,0.594091
2025-01-01 01:22:18,24.741,59.445,93.132,50.714,84.772,0.569465
2025-01-01 01:22:19,23.899,57.683,92.608,50.784,84.613,0.56927
2025-01-01 01:22:20,24.545,58.662,93.571,52.098,82.939,0.546106
2025-01-01 01:22:21,24.083,59.205,92.653,51.309,83.471,0.563537
2025-01-01 01:22:22,24.196,59.545,92.021,50.622,85.094,0.577011
2025-01-01 01:22:23,23.934,60.354,93.032,49.719,84.278,0.596247
2025-01-01 01:22:24,24.216,59.054,92.238,49.788,84.515,0.576018
2025-01-01 01:22:25,25.226,58.889,92.759,48.729,84.883,0.567328
2025-01-01 01:22:26,24.958,59.137,93.43,49.82,87.797,0.595776
2025-01-01 01:22:27,24.427,58.918,92.093,50.587,84.421,0.562599
2025-01-01 01:22:28,24.222,59.446,91.576,50.507,86.712,0.586283
2025-01-01 01:22:29,24.641,59.37,91.357,50.436,86.653,0.574916
2025-01-01 01:22:30,24.769,60.623,92.452,49.474,86.07,0.591874
2025-01-01 01:22:31,23.774,58.911,91.126,50.27,84.117,0.569424
2025-01-01 01:22:32,24.135,59.509,91.658,50.431,85.326,0.578609
2025-01-01 01:22:33,23.247,59.289,91.045,47.933,84.721,0.604893
2025-01-01 01:22:34,24.705,60.609,92.526,49.902,87.634,0.60317
2025-01-01 01:22:35,25.161,59.613,91.272,51.266,85.736,0.550918
2025-01-01 01:22:36,24.153,60.784,90.745,49.311,85.014,0.586204
2025-01-01 01:22:37,23.036,58.548,90.929,47.47,87.437,0.627978
2025-01-01 01:22:38,24.388,59.618,91.478,48.781,84.898,0.581064
2025-01-01 01:22:39,23.617,59.058,91.579,47.923,86.008,0.609607
2025-01-01 01:22:40,23.722,58.375,92.322,48.811,86.213,0.603265
2025-01-01 01:22:41,24.353,59.5,91.922,48.283,85.811,0.595328
2025-01-01 01:22:42,24.152,61.267,92.467,49.95,85.291,0.600308
2025-01-01 01:22:43,23.766,58.648,92.561,49.773,86.446,0.601021
2025-01-01 01:22:44,23.671,59.341,92.866,49.369,84.708,0.599355
2025-01-01 01:22:45,24.044,58.123,90.234,50.02,86.823,0.574771
2025-01-01 01:22:46,23.762,57.942,91.032,48.531,85.171,0.583178
2025-01-01 01:22:47,23.398,58.581,92.732,48.987,87.135,0.620743
2025-01-01 01:22:48,23.773,58.886,92.408,50.629,86.806,0.59816
2025-01-01 01:22:49,24.095,58.897,93.194,49.287,86.23,0.602234
2025-01-01 01:22:50,23.822,59.044,90.694,49.23,85.483,0.584772
2025-01-01 01:22:51,23.19,57.588,91.784,48.096,86.934,0.615874
2025-01-01 01:22:52,24.377,58.578,91.986,48.322,86.315,0.592368
2025-01-01 01:22:53,22.5,59.673,92.473,47.8,81.789,0.611973
2025-01-01 01:22:54,23.632,57.78,92.367,49.893,84.685,0.581112
2025-01-01 01:22:55,23.532,58.75,92.826,47.249,85.887,0.622277
2025-01-01 01:22:56,23.902,59.365,92.269,49.174,86.037,0.602089
2025-01-01 01:22:57,24.096,58.257,93.784,48.855,86.567,0.607806
2025-01-01 01:22:58,24.365,59.348,94.131,47.055,87.593,0.63313
2025-01-01 01:22:59,23.432,57.453,91.352,49.2,86.454,0.594742
2025-01-01 01:23:00,24.068,59.83,92.545,48.028,83.265,0.589957
2025-01-01 01:23:01,23.86,59.275,93.33,47.127,86.018,0.62462
2025-01-01 01:23:02,22.893,58.932,93.149,48.425,87.254,0.641659
2025-01-01 01:23:03,24.686,59.969,92.189,47.425,85.943,0.60075
2025-01-01 01:23:04,23.003,58.482,92.886,47.869,86.066,0.629016
2025-01-01 01:23:05,23.92,58.162,91.083,47.579,85.242,0.589229
2025-01-01 01:23:06,23.892,60.12,92.683,47.231,86.987,0.63195
2025-01-01 01:23:07,23.823,60.556,91.279,46.935,85.436,0.616153
2025-01-01 01:23:08,23.425,57.989,93.285,48.475,86.583,0.619343
2025-01-01 01:23:09,24.073,58.537,91.7,48.049,86.396,0.59913
2025-01-01 01:23:10,22.867,59.664,93.018,47.95,85.958,0.639625
2025-01-01 01:23:11,23.602,58.508,93.215,47.404,86.484,0.625511
2025-01-01 01:23:12,23.341,59.149,93.013,47.689,86.154,0.629452
2025-01-01 01:23:13,23.272,59.303,92.347,47.014,87.454,0.641866
2025-01-01 01:23:14,23.814,57.929,92.812,46.954,86.742,0.619187
2025-01-01 01:23:15,24.126,58.878,94.247,48.88,87.186,0.619715
2025-01-01 01:23:16,23.404,58.421,92.686,48.175,85.029,0.608281
2025-01-01 01:23:17,23.954,57.179,93.178,46.974,84.961,0.599267
2025-01-01 01:23:18,23.577,57.375,92.646,46.183,86.034,0.618957
2025-01-01 01:23:19,23.095,57.68,94.27,45.976,86.865,0.650761
2025-01-01 01:23:20,23.401,59.23,93.376,46.787,86.609,0.641184
2025-01-01 01:23:21,23.369,59.231,92.583,47.339,85.074,0.620335
2025-01-01 01:23:22,23.159,58.989,93.404,47.306,86.917,0.643509
2025-01-01 01:23:23,23.71,58.648,93.206,47.29,85.231,0.615121
2025-01-01 01:23:24,23.603,58.589,94.891,47.398,86.797,0.640706
2025-01-01 01:23:25,22.679,58.423,93.506,46.261,86.335,0.652946
2025-01-01 01:23:26,22.638,58.522,92.221,48.259,85.724,0.626731
2025-01-01 01:23:27,23.665,58.559,94.157,46.856,85.353,0.626454
2025-01-01 01:23:28,23.035,56.649,95.499,47.212,86.158,0.63981
2025-01-01 01:23:29,23.583,57.232,94.965,46.414,86.099,0.63367
2025-01-01 01:23:30,23.812,56.963,92.721,47.152,84.744,0.594327
2025-01-01 01:23:31,22.776,59.069,93.612,48.529,86.722,0.643549
2025-01-01 01:23:32,22.696,59.585,93.908,46.04,87.388,0.672517
2025-01-01 01:23:33,24.229,55.732,93.978,45.905,87.032,0.613113
2025-01-01 01:23:34,23.558,59.435,94.437,46.072,86.376,0.650082
2025-01-01 01:23:35,23.162,57.927,93.772,46.464,85.456,0.633326
2025-01-01 01:23:36,22.895,58.823,93.261,46.28,86.148,0.647947
2025-01-01 01:23:37,23.098,58.287,95.189,45.833,85.833,0.65451
2025-01-01 01:23:38,22.748,59.191,93.176,46.595,86.136,0.65064
2025-01-01 01:23:39,23.776,57.931,93.56,47.853,87.107,0.622029
2025-01-01 01:23:40,22.937,56.328,93.296,46.454,85.85,0.626539
2025-01-01 01:23:41,23.863,57.556,95.102,46.468,83.77,0.612444
2025-01-01 01:23:42,23.107,58.148,94.661,46.791,86.929,0.651406
2025-01-01 01:23:43,22.777,57.387,95.504,47.007,86.44,0.653775
2025-01-01 01:23:44,23.076,58.232,93.901,47.56,86.137,0.635814
2025-01-01 01:23:45,21.969,57.479,93.5,46.627,84.541,0.644877
2025-01-01 01:23:46,23.212,56.92,94.377,46.408,84.944,0.626063
2025-01-01 01:23:47,23.179,56.401,94.706,45.592,85.077,0.632265
2025-01-01 01:23:48,23.668,57.066,95.166,46.953,85.227,0.621619
2025-01-01 01:23:49,22.305,57.634,93.344,45.662,85.33,0.650542
2025-01-01 01:23:50,23.821,55.442,95.575,45.615,84.491,0.613575
2025-01-01 01:23:51,23.642,56.593,94.273,46.448,88.482,0.641131
2025-01-01 01:23:52,23.85,55.348,94.591,47.505,87.692,0.616825
2025-01-01 01:23:53,23.19,56.699,96.484,46.833,86.211,0.647029
2025-01-01 01:23:54,23.716,58.485,93.199,46.202,85.827,0.626153
2025-01-01 01:23:55,22.466,56.074,95.778,45.428,88.048,0.675621
2025-01-01 01:23:56,23.551,57.935,95.847,47.413,87.792,0.65159
2025-01-01 01:23:57,22.802,60.053,94.784,46.133,84.943,0.660877
2025-01-01 01:23:58,22.355,58.631,95.23,45.929,86.115,0.67346
2025-01-01 01:23:59,22.612,57.283,96.973,46.59,85.586,0.663145
2025-01-01 01:24:00,23.17,57.981,97.791,45.773,85.467,0.666892
2025-01-01 01:24:01,22.748,55.725,96.968,45.514,85.577,0.657047
2025-01-01 01:24:02,23.342,55.495,97.866,45.578,85.658,0.649911
2025-01-01 01:24:03,22.243,57.07,95.366,45.563,85.998,0.667837
2025-01-01 01:24:04,22.078,57.413,94.555,45.177,85.989,0.6703
2025-01-01 01:24:05,23.821,58.082,96.16,45.077,87.439,0.66244
2025-01-01 01:24:06,23.581,56.392,97.096,46.836,84.728,0.629773
2025-01-01 01:24:07,22.599,57.128,94.516,46.584,86.839,0.654531
2025-01-01 01:24:08,23.116,57.067,95.524,45.382,84.371,0.640124
2025-01-01 01:24:09,23.622,56.751,95.714,46.743,85.927,0.63132
2025-01-01 01:24:10,23.316,56.784,96.967,46.273,86.876,0.657292
2025-01-01 01:24:11,23.176,55.976,96.919,45.761,86.287,0.653381
2025-01-01 01:24:12,23.644,57.084,95.997,45.034,85.205,0.641523
2025-01-01 01:24:13,22.726,56.974,97.033,46.283,85.906,0.663644
2025-01-01 01:24:14,23.102,56.314,95.791,47.499,87.527,0.646715
2025-01-01 01:24:15,23.073,57.394,96.591,46.015,84.813,0.649933
2025-01-01 01:24:16,22.94,57.731,95.836,46.8,86.181,0.654568
2025-01-01 01:24:17,22.877,57.356,97.033,45.831,86.638,0.671573
2025-01-01 01:24:18,23.104,55.611,96.466,46.737,84.991,0.632454
2025-01-01 01:24:19,23.081,56.728,98.041,45.88,87.517,0.676446
2025-01-01 01:24:20,22.535,55.693,97.408,44.077,87.899,0.690524
2025-01-01 01:24:21,23.457,56.676,97.292,45.426,86.7,0.660409
2025-01-01 01:24:22,22.564,55.648,99.372,46.112,86.678,0.680986
2025-01-01 01:24:23,22.939,57.809,98.072,46.876,83.264,0.648394
2025-01-01 01:24:24,22.897,57.291,97.406,45.892,83.728,0.651225
2025-01-01 01:24:25,23.22,57.637,97.276,46.044,85.186,0.656039
2025-01-01 01:24:26,21.978,57.512,96.764,45.557,84.472,0.674488
2025-01-01 01:24:27,23.48,56.166,97.965,47.282,85.986,0.643194
2025-01-01 01:24:28,22.693,55.988,98.425,47.242,81.791,0.629597
2025-01-01 01:24:29,23.639,58.132,96.29,45.509,85.924,0.653108
2025-01-01 01:24:30,22.787,56.202,96.927,44.846,84.942,0.658936
2025-01-01 01:24:31,22.999,54.99,97.861,44.623,84.475,0.650994
2025-01-01 01:24:32,23.978,57.329,97.367,46.563,87.384,0.652224
2025-01-01 01:24:33,22.88,56.443,98.595,46.2,84.698,0.659436
2025-01-01 01:24:34,23.636,57.783,98.822,45.479,83.098,0.647559
2025-01-01 01:24:35,23.034,56.498,98.605,46.335,85.556,0.662273
2025-01-01 01:24:36,23.22,56.213,99.365,45.148,85.436,0.668966
2025-01-01 01:24:37,23.046,57.737,98.318,46.783,84.738,0.659239
2025-01-01 01:24:38,23.433,54.651,98.945,45.857,87.738,0.663697
2025-01-01 01:24:39,22.665,55.582,98.076,45.314,85.137,0.663588
2025-01-01 01:24:40,22.514,55.259,99.452,45.903,86.07,0.676919
2025-01-01 01:24:41,22.686,53.93,99.332,45.893,85.208,0.65749
2025-01-01 01:24:42,23.054,56.978,98.146,46.526,86.312,0.666237
2025-01-01 01:24:43,22.892,55.526,99.278,47.186,84.358,0.648531
2025-01-01 01:24:44,23.357,56.968,99.484,47.165,83.445,0.643521
2025-01-01 01:24:45,23.654,56.432,99.892,46.422,85.606,0.658122
2025-01-01 01:24:46,22.513,56.629,100.018,46.167,85.012,0.680342
2025-01-01 01:24:47,22.633,55.547,99.067,45.884,85.573,0.670285
2025-01-01 01:24:48,22.282,55.218,100.641,44.948,83.843,0.679364
2025-01-01 01:24:49,24.015,56.052,100.489,46.371,85.124,0.649116
2025-01-01 01:24:50,23.152,56.862,99.331,45.731,82.599,0.649294
2025-01-01 01:24:51,23.24,55.873,99.001,47.412,83.9,0.636691
2025-01-01 01:24:52,22.33,55.202,99.585,46.303,83.594,0.660174
2025-01-01 01:24:53,23.0,54.686,98.85,47.088,84.998,0.643036
2025-01-01 01:24:54,23.256,56.07,100.618,46.132,83.784,0.657139
2025-01-01 01:24:55,22.876,55.294,101.683,46.007,82.681,0.659648
2025-01-01 01:24:56,23.541,55.757,102.009,47.06,83.608,0.651425
2025-01-01 01:24:57,24.16,55.572,99.587,46.828,84.97,0.631972
2025-01-01 01:24:58,22.532,55.348,101.552,46.894,84.37,0.672595
2025-01-01 01:24:59,22.495,56.069,100.938,46.593,83.28,0.667818
2025-01-01 01:25:00,22.569,56.312,98.546,47.331,85.142,0.660192
2025-01-01 01:25:01,23.812,57.705,100.698,47.248,85.973,0.666299
2025-01-01 01:25:02,23.532,56.48,100.674,45.024,85.145,0.672248
2025-01-01 01:25:03,22.945,57.299,102.417,46.594,81.246,0.662205
2025-01-01 01:25:04,23.033,54.87,100.423,47.646,84.258,0.645401
2025-01-01 01:25:05,22.609,54.07,101.945,46.054,83.763,0.66639
2025-01-01 01:25:06,23.464,55.64,101.362,45.552,81.449,0.641466
2025-01-01 01:25:07,22.832,56.496,100.11,46.831,82.301,0.649145
2025-01-01 01:25:08,22.894,56.323,101.091,47.396,84.767,0.668267
2025-01-01 01:25:09,23.331,56.818,103.262,46.648,83.988,0.677029
2025-01-01 01:25:10,22.935,53.054,101.644,48.09,83.82,0.637242
2025-01-01 01:25:11,22.915,56.828,102.809,48.569,82.9,0.661473
2025-01-01 01:25:12,23.041,55.895,102.841,45.594,84.935,0.687542
2025-01-01 01:25:13,23.436,54.0,101.627,46.867,82.117,0.628588
2025-01-01 01:25:14,23.865,56.253,100.878,45.389,82.484,0.642966
2025-01-01 01:25:15,23.338,55.684,101.095,47.785,83.124,0.639888
2025-01-01 01:25:16,23.451,55.881,103.784,46.754,81.63,0.653806
2025-01-01 01:25:17,22.953,56.484,102.568,46.96,82.358,0.663483
2025-01-01 01:25:18,22.703,55.901,100.768,48.302,84.645,0.66006
2025-01-01 01:25:19,23.388,53.984,103.42,46.364,82.313,0.64741
2025-01-01 01:25:20,23.15,55.3,100.883,46.207,84.217,0.658681
2025-01-01 01:25:21,22.358,53.812,101.927,45.693,83.996,0.673663
2025-01-01 01:25:22,22.909,56.065,102.918,48.577,82.986,0.657806
2025-01-01 01:25:23,23.037,56.801,105.44,48.436,81.439,0.667216
2025-01-01 01:25:24,22.827,54.148,103.818,47.417,83.172,0.662066
2025-01-01 01:25:25,23.828,54.706,102.602,46.678,80.516,0.62123
2025-01-01 01:25:26,23.332,54.482,103.194,48.412,82.367,0.63666
2025-01-01 01:25:27,23.784,54.898,104.167,49.996,83.246,0.632955
2025-01-01 01:25:28,23.234,55.752,104.75,47.652,83.95,0.675251
2025-01-01 01:25:29,23.149,54.885,103.161,46.927,82.677,0.655518
2025-01-01 01:25:30,22.645,55.969,103.271,48.931,82.081,0.655803
2025-01-01 01:25:31,23.125,56.37,102.739,47.081,81.937,0.656464
2025-01-01 01:25:32,23.131,56.395,104.314,47.743,82.152,0.66469
2025-01-01 01:25:33,22.447,54.164,104.753,45.975,83.414,0.687349
2025-01-01 01:25:34,22.867,56.657,101.867,47.894,83.036,0.660253
2025-01-01 01:25:35,22.981,56.727,103.487,47.165,82.54,0.670886
2025-01-01 01:25:36,23.356,56.803,102.748,49.246,83.274,0.650144
2025-01-01 01:25:37,23.386,55.082,104.189,47.509,82.468,0.653763
2025-01-01 01:25:38,22.871,54.478,102.877,48.966,80.816,0.628094
2025-01-01 01:25:39,23.403,54.235,102.87,48.31,81.036,0.621451
2025-01-01 01:25:40,23.084,54.108,105.39,48.547,83.04,0.659037
2025-01-01 01:25:41,21.747,55.212,104.175,48.917,80.619,0.664338
2025-01-01 01:25:42,22.947,56.039,104.355,48.51,81.76,0.658233
2025-01-01 01:25:43,23.736,56.489,104.921,48.088,82.029,0.654125
2025-01-01 01:25:44,22.363,54.688,105.533,48.01,80.875,0.665918
2025-01-01 01:25:45,23.267,55.126,104.217,49.121,80.063,0.627138
2025-01-01 01:25:46,24.011,55.052,104.311,47.246,80.603,0.629014
2025-01-01 01:25:47,22.846,54.513,104.387,50.165,79.789,0.623491
2025-01-01 01:25:48,23.235,55.876,105.931,48.982,82.643,0.665774
2025-01-01 01:25:49,22.59,55.495,104.852,48.662,82.335,0.668493
2025-01-01 01:25:50,24.063,55.267,104.699,49.2,80.894,0.620802
2025-01-01 01:25:51,23.216,55.476,105.45,48.567,80.113,0.643798
2025-01-01 01:25:52,23.289,55.726,106.959,48.956,83.101,0.674344
2025-01-01 01:25:53,23.952,55.709,105.27,48.248,82.178,0.646901
2025-01-01 01:25:54,23.614,54.259,104.994,49.51,80.851,0.622848
2025-01-01 01:25:55,22.854,55.987,107.273,49.203,82.968,0.684147
2025-01-01 01:25:56,22.977,55.34,106.725,49.472,81.656,0.662288
2025-01-01 01:25:57,23.557,54.644,106.646,50.565,81.82,0.638904
2025-01-01 01:25:58,23.006,55.307,105.025,48.792,80.135,0.642546
2025-01-01 01:25:59,22.269,55.412,104.99,49.389,79.513,0.649354
2025-01-01 01:26:00,23.31,56.144,103.819,48.227,79.395,0.631525
2025-01-01 01:26:01,22.606,54.011,106.68,50.045,83.725,0.67203
2025-01-01 01:26:02,24.163,56.377,105.854,49.648,80.179,0.626229
2025-01-01 01:26:03,23.453,55.07,104.037,49.733,81.197,0.626072
2025-01-01 01:26:04,22.922,54.537,107.1,49.65,81.616,0.659126
2025-01-01 01:26:05,23.035,54.502,105.621,49.371,80.986,0.643211
2025-01-01 01:26:06,22.449,54.033,105.803,51.887,80.772,0.634376
2025-01-01 01:26:07,22.854,53.29,104.563,49.978,80.692,0.624361
2025-01-01 01:26:08,23.922,55.705,106.625,50.242,81.426,0.637708
2025-01-01 01:26:09,24.54,57.005,106.691,49.15,79.548,0.627393
2025-01-01 01:26:10,23.798,53.403,106.198,50.827,80.213,0.607364
2025-01-01 01:26:11,23.399,54.067,105.882,50.077,77.923,0.605486
2025-01-01 01:26:12,23.24,55.767,108.982,50.59,78.397,0.643594
2025-01-01 01:26:13,22.988,54.967,105.205,51.012,79.021,0.617693
2025-01-01 01:26:14,24.507,55.845,105.74,50.264,81.549,0.62077
2025-01-01 01:26:15,23.393,54.907,107.222,49.862,80.143,0.640229
2025-01-01 01:26:16,24.557,54.426,105.55,48.599,81.253,0.61773
2025-01-01 01:26:17,24.207,54.779,105.527,50.208,80.823,0.612706
2025-01-01 01:26:18,22.651,52.621,107.796,50.028,80.619,0.646458
2025-01-01 01:26:19,23.199,53.859,107.319,49.716,79.119,0.630812
2025-01-01 01:26:20,23.209,55.95,107.246,51.849,80.288,0.63881
2025-01-01 01:26:21,23.515,56.193,106.99,51.529,80.449,0.635743
2025-01-01 01:26:22,23.537,56.406,106.163,49.335,82.73,0.66316
2025-01-01 01:26:23,25.077,55.441,106.647,50.978,79.619,0.59195
2025-01-01 01:26:24,23.052,52.744,106.866,50.257,80.858,0.63254
2025-01-01 01:26:25,23.717,54.365,107.835,51.26,79.777,0.621532
2025-01-01 01:26:26,23.922,56.325,107.457,50.382,79.028,0.628532
2025-01-01 01:26:27,23.625,56.624,106.145,50.646,80.86,0.639634
2025-01-01 01:26:28,23.693,56.365,107.904,51.902,82.031,0.649351
2025-01-01 01:26:29,23.128,54.767,105.476,51.842,80.021,0.617291
2025-01-01 01:26:30,23.716,53.698,106.873,52.448,78.833,0.593615
2025-01-01 01:26:31,23.931,54.965,106.09,51.121,80.159,0.612339
2025-01-01 01:26:32,23.852,55.023,106.413,50.184,79.879,0.621252
2025-01-01 01:26:33,23.986,56.575,109.233,52.14,82.149,0.653519
2025-01-01 01:26:34,24.419,55.24,105.872,52.198,80.326,0.595765
2025-01-01 01:26:35,24.194,55.031,106.558,52.012,78.261,0.589048
2025-01-01 01:26:36,23.774,55.09,107.921,50.967,80.856,0.636473
2025-01-01 01:26:37,23.166,55.42,106.974,50.758,80.203,0.640981
2025-01-01 01:26:38,23.465,55.649,107.632,52.095,80.341,0.63289
2025-01-01 01:26:39,23.668,54.302,108.937,51.009,79.698,0.631311
2025-01-01 01:26:40,23.917,53.972,108.192,51.523,80.32,0.619535
2025-01-01 01:26:41,23.565,56.404,107.098,54.146,79.585,0.61179
2025-01-01 01:26:42,23.35,53.396,107.462,53.575,78.697,0.59457
2025-01-01 01:26:43,23.237,56.679,108.153,52.556,79.11,0.635864
2025-01-01 01:26:44,23.019,53.135,108.284,51.442,78.756,0.621629
2025-01-01 01:26:45,23.741,54.466,107.695,51.443,79.251,0.615265
2025-01-01 01:26:46,23.138,56.027,108.06,52.643,78.883,0.63037
2025-01-01 01:26:47,23.386,55.061,108.085,53.317,78.357,0.609564
2025-01-01 01:26:48,23.703,53.749,107.654,51.758,78.464,0.602147
2025-01-01 01:26:49,23.246,55.498,107.162,51.85,78.624,0.621342
2025-01-01 01:26:50,24.118,55.144,108.531,52.333,76.438,0.589424
2025-01-01 01:26:51,24.312,54.867,108.1,51.198,79.752,0.614627
2025-01-01 01:26:52,23.682,54.465,105.746,51.269,78.887,0.600369
2025-01-01 01:26:53,23.752,55.061,107.019,51.461,77.683,0.60167
2025-01-01 01:26:54,24.254,54.52,107.381,52.884,79.074,0.590503
2025-01-01 01:26:55,23.642,57.543,107.677,52.71,77.702,0.617867
2025-01-01 01:26:56,23.622,54.876,109.097,53.446,77.65,0.604156
2025-01-01 01:26:57,24.627,54.749,111.109,51.191,78.657,0.620758
2025-01-01 01:26:58,24.485,54.589,105.461,51.41,79.872,0.588582
2025-01-01 01:26:59,24.358,56.915,108.236,53.031,78.44,0.605787
2025-01-01 01:27:00,24.535,53.507,108.013,52.011,77.121,0.572274
2025-01-01 01:27:01,23.099,55.514,107.773,52.111,77.578,0.619018
2025-01-01 01:27:02,24.779,54.923,108.505,53.602,78.968,0.584414
2025-01-01 01:27:03,24.313,53.748,108.12,52.39,78.383,0.587204
2025-01-01 01:27:04,24.637,54.361,107.616,52.524,78.998,0.584765
2025-01-01 01:27:05,24.341,55.506,108.013,52.712,78.268,0.595283
2025-01-01 01:27:06,24.187,54.334,108.545,52.799,78.671,0.596757
2025-01-01 01:27:07,24.04,55.467,108.455,53.537,80.111,0.613543
2025-01-01 01:27:08,24.376,56.946,108.185,52.059,76.022,0.592898
2025-01-01 01:27:09,24.052,55.398,107.415,52.913,80.483,0.612465
2025-01-01 01:27:10,24.657,53.784,110.819,54.03,78.669,0.590777
2025-01-01 01:27:11,23.445,54.4,108.359,54.842,80.645,0.612875
2025-01-01 01:27:12,23.983,54.972,108.762,52.086,76.266,0.593256
2025-01-01 01:27:13,25.292,54.916,107.49,53.471,77.855,0.557167
2025-01-01 01:27:14,23.972,55.431,108.184,53.088,77.539,0.595455
2025-01-01 01:27:15,24.181,55.603,108.173,53.194,78.359,0.597885
2025-01-01 01:27:16,23.875,57.032,106.074,52.674,77.814,0.59844
2025-01-01 01:27:17,24.5,55.309,107.264,53.942,77.631,0.570547
2025-01-01 01:27:18,23.979,54.173,107.239,53.932,78.088,0.577267
2025-01-01 01:27:19,24.271,56.491,107.366,55.417,76.977,0.568882
2025-01-01 01:27:20,24.804,56.612,106.888,52.372,76.439,0.572347
2025-01-01 01:27:21,24.046,55.594,107.992,52.059,77.554,0.601125
2025-01-01 01:27:22,24.805,55.127,109.335,55.13,76.342,0.559034
2025-01-01 01:27:23,24.838,56.009,108.057,53.472,76.766,0.570685
2025-01-01 01:27:24,24.97,55.188,106.732,53.175,75.14,0.540278
2025-01-01 01:27:25,24.529,53.357,106.869,53.717,76.891,0.547994
2025-01-01 01:27:26,26.096,55.99,107.508,52.477,75.663,0.536648
2025-01-01 01:27:27,25.018,56.332,106.454,53.918,76.692,0.552851
2025-01-01 01:27:28,24.67,56.894,108.158,53.577,75.383,0.569615
2025-01-01 01:27:29,24.085,54.737,109.189,54.523,76.617,0.577645
2025-01-01 01:27:30,24.491,55.708,107.242,54.373,77.675,0.57069
2025-01-01 01:27:31,25.269,55.744,107.875,54.461,75.836,0.54278
2025-01-01 01:27:32,25.427,55.596,107.349,53.882,75.386,0.534657
2025-01-01 01:27:33,25.328,55.64,107.127,55.034,77.4,0.543583
2025-01-01 01:27:34,24.997,55.577,107.924,54.231,77.514,0.563508
2025-01-01 01:27:35,23.993,55.767,107.048,53.362,76.883,0.581547
2025-01-01 01:27:36,24.881,56.311,106.879,53.159,75.773,0.557084
2025-01-01 01:27:37,24.033,56.807,106.043,53.266,75.532,0.570319
2025-01-01 01:27:38,23.927,54.846,107.701,54.311,75.848,0.565839
2025-01-01 01:27:39,24.806,55.446,108.676,52.79,76.132,0.571825
2025-01-01 01:27:40,24.965,55.212,108.289,53.994,74.09,0.537857
2025-01-01 01:27:41,25.171,55.085,109.044,53.218,74.939,0.550956
2025-01-01 01:27:42,24.985,54.051,106.848,52.895,77.579,0.554618
2025-01-01 01:27:43,25.018,55.708,108.343,53.037,76.286,0.565956
2025-01-01 01:27:44,24.277,56.18,106.358,53.903,77.468,0.573876
2025-01-01 01:27:45,24.733,55.563,108.137,54.544,77.174,0.565783
2025-01-01 01:27:46,24.049,55.726,109.038,53.402,75.54,0.583979
2025-01-01 01:27:47,23.817,56.171,107.858,52.291,75.519,0.591226
2025-01-01 01:27:48,25.206,57.181,108.986,56.484,76.996,0.55801
2025-01-01 01:27:49,24.476,55.368,106.69,54.862,76.707,0.552722
2025-01-01 01:27:50,25.305,54.635,107.117,54.721,76.943,0.535062
2025-01-01 01:27:51,25.44,55.734,106.298,55.283,75.704,0.519377
2025-01-01 01:27:52,24.592,57.726,107.209,54.06,75.853,0.57046
2025-01-01 01:27:53,25.214,54.701,107.404,53.882,75.337,0.532768
2025-01-01 01:27:54,24.605,56.53,107.12,55.079,75.543,0.550587
2025-01-01 01:27:55,24.029,57.057,106.578,55.076,74.747,0.556579
2025-01-01 01:27:56,25.03,53.553,106.519,54.491,75.443,0.517736
2025-01-01 01:27:57,24.75,56.348,107.312,54.706,75.305,0.548291
2025-01-01 01:27:58,24.782,56.561,106.763,53.009,74.911,0.554255
2025-01-01 01:27:59,26.006,55.71,105.726,53.794,76.375,0.518743
2025-01-01 01:28:00,24.272,55.351,104.935,55.361,73.698,0.514821
2025-01-01 01:28:01,25.244,55.426,106.19,54.639,75.761,0.525929
2025-01-01 01:28:02,24.571,55.709,105.355,52.823,74.215,0.537349
2025-01-01 01:28:03,25.54,55.756,105.854,53.564,74.27,0.514773
2025-01-01 01:28:04,25.251,55.587,106.217,55.217,74.339,0.511017
2025-01-01 01:28:05,25.308,55.755,106.444,54.343,75.786,0.53133
2025-01-01 01:28:06,24.663,57.311,105.873,54.119,72.479,0.527209
2025-01-01 01:28:07,24.769,54.927,108.679,54.136,75.358,0.552553
2025-01-01 01:28:08,25.632,54.413,105.174,53.891,75.178,0.502432
2025-01-01 01:28:09,26.071,57.391,107.591,53.53,73.928,0.526048
2025-01-01 01:28:10,25.442,56.013,106.166,53.273,75.279,0.531896
2025-01-01 01:28:11,24.77,55.839,105.616,54.738,73.574,0.51626
2025-01-01 01:28:12,25.404,56.138,106.805,54.109,74.947,0.529647
2025-01-01 01:28:13,26.465,56.481,105.709,54.473,73.469,0.484769
2025-01-01 01:28:14,25.319,55.77,105.298,54.332,77.401,0.535767
2025-01-01 01:28:15,26.015,56.822,107.836,55.008,75.945,0.530651
2025-01-01 01:28:16,24.931,55.376,103.794,54.23,75.178,0.512107
2025-01-01 01:28:17,25.296,56.06,105.684,54.511,73.708,0.509421
2025-01-01 01:28:18,25.644,54.17,106.059,53.97,74.496,0.500984
2025-01-01 01:28:19,25.549,57.58,107.216,53.061,74.518,0.544609
2025-01-01 01:28:20,24.983,56.255,105.348,53.621,75.062,0.533206
2025-01-01 01:28:21,24.978,57.124,108.345,54.256,75.224,0.559614
2025-01-01 01:28:22,25.894,56.954,106.381,54.307,74.989,0.520331
2025-01-01 01:28:23,26.011,57.051,103.191,54.906,75.104,0.489963
2025-01-01 01:28:24,26.188,56.518,104.04,53.357,74.465,0.494908
2025-01-01 01:28:25,26.35,56.938,105.666,53.884,75.055,0.50807
2025-01-01 01:28:26,25.532,55.612,104.219,53.578,73.854,0.497534
2025-01-01 01:28:27,25.325,55.427,105.844,54.958,73.319,0.498687
2025-01-01 01:28:28,26.172,56.521,104.776,53.936,76.789,0.516061
2025-01-01 01:28:29,25.869,55.967,103.966,53.928,75.048,0.497954
2025-01-01 01:28:30,25.038,58.097,104.129,53.558,76.694,0.550235
2025-01-01 01:28:31,25.028,57.072,105.877,53.38,74.174,0.536852
2025-01-01 01:28:32,25.807,56.005,102.933,52.375,77.375,0.522593
2025-01-01 01:28:33,25.488,56.476,105.931,52.498,74.557,0.532272
2025-01-01 01:28:34,25.58,56.906,105.889,53.622,75.816,0.535164
2025-01-01 01:28:35,26.145,56.73,104.412,53.494,74.46,0.499306
2025-01-01 01:28:36,26.004,57.096,103.267,53.569,74.598,0.496865
2025-01-01 01:28:37,26.306,56.918,105.155,54.144,74.243,0.496228
2025-01-01 01:28:38,24.691,55.485,104.04,53.435,73.771,0.514484
2025-01-01 01:28:39,25.799,54.751,102.938,53.051,75.52,0.492895
2025-01-01 01:28:40,26.035,56.554,106.288,53.129,74.315,0.51664
2025-01-01 01:28:41,24.94,57.515,103.419,53.46,75.305,0.531806
2025-01-01 01:28:42,25.391,56.618,102.756,52.927,75.376,0.514371
2025-01-01 01:28:43,25.314,58.244,104.438,54.049,75.972,0.537925
2025-01-01 01:28:44,25.761,56.987,104.009,53.154,74.764,0.511819
2025-01-01 01:28:45,26.579,58.418,105.486,53.329,72.43,0.494914
2025-01-01 01:28:46,26.792,58.24,103.542,52.438,73.844,0.492065
2025-01-01 01:28:47,25.389,58.167,103.475,53.907,74.183,0.514369
2025-01-01 01:28:48,26.075,55.939,104.102,54.169,74.214,0.485433
2025-01-01 01:28:49,26.106,57.187,103.888,51.889,75.767,0.522437
2025-01-01 01:28:50,26.035,58.42,103.839,53.262,75.536,0.520667
2025-01-01 01:28:51,26.056,57.498,103.801,52.816,73.986,0.503424
2025-01-01 01:28:52,26.024,57.807,103.614,53.09,77.063,0.52858
2025-01-01 01:28:53,26.731,55.893,102.953,53.184,73.717,0.464646
2025-01-01 01:28:54,26.453,59.228,104.121,50.994,73.803,0.522103
2025-01-01 01:28:55,25.386,56.546,102.847,53.348,72.802,0.490054
2025-01-01 01:28:56,26.329,55.371,103.93,53.588,72.232,0.462005
2025-01-01 01:28:57,26.392,57.043,104.431,53.636,72.677,0.480331
2025-01-01 01:28:58,26.118,54.975,102.284,51.857,75.3,0.489398
2025-01-01 01:28:59,26.541,56.366,105.283,52.545,74.965,0.505798
2025-01-01 01:29:00,26.084,60.038,102.083,52.094,73.006,0.505683
2025-01-01 01:29:01,26.104,57.128,102.006,50.949,74.179,0.501161
2025-01-01 01:29:02,26.079,56.11,103.168,51.939,75.019,0.502737
2025-01-01 01:29:03,25.024,57.592,102.985,51.523,71.605,0.51084
2025-01-01 01:29:04,26.007,56.698,102.531,52.612,76.165,0.508304
2025-01-01 01:29:05,25.727,58.489,103.193,50.992,75.295,0.538031
2025-01-01 01:29:06,25.482,56.765,102.542,51.467,74.999,0.519565
2025-01-01 01:29:07,26.806,57.955,104.27,51.788,75.464,0.513668
2025-01-01 01:29:08,26.355,56.566,102.065,52.771,71.568,0.456443
2025-01-01 01:29:09,26.102,60.342,101.178,54.329,73.751,0.489931
2025-01-01 01:29:10,25.849,58.276,101.395,52.301,75.52,0.511792
2025-01-01 01:29:11,26.293,57.657,102.332,51.183,73.999,0.500175
2025-01-01 01:29:12,26.654,57.54,102.26,51.416,74.896,0.496335
2025-01-01 01:29:13,25.758,57.309,101.894,52.436,75.741,0.511285
2025-01-01 01:29:14,26.183,57.132,100.751,50.782,74.846,0.496422
2025-01-01 01:29:15,26.633,57.135,102.622,52.685,73.691,0.477058
2025-01-01 01:29:16,25.244,59.632,103.363,51.976,74.691,0.546326
2025-01-01 01:29:17,26.196,57.432,101.367,51.605,71.995,0.473274
2025-01-01 01:29:18,26.024,55.885,103.061,50.306,74.589,0.510134
2025-01-01 01:29:19,26.184,56.879,102.029,52.338,74.901,0.493271
2025-01-01 01:29:20,26.014,59.004,103.293,50.939,74.184,0.527413
2025-01-01 01:29:21,26.346,57.855,101.459,51.619,75.399,0.502037
2025-01-01 01:29:22,27.252,58.004,101.035,51.317,74.342,0.472943
2025-01-01 01:29:23,26.141,59.339,101.652,50.122,74.187,0.520409
2025-01-01 01:29:24,26.461,57.423,100.288,51.151,76.213,0.497348
2025-01-01 01:29:25,27.325,58.863,101.04,50.313,72.869,0.47303
2025-01-01 01:29:26,26.065,57.594,101.875,50.706,75.693,0.518943
2025-01-01 01:29:27,27.26,58.869,101.275,51.519,75.603,0.490099
2025-01-01 01:29:28,26.367,57.934,100.335,51.68,75.048,0.489986
2025-01-01 01:29:29,27.268,58.115,100.478,51.049,73.554,0.464545
2025-01-01 01:29:30,26.764,59.208,100.946,50.301,74.457,0.500813
2025-01-01 01:29:31,26.554,59.167,100.824,50.435,73.088,0.491857
2025-01-01 01:29:32,26.38,58.286,100.761,50.365,73.386,0.491681
2025-01-01 01:29:33,26.112,58.011,100.262,49.132,74.226,0.50799
2025-01-01 01:29:34,26.474,60.114,99.009,50.844,73.016,0.482921
2025-01-01 01:29:35,26.896,59.136,99.079,49.396,73.805,0.484067
2025-01-01 01:29:36,26.453,58.187,100.117,50.734,72.772,0.476416
2025-01-01 01:29:37,26.312,57.957,100.398,49.449,74.888,0.507301
2025-01-01 01:29:38,26.356,59.667,100.18,49.595,76.077,0.526214
2025-01-01 01:29:39,26.989,58.79,98.714,51.038,76.762,0.488857
2025-01-01 01:29:40,27.117,58.543,99.15,50.466,72.897,0.459708
2025-01-01 01:29:41,26.181,58.854,98.038,48.882,73.12,0.48805
2025-01-01 01:29:42,26.191,59.109,97.732,49.886,74.102,0.488001
2025-01-01 01:29:43,26.726,58.747,99.117,50.485,75.161,0.488404
2025-01-01 01:29:44,27.311,60.04,100.306,49.723,74.077,0.49091
2025-01-01 01:29:45,27.131,60.128,98.959,49.887,75.494,0.495689
2025-01-01 01:29:46,25.942,59.433,100.68,50.3,74.991,0.523351
2025-01-01 01:29:47,26.446,60.308,98.52,50.083,72.246,0.480473
2025-01-01 01:29:48,26.123,58.974,98.627,49.197,74.449,0.503581
2025-01-01 01:29:49,26.465,59.689,97.518,49.951,72.911,0.474134
2025-01-01 01:29:50,27.411,60.036,98.074,49.646,73.736,0.468974
2025-01-01 01:29:51,25.907,60.083,97.144,51.198,73.936,0.485891
2025-01-01 01:29:52,25.819,60.013,96.702,49.679,75.337,0.506957
2025-01-01 01:29:53,26.223,59.761,96.988,49.813,74.429,0.489631
2025-01-01 01:29:54,26.791,61.12,98.16,49.856,73.923,0.49167
2025-01-01 01:29:55,26.967,58.656,97.252,49.333,77.016,0.491825
2025-01-01 01:29:56,26.885,59.073,97.403,48.958,73.447,0.471091
2025-01-01 01:29:57,27.263,59.047,98.227,49.845,74.884,0.474133
2025-01-01 01:29:58,25.803,58.926,96.183,49.795,75.359,0.494427
2025-01-01 01:29:59,27.287,57.338,97.727,51.031,74.78,0.447288
2025-01-01 01:30:00,26.546,60.735,98.41,49.902,73.521,0.49255
2025-01-01 01:30:01,27.076,58.367,98.412,49.859,73.481,0.462926
2025-01-01 01:30:02,26.057,59.596,97.909,49.77,75.386,0.507622
2025-01-01 01:30:03,26.73,58.038,97.257,48.588,75.918,0.489
2025-01-01 01:30:04,26.854,60.113,96.602,48.078,74.623,0.489695
2025-01-01 01:30:05,27.322,58.74,97.06,48.226,73.128,0.458971
2025-01-01 01:30:06,25.96,58.423,98.713,49.524,74.745,0.503804
2025-01-01 01:30:07,26.776,59.787,97.25,50.056,76.574,0.495499
2025-01-01 01:30:08,26.225,58.925,96.788,49.451,73.573,0.477351
2025-01-01 01:30:09,27.028,59.085,97.377,48.675,74.424,0.477986
2025-01-01 01:30:10,27.172,59.864,96.781,50.096,74.9,0.469289
2025-01-01 01:30:11,27.434,60.525,96.877,48.345,76.163,0.492695
2025-01-01 01:30:12,26.531,58.94,96.324,47.728,74.247,0.485495
2025-01-01 01:30:13,27.269,58.801,96.075,48.795,75.49,0.468289
2025-01-01 01:30:14,27.493,59.849,97.407,49.573,76.606,0.484934
2025-01-01 01:30:15,25.998,60.398,94.381,47.811,73.186,0.483768
2025-01-01 01:30:16,27.133,61.355,96.731,47.07,73.418,0.491271
2025-01-01 01:30:17,27.312,58.854,95.697,48.411,74.908,0.46281
2025-01-01 01:30:18,26.71,59.64,94.191,48.946,76.225,0.477403
2025-01-01 01:30:19,26.241,61.168,95.044,45.906,75.477,0.522628
2025-01-01 01:30:20,27.324,61.998,95.906,49.008,76.391,0.495582
2025-01-01 01:30:21,26.259,59.065,95.967,47.081,73.095,0.48501
2025-01-01 01:30:22,26.776,59.353,96.53,48.704,75.583,0.488499
2025-01-01 01:30:23,26.851,60.506,96.523,46.476,71.783,0.480447
2025-01-01 01:30:24,27.234,59.581,94.093,46.844,76.822,0.485127
2025-01-01 01:30:25,26.569,59.432,95.943,48.469,76.688,0.500128
2025-01-01 01:30:26,26.546,60.469,96.22,48.898,74.9,0.492479
2025-01-01 01:30:27,26.943,61.808,95.638,47.869,72.555,0.477214
2025-01-01 01:30:28,27.402,58.982,95.849,49.745,75.108,0.454666
2025-01-01 01:30:29,28.048,61.823,93.342,46.963,76.732,0.47615
2025-01-01 01:30:30,26.155,59.783,94.213,46.905,75.922,0.503902
2025-01-01 01:30:31,27.071,60.737,96.498,47.445,77.678,0.518871
2025-01-01 01:30:32,26.375,62.015,94.782,47.36,75.138,0.510188
2025-01-01 01:30:33,27.433,60.783,97.215,47.821,77.965,0.516261
2025-01-01 01:30:34,26.458,60.193,93.645,46.955,73.137,0.472162
2025-01-01 01:30:35,26.595,61.242,96.418,47.958,74.688,0.504002
2025-01-01 01:30:36,26.642,60.384,94.176,47.895,74.08,0.474427
2025-01-01 01:30:37,26.902,61.112,95.582,48.706,76.554,0.49951
2025-01-01 01:30:38,27.106,60.419,94.358,46.98,74.254,0.473965
2025-01-01 01:30:39,27.19,61.518,94.703,47.599,76.952,0.500835
2025-01-01 01:30:40,26.949,59.295,95.118,47.772,76.605,0.488643
2025-01-01 01:30:41,26.291,59.709,93.845,47.24,76.036,0.495857
2025-01-01 01:30:42,27.323,59.347,95.195,47.035,75.721,0.47939
2025-01-01 01:30:43,26.936,60.732,94.065,45.513,74.631,0.491985
2025-01-01 01:30:44,27.546,59.292,94.447,47.191,76.654,0.474726
2025-01-01 01:30:45,26.614,60.162,91.562,47.561,75.36,0.466146
2025-01-01 01:30:46,26.17,59.78,93.809,46.999,76.927,0.508044
2025-01-01 01:30:47,26.957,62.399,95.35,46.382,77.842,0.534236
2025-01-01 01:30:48,27.625,59.962,94.721,45.626,75.714,0.48401
2025-01-01 01:30:49,27.06,59.699,94.854,47.295,77.71,0.499899
2025-01-01 01:30:50,26.882,61.266,93.963,46.923,76.394,0.500524
2025-01-01 01:30:51,26.548,62.737,95.529,47.973,76.923,0.527794
2025-01-01 01:30:52,27.865,60.967,94.084,45.666,74.662,0.472134
2025-01-01 01:30:53,26.473,61.077,93.08,46.415,75.466,0.497483
2025-01-01 01:30:54,26.627,62.439,94.54,45.7,75.495,0.521233
2025-01-01 01:30:55,27.276,62.059,94.554,47.545,77.99,0.510844
2025-01-01 01:30:56,26.065,61.638,94.207,47.683,75.996,0.514589
2025-01-01 01:30:57,27.631,60.663,93.122,48.198,77.215,0.469875
2025-01-01 01:30:58,27.307,61.733,93.755,47.046,76.413,0.492057
2025-01-01 01:30:59,27.446,59.949,94.816,47.23,76.119,0.480028
2025-01-01 01:31:00,27.276,60.718,93.85,46.918,74.825,0.473637
2025-01-01 01:31:01,26.917,62.805,91.845,46.998,74.345,0.477088
2025-01-01 01:31:02,26.467,62.708,92.645,46.551,76.274,0.512156
2025-01-01 01:31:03,26.929,61.875,92.551,46.979,76.388,0.492526
2025-01-01 01:31:04,26.512,59.54,92.425,48.169,75.716,0.468925
2025-01-01 01:31:05,27.243,60.293,91.022,46.606,76.99,0.469503
2025-01-01 01:31:06,27.403,60.854,94.979,46.425,79.218,0.520883
2025-01-01 01:31:07,27.738,61.393,92.168,46.539,78.699,0.490259
2025-01-01 01:31:08,27.186,60.346,92.197,46.237,76.933,0.482623
2025-01-01 01:31:09,27.462,61.382,91.016,46.531,77.021,0.473509
2025-01-01 01:31:10,26.851,63.427,93.783,46.165,77.767,0.533097
2025-01-01 01:31:11,26.759,62.092,92.784,47.205,77.34,0.506033
2025-01-01 01:31:12,27.235,61.941,92.484,47.104,77.863,0.496978
2025-01-01 01:31:13,26.804,60.736,92.498,47.981,77.469,0.487883
2025-01-01 01:31:14,27.131,60.146,93.346,46.21,77.299,0.494585
2025-01-01 01:31:15,26.464,60.588,92.241,46.441,76.451,0.495462
2025-01-01 01:31:16,26.553,60.168,90.695,46.39,77.701,0.489049
2025-01-01 01:31:17,27.31,61.953,91.357,46.335,74.6,0.465201
2025-01-01 01:31:18,27.434,62.293,91.271,47.063,77.681,0.484443
2025-01-01 01:31:19,26.496,60.974,92.856,44.843,74.932,0.50177
2025-01-01 01:31:20,27.322,62.118,93.478,46.497,77.78,0.507947
2025-01-01 01:31:21,26.719,63.47,93.982,47.711,76.336,0.514463
2025-01-01 01:31:22,26.991,63.989,90.85,47.192,79.094,0.514633
2025-01-01 01:31:23,27.689,62.832,93.075,47.088,77.717,0.496948
2025-01-01 01:31:24,27.382,61.917,91.811,46.751,77.662,0.489185
2025-01-01 01:31:25,27.374,62.86,95.321,45.59,78.197,0.536968
2025-01-01 01:31:26,27.928,63.504,93.754,45.457,76.723,0.50588
2025-01-01 01:31:27,26.619,60.175,94.046,45.454,79.157,0.532905
2025-01-01 01:31:28,26.475,63.694,93.121,45.128,78.694,0.553733
2025-01-01 01:31:29,26.603,61.698,92.676,46.789,77.251,0.508117
2025-01-01 01:31:30,26.834,61.737,91.868,47.199,76.693,0.489182
2025-01-01 01:31:31,25.781,61.947,91.649,46.366,77.51,0.525769
2025-01-01 01:31:32,26.851,62.651,91.427,46.657,77.88,0.506165
2025-01-01 01:31:33,26.679,61.249,92.824,46.244,76.759,0.504199
2025-01-01 01:31:34,27.339,62.105,93.747,46.461,77.564,0.508054
2025-01-01 01:31:35,27.12,62.944,91.812,44.31,77.454,0.519376
2025-01-01 01:31:36,26.639,62.667,91.428,46.253,77.974,0.514869
2025-01-01 01:31:37,27.23,62.858,90.65,45.66,78.035,0.501892
2025-01-01 01:31:38,27.293,62.182,92.363,45.968,78.906,0.513744
2025-01-01 01:31:39,26.542,63.229,93.333,46.181,78.411,0.540236
2025-01-01 01:31:40,26.675,63.62,93.369,45.43,78.908,0.550159
2025-01-01 01:31:41,25.805,63.589,93.455,45.144,78.777,0.57093
2025-01-01 01:31:42,26.367,63.048,92.481,45.41,78.297,0.540996
2025-01-01 01:31:43,26.536,63.588,92.145,44.852,79.405,0.551929
2025-01-01 01:31:44,26.94,63.548,93.327,45.092,75.344,0.516348
2025-01-01 01:31:45,26.425,65.382,90.926,45.207,78.26,0.546231
2025-01-01 01:31:46,26.635,63.951,91.587,44.879,78.059,0.536777
2025-01-01 01:31:47,26.274,62.672,93.732,46.458,78.94,0.547505
2025-01-01 01:31:48,26.966,61.877,90.94,45.322,78.089,0.505718
2025-01-01 01:31:49,27.088,62.555,91.976,44.561,79.563,0.534093
2025-01-01 01:31:50,27.07,62.512,92.637,45.74,79.828,0.532709
2025-01-01 01:31:51,26.869,63.383,92.086,45.18,77.351,0.523031
2025-01-01 01:31:52,26.087,62.198,93.151,47.249,79.334,0.54101
2025-01-01 01:31:53,26.541,64.118,93.526,46.2,77.582,0.541387
2025-01-01 01:31:54,26.641,61.563,92.48,44.93,79.749,0.539399
2025-01-01 01:31:55,26.636,61.347,93.391,46.575,78.668,0.523716
2025-01-01 01:31:56,26.869,62.871,91.074,46.203,78.317,0.511701
2025-01-01 01:31:57,27.537,62.19,91.849,45.959,77.283,0.490821
2025-01-01 01:31:58,27.224,61.801,94.415,47.425,79.279,0.520633
2025-01-01 01:31:59,26.317,62.448,93.958,45.402,78.055,0.547161
2025-01-01 01:32:00,27.143,62.35,90.744,47.028,77.718,0.48788
2025-01-01 01:32:01,27.116,63.148,92.015,45.89,79.776,0.530026
2025-01-01 01:32:02,26.386,62.543,92.172,46.222,80.77,0.54883
2025-01-01 01:32:03,27.206,62.65,92.461,45.657,80.135,0.532501
2025-01-01 01:32:04,26.694,63.21,93.328,45.728,77.999,0.536645
2025-01-01 01:32:05,26.061,64.254,93.904,45.95,79.607,0.574456
2025-01-01 01:32:06,26.986,64.736,92.115,44.8,80.642,0.560787
2025-01-01 01:32:07,26.859,63.438,93.212,46.621,79.716,0.541324
2025-01-01 01:32:08,26.628,63.541,92.752,46.459,80.325,0.549901
2025-01-01 01:32:09,26.715,63.157,92.097,45.193,79.464,0.542339
2025-01-01 01:32:10,26.366,63.847,90.436,46.944,79.582,0.530297
2025-01-01 01:32:11,27.022,63.78,93.169,47.608,79.306,0.529124
2025-01-01 01:32:12,26.687,64.74,92.774,45.937,80.887,0.566125
2025-01-01 01:32:13,26.783,61.55,92.577,45.868,81.017,0.540398
2025-01-01 01:32:14,26.869,63.228,91.225,47.414,79.595,0.517117
2025-01-01 01:32:15,26.104,63.826,94.186,46.875,81.222,0.578884
2025-01-01 01:32:16,26.226,63.484,92.401,46.473,78.658,0.541868
2025-01-01 01:32:17,25.558,62.595,91.13,47.263,80.22,0.547314
2025-01-01 01:32:18,26.937,62.258,90.992,46.861,78.855,0.504491
2025-01-01 01:32:19,26.039,64.387,92.997,47.816,79.175,0.551644
2025-01-01 01:32:20,26.701,62.847,93.052,46.692,78.949,0.532295
2025-01-01 01:32:21,26.811,61.872,91.908,47.079,79.855,0.518264
2025-01-01 01:32:22,26.917,64.507,92.861,47.65,81.44,0.55183
2025-01-01 01:32:23,26.004,64.132,93.094,44.847,80.657,0.58522
2025-01-01 01:32:24,26.563,63.579,92.595,47.748,80.104,0.538998
2025-01-01 01:32:25,27.421,62.803,91.784,46.472,80.65,0.521732
2025-01-01 01:32:26,27.433,63.626,93.477,47.312,78.445,0.516203
2025-01-01 01:32:27,27.059,64.978,93.386,48.28,81.653,0.553301
2025-01-01 01:32:28,26.724,62.169,93.148,46.741,78.323,0.521915
2025-01-01 01:32:29,26.042,62.242,91.781,46.659,80.225,0.543483
2025-01-01 01:32:30,26.893,63.199,91.318,47.018,81.033,0.532002
2025-01-01 01:32:31,26.444,63.822,92.761,45.939,81.716,0.571385
2025-01-01 01:32:32,26.792,63.373,93.651,48.9,81.521,0.543684
2025-01-01 01:32:33,26.185,64.533,93.799,47.147,81.229,0.577406
2025-01-01 01:32:34,26.404,65.0,93.381,48.538,83.09,0.577788
2025-01-01 01:32:35,26.561,64.211,92.385,46.997,83.812,0.578118
2025-01-01 01:32:36,26.591,64.513,92.072,47.332,81.456,0.555523
2025-01-01 01:32:37,26.703,64.245,92.9,48.103,81.38,0.551096
2025-01-01 01:32:38,26.155,64.003,92.951,46.509,81.361,0.573449
2025-01-01 01:32:39,25.762,62.72,94.108,47.352,80.872,0.57137
2025-01-01 01:32:40,27.234,63.005,92.565,48.204,82.109,0.532686
2025-01-01 01:32:41,27.654,62.702,92.692,47.353,83.236,0.537698
2025-01-01 01:32:42,26.622,63.923,95.189,47.182,78.774,0.553571
2025-01-01 01:32:43,25.724,64.324,94.731,48.506,81.611,0.586236
2025-01-01 01:32:44,25.987,62.661,92.344,48.781,83.653,0.564654
2025-01-01 01:32:45,26.616,64.202,94.743,48.955,82.39,0.568898
2025-01-01 01:32:46,27.02,63.273,92.201,47.214,82.466,0.546982
2025-01-01 01:32:47,25.731,63.097,92.939,47.338,80.1,0.55964
2025-01-01 01:32:48,26.262,63.559,93.103,47.472,82.915,0.574598
2025-01-01 01:32:49,26.41,63.082,93.396,48.472,83.335,0.566157
2025-01-01 01:32:50,26.732,64.828,94.145,46.989,82.415,0.580988
2025-01-01 01:32:51,26.115,64.071,93.685,47.083,81.439,0.576856
2025-01-01 01:32:52,25.492,65.071,94.246,47.474,82.807,0.610027
2025-01-01 01:32:53,26.572,63.83,93.284,47.345,81.081,0.557068
2025-01-01 01:32:54,26.81,63.885,94.115,48.853,80.972,0.546495
2025-01-01 01:32:55,26.194,66.181,93.875,48.85,83.389,0.594856
2025-01-01 01:32:56,26.424,62.702,92.465,47.862,83.791,0.564113
2025-01-01 01:32:57,25.971,65.626,94.393,48.144,81.635,0.590567
2025-01-01 01:32:58,25.772,66.012,94.064,46.319,81.177,0.604682
2025-01-01 01:32:59,26.695,65.14,93.313,48.037,81.571,0.56314
2025-01-01 01:33:00,26.362,64.06,93.662,49.451,82.91,0.565769
2025-01-01 01:33:01,26.4,65.833,93.746,48.099,81.325,0.575603
2025-01-01 01:33:02,26.892,64.1,93.963,47.688,84.311,0.581053
2025-01-01 01:33:03,25.6,63.731,96.028,49.716,82.261,0.590902
2025-01-01 01:33:04,25.838,64.064,96.422,47.778,83.306,0.613396
2025-01-01 01:33:05,26.179,63.897,91.669,49.96,82.023,0.542176
2025-01-01 01:33:06,25.804,63.536,94.947,51.088,83.663,0.578177
2025-01-01 01:33:07,26.463,65.607,95.478,48.744,83.809,0.601043
2025-01-01 01:33:08,25.964,63.738,94.372,49.882,81.043,0.559179
2025-01-01 01:33:09,25.547,64.496,95.582,47.607,82.288,0.6096
2025-01-01 01:33:10,26.062,63.096,96.375,47.627,82.962,0.599632
2025-01-01 01:33:11,26.1,64.584,93.416,48.415,82.566,0.578313
2025-01-01 01:33:12,26.468,63.411,94.989,49.766,84.288,0.577765
2025-01-01 01:33:13,26.183,63.4,96.88,49.165,82.571,0.588761
2025-01-01 01:33:14,26.202,64.485,93.755,49.071,84.191,0.586324
2025-01-01 01:33:15,26.117,65.664,94.947,48.243,83.96,0.609735
2025-01-01 01:33:16,25.848,65.06,94.684,49.23,83.294,0.596826
2025-01-01 01:33:17,25.569,65.142,96.255,48.874,84.376,0.626127
2025-01-01 01:33:18,26.057,64.515,96.466,48.707,81.667,0.592482
2025-01-01 01:33:19,25.731,64.322,95.509,48.696,83.483,0.605566
2025-01-01 01:33:20,26.728,65.46,95.452,49.712,82.671,0.577827
2025-01-01 01:33:21,26.539,64.118,93.773,49.039,83.516,0.57113
2025-01-01 01:33:22,26.169,65.527,96.989,49.667,83.124,0.60602
2025-01-01 01:33:23,26.027,65.94,95.287,48.314,83.802,0.614393
2025-01-01 01:33:24,25.779,63.874,95.573,50.189,83.784,0.593456
2025-01-01 01:33:25,25.177,64.032,96.762,50.036,83.981,0.619045
2025-01-01 01:33:26,25.684,64.191,96.064,49.715,84.071,0.607167
2025-01-01 01:33:27,25.827,63.281,96.947,50.087,84.586,0.60559
2025-01-01 01:33:28,25.876,64.289,96.623,50.762,82.429,0.587198
2025-01-01 01:33:29,25.981,66.07,96.301,48.913,84.592,0.625722
2025-01-01 01:33:30,26.191,63.732,96.485,50.182,82.206,0.57762
2025-01-01 01:33:31,25.369,66.113,95.131,49.142,80.708,0.598057
2025-01-01 01:33:32,25.358,64.364,96.183,50.313,86.469,0.630801
2025-01-01 01:33:33,26.409,66.921,97.495,50.093,83.015,0.610692
2025-01-01 01:33:34,26.054,64.134,95.592,50.337,83.643,0.58729
2025-01-01 01:33:35,25.457,64.68,95.856,51.093,81.983,0.587371
2025-01-01 01:33:36,25.583,63.923,95.772,51.126,83.713,0.592206
2025-01-01 01:33:37,25.569,64.154,96.886,51.397,84.545,0.60722
2025-01-01 01:33:38,25.621,66.188,98.216,50.267,84.626,0.638815
2025-01-01 01:33:39,25.825,65.332,97.443,51.203,82.924,0.6028
2025-01-01 01:33:40,26.84,65.894,94.801,51.102,83.877,0.573187
2025-01-01 01:33:41,25.652,63.558,97.709,50.456,84.888,0.616737
2025-01-01 01:33:42,25.872,65.535,96.701,50.903,84.769,0.614514
2025-01-01 01:33:43,24.682,63.916,97.736,50.759,84.672,0.636068
2025-01-01 01:33:44,25.266,63.557,97.16,52.037,85.467,0.614229
2025-01-01 01:33:45,26.107,65.14,96.533,51.624,84.459,0.597754
2025-01-01 01:33:46,25.678,65.136,97.406,50.763,86.295,0.633903
2025-01-01 01:33:47,23.266,64.967,97.121,50.762,84.307,0.66504
2025-01-01 01:33:48,25.781,65.638,97.955,51.908,85.526,0.625254
2025-01-01 01:33:49,26.387,65.799,96.846,52.268,85.603,0.603324
2025-01-01 01:33:50,24.414,66.401,96.693,51.503,82.793,0.631694
2025-01-01 01:33:51,26.155,63.746,98.635,51.832,85.322,0.607849
2025-01-01 01:33:52,23.993,66.444,99.098,52.401,84.058,0.66128
2025-01-01 01:33:53,25.831,66.829,98.655,51.272,83.647,0.627485
2025-01-01 01:33:54,25.342,64.585,97.513,51.532,84.381,0.617546
2025-01-01 01:33:55,24.155,63.288,97.508,51.908,85.115,0.636482
2025-01-01 01:33:56,25.536,63.577,97.653,51.228,83.074,0.599009
2025-01-01 01:33:57,25.872,64.503,99.313,52.983,85.015,0.613678
2025-01-01 01:33:58,25.462,66.983,97.684,51.325,84.752,0.637416
2025-01-01 01:33:59,25.556,64.989,99.481,51.776,86.289,0.643305
2025-01-01 01:34:00,25.041,64.358,99.321,53.312,84.312,0.622507
2025-01-01 01:34:01,24.3,64.293,100.01,50.34,86.529,0.679078
2025-01-01 01:34:02,25.56,63.659,99.923,52.053,85.594,0.629912
2025-01-01 01:34:03,26.072,65.859,99.491,51.402,85.118,0.632247
2025-01-01 01:34:04,25.746,64.895,97.568,51.981,86.714,0.626704
2025-01-01 01:34:05,24.17,67.089,99.735,51.065,87.52,0.700096
2025-01-01 01:34:06,24.39,65.619,99.329,51.782,84.987,0.660437
2025-01-01 01:34:07,24.708,65.823,98.928,52.147,84.378,0.645423
2025-01-01 01:34:08,24.318,64.753,100.752,52.366,85.806,0.668197
2025-01-01 01:34:09,25.12,63.905,99.328,52.94,83.61,0.614786
2025-01-01 01:34:10,25.278,64.124,99.038,50.412,83.781,0.630028
2025-01-01 01:34:11,24.349,63.629,100.78,52.217,86.935,0.669625
2025-01-01 01:34:12,25.436,65.909,99.34,52.224,86.077,0.646398
2025-01-01 01:34:13,25.332,64.615,99.255,52.358,84.385,0.624974
2025-01-01 01:34:14,24.74,65.952,98.796,52.481,89.2,0.678427
2025-01-01 01:34:15,24.912,65.136,99.192,51.836,83.802,0.636093
2025-01-01 01:34:16,24.006,64.707,99.366,51.307,86.227,0.674632
2025-01-01 01:34:17,24.798,63.83,100.811,52.762,84.549,0.640416
2025-01-01 01:34:18,24.951,65.301,99.259,51.836,87.664,0.666105
2025-01-01 01:34:19,25.016,64.779,98.509,52.996,84.91,0.626961
2025-01-01 01:34:20,25.104,65.899,100.759,51.967,85.227,0.65849
2025-01-01 01:34:21,25.02,64.28,99.911,53.312,83.418,0.619726
2025-01-01 01:34:22,24.749,65.61,100.617,52.756,88.107,0.678689
2025-01-01 01:34:23,25.008,66.634,102.004,52.852,84.885,0.665578
2025-01-01 01:34:24,25.349,65.263,100.882,52.683,86.222,0.652711
2025-01-01 01:34:25,24.784,65.774,102.408,52.594,85.67,0.674616
2025-01-01 01:34:26,24.974,65.558,100.919,52.771,85.02,0.652951
2025-01-01 01:34:27,24.705,66.882,102.082,53.941,83.026,0.652646
2025-01-01 01:34:28,24.458,65.352,100.616,51.806,85.442,0.669472
2025-01-01 01:34:29,25.026,65.678,101.359,52.552,85.406,0.660173
2025-01-01 01:34:30,24.471,64.938,100.406,53.952,86.131,0.655713
2025-01-01 01:34:31,24.925,64.197,100.612,53.798,88.338,0.660555
2025-01-01 01:34:32,24.73,63.759,101.289,54.252,86.552,0.649815
2025-01-01 01:34:33,24.547,66.23,100.272,53.164,86.825,0.672333
2025-01-01 01:34:34,24.518,63.951,101.847,52.191,85.441,0.664905
2025-01-01 01:34:35,24.412,65.701,101.472,52.392,84.244,0.665891
2025-01-01 01:34:36,23.827,65.366,102.096,53.072,85.498,0.684212
2025-01-01 01:34:37,24.825,65.863,100.634,53.951,84.964,0.647588
2025-01-01 01:34:38,24.733,64.426,102.735,53.17,85.798,0.666075
2025-01-01 01:34:39,25.025,64.145,103.817,53.139,85.276,0.662189
2025-01-01 01:34:40,24.318,65.308,103.692,53.751,83.867,0.668703
2025-01-01 01:34:41,25.516,64.632,104.194,53.485,87.411,0.671755
2025-01-01 01:34:42,24.362,63.687,102.418,53.139,85.732,0.666087
2025-01-01 01:34:43,24.098,66.851,102.108,52.717,85.515,0.691021
2025-01-01 01:34:44,24.022,64.115,103.032,54.303,84.594,0.663791
2025-01-01 01:34:45,23.636,63.906,102.391,54.41,85.358,0.670609
2025-01-01 01:34:46,25.253,64.651,100.972,52.751,84.901,0.640594
2025-01-01 01:34:47,25.156,66.139,103.615,53.299,84.512,0.664735
2025-01-01 01:34:48,24.755,62.712,102.645,54.179,86.147,0.649209
2025-01-01 01:34:49,23.991,66.041,101.494,52.758,85.396,0.682627
2025-01-01 01:34:50,25.328,63.952,102.536,53.983,86.863,0.651926
2025-01-01 01:34:51,24.231,65.12,102.915,53.451,85.538,0.678076
2025-01-01 01:34:52,24.256,64.172,103.22,52.76,86.113,0.682146
2025-01-01 01:34:53,25.094,66.831,103.313,55.175,86.084,0.667645
2025-01-01 01:34:54,24.689,64.955,104.739,53.5,86.446,0.686679
2025-01-01 01:34:55,25.444,64.114,102.162,54.211,84.978,0.631959
2025-01-01 01:34:56,24.452,64.512,103.378,52.912,87.07,0.687516
2025-01-01 01:34:57,24.114,64.894,102.731,55.068,84.578,0.659816
2025-01-01 01:34:58,23.991,64.972,104.945,55.401,86.047,0.686564
2025-01-01 01:34:59,23.357,65.224,103.206,52.656,84.552,0.695673
2025-01-01 01:35:00,24.126,64.774,103.502,53.741,85.854,0.682267
2025-01-01 01:35:01,24.822,63.388,104.973,54.949,87.069,0.670449
2025-01-01 01:35:02,24.534,64.415,105.325,53.525,86.667,0.69153
2025-01-01 01:35:03,24.229,65.351,105.55,54.24,87.27,0.704432
2025-01-01 01:35:04,23.706,64.064,102.511,52.579,85.635,0.685091
2025-01-01 01:35:05,24.302,65.396,104.712,53.304,87.088,0.70248
2025-01-01 01:35:06,24.68,64.744,104.575,54.188,85.165,0.670541
2025-01-01 01:35:07,24.374,64.483,104.328,53.482,85.444,0.67986
2025-01-01 01:35:08,24.226,65.884,104.52,53.673,86.147,0.696795
2025-01-01 01:35:09,23.73,62.94,105.813,52.757,87.008,0.707872
2025-01-01 01:35:10,24.547,63.991,105.639,54.499,85.327,0.674657
2025-01-01 01:35:11,22.532,65.886,105.569,52.91,86.814,0.74318
2025-01-01 01:35:12,24.275,66.472,104.951,55.219,86.253,0.693384
2025-01-01 01:35:13,25.354,66.915,107.086,53.445,86.374,0.701864
2025-01-01 01:35:14,23.3,64.667,104.486,54.635,84.939,0.69185
2025-01-01 01:35:15,23.919,65.061,103.34,54.559,85.496,0.679182
2025-01-01 01:35:16,24.021,65.408,104.76,53.211,85.839,0.700033
2025-01-01 01:35:17,23.779,65.852,105.152,53.539,86.349,0.71135
2025-01-01 01:35:18,24.514,64.877,106.466,53.634,84.968,0.689693
2025-01-01 01:35:19,24.218,65.476,104.719,53.688,84.378,0.682979
2025-01-01 01:35:20,24.043,64.996,105.789,52.96,83.36,0.687854
2025-01-01 01:35:21,24.351,65.044,103.886,54.423,86.806,0.684671
2025-01-01 01:35:22,23.947,63.589,106.511,53.441,87.034,0.708297
2025-01-01 01:35:23,25.514,64.164,105.562,53.897,83.479,0.646
2025-01-01 01:35:24,23.986,63.956,105.278,54.789,85.971,0.685727
2025-01-01 01:35:25,23.994,63.274,107.754,54.436,85.417,0.696047
2025-01-01 01:35:26,23.027,62.797,106.755,53.475,87.318,0.723564
2025-01-01 01:35:27,23.597,64.009,104.707,54.797,85.593,0.687005
2025-01-01 01:35:28,24.429,64.154,105.699,54.489,86.488,0.686904
2025-01-01 01:35:29,23.174,64.507,108.606,53.383,85.31,0.729873
2025-01-01 01:35:30,22.749,64.942,107.908,53.527,84.982,0.732668
2025-01-01 01:35:31,23.831,64.558,106.912,54.728,86.713,0.708866
2025-01-01 01:35:32,24.487,64.096,104.2,54.54,87.072,0.679159
2025-01-01 01:35:33,23.809,63.422,107.437,52.703,84.24,0.701095
2025-01-01 01:35:34,23.607,65.197,105.527,53.088,87.119,0.720855
2025-01-01 01:35:35,22.832,64.202,107.542,54.435,84.562,0.716234
2025-01-01 01:35:36,23.975,63.852,105.551,52.925,82.917,0.677179
2025-01-01 01:35:37,24.066,64.083,106.818,54.493,85.712,0.695334
2025-01-01 01:35:38,22.832,63.519,105.742,55.382,86.29,0.706485
2025-01-01 01:35:39,24.277,63.703,106.073,54.115,83.845,0.672747
2025-01-01 01:35:40,24.08,63.654,107.111,53.06,83.266,0.68604
2025-01-01 01:35:41,24.251,63.911,105.221,53.922,85.033,0.678749
2025-01-01 01:35:42,23.964,64.836,108.963,54.589,84.853,0.709411
2025-01-01 01:35:43,23.986,64.569,105.613,53.821,87.231,0.706847
2025-01-01 01:35:44,23.908,65.69,105.607,54.108,85.582,0.702042
2025-01-01 01:35:45,24.069,65.336,107.363,53.06,86.429,0.720396
2025-01-01 01:35:46,22.714,66.062,108.078,53.099,85.778,0.748323
2025-01-01 01:35:47,22.86,64.645,106.509,54.379,87.387,0.731092
2025-01-01 01:35:48,23.231,64.61,105.807,53.061,84.413,0.707695
2025-01-01 01:35:49,23.522,63.56,106.001,51.538,85.355,0.712935
2025-01-01 01:35:50,23.769,64.854,105.937,53.337,83.555,0.692171
2025-01-01 01:35:51,23.726,63.352,107.319,53.807,86.388,0.709432
2025-01-01 01:35:52,24.111,62.517,106.983,54.376,86.727,0.693542
2025-01-01 01:35:53,24.115,65.494,107.52,54.819,86.414,0.710683
2025-01-01 01:35:54,23.093,62.698,107.5,53.542,85.192,0.711718
2025-01-01 01:35:55,23.637,64.366,107.999,53.972,83.529,0.700996
2025-01-01 01:35:56,23.083,63.026,106.804,53.513,85.188,0.709601
2025-01-01 01:35:57,23.402,65.012,106.513,53.669,84.452,0.708075
2025-01-01 01:35:58,23.646,65.127,107.445,53.206,86.346,0.725856
2025-01-01 01:35:59,21.77,64.372,107.27,53.633,84.7,0.740148
2025-01-01 01:36:00,24.669,65.068,107.613,52.708,84.647,0.699181
2025-01-01 01:36:01,23.736,63.807,106.683,54.843,87.766,0.711029
2025-01-01 01:36:02,23.145,66.012,108.07,51.312,86.088,0.752712
2025-01-01 01:36:03,24.396,64.502,106.282,53.648,86.392,0.698338
2025-01-01 01:36:04,23.248,62.833,107.052,53.412,84.457,0.702507
2025-01-01 01:36:05,23.478,63.781,108.652,53.418,83.722,0.709372
2025-01-01 01:36:06,23.158,63.537,106.421,52.139,86.293,0.724753
2025-01-01 01:36:07,24.217,63.416,108.632,51.706,86.773,0.724571
2025-01-01 01:36:08,23.329,61.987,106.2,53.496,83.408,0.681891
2025-01-01 01:36:09,23.447,64.008,106.051,54.046,84.3,0.694468
2025-01-01 01:36:10,23.964,62.212,106.169,53.111,83.792,0.676
2025-01-01 01:36:11,23.645,61.049,107.804,53.54,85.435,0.694719
2025-01-01 01:36:12,23.316,63.207,108.441,52.489,86.129,0.729321
2025-01-01 01:36:13,23.889,62.772,109.027,53.081,84.351,0.704296
2025-01-01 01:36:14,24.594,62.643,108.97,53.755,84.314,0.685092
2025-01-01 01:36:15,23.475,60.377,108.641,52.482,82.378,0.684265
2025-01-01 01:36:16,23.365,62.605,106.967,53.64,83.547,0.690414
2025-01-01 01:36:17,23.383,63.259,106.977,51.341,86.467,0.728423
2025-01-01 01:36:18,23.945,62.774,108.624,52.115,85.215,0.712607
2025-01-01 01:36:19,22.981,63.771,109.275,52.998,85.7,0.737828
2025-01-01 01:36:20,23.133,64.751,106.839,54.04,84.115,0.708942
2025-01-01 01:36:21,22.495,63.85,109.18,52.484,84.19,0.739415
2025-01-01 01:36:22,22.664,64.335,105.98,51.601,84.504,0.726968
2025-01-01 01:36:23,22.989,64.393,108.304,53.886,84.834,0.724489
2025-01-01 01:36:24,23.212,62.24,107.822,52.235,86.06,0.722625
2025-01-01 01:36:25,24.116,63.673,107.734,52.821,83.564,0.693286
2025-01-01 01:36:26,23.492,64.203,107.98,51.975,84.168,0.719271
2025-01-01 01:36:27,22.761,62.746,107.104,52.309,83.344,0.71057
2025-01-01 01:36:28,22.845,62.366,108.413,51.697,81.896,0.708909
2025-01-01 01:36:29,23.889,63.661,108.035,53.904,85.323,0.704995
2025-01-01 01:36:30,23.758,61.623,108.916,53.002,86.277,0.712646
2025-01-01 01:36:31,23.201,61.99,109.577,53.415,85.059,0.718504
2025-01-01 01:36:32,22.959,62.385,108.118,51.32,84.377,0.72417
2025-01-01 01:36:33,23.736,63.476,107.176,50.44,86.285,0.728808
2025-01-01 01:36:34,22.67,63.218,106.86,51.616,84.571,0.726014
2025-01-01 01:36:35,23.356,64.005,109.697,53.812,84.943,0.725425
2025-01-01 01:36:36,24.29,62.023,109.57,51.49,84.108,0.703892
2025-01-01 01:36:37,23.25,61.943,108.887,52.538,84.25,0.712804
2025-01-01 01:36:38,22.753,63.415,108.058,50.824,83.697,0.732032
2025-01-01 01:36:39,23.34,62.065,108.811,50.929,84.813,0.724972
2025-01-01 01:36:40,22.894,62.233,109.297,51.476,82.462,0.718063
2025-01-01 01:36:41,22.426,60.952,107.371,53.174,84.232,0.708145
2025-01-01 01:36:42,23.468,63.072,108.013,52.314,82.663,0.700526
2025-01-01 01:36:43,23.671,64.295,106.871,49.737,84.255,0.723702
2025-01-01 01:36:44,22.951,61.696,107.841,51.859,86.473,0.729146
2025-01-01 01:36:45,22.913,63.719,109.506,50.353,84.396,0.746957
2025-01-01 01:36:46,22.615,62.61,109.032,50.673,84.921,0.744407
2025-01-01 01:36:47,23.016,60.876,108.078,51.572,84.55,0.713367
2025-01-01 01:36:48,22.805,61.718,105.239,52.227,80.632,0.671957
2025-01-01 01:36:49,22.576,61.628,107.264,52.133,83.22,0.708343
2025-01-01 01:36:50,24.023,62.239,108.009,51.263,83.87,0.699834
2025-01-01 01:36:51,23.306,62.947,107.677,51.219,80.78,0.694288
2025-01-01 01:36:52,23.354,64.347,107.91,51.964,82.901,0.71372
2025-01-01 01:36:53,23.505,61.038,108.104,49.571,83.1,0.707887
2025-01-01 01:36:54,23.445,61.956,107.311,52.237,81.671,0.682584
2025-01-01 01:36:55,22.849,61.515,107.819,50.13,81.939,0.709739
2025-01-01 01:36:56,23.188,61.114,107.658,50.871,84.661,0.714029
2025-01-01 01:36:57,22.914,62.448,107.085,50.209,78.712,0.686412
2025-01-01 01:36:58,23.264,62.325,109.614,49.625,83.287,0.730517
2025-01-01 01:36:59,23.212,60.48,107.269,50.863,84.31,0.704802
2025-01-01 01:37:00,22.846,62.282,105.469,50.626,82.833,0.702421
2025-01-01 01:37:01,22.37,61.029,109.482,50.295,84.508,0.741793
2025-01-01 01:37:02,23.105,62.216,106.828,50.201,82.257,0.704673
2025-01-01 01:37:03,22.927,63.444,108.549,51.487,81.635,0.714427
2025-01-01 01:37:04,22.081,62.607,106.942,51.963,82.661,0.718632
2025-01-01 01:37:05,23.277,62.292,108.164,51.154,82.166,0.704018
2025-01-01 01:37:06,23.504,61.555,107.518,50.316,81.888,0.694179
2025-01-01 01:37:07,24.283,62.12,108.538,48.728,82.308,0.702678
2025-01-01 01:37:08,22.821,62.586,107.293,50.482,81.525,0.708479
2025-01-01 01:37:09,22.745,62.457,106.82,50.46,81.42,0.705438
2025-01-01 01:37:10,22.458,61.863,107.701,50.483,81.029,0.709953
2025-01-01 01:37:11,23.115,62.149,107.028,48.896,82.825,0.717286
2025-01-01 01:37:12,23.11,60.584,105.448,50.432,81.076,0.674972
2025-01-01 01:37:13,22.602,61.135,106.74,50.944,80.734,0.691401
2025-01-01 01:37:14,22.919,62.546,110.175,48.852,80.885,0.730199
2025-01-01 01:37:15,22.016,62.65,105.448,50.129,82.37,0.719799
2025-01-01 01:37:16,23.467,61.87,107.473,48.875,82.875,0.712425
2025-01-01 01:37:17,22.617,63.224,106.951,49.384,82.922,0.729921
2025-01-01 01:37:18,22.985,62.222,108.991,48.652,82.226,0.729806
2025-01-01 01:37:19,22.288,61.45,106.003,49.074,82.56,0.71875
2025-01-01 01:37:20,22.71,60.432,107.174,49.024,81.8,0.70735
2025-01-01 01:37:21,22.861,63.059,107.717,49.572,82.36,0.724517
2025-01-01 01:37:22,22.994,62.359,106.809,49.898,82.29,0.709592
2025-01-01 01:37:23,23.24,63.355,106.177,50.103,80.834,0.695674
2025-01-01 01:37:24,23.72,63.692,106.877,48.553,80.366,0.699839
2025-01-01 01:37:25,23.367,60.206,106.545,49.307,83.227,0.69764
2025-01-01 01:37:26,23.482,60.177,106.496,48.085,81.702,0.691928
2025-01-01 01:37:27,23.724,58.566,107.692,48.82,82.761,0.687752
2025-01-01 01:37:28,23.286,62.316,107.116,48.888,80.126,0.697125
2025-01-01 01:37:29,22.984,62.022,107.216,48.061,80.907,0.71218
2025-01-01 01:37:30,23.508,61.431,106.945,49.192,79.688,0.680946
2025-01-01 01:37:31,23.541,60.075,107.524,48.566,82.063,0.69646
2025-01-01 01:37:32,23.329,61.18,107.817,48.76,80.496,0.697151
2025-01-01 01:37:33,22.279,61.421,106.174,49.563,80.515,0.702817
2025-01-01 01:37:34,22.587,61.987,107.228,48.188,83.474,0.735515
2025-01-01 01:37:35,22.872,61.445,105.058,49.157,81.873,0.696493
2025-01-01 01:37:36,23.401,61.803,104.047,49.578,81.804,0.678585
2025-01-01 01:37:37,23.002,60.983,108.071,49.477,79.523,0.692387
2025-01-01 01:37:38,23.583,62.256,105.856,48.169,78.683,0.676817
2025-01-01 01:37:39,23.675,61.674,106.385,47.49,82.022,0.703024
2025-01-01 01:37:40,23.619,59.822,104.85,47.649,78.115,0.652091
2025-01-01 01:37:41,23.624,62.366,104.745,46.896,80.148,0.688069
2025-01-01 01:37:42,22.506,62.169,105.245,48.664,79.721,0.697258
2025-01-01 01:37:43,23.268,61.377,106.541,48.663,79.531,0.684827
2025-01-01 01:37:44,22.726,61.159,105.321,48.109,80.058,0.693045
2025-01-01 01:37:45,22.208,62.504,105.441,46.865,79.266,0.714229
2025-01-01 01:37:46,22.892,59.179,104.97,47.625,79.019,0.670181
2025-01-01 01:37:47,23.701,62.021,106.818,48.972,80.73,0.689065
2025-01-01 01:37:48,23.272,60.271,106.457,48.308,81.649,0.694476
2025-01-01 01:37:49,24.054,61.809,105.041,48.399,78.232,0.653845
2025-01-01 01:37:50,23.138,60.801,106.144,50.372,80.495,0.67678
2025-01-01 01:37:51,24.277,59.405,105.15,47.941,80.856,0.656665
2025-01-01 01:37:52,23.145,60.118,104.991,45.905,80.687,0.694702
2025-01-01 01:37:53,23.072,61.603,105.213,46.705,79.832,0.695877
2025-01-01 01:37:54,22.425,60.338,105.838,47.785,79.326,0.693876
2025-01-01 01:37:55,23.624,59.894,104.235,47.511,80.898,0.669864
2025-01-01 01:37:56,22.822,59.854,105.561,47.314,80.336,0.6915
2025-01-01 01:37:57,22.755,61.091,107.487,47.285,77.606,0.694334
2025-01-01 01:37:58,23.723,62.166,105.103,46.737,79.559,0.684069
2025-01-01 01:37:59,23.667,58.242,104.885,47.621,79.836,0.653807
2025-01-01 01:38:00,23.659,63.15,104.694,48.395,78.403,0.669698
2025-01-01 01:38:01,22.916,60.52,105.185,48.624,79.369,0.675982
2025-01-01 01:38:02,23.077,60.863,103.024,48.56,80.196,0.66667
2025-01-01 01:38:03,23.078,59.813,106.263,46.392,78.559,0.684231
2025-01-01 01:38:04,23.505,60.213,105.47,47.101,79.777,0.677306
2025-01-01 01:38:05,23.896,60.375,103.77,46.826,78.256,0.649196
2025-01-01 01:38:06,23.309,59.1,104.372,47.512,77.905,0.649448
2025-01-01 01:38:07,24.118,59.311,103.708,46.935,80.073,0.649982
2025-01-01 01:38:08,23.585,61.267,104.489,46.783,80.689,0.684627
2025-01-01 01:38:09,23.026,58.497,104.175,48.09,77.806,0.645029
2025-01-01 01:38:10,23.564,60.457,104.266,46.969,80.316,0.674319
2025-01-01 01:38:11,24.009,59.612,102.932,46.954,79.103,0.641231
2025-01-01 01:38:12,24.161,58.989,103.401,47.15,76.408,0.614727
2025-01-01 01:38:13,23.762,61.888,104.951,47.326,77.289,0.659847
2025-01-01 01:38:14,23.188,58.928,103.193,47.297,79.687,0.65731
2025-01-01 01:38:15,23.074,58.719,101.004,47.96,76.954,0.616799
2025-01-01 01:38:16,23.477,59.629,103.418,45.658,78.107,0.656988
2025-01-01 01:38:17,24.033,59.014,105.9,46.914,78.699,0.654977
2025-01-01 01:38:18,23.421,59.756,104.257,46.542,79.28,0.667661
2025-01-01 01:38:19,23.438,59.872,102.744,46.352,78.911,0.656009
2025-01-01 01:38:20,23.244,59.918,103.196,47.17,80.519,0.669872
2025-01-01 01:38:21,23.062,59.526,103.845,47.572,77.604,0.650971
2025-01-01 01:38:22,23.153,58.914,101.327,46.033,78.649,0.64545
2025-01-01 01:38:23,23.31,60.227,102.145,47.829,79.021,0.64759
2025-01-01 01:38:24,24.109,59.438,103.317,45.307,79.28,0.653346
2025-01-01 01:38:25,23.138,59.021,104.43,46.898,79.634,0.669844
2025-01-01 01:38:26,23.293,60.964,102.313,45.688,77.799,0.659448
2025-01-01 01:38:27,22.842,59.329,104.236,45.863,79.049,0.678936
2025-01-01 01:38:28,23.642,60.51,101.83,46.401,77.104,0.635575
2025-01-01 01:38:29,23.975,60.611,99.115,46.01,78.07,0.6197
2025-01-01 01:38:30,24.113,60.639,103.16,44.017,78.713,0.664713
2025-01-01 01:38:31,23.411,60.009,102.871,46.775,79.23,0.657939
2025-01-01 01:38:32,23.606,59.285,102.982,46.889,78.693,0.644968
2025-01-01 01:38:33,23.251,59.188,102.858,46.116,78.066,0.651226
2025-01-01 01:38:34,23.601,58.975,102.266,46.034,77.81,0.636922
2025-01-01 01:38:35,23.503,57.02,101.73,45.909,78.513,0.627748
2025-01-01 01:38:36,23.384,59.872,101.682,44.82,80.431,0.67126
2025-01-01 01:38:37,23.434,59.365,101.356,44.718,78.779,0.652948
2025-01-01 01:38:38,23.601,59.914,101.329,46.799,78.161,0.634045
2025-01-01 01:38:39,23.237,58.938,99.831,46.992,76.01,0.605574
2025-01-01 01:38:40,23.273,59.687,100.341,46.603,76.589,0.621262
2025-01-01 01:38:41,24.258,57.612,101.305,46.415,77.163,0.598428
2025-01-01 01:38:42,24.77,57.788,99.14,46.725,78.595,0.581491
2025-01-01 01:38:43,22.822,56.448,99.285,46.66,76.329,0.597474
2025-01-01 01:38:44,22.805,58.758,100.871,45.447,78.175,0.648678
2025-01-01 01:38:45,22.967,58.087,100.989,46.243,77.498,0.630847
2025-01-01 01:38:46,23.404,57.924,100.716,45.818,77.732,0.623297
2025-01-01 01:38:47,23.914,59.13,98.561,45.82,76.998,0.599164
2025-01-01 01:38:48,23.773,58.337,102.405,46.95,76.493,0.61309
2025-01-01 01:38:49,23.574,57.297,99.328,47.29,75.992,0.580289
2025-01-01 01:38:50,23.763,61.243,99.857,44.147,77.847,0.645187
2025-01-01 01:38:51,23.164,58.629,99.325,45.814,76.973,0.617207
2025-01-01 01:38:52,23.399,57.551,101.797,45.767,75.725,0.613312
2025-01-01 01:38:53,23.522,57.932,100.831,46.938,77.238,0.609859
2025-01-01 01:38:54,22.752,58.397,99.848,44.845,81.031,0.665635
2025-01-01 01:38:55,22.975,58.363,99.688,43.611,76.635,0.634812
2025-01-01 01:38:56,23.006,59.808,100.323,46.658,78.815,0.644409
2025-01-01 01:38:57,23.961,58.395,98.808,46.77,73.682,0.560799
2025-01-01 01:38:58,23.713,60.298,100.346,44.573,76.414,0.629213
2025-01-01 01:38:59,23.908,57.978,99.328,45.901,77.838,0.602898
2025-01-01 01:39:00,22.694,58.806,100.307,47.226,76.666,0.623246
2025-01-01 01:39:01,22.885,59.37,100.184,45.142,75.831,0.63042
2025-01-01 01:39:02,23.97,59.512,99.016,46.089,76.526,0.598406
2025-01-01 01:39:03,22.261,59.597,97.468,46.418,77.695,0.630857
2025-01-01 01:39:04,24.275,57.982,99.186,44.875,79.041,0.610879
2025-01-01 01:39:05,22.764,58.217,97.894,45.571,77.703,0.619699
2025-01-01 01:39:06,24.11,55.712,99.334,44.676,75.775,0.574337
2025-01-01 01:39:07,23.256,57.964,98.91,45.904,76.058,0.599476
2025-01-01 01:39:08,24.238,59.221,98.491,45.411,76.024,0.587388
2025-01-01 01:39:09,25.33,58.995,97.695,46.219,75.211,0.54287
2025-01-01 01:39:10,22.602,57.981,100.089,46.57,76.023,0.617353
2025-01-01 01:39:11,24.1,59.736,98.36,47.184,75.839,0.578752
2025-01-01 01:39:12,22.861,57.623,101.08,47.95,74.685,0.596101
2025-01-01 01:39:13,23.992,57.26,98.674,46.262,77.09,0.582298
2025-01-01 01:39:14,23.688,57.477,98.903,45.856,76.548,0.59082
2025-01-01 01:39:15,23.87,56.793,98.503,45.823,75.233,0.568352
2025-01-01 01:39:16,23.362,58.507,98.718,45.365,76.139,0.604173
2025-01-01 01:39:17,24.222,58.143,99.382,46.511,74.764,0.568357
2025-01-01 01:39:18,23.121,58.435,99.307,45.773,75.219,0.60299
2025-01-01 01:39:19,24.48,57.38,96.35,46.6,76.667,0.548617
2025-01-01 01:39:20,23.668,57.707,98.886,45.456,76.368,0.594236
2025-01-01 01:39:21,23.185,55.557,98.441,45.848,75.148,0.573013
2025-01-01 01:39:22,24.698,58.082,97.894,46.586,76.099,0.556319
2025-01-01 01:39:23,23.881,57.775,99.485,46.16,75.598,0.583308
2025-01-01 01:39:24,24.882,56.546,99.44,44.745,74.453,0.552866
2025-01-01 01:39:25,24.553,57.512,98.507,46.29,75.412,0.55658
2025-01-01 01:39:26,23.558,57.33,96.975,45.683,76.094,0.575536
2025-01-01 01:39:27,23.928,59.323,96.241,47.293,75.906,0.563021
2025-01-01 01:39:28,24.046,56.469,98.104,47.148,73.471,0.534602
2025-01-01 01:39:29,24.763,57.832,98.626,44.569,75.666,0.569991
2025-01-01 01:39:30,24.233,56.381,95.154,47.062,75.461,0.523957
2025-01-01 01:39:31,24.117,56.885,98.186,46.758,73.118,0.536738
2025-01-01 01:39:32,23.943,57.691,96.762,45.286,74.391,0.557034
2025-01-01 01:39:33,24.033,57.175,95.126,47.203,75.917,0.536877
2025-01-01 01:39:34,24.725,57.352,97.322,45.505,76.954,0.560938
2025-01-01 01:39:35,24.089,57.662,97.681,47.473,73.29,0.535314
2025-01-01 01:39:36,23.905,56.808,96.339,46.07,76.401,0.558808
2025-01-01 01:39:37,23.835,58.158,95.552,45.402,72.936,0.540675
2025-01-01 01:39:38,23.855,56.94,98.241,48.344,76.837,0.562303
2025-01-01 01:39:39,23.446,57.12,95.781,45.442,74.842,0.558826
2025-01-01 01:39:40,23.787,57.551,97.529,46.066,74.239,0.558349
2025-01-01 01:39:41,24.927,57.39,94.778,46.256,75.491,0.519266
2025-01-01 01:39:42,24.089,57.78,96.628,46.413,73.88,0.5408
2025-01-01 01:39:43,24.56,57.425,96.522,47.371,75.623,0.534102
2025-01-01 01:39:44,22.984,57.55,96.93,46.893,74.825,0.570215
2025-01-01 01:39:45,24.523,56.729,97.473,47.686,70.373,0.491084
2025-01-01 01:39:46,24.173,55.958,95.089,47.216,73.943,0.507821
2025-01-01 01:39:47,24.029,55.573,96.348,45.617,75.116,0.539702
2025-01-01 01:39:48,24.376,55.303,94.385,47.432,76.138,0.509525
2025-01-01 01:39:49,24.053,58.71,94.298,47.217,75.228,0.535635
2025-01-01 01:39:50,23.254,54.708,95.023,46.569,76.064,0.54104
2025-01-01 01:39:51,24.793,58.088,95.937,48.767,73.703,0.502847
2025-01-01 01:39:52,24.469,56.048,97.131,47.635,75.623,0.528616
2025-01-01 01:39:53,24.207,58.029,97.24,47.942,75.616,0.547772
2025-01-01 01:39:54,23.896,54.614,94.954,48.01,72.74,0.486947
2025-01-01 01:39:55,23.66,56.556,95.543,46.935,75.992,0.546445
2025-01-01 01:39:56,24.523,58.22,96.109,47.819,75.04,0.529469
2025-01-01 01:39:57,25.234,57.454,95.861,47.608,74.285,0.50112
2025-01-01 01:39:58,24.545,56.378,94.856,46.953,74.24,0.505251
2025-01-01 01:39:59,23.768,54.747,95.033,46.465,73.33,0.507948
2025-01-01 01:40:00,24.588,55.343,94.778,47.506,75.309,0.500663
2025-01-01 01:40:01,24.465,58.03,94.611,48.001,74.892,0.515094
2025-01-01 01:40:02,24.94,56.268,94.411,47.589,75.207,0.495343
2025-01-01 01:40:03,24.827,56.52,94.566,47.476,74.581,0.496603
2025-01-01 01:40:04,23.047,56.851,94.214,47.69,74.711,0.53581
2025-01-01 01:40:05,24.829,55.24,93.419,47.485,74.089,0.473861
2025-01-01 01:40:06,24.071,56.926,95.352,49.001,75.715,0.520817
2025-01-01 01:40:07,23.878,56.076,94.941,48.026,75.131,0.518021
2025-01-01 01:40:08,24.511,56.765,96.238,47.468,74.591,0.518765
2025-01-01 01:40:09,24.827,55.87,94.669,46.46,74.204,0.497018
2025-01-01 01:40:10,23.817,54.851,93.82,47.797,72.225,0.478956
2025-01-01 01:40:11,25.006,55.974,93.549,47.543,71.947,0.458182
2025-01-01 01:40:12,25.052,57.019,94.163,47.563,73.869,0.485554
2025-01-01 01:40:13,24.71,56.749,94.608,48.858,75.816,0.50121
2025-01-01 01:40:14,24.27,56.364,93.752,48.218,73.431,0.486469
2025-01-01 01:40:15,24.23,57.208,92.468,46.86,73.462,0.494107
2025-01-01 01:40:16,25.249,56.084,93.141,48.752,73.079,0.450776
2025-01-01 01:40:17,23.997,56.322,93.841,47.043,72.682,0.495551
2025-01-01 01:40:18,25.302,55.764,94.508,48.915,73.119,0.456926
2025-01-01 01:40:19,24.704,57.178,92.226,48.033,74.536,0.481499
2025-01-01 01:40:20,24.755,56.491,93.922,48.535,73.597,0.47687
2025-01-01 01:40:21,23.965,55.621,93.825,48.498,73.529,0.487041
2025-01-01 01:40:22,24.763,54.668,93.099,48.453,73.41,0.455738
2025-01-01 01:40:23,25.159,57.24,92.911,48.792,74.433,0.470542
2025-01-01 01:40:24,24.201,55.37,92.711,48.744,74.606,0.478287
2025-01-01 01:40:25,25.135,56.166,93.537,50.229,71.883,0.436206
2025-01-01 01:40:26,24.947,58.425,94.473,48.966,73.203,0.484822
2025-01-01 01:40:27,24.597,56.854,94.495,49.039,73.997,0.487147
2025-01-01 01:40:28,25.363,57.643,92.126,48.329,74.621,0.467891
2025-01-01 01:40:29,23.851,55.474,93.015,49.256,74.238,0.482404
2025-01-01 01:40:30,25.142,57.063,90.962,48.188,75.064,0.464176
2025-01-01 01:40:31,25.795,55.998,93.219,49.982,72.374,0.423797
2025-01-01 01:40:32,25.722,56.318,93.663,47.93,74.558,0.464361
2025-01-01 01:40:33,25.214,57.953,94.593,48.499,76.514,0.507302
2025-01-01 01:40:34,24.885,55.635,91.192,47.926,74.103,0.45507
2025-01-01 01:40:35,24.734,55.913,91.848,49.622,74.145,0.453327
2025-01-01 01:40:36,24.918,54.972,93.039,49.003,74.656,0.460295
2025-01-01 01:40:37,25.358,56.745,91.236,49.947,73.373,0.432169
2025-01-01 01:40:38,24.699,55.277,92.987,48.675,72.886,0.454857
2025-01-01 01:40:39,25.498,56.842,93.4,49.937,74.088,0.452403
2025-01-01 01:40:40,26.202,54.152,91.457,50.032,72.029,0.385264
2025-01-01 01:40:41,25.121,56.332,92.834,49.795,74.486,0.456975
2025-01-01 01:40:42,24.497,55.122,91.454,49.707,74.685,0.453514
2025-01-01 01:40:43,24.513,56.478,94.006,49.849,72.081,0.460439
2025-01-01 01:40:44,25.59,55.717,92.803,49.068,74.199,0.444746
2025-01-01 01:40:45,25.189,55.178,91.923,48.993,73.742,0.439685
2025-01-01 01:40:46,25.674,55.31,91.293,50.346,75.774,0.431764
2025-01-01 01:40:47,24.985,54.829,92.889,49.673,75.572,0.459147
2025-01-01 01:40:48,25.684,56.5,93.827,50.388,75.01,0.453296
2025-01-01 01:40:49,25.206,54.598,91.668,51.323,75.453,0.42992
2025-01-01 01:40:50,24.935,55.363,91.972,49.773,73.563,0.439815
2025-01-01 01:40:51,25.117,55.959,91.631,49.716,74.315,0.444163
2025-01-01 01:40:52,24.736,57.211,93.912,49.994,73.702,0.472565
2025-01-01 01:40:53,26.345,55.573,90.422,50.341,72.811,0.388632
2025-01-01 01:40:54,25.319,55.324,93.592,50.858,74.109,0.43996
2025-01-01 01:40:55,25.706,55.825,91.905,50.401,73.914,0.423938
2025-01-01 01:40:56,25.131,53.463,92.188,52.144,73.775,0.407605
2025-01-01 01:40:57,24.89,54.323,91.897,50.874,73.951,0.427635
2025-01-01 01:40:58,25.315,55.131,92.456,51.219,74.1,0.427166
2025-01-01 01:40:59,25.999,54.779,91.467,50.621,75.098,0.414534
2025-01-01 01:41:00,25.204,53.877,93.236,51.516,73.337,0.417982
2025-01-01 01:41:01,25.046,56.321,93.258,50.599,72.509,0.439594
2025-01-01 01:41:02,25.575,55.709,91.159,50.304,74.865,0.428735
2025-01-01 01:41:03,25.763,55.576,92.793,51.599,75.087,0.428417
2025-01-01 01:41:04,26.351,54.728,91.754,50.885,74.496,0.401939
2025-01-01 01:41:05,25.722,55.489,92.148,51.182,72.709,0.407519
2025-01-01 01:41:06,25.883,55.911,93.608,51.827,73.926,0.423312
2025-01-01 01:41:07,25.937,55.118,91.397,51.207,74.435,0.408216
2025-01-01 01:41:08,25.017,55.815,92.986,51.032,72.821,0.433768
2025-01-01 01:41:09,25.128,54.562,92.506,50.777,73.196,0.423379
2025-01-01 01:41:10,25.083,55.443,91.846,52.109,73.948,0.422137
2025-01-01 01:41:11,24.975,56.476,92.399,51.041,75.555,0.45751
2025-01-01 01:41:12,26.054,56.554,92.272,51.327,74.418,0.421734
2025-01-01 01:41:13,25.817,56.638,90.859,51.651,73.473,0.406804
2025-01-01 01:41:14,25.728,55.584,91.406,51.701,73.93,0.408565
2025-01-01 01:41:15,24.407,55.319,90.963,52.339,73.386,0.423083
2025-01-01 01:41:16,26.747,54.828,91.728,51.525,73.705,0.383083
2025-01-01 01:41:17,25.288,53.458,93.347,52.734,75.08,0.4192
2025-01-01 01:41:18,26.776,53.91,92.582,51.486,71.924,0.368619
2025-01-01 01:41:19,25.041,55.076,90.567,52.033,75.821,0.426425
2025-01-01 01:41:20,25.375,55.126,91.727,51.641,76.886,0.439916
2025-01-01 01:41:21,24.695,56.637,92.236,53.513,74.47,0.436395
2025-01-01 01:41:22,25.993,56.529,92.749,51.609,73.294,0.41536
2025-01-01 01:41:23,25.276,54.519,91.357,51.731,75.704,0.424456
2025-01-01 01:41:24,25.305,56.014,90.775,52.081,74.66,0.419265
2025-01-01 01:41:25,25.171,54.71,91.962,51.825,73.713,0.415904
2025-01-01 01:41:26,26.261,55.86,92.593,52.339,73.196,0.397455
2025-01-01 01:41:27,26.243,55.975,92.267,53.119,73.894,0.396189
2025-01-01 01:41:28,26.808,56.403,91.155,52.302,74.632,0.390544
2025-01-01 01:41:29,25.574,54.66,93.804,52.379,75.495,0.431184
2025-01-01 01:41:30,26.041,56.158,91.961,52.096,74.782,0.414121
2025-01-01 01:41:31,25.302,53.263,92.265,51.922,75.007,0.414582
2025-01-01 01:41:32,25.793,56.425,91.422,52.449,74.082,0.409154
2025-01-01 01:41:33,25.716,55.096,93.203,52.424,75.53,0.42662
2025-01-01 01:41:34,26.222,55.11,92.683,53.402,74.279,0.394578
2025-01-01 01:41:35,26.513,53.07,92.441,51.741,76.755,0.403553
2025-01-01 01:41:36,26.514,54.712,90.991,53.716,73.789,0.367029
2025-01-01 01:41:37,25.612,56.449,93.254,52.478,75.07,0.435096
2025-01-01 01:41:38,26.547,54.661,92.935,52.758,77.247,0.414678
2025-01-01 01:41:39,26.04,55.795,93.212,51.83,75.894,0.432028
2025-01-01 01:41:40,25.913,55.11,92.254,53.173,75.563,0.409981
2025-01-01 01:41:41,25.735,56.133,92.163,51.997,75.05,0.425067
2025-01-01 01:41:42,25.824,55.256,92.078,53.105,74.783,0.405873
2025-01-01 01:41:43,26.989,54.127,94.562,53.067,74.537,0.389552
2025-01-01 01:41:44,26.285,55.111,91.765,52.626,74.098,0.390505
2025-01-01 01:41:45,26.232,56.651,91.146,51.274,72.957,0.398655
2025-01-01 01:41:46,26.027,55.542,91.985,54.693,75.596,0.397885
2025-01-01 01:41:47,27.395,54.924,91.851,52.159,73.009,0.36117
2025-01-01 01:41:48,26.838,57.292,93.672,53.258,75.665,0.416618
2025-01-01 01:41:49,25.838,56.192,91.085,52.493,74.541,0.407315
2025-01-01 01:41:50,26.075,55.846,91.909,53.952,73.794,0.38944
2025-01-01 01:41:51,26.118,55.343,92.691,52.845,76.657,0.421762
2025-01-01 01:41:52,26.312,55.752,93.801,52.582,73.261,0.403409
2025-01-01 01:41:53,25.901,55.782,93.278,53.694,74.231,0.408344
2025-01-01 01:41:54,26.484,52.833,94.217,52.234,74.374,0.393215
2025-01-01 01:41:55,27.004,55.409,92.978,52.954,75.272,0.393241
2025-01-01 01:41:56,25.633,54.851,92.464,53.869,74.389,0.401287
2025-01-01 01:41:57,25.739,54.509,93.559,54.554,76.91,0.420162
2025-01-01 01:41:58,26.074,54.812,91.373,52.609,73.543,0.385704
2025-01-01 01:41:59,26.11,53.45,91.068,52.92,80.124,0.423364
2025-01-01 01:42:00,27.34,53.2,93.793,53.721,73.984,0.361072
2025-01-01 01:42:01,26.854,56.249,93.067,51.87,78.835,0.440056
2025-01-01 01:42:02,26.837,55.464,93.861,54.582,76.634,0.403007
2025-01-01 01:42:03,26.245,52.588,92.086,52.724,75.224,0.383991
2025-01-01 01:42:04,26.246,54.424,94.265,53.2,75.663,0.413574
2025-01-01 01:42:05,25.675,55.881,93.694,53.785,74.972,0.422485
2025-01-01 01:42:06,26.804,54.72,93.036,53.642,75.878,0.392925
2025-01-01 01:42:07,26.67,56.245,93.319,52.855,74.613,0.404452
2025-01-01 01:42:08,27.079,56.05,93.504,55.027,76.385,0.394141
2025-01-01 01:42:09,26.342,53.644,92.347,51.612,75.789,0.403864
2025-01-01 01:42:10,26.388,54.858,92.866,52.797,74.42,0.396025
2025-01-01 01:42:11,26.556,54.555,93.631,53.207,76.157,0.406919
2025-01-01 01:42:12,26.928,53.615,92.923,52.977,76.121,0.388211
2025-01-01 01:42:13,25.758,53.551,91.929,54.733,74.86,0.382907
2025-01-01 01:42:14,26.872,54.201,93.744,52.45,75.246,0.396531
2025-01-01 01:42:15,26.505,54.368,94.336,55.041,76.413,0.400787
2025-01-01 01:42:16,25.997,55.294,94.621,53.59,77.146,0.43738
2025-01-01 01:42:17,25.494,56.057,94.138,52.741,75.706,0.444893
2025-01-01 01:42:18,26.479,55.529,94.478,52.165,77.033,0.436925
2025-01-01 01:42:19,27.282,55.769,94.701,53.689,77.357,0.414199
2025-01-01 01:42:20,27.405,54.755,93.849,53.314,77.561,0.402082
2025-01-01 01:42:21,26.756,55.628,91.706,54.078,76.538,0.392659
2025-01-01 01:42:22,27.57,54.88,95.042,53.542,74.996,0.386312
2025-01-01 01:42:23,26.577,54.59,93.047,54.679,77.19,0.399972
2025-01-01 01:42:24,27.085,56.933,92.867,53.812,75.932,0.400704
2025-01-01 01:42:25,26.393,52.709,92.954,53.597,76.812,0.394495
2025-01-01 01:42:26,26.371,53.171,96.602,54.725,75.491,0.406977
2025-01-01 01:42:27,26.299,55.431,94.619,54.137,75.569,0.414841
2025-01-01 01:42:28,25.617,54.788,93.198,54.583,75.49,0.41041
2025-01-01 01:42:29,27.3,53.621,93.618,54.889,74.785,0.361621
2025-01-01 01:42:30,26.345,54.009,94.363,53.742,75.715,0.405633
2025-01-01 01:42:31,26.274,54.144,94.97,54.013,75.223,0.406806
2025-01-01 01:42:32,26.094,55.967,94.771,54.663,77.186,0.433754
2025-01-01 01:42:33,26.591,56.293,93.628,52.031,75.274,0.420183
2025-01-01 01:42:34,27.584,56.726,94.939,53.914,75.793,0.40214
2025-01-01 01:42:35,27.758,53.503,94.077,53.818,76.645,0.376477
2025-01-01 01:42:36,25.889,53.732,95.802,54.298,78.862,0.446177
2025-01-01 01:42:37,26.55,53.67,94.879,53.359,75.902,0.406883
2025-01-01 01:42:38,26.219,56.401,94.131,54.876,75.119,0.410952
2025-01-01 01:42:39,27.238,55.537,95.648,53.409,75.25,0.405658
2025-01-01 01:42:40,26.896,55.207,95.412,53.63,75.838,0.412069
2025-01-01 01:42:41,26.442,55.364,94.623,53.464,76.129,0.420724
2025-01-01 01:42:42,26.804,55.086,95.899,54.976,79.73,0.438743
2025-01-01 01:42:43,26.537,54.029,95.869,52.319,78.172,0.443472
2025-01-01 01:42:44,27.591,55.672,96.514,55.412,76.681,0.402524
2025-01-01 01:42:45,27.064,54.981,96.094,55.156,79.33,0.429121
2025-01-01 01:42:46,27.133,53.975,95.243,53.519,76.419,0.402201
2025-01-01 01:42:47,25.472,55.759,93.84,54.785,76.709,0.43402
2025-01-01 01:42:48,26.779,54.768,95.791,54.059,76.685,0.418024
2025-01-01 01:42:49,27.861,55.431,96.021,55.269,78.532,0.407104
2025-01-01 01:42:50,27.49,55.088,95.805,54.697,77.264,0.405013
2025-01-01 01:42:51,25.91,56.114,92.819,55.681,79.206,0.432968
2025-01-01 01:42:52,26.683,55.452,96.585,52.665,77.967,0.452062
2025-01-01 01:42:53,26.246,54.359,95.07,54.056,78.587,0.436798
2025-01-01 01:42:54,27.708,55.575,96.745,52.51,75.366,0.411451
2025-01-01 01:42:55,26.981,55.618,97.838,53.461,75.557,0.430635
2025-01-01 01:42:56,26.481,55.785,95.962,55.661,75.646,0.413172
2025-01-01 01:42:57,26.888,56.321,96.732,54.221,77.182,0.437096
2025-01-01 01:42:58,25.573,54.68,96.405,54.618,75.9,0.438144
2025-01-01 01:42:59,26.34,55.976,96.978,54.224,79.285,0.465973
2025-01-01 01:43:00,26.906,53.594,96.635,54.156,77.609,0.419885
2025-01-01 01:43:01,27.316,55.211,96.095,53.359,78.637,0.432822
2025-01-01 01:43:02,25.928,55.068,95.788,53.191,77.359,0.450948
2025-01-01 01:43:03,26.713,56.803,98.365,53.299,78.991,0.479065
2025-01-01 01:43:04,27.414,55.211,97.294,51.533,75.695,0.429243
2025-01-01 01:43:05,26.188,55.988,97.768,53.63,78.046,0.469773
2025-01-01 01:43:06,27.033,53.632,97.419,53.865,78.757,0.434853
2025-01-01 01:43:07,26.956,55.055,98.078,53.155,78.91,0.458733
2025-01-01 01:43:08,27.785,54.573,96.29,53.522,77.879,0.411989
2025-01-01 01:43:09,26.817,57.909,97.352,54.022,76.26,0.449085
2025-01-01 01:43:10,26.851,54.78,97.858,54.285,79.579,0.45446
2025-01-01 01:43:11,27.368,55.534,98.729,52.593,77.947,0.454373
2025-01-01 01:43:12,26.281,55.601,100.194,52.889,78.104,0.489736
2025-01-01 01:43:13,26.838,53.9,98.013,54.1,81.186,0.464077
2025-01-01 01:43:14,26.724,54.977,97.03,53.94,78.692,0.447576
2025-01-01 01:43:15,26.886,55.923,96.58,54.516,78.007,0.437617
2025-01-01 01:43:16,27.383,55.619,96.957,54.453,77.988,0.427591
2025-01-01 01:43:17,27.239,53.248,97.173,55.312,79.51,0.421126
2025-01-01 01:43:18,26.591,54.996,95.132,53.115,77.804,0.434852
2025-01-01 01:43:19,27.037,56.6,97.444,54.581,79.457,0.45742
2025-01-01 01:43:20,27.717,56.183,98.923,52.55,80.218,0.472054
2025-01-01 01:43:21,26.558,56.828,98.368,55.168,78.844,0.467552
2025-01-01 01:43:22,27.049,54.641,98.121,53.583,80.189,0.461299
2025-01-01 01:43:23,26.883,56.924,96.845,53.619,78.975,0.461813
2025-01-01 01:43:24,26.95,55.615,99.605,53.942,78.286,0.463865
2025-01-01 01:43:25,26.168,57.268,99.154,52.03,77.168,0.495281
2025-01-01 01:43:26,27.691,55.696,98.717,52.219,79.549,0.464309
2025-01-01 01:43:27,26.6,53.662,96.615,53.134,79.629,0.451066
2025-01-01 01:43:28,27.502,56.576,98.415,53.281,80.505,0.47276
2025-01-01 01:43:29,26.68,55.301,99.427,54.632,80.444,0.478941
2025-01-01 01:43:30,26.68,55.386,99.053,52.168,81.917,0.507411
2025-01-01 01:43:31,27.6,54.327,99.362,54.121,78.793,0.440773
2025-01-01 01:43:32,27.492,57.42,99.944,52.636,79.972,0.491635
2025-01-01 01:43:33,27.101,55.295,99.502,52.585,78.774,0.471486
2025-01-01 01:43:34,27.378,57.409,100.085,52.636,80.77,0.501879
2025-01-01 01:43:35,26.854,55.421,98.681,52.481,78.596,0.470867
2025-01-01 01:43:36,26.995,54.944,98.39,53.073,80.859,0.476257
2025-01-01 01:43:37,26.668,57.21,100.179,52.325,78.933,0.504109
2025-01-01 01:43:38,27.452,55.836,100.473,51.469,80.791,0.50038
2025-01-01 01:43:39,26.653,55.865,100.399,52.34,81.374,0.516302
2025-01-01 01:43:40,27.743,54.666,100.1,52.875,78.116,0.449481
2025-01-01 01:43:41,26.842,55.51,99.733,51.343,78.419,0.487048
2025-01-01 01:43:42,27.01,56.416,100.357,52.885,80.372,0.499645
2025-01-01 01:43:43,27.379,54.708,100.615,53.318,80.298,0.476704
2025-01-01 01:43:44,27.011,55.488,100.763,53.512,79.848,0.48678
2025-01-01 01:43:45,26.85,55.627,103.02,52.551,79.682,0.514895
2025-01-01 01:43:46,26.983,56.135,99.581,50.79,79.282,0.498711
2025-01-01 01:43:47,27.444,57.569,103.816,52.704,80.76,0.530104
2025-01-01 01:43:48,26.665,55.81,99.422,52.912,79.259,0.486101
2025-01-01 01:43:49,26.932,55.44,101.153,51.532,80.91,0.514938
2025-01-01 01:43:50,26.999,58.899,99.661,51.983,79.836,0.515381
2025-01-01 01:43:51,27.424,55.74,101.25,52.378,80.073,0.49354
2025-01-01 01:43:52,26.941,56.004,102.014,53.371,82.093,0.521749
2025-01-01 01:43:53,27.893,55.859,101.153,51.687,81.834,0.502986
2025-01-01 01:43:54,26.909,55.962,102.181,52.554,79.546,0.508372
2025-01-01 01:43:55,26.866,56.338,100.872,52.043,79.749,0.507449
2025-01-01 01:43:56,26.898,57.204,99.334,51.898,81.784,0.51925
2025-01-01 01:43:57,26.322,56.709,102.098,52.751,79.184,0.522004
2025-01-01 01:43:58,26.46,57.405,101.589,50.97,82.703,0.562525
2025-01-01 01:43:59,26.711,57.395,101.166,51.767,81.174,0.535057
2025-01-01 01:44:00,27.541,56.582,101.322,51.552,80.372,0.506477
2025-01-01 01:44:01,26.954,56.773,102.226,50.272,81.132,0.544005
2025-01-01 01:44:02,26.725,57.528,101.091,52.41,82.806,0.543868
2025-01-01 01:44:03,27.578,55.332,102.367,52.034,78.669,0.486643
2025-01-01 01:44:04,27.737,58.965,103.266,51.344,82.511,0.554311
2025-01-01 01:44:05,27.586,55.978,104.224,51.053,82.767,0.547165
2025-01-01 01:44:06,26.528,56.163,103.653,51.208,81.001,0.551979
2025-01-01 01:44:07,26.703,55.326,102.496,51.719,81.353,0.531959
2025-01-01 01:44:08,27.854,55.38,102.677,51.141,81.656,0.514782
2025-01-01 01:44:09,27.064,57.56,102.103,50.51,82.425,0.555358
2025-01-01 01:44:10,26.805,58.881,102.122,50.575,80.722,0.556527
2025-01-01 01:44:11,27.294,56.068,103.544,50.923,81.633,0.540667
2025-01-01 01:44:12,27.435,57.007,102.448,50.131,81.583,0.541512
2025-01-01 01:44:13,26.641,56.905,103.205,51.088,82.569,0.565285
2025-01-01 01:44:14,27.032,57.71,101.959,50.131,85.017,0.580054
2025-01-01 01:44:15,27.38,58.954,104.375,49.946,80.978,0.568395
2025-01-01 01:44:16,26.332,58.281,102.764,53.207,82.005,0.558611
2025-01-01 01:44:17,26.914,56.547,104.256,52.148,81.049,0.544313
2025-01-01 01:44:18,26.345,57.34,102.546,50.655,81.427,0.563803
2025-01-01 01:44:19,26.405,57.465,102.574,51.164,80.774,0.554478
2025-01-01 01:44:20,26.61,56.843,104.739,51.243,80.279,0.557368
2025-01-01 01:44:21,27.125,55.793,102.865,50.309,83.586,0.557832
2025-01-01 01:44:22,26.72,56.117,102.003,50.539,82.645,0.55313
2025-01-01 01:44:23,26.551,58.09,102.611,50.046,82.38,0.577532
2025-01-01 01:44:24,26.895,58.219,104.586,51.203,81.27,0.568465
2025-01-01 01:44:25,26.29,56.787,104.568,51.157,82.279,0.579704
2025-01-01 01:44:26,27.071,57.282,103.123,51.334,81.031,0.543392
2025-01-01 01:44:27,27.416,58.245,103.331,50.24,82.436,0.564142
2025-01-01 01:44:28,26.805,55.371,104.713,51.704,82.919,0.560242
2025-01-01 01:44:29,26.737,56.656,105.433,49.852,81.917,0.582122
2025-01-01 01:44:30,27.018,59.147,104.124,51.493,81.709,0.570485
2025-01-01 01:44:31,25.81,57.456,104.822,49.428,82.075,0.607732
2025-01-01 01:44:32,27.086,56.055,105.216,48.704,83.693,0.591192
2025-01-01 01:44:33,28.362,57.329,106.57,51.307,83.005,0.558142
2025-01-01 01:44:34,26.742,58.261,103.335,50.156,80.883,0.567102
2025-01-01 01:44:35,26.737,54.721,103.896,49.986,83.728,0.569975
2025-01-01 01:44:36,27.161,57.472,104.131,49.226,83.559,0.586777
2025-01-01 01:44:37,27.604,56.951,105.537,48.781,83.18,0.58413
2025-01-01 01:44:38,27.261,55.71,104.529,48.801,84.977,0.589332
2025-01-01 01:44:39,25.688,57.462,105.164,49.455,83.078,0.620638
2025-01-01 01:44:40,27.04,57.272,105.044,49.168,83.613,0.595709
2025-01-01 01:44:41,28.036,57.413,104.994,47.68,83.706,0.586221
2025-01-01 01:44:42,27.053,57.118,105.169,50.531,84.242,0.59043
2025-01-01 01:44:43,26.156,56.473,106.16,48.784,82.968,0.614914
2025-01-01 01:44:44,26.866,56.069,104.227,50.055,82.507,0.569086
2025-01-01 01:44:45,26.076,56.862,105.116,48.445,84.494,0.626058
2025-01-01 01:44:46,27.325,58.441,104.116,49.078,84.478,0.598584
2025-01-01 01:44:47,26.221,57.844,105.624,49.677,84.947,0.628486
2025-01-01 01:44:48,26.728,57.571,105.267,49.511,83.96,0.606567
2025-01-01 01:44:49,26.253,56.63,106.596,48.575,81.527,0.607296
2025-01-01 01:44:50,26.399,57.325,105.586,49.143,83.747,0.615152
2025-01-01 01:44:51,27.406,58.466,105.211,49.222,83.634,0.597421
2025-01-01 01:44:52,26.706,58.263,105.47,48.509,85.113,0.629598
2025-01-01 01:44:53,26.365,57.311,107.502,47.683,84.951,0.64919
2025-01-01 01:44:54,26.062,55.207,104.27,48.021,84.459,0.611123
2025-01-01 01:44:55,25.69,57.174,105.273,48.164,81.279,0.614347
2025-01-01 01:44:56,25.99,57.396,105.996,48.436,82.819,0.62505
2025-01-01 01:44:57,26.662,57.002,105.382,49.636,83.413,0.599501
2025-01-01 01:44:58,27.086,57.526,106.568,49.037,83.483,0.60785
2025-01-01 01:44:59,26.305,58.786,106.078,47.606,84.134,0.644658
2025-01-01 01:45:00,27.361,57.963,106.447,49.677,85.751,0.617578
2025-01-01 01:45:01,26.206,59.02,106.365,48.094,84.95,0.653202
2025-01-01 01:45:02,26.436,56.553,106.199,48.644,82.953,0.610689
2025-01-01 01:45:03,26.004,57.787,105.066,47.305,83.101,0.630824
2025-01-01 01:45:04,27.029,56.184,106.586,47.645,83.033,0.60599
2025-01-01 01:45:05,27.571,57.727,104.699,48.787,84.035,0.591002
2025-01-01 01:45:06,25.631,57.139,105.843,47.205,85.18,0.656224
2025-01-01 01:45:07,26.328,59.497,107.055,47.904,85.409,0.663535
2025-01-01 01:45:08,27.122,58.657,107.806,48.188,83.839,0.632969
2025-01-01 01:45:09,25.755,59.293,109.015,46.946,84.292,0.685093
2025-01-01 01:45:10,26.751,57.88,106.286,46.295,86.375,0.656777
2025-01-01 01:45:11,27.067,57.321,105.898,48.396,82.622,0.599514
2025-01-01 01:45:12,26.484,57.321,107.332,49.915,85.206,0.632119
2025-01-01 01:45:13,26.708,58.67,108.726,47.945,85.113,0.65951
2025-01-01 01:45:14,27.302,60.246,108.434,48.054,84.157,0.648111
2025-01-01 01:45:15,27.384,58.88,105.911,46.781,84.527,0.630423
2025-01-01 01:45:16,26.367,58.125,106.849,48.62,85.088,0.644692
2025-01-01 01:45:17,26.119,58.342,107.883,47.099,84.266,0.662638
2025-01-01 01:45:18,25.914,58.532,107.994,48.288,83.889,0.658027
2025-01-01 01:45:19,26.85,60.622,107.707,47.8,83.832,0.654017
2025-01-01 01:45:20,25.663,59.861,106.707,47.778,86.956,0.688744
2025-01-01 01:45:21,26.211,58.919,107.778,47.706,84.227,0.659577
2025-01-01 01:45:22,26.376,58.801,108.163,47.639,85.03,0.664583
2025-01-01 01:45:23,26.06,59.023,106.339,47.376,85.763,0.666891
2025-01-01 01:45:24,26.439,59.25,108.638,47.885,84.599,0.664778
2025-01-01 01:45:25,27.569,58.375,108.335,46.49,84.928,0.64568
2025-01-01 01:45:26,26.213,57.976,106.636,46.841,85.52,0.660668
2025-01-01 01:45:27,26.043,59.885,108.337,48.168,83.93,0.667998
2025-01-01 01:45:28,26.755,58.907,108.258,47.095,83.135,0.647695
2025-01-01 01:45:29,26.355,59.867,108.328,46.659,84.132,0.673112
2025-01-01 01:45:30,26.941,60.597,109.084,47.712,87.113,0.686282
2025-01-01 01:45:31,26.291,59.504,107.528,47.518,84.378,0.662524
2025-01-01 01:45:32,26.071,59.374,107.899,45.773,85.254,0.686458
2025-01-01 01:45:33,25.29,62.249,104.957,47.363,83.534,0.677698
2025-01-01 01:45:34,25.358,59.288,108.739,46.855,86.764,0.708746
2025-01-01 01:45:35,25.237,58.023,108.669,47.282,84.82,0.686221
2025-01-01 01:45:36,26.331,58.865,109.031,46.689,84.663,0.675505
2025-01-01 01:45:37,25.446,60.731,106.763,47.02,85.075,0.69034
2025-01-01 01:45:38,26.741,57.918,108.686,45.153,88.277,0.694997
2025-01-01 01:45:39,26.115,58.493,108.765,45.872,85.818,0.689148
2025-01-01 01:45:40,25.963,60.385,107.117,47.151,85.125,0.679955
2025-01-01 01:45:41,25.65,59.04,108.845,48.627,81.879,0.655422
2025-01-01 01:45:42,26.369,59.234,108.272,46.795,86.987,0.688126
2025-01-01 01:45:43,25.641,60.451,106.129,45.92,84.554,0.683859
2025-01-01 01:45:44,25.536,58.694,108.43,46.556,84.388,0.684724
2025-01-01 01:45:45,26.609,57.975,107.095,45.707,84.519,0.656016
2025-01-01 01:45:46,26.178,58.088,106.202,47.396,87.215,0.667988
2025-01-01 01:45:47,25.868,60.092,108.26,46.411,85.429,0.694529
2025-01-01 01:45:48,26.292,59.802,107.842,47.191,83.675,0.663656
2025-01-01 01:45:49,25.961,58.884,109.324,46.203,85.278,0.692377
2025-01-01 01:45:50,26.133,58.451,108.114,47.217,84.547,0.665993
2025-01-01 01:45:51,25.519,59.372,108.722,44.983,85.997,0.712473
2025-01-01 01:45:52,26.948,60.793,108.462,46.281,85.122,0.678138
2025-01-01 01:45:53,25.608,58.874,108.983,46.673,83.722,0.682679
2025-01-01 01:45:54,26.661,59.08,107.084,46.007,85.525,0.667804
2025-01-01 01:45:55,25.773,58.585,108.176,46.491,85.575,0.686663
2025-01-01 01:45:56,26.256,59.442,107.843,46.46,84.157,0.670415
2025-01-01 01:45:57,26.205,60.181,108.643,47.008,83.327,0.672108
2025-01-01 01:45:58,26.396,61.991,108.249,46.65,86.036,0.699215
2025-01-01 01:45:59,25.387,60.127,107.382,46.452,85.377,0.697484
2025-01-01 01:46:00,26.33,59.889,107.661,46.827,85.472,0.677862
2025-01-01 01:46:01,26.7,60.839,109.648,45.027,86.641,0.709763
2025-01-01 01:46:02,25.632,60.705,106.306,45.495,83.435,0.68157
2025-01-01 01:46:03,25.763,59.465,108.709,44.977,85.849,0.707458
2025-01-01 01:46:04,25.468,62.378,109.239,46.512,86.586,0.729492
2025-01-01 01:46:05,25.541,60.085,108.574,46.394,85.586,0.703934
2025-01-01 01:46:06,26.555,60.379,109.962,47.161,84.119,0.680311
2025-01-01 01:46:07,25.181,60.727,108.925,46.326,85.038,0.713526
2025-01-01 01:46:08,25.197,60.555,108.365,45.531,85.302,0.715278
2025-01-01 01:46:09,26.457,61.768,107.507,46.136,83.961,0.680141
2025-01-01 01:46:10,25.949,59.686,108.369,44.522,86.313,0.709203
2025-01-01 01:46:11,26.681,61.092,108.639,45.69,85.883,0.695694
2025-01-01 01:46:12,25.379,60.507,107.951,44.134,85.118,0.716287
2025-01-01 01:46:13,25.652,61.358,107.194,46.271,87.082,0.711948
2025-01-01 01:46:14,25.242,60.194,106.721,45.781,85.283,0.699876
2025-01-01 01:46:15,25.628,60.092,108.099,45.897,87.694,0.716843
2025-01-01 01:46:16,24.654,61.207,106.419,45.256,85.605,0.72054
2025-01-01 01:46:17,25.867,60.866,107.414,45.465,84.79,0.695369
2025-01-01 01:46:18,25.67,59.721,105.438,46.554,84.834,0.671671
2025-01-01 01:46:19,25.464,61.92,108.686,44.852,86.06,0.729828
2025-01-01 01:46:20,25.281,61.34,108.99,46.407,84.673,0.712873
2025-01-01 01:46:21,25.013,60.567,107.896,45.356,86.137,0.722418
2025-01-01 01:46:22,25.808,60.206,109.629,44.664,85.489,0.716556
2025-01-01 01:46:23,24.842,61.071,109.125,46.994,85.466,0.7219
2025-01-01 01:46:24,25.667,61.4,108.236,47.081,85.929,0.705693
2025-01-01 01:46:25,26.432,59.179,107.621,45.592,87.189,0.691364
2025-01-01 01:46:26,26.121,61.181,107.361,45.59,85.336,0.695235
2025-01-01 01:46:27,24.61,61.491,108.249,45.837,86.212,0.734897
2025-01-01 01:46:28,25.077,58.519,107.52,45.397,86.527,0.708734
2025-01-01 01:46:29,25.54,61.1,108.184,45.547,84.544,0.705824
2025-01-01 01:46:30,25.278,61.632,108.231,46.424,86.625,0.722975
2025-01-01 01:46:31,24.597,61.551,107.351,47.734,86.977,0.72374
2025-01-01 01:46:32,25.473,61.805,108.647,45.803,87.159,0.730351
2025-01-01 01:46:33,25.258,60.707,107.293,46.917,84.669,0.69509
2025-01-01 01:46:34,26.204,60.028,107.512,46.394,84.753,0.677838
2025-01-01 01:46:35,25.104,59.3,106.482,44.788,85.934,0.706078
2025-01-01 01:46:36,25.798,62.225,107.156,46.12,85.864,0.706916
2025-01-01 01:46:37,24.564,61.868,109.552,46.035,86.019,0.743339
2025-01-01 01:46:38,24.667,62.366,106.459,47.343,85.566,0.714648
2025-01-01 01:46:39,25.525,60.505,107.761,47.392,86.214,0.69969
2025-01-01 01:46:40,25.689,62.066,106.833,46.508,82.923,0.68259
2025-01-01 01:46:41,24.652,59.792,105.036,47.196,86.774,0.698967
2025-01-01 01:46:42,25.126,60.457,107.771,46.127,87.747,0.725046
2025-01-01 01:46:43,24.407,61.485,106.617,47.159,85.312,0.714434
2025-01-01 01:46:44,24.99,62.054,107.453,46.365,86.214,0.723435
2025-01-01 01:46:45,25.483,63.102,108.083,47.184,87.982,0.731595
2025-01-01 01:46:46,24.83,61.214,107.286,47.288,85.999,0.713154
2025-01-01 01:46:47,24.906,60.621,107.337,46.925,86.319,0.712843
2025-01-01 01:46:48,24.449,60.601,106.098,45.782,88.155,0.732341
2025-01-01 01:46:49,24.673,60.862,107.628,46.063,88.381,0.739067
2025-01-01 01:46:50,25.86,63.803,106.687,47.027,84.657,0.698479
2025-01-01 01:46:51,25.001,62.37,104.832,47.166,85.427,0.69804
2025-01-01 01:46:52,24.446,62.757,107.611,46.605,86.984,0.741747
2025-01-01 01:46:53,24.773,61.437,107.869,46.255,86.499,0.72877
2025-01-01 01:46:54,24.115,61.706,108.169,46.687,86.74,0.742715
2025-01-01 01:46:55,24.39,62.438,108.81,46.34,82.736,0.721983
2025-01-01 01:46:56,25.561,61.264,107.362,46.374,83.526,0.688655
2025-01-01 01:46:57,24.793,61.51,107.052,48.19,88.0,0.722175
2025-01-01 01:46:58,25.793,61.157,107.578,46.273,86.776,0.708447
2025-01-01 01:46:59,24.783,61.416,105.547,47.091,86.259,0.707076
2025-01-01 01:47:00,24.796,61.943,104.709,46.839,84.331,0.692739
2025-01-01 01:47:01,25.118,61.103,105.85,45.769,85.311,0.702495
2025-01-01 01:47:02,23.445,62.242,107.549,45.775,86.478,0.756909
2025-01-01 01:47:03,24.867,62.271,105.555,46.753,84.121,0.698137
2025-01-01 01:47:04,24.724,61.837,106.626,45.291,84.919,0.719563
2025-01-01 01:47:05,25.475,61.22,106.676,48.353,86.201,0.691813
2025-01-01 01:47:06,25.197,62.182,106.289,46.635,86.442,0.712983
2025-01-01 01:47:07,24.132,61.603,104.709,46.607,85.09,0.709889
2025-01-01 01:47:08,25.303,62.185,106.27,47.978,86.88,0.705616
2025-01-01 01:47:09,24.535,63.266,105.446,46.925,86.824,0.727062
2025-01-01 01:47:10,24.197,60.945,107.509,47.597,83.515,0.705691
2025-01-01 01:47:11,24.731,64.401,106.882,46.657,87.614,0.745612
2025-01-01 01:47:12,24.515,62.185,105.296,47.191,87.029,0.719759
2025-01-01 01:47:13,25.369,62.699,107.385,47.97,85.858,0.707794
2025-01-01 01:47:14,24.754,61.564,105.9,46.547,85.426,0.708452
2025-01-01 01:47:15,24.67,63.489,103.82,47.7,86.518,0.708882
2025-01-01 01:47:16,25.002,62.25,105.349,45.387,86.191,0.716923
2025-01-01 01:47:17,25.082,62.011,106.996,48.375,85.203,0.699269
2025-01-01 01:47:18,24.911,61.859,104.475,46.961,87.435,0.709439
2025-01-01 01:47:19,25.212,62.195,105.16,47.381,82.96,0.675946
2025-01-01 01:47:20,24.791,62.911,103.8,47.416,84.666,0.691673
2025-01-01 01:47:21,24.554,62.694,103.891,46.759,85.978,0.708689
2025-01-01 01:47:22,25.074,62.51,104.189,46.743,85.355,0.695458
2025-01-01 01:47:23,24.393,61.867,103.726,48.047,86.234,0.699194
2025-01-01 01:47:24,24.439,61.838,104.265,48.131,83.696,0.68313
2025-01-01 01:47:25,25.267,62.175,106.551,47.015,85.04,0.701292
2025-01-01 01:47:26,25.202,63.124,104.706,48.203,86.701,0.700544
2025-01-01 01:47:27,24.371,63.354,105.455,48.264,83.503,0.699845
2025-01-01 01:47:28,24.132,63.517,105.689,47.564,84.981,0.721215
2025-01-01 01:47:29,25.075,62.746,103.416,46.88,84.606,0.685579
2025-01-01 01:47:30,24.728,63.159,103.619,47.934,85.652,0.696941
2025-01-01 01:47:31,24.47,62.635,105.142,48.305,85.661,0.706202
2025-01-01 01:47:32,24.135,61.088,103.668,48.016,85.278,0.692226
2025-01-01 01:47:33,24.446,62.642,104.926,47.639,84.786,0.703365
2025-01-01 01:47:34,24.254,62.51,105.828,48.537,85.181,0.709124
2025-01-01 01:47:35,23.917,61.874,102.619,49.227,84.878,0.683802
2025-01-01 01:47:36,24.299,62.372,103.641,47.65,85.008,0.697516
2025-01-01 01:47:37,24.352,63.102,103.722,48.079,86.765,0.711129
2025-01-01 01:47:38,24.016,61.86,103.317,50.564,83.544,0.668019
2025-01-01 01:47:39,24.64,62.309,103.157,48.655,85.366,0.683423
2025-01-01 01:47:40,24.817,64.594,103.194,47.461,83.795,0.691413
2025-01-01 01:47:41,24.643,61.47,103.592,48.145,87.24,0.697508
2025-01-01 01:47:42,24.005,62.916,103.692,47.975,84.969,0.7045
2025-01-01 01:47:43,24.506,61.959,104.401,48.939,83.309,0.675442
2025-01-01 01:47:44,24.152,62.399,103.342,48.934,84.519,0.686835
2025-01-01 01:47:45,23.48,62.979,104.404,48.233,83.014,0.704178
2025-01-01 01:47:46,24.419,62.215,102.613,50.282,83.971,0.662462
2025-01-01 01:47:47,24.141,63.802,101.922,48.919,85.436,0.69318
2025-01-01 01:47:48,25.35,64.605,102.736,48.542,86.297,0.689069
2025-01-01 01:47:49,24.768,64.12,103.421,47.984,85.926,0.702544
2025-01-01 01:47:50,24.38,64.328,103.737,48.301,84.468,0.701058
2025-01-01 01:47:51,24.134,61.949,104.253,48.075,85.243,0.700942
2025-01-01 01:47:52,24.077,63.11,103.0,48.975,85.493,0.69719
2025-01-01 01:47:53,23.479,63.846,103.379,48.476,87.187,0.729703
2025-01-01 01:47:54,23.097,64.274,103.91,49.867,83.726,0.71092
2025-01-01 01:47:55,23.516,65.18,101.678,48.828,86.225,0.717896
2025-01-01 01:47:56,23.914,64.52,102.162,50.024,83.066,0.679693
2025-01-01 01:47:57,22.871,64.372,105.058,49.802,85.755,0.736641
2025-01-01 01:47:58,23.638,66.133,103.058,49.982,83.557,0.705004
2025-01-01 01:47:59,23.772,63.619,102.627,50.239,83.443,0.681079
2025-01-01 01:48:00,23.775,63.257,102.924,51.173,83.883,0.677787
2025-01-01 01:48:01,23.538,63.747,100.609,48.956,83.255,0.679798
2025-01-01 01:48:02,23.684,62.678,101.211,50.369,84.658,0.674982
2025-01-01 01:48:03,24.703,63.684,100.759,50.068,85.579,0.66705
2025-01-01 01:48:04,24.159,61.912,102.103,50.657,81.533,0.641113
2025-01-01 01:48:05,23.534,63.132,101.229,49.952,83.817,0.677646
2025-01-01 01:48:06,23.767,63.569,101.606,50.861,82.682,0.664145
2025-01-01 01:48:07,23.773,64.657,101.112,48.944,85.031,0.697246
2025-01-01 01:48:08,23.39,64.84,99.709,49.231,85.608,0.698674
2025-01-01 01:48:09,23.377,62.788,102.133,49.637,83.653,0.685473
2025-01-01 01:48:10,24.254,65.849,99.398,50.089,82.976,0.661589
2025-01-01 01:48:11,23.525,63.944,100.344,50.243,81.84,0.660565
2025-01-01 01:48:12,23.175,64.057,99.668,49.671,86.074,0.698028
2025-01-01 01:48:13,23.688,62.221,100.016,49.528,85.276,0.673753
2025-01-01 01:48:14,23.756,63.239,101.009,49.853,81.275,0.654213
2025-01-01 01:48:15,22.698,64.93,101.954,49.067,84.393,0.719216
2025-01-01 01:48:16,23.651,64.071,99.069,50.26,82.228,0.652688
2025-01-01 01:48:17,24.093,64.03,99.984,50.501,82.908,0.653379
2025-01-01 01:48:18,23.873,64.17,98.704,50.957,81.976,0.639504
2025-01-01 01:48:19,24.75,62.52,99.759,50.794,81.029,0.610888
2025-01-01 01:48:20,24.248,63.887,100.347,52.151,83.33,0.643723
2025-01-01 01:48:21,24.335,65.412,100.953,51.423,85.614,0.678402
2025-01-01 01:48:22,24.999,65.11,97.979,51.419,82.183,0.615491
2025-01-01 01:48:23,23.966,63.918,100.559,51.176,84.318,0.665234
2025-01-01 01:48:24,23.657,65.626,98.947,51.369,84.46,0.671371
2025-01-01 01:48:25,24.05,62.823,98.615,50.819,84.022,0.642528
2025-01-01 01:48:26,23.272,63.13,99.809,51.131,85.505,0.677653
2025-01-01 01:48:27,23.594,65.984,100.28,52.643,84.209,0.673879
2025-01-01 01:48:28,23.205,64.717,99.464,51.105,85.181,0.684783
2025-01-01 01:48:29,23.717,63.869,98.383,50.15,81.592,0.640965
2025-01-01 01:48:30,23.181,64.121,99.286,51.827,83.815,0.665387
2025-01-01 01:48:31,23.152,63.388,98.573,52.024,84.686,0.661239
2025-01-01 01:48:32,23.692,64.489,99.814,51.501,81.899,0.64905
2025-01-01 01:48:33,23.405,64.428,100.197,49.928,78.594,0.642855
2025-01-01 01:48:34,22.5,64.268,100.045,52.514,81.208,0.66135
2025-01-01 01:48:35,22.725,63.106,98.925,51.721,81.81,0.65091
2025-01-01 01:48:36,22.869,64.547,99.98,51.342,83.304,0.678636
2025-01-01 01:48:37,22.99,63.77,97.748,52.592,81.902,0.636275
2025-01-01 01:48:38,23.629,63.331,100.464,50.074,82.536,0.661537
2025-01-01 01:48:39,23.521,65.6,97.567,51.835,81.758,0.640755
2025-01-01 01:48:40,23.934,66.52,96.476,51.364,82.279,0.637945
2025-01-01 01:48:41,23.768,66.309,99.785,53.041,82.304,0.652259
2025-01-01 01:48:42,23.917,65.033,97.622,52.092,81.574,0.625694
2025-01-01 01:48:43,23.676,64.133,98.362,51.257,83.268,0.648671
2025-01-01 01:48:44,23.467,64.344,97.128,52.909,83.888,0.638968
2025-01-01 01:48:45,23.902,64.835,100.436,50.08,80.803,0.652904
2025-01-01 01:48:46,23.803,64.025,99.808,52.502,82.391,0.640402
2025-01-01 01:48:47,23.522,65.779,99.447,51.134,80.364,0.649585
2025-01-01 01:48:48,23.96,62.439,97.903,51.823,79.925,0.597254
2025-01-01 01:48:49,22.143,64.194,98.71,52.048,83.221,0.676685
2025-01-01 01:48:50,23.162,65.306,97.591,53.015,84.334,0.657765
2025-01-01 01:48:51,23.145,63.674,98.681,54.097,81.479,0.62536
2025-01-01 01:48:52,23.866,64.293,97.064,50.956,84.021,0.644394
2025-01-01 01:48:53,24.066,65.141,98.975,52.783,80.992,0.623819
2025-01-01 01:48:54,22.547,66.079,96.846,54.233,81.436,0.640016
2025-01-01 01:48:55,23.969,63.28,96.876,52.057,83.666,0.623402
2025-01-01 01:48:56,22.67,63.22,96.673,52.052,80.517,0.624343
2025-01-01 01:48:57,22.677,63.655,97.25,52.792,82.66,0.642828
2025-01-01 01:48:58,23.122,63.076,96.586,53.31,81.089,0.608642
2025-01-01 01:48:59,23.073,63.16,97.38,53.215,80.589,0.612912
2025-01-01 01:49:00,22.445,63.666,96.33,52.444,80.791,0.629085
2025-01-01 01:49:01,23.541,65.885,97.52,52.131,78.746,0.616476
2025-01-01 01:49:02,23.549,64.351,98.167,53.866,82.808,0.629832
2025-01-01 01:49:03,23.729,64.707,96.646,52.234,81.513,0.618743
2025-01-01 01:49:04,22.978,63.732,98.706,51.361,81.011,0.644832
2025-01-01 01:49:05,23.167,65.332,97.536,51.77,80.303,0.63527
2025-01-01 01:49:06,23.165,66.586,98.467,52.51,81.455,0.654304
2025-01-01 01:49:07,24.017,63.833,96.189,54.203,82.088,0.59335
2025-01-01 01:49:08,21.75,66.457,94.511,52.096,80.644,0.650966
2025-01-01 01:49:09,22.682,65.107,95.388,54.301,82.076,0.624318
2025-01-01 01:49:10,23.156,64.77,95.413,54.165,81.196,0.606014
2025-01-01 01:49:11,22.605,65.163,94.987,53.335,80.7,0.619426
2025-01-01 01:49:12,23.012,65.164,93.668,51.15,81.853,0.625557
2025-01-01 01:49:13,23.072,66.64,96.813,52.277,80.094,0.635981
2025-01-01 01:49:14,22.8,65.313,93.853,52.751,79.148,0.599728
2025-01-01 01:49:15,23.155,65.343,96.567,54.675,80.531,0.609804
2025-01-01 01:49:16,23.432,64.39,97.749,52.867,80.583,0.619149
2025-01-01 01:49:17,22.994,65.659,94.712,52.735,80.22,0.613093
2025-01-01 01:49:18,22.88,63.872,95.804,53.535,81.86,0.618172
2025-01-01 01:49:19,23.018,64.947,94.946,52.287,80.978,0.618406
2025-01-01 01:49:20,23.092,67.729,96.099,53.424,80.185,0.630673
2025-01-01 01:49:21,22.221,62.35,94.006,52.834,80.262,0.600376
2025-01-01 01:49:22,23.317,65.095,94.998,55.651,80.311,0.583913
2025-01-01 01:49:23,22.856,65.141,96.181,52.794,80.791,0.627243
2025-01-01 01:49:24,23.707,64.649,94.941,55.099,80.168,0.57453
2025-01-01 01:49:25,23.368,64.68,93.293,52.668,79.865,0.584954
2025-01-01 01:49:26,23.653,64.983,96.094,53.816,78.395,0.58193
2025-01-01 01:49:27,22.558,64.646,93.489,54.03,79.09,0.587694
2025-01-01 01:49:28,22.874,65.127,94.797,53.767,80.219,0.605123
2025-01-01 01:49:29,22.434,64.423,95.234,53.741,80.058,0.611684
2025-01-01 01:49:30,22.699,66.94,94.706,54.388,77.996,0.599017
2025-01-01 01:49:31,23.674,64.671,97.058,54.054,79.049,0.590062
2025-01-01 01:49:32,23.788,65.498,95.19,53.602,78.553,0.578694
2025-01-01 01:49:33,22.467,64.265,94.19,53.221,81.252,0.615262
2025-01-01 01:49:34,22.809,65.873,94.932,53.647,79.861,0.61088
2025-01-01 01:49:35,22.996,65.678,94.477,53.655,80.022,0.603279
2025-01-01 01:49:36,23.324,65.369,94.25,53.657,79.371,0.586983
2025-01-01 01:49:37,22.149,63.927,94.388,53.893,78.646,0.595585
2025-01-01 01:49:38,22.224,64.206,93.65,52.721,78.808,0.600179
2025-01-01 01:49:39,23.268,66.649,94.238,53.041,79.88,0.605879
2025-01-01 01:49:40,22.046,64.203,93.461,54.543,78.922,0.590336
2025-01-01 01:49:41,22.795,65.611,92.012,52.091,79.784,0.59802
2025-01-01 01:49:42,23.097,64.029,94.991,54.862,79.298,0.57843
2025-01-01 01:49:43,23.222,65.986,93.229,53.469,79.427,0.587785
2025-01-01 01:49:44,22.941,64.294,93.88,55.263,79.435,0.573487
2025-01-01 01:49:45,22.828,64.02,92.923,54.919,78.334,0.560168
2025-01-01 01:49:46,23.431,64.273,92.899,53.686,78.538,0.55927
2025-01-01 01:49:47,23.15,64.434,92.537,53.777,79.948,0.574753
2025-01-01 01:49:48,22.683,65.395,94.472,55.239,80.996,0.604366
2025-01-01 01:49:49,23.024,65.062,94.662,54.99,79.852,0.58862
2025-01-01 01:49:50,23.195,63.899,93.447,54.756,75.351,0.531692
2025-01-01 01:49:51,23.862,64.968,92.834,54.899,77.735,0.538683
2025-01-01 01:49:52,23.395,63.853,91.628,53.118,78.729,0.552926
2025-01-01 01:49:53,23.609,65.641,94.068,54.157,77.22,0.560146
2025-01-01 01:49:54,22.695,65.826,92.549,53.379,77.111,0.574848
2025-01-01 01:49:55,22.738,64.975,92.061,53.107,77.93,0.572613
2025-01-01 01:49:56,22.882,65.271,93.162,54.13,78.794,0.579551
2025-01-01 01:49:57,22.928,66.752,92.753,53.669,79.069,0.591808
2025-01-01 01:49:58,22.496,64.842,91.525,53.867,77.835,0.566501
2025-01-01 01:49:59,23.633,64.055,91.619,53.599,77.69,0.536884
2025-01-01 01:50:00,23.442,65.578,93.293,52.994,77.159,0.565486
2025-01-01 01:50:01,22.848,63.866,92.259,55.352,78.728,0.553491
2025-01-01 01:50:02,23.322,64.787,93.385,54.116,78.595,0.566496
2025-01-01 01:50:03,23.114,64.397,92.981,52.833,79.104,0.578714
2025-01-01 01:50:04,23.363,64.293,93.843,54.128,78.12,0.561495
2025-01-01 01:50:05,22.332,64.743,91.925,55.193,76.34,0.550399
2025-01-01 01:50:06,22.932,65.892,92.952,54.736,77.444,0.565937
2025-01-01 01:50:07,22.977,66.095,93.322,53.547,78.84,0.589307
2025-01-01 01:50:08,23.32,65.914,92.022,53.558,75.678,0.544509
2025-01-01 01:50:09,22.695,65.321,93.74,53.179,77.608,0.585737
2025-01-01 01:50:10,21.761,64.724,90.913,53.341,78.002,0.582354
2025-01-01 01:50:11,22.472,62.621,91.714,53.395,80.014,0.573422
2025-01-01 01:50:12,22.984,65.344,90.811,52.738,76.839,0.55405
2025-01-01 01:50:13,23.049,62.693,91.748,53.545,77.364,0.538501
2025-01-01 01:50:14,23.861,63.046,92.299,54.162,79.486,0.540217
2025-01-01 01:50:15,23.313,64.804,93.257,53.542,76.705,0.554562
2025-01-01 01:50:16,23.065,65.226,92.242,54.033,78.652,0.567724
2025-01-01 01:50:17,23.011,64.506,91.774,55.141,77.784,0.544656
2025-01-01 01:50:18,23.582,66.488,90.794,55.296,76.999,0.531391
2025-01-01 01:50:19,22.737,65.41,91.104,53.756,77.758,0.562308
2025-01-01 01:50:20,22.965,64.694,92.604,54.496,76.991,0.551716
2025-01-01 01:50:21,22.494,66.324,93.152,53.64,79.829,0.60739
2025-01-01 01:50:22,23.752,66.498,91.829,53.364,74.594,0.530165
2025-01-01 01:50:23,23.242,65.44,93.438,52.841,76.686,0.567253
2025-01-01 01:50:24,22.695,64.146,91.256,53.783,76.674,0.545918
2025-01-01 01:50:25,22.996,64.365,91.796,54.559,76.77,0.540041
2025-01-01 01:50:26,23.312,63.462,91.862,52.65,78.18,0.552642
2025-01-01 01:50:27,22.935,64.86,93.68,53.417,76.301,0.564219
2025-01-01 01:50:28,22.798,63.846,92.267,53.354,77.382,0.558242
2025-01-01 01:50:29,22.742,64.56,90.319,53.795,77.023,0.54349
2025-01-01 01:50:30,23.243,65.143,93.055,53.783,77.706,0.563505
2025-01-01 01:50:31,22.899,62.891,93.935,53.976,76.489,0.549829
2025-01-01 01:50:32,22.856,63.603,91.827,55.037,76.996,0.536035
2025-01-01 01:50:33,22.42,64.353,91.168,52.796,76.416,0.558102
2025-01-01 01:50:34,23.131,64.799,92.918,52.724,75.336,0.550742
2025-01-01 01:50:35,23.007,64.349,94.008,53.633,78.394,0.576908
2025-01-01 01:50:36,22.942,64.564,92.884,54.568,75.517,0.540735
2025-01-01 01:50:37,23.208,64.12,90.405,52.205,75.813,0.532292
2025-01-01 01:50:38,23.488,63.368,92.775,53.609,75.316,0.524223
2025-01-01 01:50:39,23.47,64.274,92.419,53.151,76.783,0.544194
2025-01-01 01:50:40,23.401,64.586,91.055,53.963,75.684,0.522279
2025-01-01 01:50:41,23.011,64.479,93.295,53.75,78.034,0.568534
2025-01-01 01:50:42,22.853,64.892,92.441,53.252,76.814,0.562174
2025-01-01 01:50:43,22.621,65.189,93.316,53.569,75.8,0.565574
2025-01-01 01:50:44,22.853,65.442,90.939,52.617,74.998,0.54441
2025-01-01 01:50:45,23.165,64.116,92.399,53.748,75.916,0.538045
2025-01-01 01:50:46,22.769,63.163,91.106,54.181,76.632,0.532469
2025-01-01 01:50:47,23.217,66.0,92.251,53.115,75.912,0.554438
2025-01-01 01:50:48,22.693,65.103,93.483,52.671,75.759,0.570915
2025-01-01 01:50:49,22.352,63.752,90.584,52.843,74.663,0.535792
2025-01-01 01:50:50,23.599,64.973,90.646,53.552,78.54,0.544308
2025-01-01 01:50:51,22.959,65.752,92.977,52.848,75.567,0.563044
2025-01-01 01:50:52,22.785,66.401,92.014,51.882,74.12,0.559551
2025-01-01 01:50:53,22.664,64.91,93.207,53.563,74.441,0.550595
2025-01-01 01:50:54,23.43,65.707,91.238,51.974,75.28,0.542926
2025-01-01 01:50:55,23.914,63.426,92.106,53.058,77.989,0.536202
2025-01-01 01:50:56,23.033,64.587,92.754,51.183,75.413,0.562137
2025-01-01 01:50:57,23.134,64.275,92.288,52.72,75.131,0.540226
2025-01-01 01:50:58,23.786,64.939,90.302,52.535,76.558,0.528361
2025-01-01 01:50:59,22.353,66.195,94.927,50.973,76.609,0.616169
2025-01-01 01:51:00,24.25,64.82,92.331,52.768,76.263,0.528678
2025-01-01 01:51:01,24.497,63.619,90.794,51.576,75.676,0.506188
2025-01-01 01:51:02,21.93,63.279,92.466,52.479,74.076,0.554125
2025-01-01 01:51:03,23.243,66.174,92.598,52.036,74.465,0.5539
2025-01-01 01:51:04,22.941,65.028,93.182,51.135,73.423,0.55472
2025-01-01 01:51:05,23.177,64.948,93.134,51.436,75.029,0.559507
2025-01-01 01:51:06,23.109,64.142,92.014,51.453,74.754,0.543988
2025-01-01 01:51:07,23.733,64.738,90.527,52.964,74.597,0.510271
2025-01-01 01:51:08,23.28,63.469,92.733,52.798,75.533,0.53715
2025-01-01 01:51:09,22.891,64.827,90.653,53.837,74.377,0.522491
2025-01-01 01:51:10,23.269,63.25,93.535,51.623,74.725,0.54406
2025-01-01 01:51:11,23.622,64.05,91.612,51.547,74.518,0.526028
2025-01-01 01:51:12,22.783,63.751,93.006,52.041,75.032,0.55396
2025-01-01 01:51:13,22.561,61.12,91.742,51.598,75.477,0.536512
2025-01-01 01:51:14,24.391,64.014,91.935,51.366,73.395,0.503024
2025-01-01 01:51:15,23.083,63.446,91.655,51.824,75.523,0.540196
2025-01-01 01:51:16,23.346,64.118,93.202,52.292,75.266,0.545724
2025-01-01 01:51:17,23.226,64.313,91.896,49.988,75.422,0.558129
2025-01-01 01:51:18,23.709,66.062,93.317,51.168,75.051,0.55952
2025-01-01 01:51:19,24.332,64.582,91.986,50.451,75.297,0.531671
2025-01-01 01:51:20,23.746,64.594,92.384,51.398,74.336,0.53294
2025-01-01 01:51:21,22.707,64.738,92.686,51.814,75.339,0.564665
2025-01-01 01:51:22,22.785,65.096,92.839,52.308,76.154,0.569789
2025-01-01 01:51:23,23.289,64.661,91.798,51.014,74.159,0.540512
2025-01-01 01:51:24,23.365,64.47,93.463,51.392,74.176,0.547628
2025-01-01 01:51:25,22.649,64.882,92.526,49.907,75.458,0.580747
2025-01-01 01:51:26,23.931,61.725,93.381,50.51,74.011,0.519033
2025-01-01 01:51:27,22.99,66.222,92.861,51.31,73.788,0.561719
2025-01-01 01:51:28,24.291,65.704,93.504,50.002,75.133,0.554699
2025-01-01 01:51:29,24.466,64.312,92.548,52.023,74.086,0.509182
2025-01-01 01:51:30,23.443,62.663,92.213,51.397,76.045,0.538152
2025-01-01 01:51:31,23.798,65.267,93.472,50.199,73.996,0.551336
2025-01-01 01:51:32,22.975,63.343,92.596,49.682,73.55,0.548786
2025-01-01 01:51:33,23.914,64.551,94.594,50.236,74.505,0.556029
2025-01-01 01:51:34,23.365,62.714,93.249,50.036,75.011,0.549888
2025-01-01 01:51:35,23.083,66.204,91.855,49.726,74.852,0.572176
2025-01-01 01:51:36,23.494,62.515,92.69,49.517,75.093,0.545742
2025-01-01 01:51:37,23.418,64.006,92.325,50.402,73.763,0.538107
2025-01-01 01:51:38,23.501,61.794,94.447,51.116,75.769,0.547532
2025-01-01 01:51:39,24.151,63.854,94.198,49.904,72.4,0.527545
2025-01-01 01:51:40,23.296,63.449,93.414,50.772,73.431,0.539643
2025-01-01 01:51:41,24.568,64.99,93.817,50.097,74.395,0.538818
2025-01-01 01:51:42,23.051,63.406,93.492,50.792,73.495,0.54577
2025-01-01 01:51:43,24.534,64.949,94.493,49.616,73.942,0.544353
2025-01-01 01:51:44,23.231,62.764,94.207,50.413,73.118,0.542229
2025-01-01 01:51:45,23.752,63.485,94.442,50.228,74.03,0.546705
2025-01-01 01:51:46,23.52,63.483,93.606,51.164,74.819,0.544936
2025-01-01 01:51:47,23.607,64.218,93.223,50.464,73.605,0.540677
2025-01-01 01:51:48,24.192,64.068,94.577,50.165,73.178,0.535666
2025-01-01 01:51:49,24.555,64.4,95.521,48.727,73.665,0.552083
2025-01-01 01:51:50,24.414,63.922,95.135,49.426,75.528,0.55886
2025-01-01 01:51:51,23.63,64.293,95.67,49.148,75.504,0.584801
2025-01-01 01:51:52,23.938,62.711,94.31,49.074,73.602,0.540828
2025-01-01 01:51:53,23.468,63.975,93.239,49.687,74.773,0.557495
2025-01-01 01:51:54,23.377,65.171,93.39,49.81,74.129,0.563308
2025-01-01 01:51:55,23.314,61.859,95.713,49.785,75.68,0.571025
2025-01-01 01:51:56,23.682,64.005,92.535,50.513,74.357,0.537925
2025-01-01 01:51:57,24.039,64.169,95.965,49.834,73.875,0.558781
2025-01-01 01:51:58,22.973,64.929,93.737,48.409,76.026,0.59866
2025-01-01 01:51:59,23.92,64.17,96.513,49.497,72.988,0.560879
2025-01-01 01:52:00,24.715,63.52,94.585,49.746,74.47,0.533779
2025-01-01 01:52:01,24.532,63.825,95.445,50.232,75.717,0.553492
2025-01-01 01:52:02,23.693,62.636,97.174,49.043,74.869,0.578367
2025-01-01 01:52:03,23.301,62.958,94.527,48.995,73.146,0.555336
2025-01-01 01:52:04,24.244,61.985,94.579,49.918,73.074,0.519925
2025-01-01 01:52:05,22.87,64.783,94.3,49.142,72.356,0.569053
2025-01-01 01:52:06,24.599,63.721,94.062,47.665,75.82,0.560429
2025-01-01 01:52:07,23.951,62.329,94.805,47.439,72.675,0.54601
2025-01-01 01:52:08,24.989,63.492,94.65,50.307,74.885,0.527193
2025-01-01 01:52:09,23.224,64.354,94.027,47.409,72.312,0.568375
2025-01-01 01:52:10,24.562,64.162,95.138,48.592,77.087,0.576284
2025-01-01 01:52:11,24.067,62.215,95.871,49.378,72.391,0.534053
2025-01-01 01:52:12,23.967,59.983,94.599,47.206,74.062,0.539809
2025-01-01 01:52:13,23.463,63.486,95.406,47.699,75.463,0.590776
2025-01-01 01:52:14,24.46,62.178,97.049,47.514,73.162,0.554365
2025-01-01 01:52:15,24.516,63.661,94.298,49.899,74.68,0.537652
2025-01-01 01:52:16,25.086,63.962,97.724,50.02,73.664,0.54444
2025-01-01 01:52:17,24.712,64.099,95.195,47.766,74.467,0.557557
2025-01-01 01:52:18,23.927,64.703,96.146,48.765,75.297,0.586019
2025-01-01 01:52:19,23.737,64.168,97.301,48.496,73.486,0.582325
2025-01-01 01:52:20,23.57,64.654,97.684,47.974,75.797,0.614573
2025-01-01 01:52:21,25.007,64.256,96.647,46.846,74.424,0.569805
2025-01-01 01:52:22,23.896,64.316,95.561,49.943,76.341,0.579277
2025-01-01 01:52:23,25.041,62.781,95.551,46.594,73.006,0.539854
2025-01-01 01:52:24,24.579,61.505,95.839,48.167,73.236,0.533079
2025-01-01 01:52:25,24.497,65.249,98.382,47.43,73.731,0.591529
2025-01-01 01:52:26,24.195,62.802,96.19,48.706,72.558,0.54444
2025-01-01 01:52:27,24.694,63.94,96.977,48.528,75.128,0.570287
2025-01-01 01:52:28,24.372,62.133,95.691,47.02,73.93,0.555501
2025-01-01 01:52:29,24.211,63.619,95.66,47.124,72.651,0.558546
2025-01-01 01:52:30,24.76,60.182,96.924,46.468,73.044,0.538688
2025-01-01 01:52:31,24.355,62.188,96.655,47.818,72.993,0.550088
2025-01-01 01:52:32,24.044,62.471,96.811,48.185,75.152,0.575262
2025-01-01 01:52:33,24.759,63.004,95.666,47.217,74.599,0.557198
2025-01-01 01:52:34,24.444,63.584,97.155,47.329,73.899,0.57333
2025-01-01 01:52:35,24.736,61.389,98.861,49.007,73.627,0.549145
2025-01-01 01:52:36,24.281,63.114,96.543,48.185,73.787,0.561555
2025-01-01 01:52:37,23.919,63.652,98.378,48.471,76.22,0.604915
2025-01-01 01:52:38,25.408,64.742,94.1,45.556,73.811,0.549396
2025-01-01 01:52:39,25.33,63.073,96.847,47.745,75.131,0.554618
2025-01-01 01:52:40,25.015,61.878,95.824,47.466,73.717,0.535218
2025-01-01 01:52:41,24.395,61.036,99.056,46.222,76.142,0.596465
2025-01-01 01:52:42,24.455,64.107,98.784,46.348,72.671,0.586505
2025-01-01 01:52:43,25.313,62.986,96.957,46.968,75.114,0.560806
2025-01-01 01:52:44,24.461,62.197,98.367,46.029,73.247,0.576245
2025-01-01 01:52:45,24.338,60.569,99.366,46.425,76.826,0.600677
2025-01-01 01:52:46,25.607,61.228,99.608,46.656,75.02,0.56323
2025-01-01 01:52:47,24.663,62.76,97.932,47.446,72.153,0.553171
2025-01-01 01:52:48,25.588,62.452,96.216,46.385,73.094,0.532613
2025-01-01 01:52:49,24.021,60.122,97.613,46.556,75.048,0.575772
2025-01-01 01:52:50,24.996,62.67,99.365,47.697,75.03,0.577883
2025-01-01 01:52:51,25.789,60.439,100.786,45.431,74.956,0.570939
2025-01-01 01:52:52,24.785,63.331,98.72,46.989,74.46,0.582971
2025-01-01 01:52:53,24.654,62.155,98.256,47.085,73.906,0.56846
2025-01-01 01:52:54,24.219,61.452,101.35,47.073,75.61,0.610044
2025-01-01 01:52:55,25.361,62.875,99.444,46.306,73.286,0.56794
2025-01-01 01:52:56,24.451,62.207,97.899,45.823,74.405,0.583896
2025-01-01 01:52:57,24.805,63.147,99.097,47.859,73.616,0.570801
2025-01-01 01:52:58,24.252,61.872,100.304,45.927,73.539,0.596224
2025-01-01 01:52:59,25.665,61.899,99.322,45.689,73.847,0.56223
2025-01-01 01:53:00,25.48,61.444,100.276,46.569,73.535,0.561226
2025-01-01 01:53:01,24.904,61.961,97.965,45.933,75.098,0.577492
2025-01-01 01:53:02,24.359,63.364,98.225,47.337,72.687,0.571815
2025-01-01 01:53:03,25.721,61.132,99.013,46.257,74.997,0.558176
2025-01-01 01:53:04,24.786,62.251,99.554,47.387,73.74,0.572621
2025-01-01 01:53:05,24.433,60.691,100.259,46.776,74.56,0.585455
2025-01-01 01:53:06,24.122,59.473,100.651,46.082,74.346,0.589687
2025-01-01 01:53:07,24.696,61.716,102.569,47.259,73.97,0.596357
2025-01-01 01:53:08,24.309,61.847,99.453,45.824,76.048,0.609236
2025-01-01 01:53:09,24.741,61.335,99.967,46.065,74.171,0.583225
2025-01-01 01:53:10,25.442,59.917,99.659,46.723,75.485,0.560923
2025-01-01 01:53:11,24.898,61.685,101.538,46.459,75.525,0.602239
2025-01-01 01:53:12,25.28,61.615,101.681,45.719,74.363,0.590561
2025-01-01 01:53:13,24.758,60.428,100.188,45.009,73.206,0.577815
2025-01-01 01:53:14,25.168,59.931,102.79,46.204,73.683,0.580124
2025-01-01 01:53:15,26.113,61.0,100.104,45.619,76.303,0.572307
2025-01-01 01:53:16,24.995,61.873,101.931,46.207,75.386,0.605157
2025-01-01 01:53:17,25.378,61.604,102.444,45.83,74.989,0.598344
2025-01-01 01:53:18,24.42,60.274,99.716,45.576,74.17,0.584183
2025-01-01 01:53:19,25.979,61.259,101.743,45.921,76.957,0.592689
2025-01-01 01:53:20,24.997,61.977,98.528,46.062,73.866,0.568875
2025-01-01 01:53:21,25.777,59.885,102.165,46.663,75.104,0.56983
2025-01-01 01:53:22,25.207,61.088,100.327,46.433,75.568,0.582613
2025-01-01 01:53:23,25.591,62.332,102.084,47.758,73.429,0.569573
2025-01-01 01:53:24,25.637,59.685,102.358,46.185,74.116,0.568375
2025-01-01 01:53:25,25.092,62.082,102.81,45.523,74.508,0.609039
2025-01-01 01:53:26,25.88,62.513,102.667,45.919,76.122,0.604128
2025-01-01 01:53:27,24.971,60.639,101.919,46.498,74.594,0.588218
2025-01-01 01:53:28,25.756,60.485,101.569,46.838,73.428,0.555112
2025-01-01 01:53:29,25.189,61.829,101.962,47.101,73.345,0.577941
2025-01-01 01:53:30,25.575,60.576,101.006,45.208,74.296,0.574596
2025-01-01 01:53:31,25.185,58.376,101.996,47.041,73.461,0.554239
2025-01-01 01:53:32,25.458,60.598,102.002,45.974,76.205,0.59474
2025-01-01 01:53:33,24.911,61.134,101.59,45.266,76.286,0.612989
2025-01-01 01:53:34,25.589,61.371,100.721,45.841,75.36,0.581941
2025-01-01 01:53:35,25.503,59.717,101.27,46.971,75.07,0.565236
2025-01-01 01:53:36,25.227,60.294,99.481,46.366,76.311,0.576443
2025-01-01 01:53:37,25.486,61.508,102.407,45.03,76.297,0.6112
2025-01-01 01:53:38,25.597,60.438,103.159,45.037,74.308,0.590813
2025-01-01 01:53:39,25.237,58.936,100.199,45.015,74.51,0.566961
2025-01-01 01:53:40,25.497,61.669,103.201,45.418,76.413,0.616149
2025-01-01 01:53:41,25.075,60.184,102.924,46.068,75.927,0.604045
2025-01-01 01:53:42,26.766,61.456,101.952,45.108,76.369,0.57967
2025-01-01 01:53:43,26.139,58.936,102.779,45.671,74.604,0.562774
2025-01-01 01:53:44,25.762,60.178,104.342,47.14,74.813,0.583057
2025-01-01 01:53:45,26.227,60.775,102.398,47.319,76.31,0.573261
2025-01-01 01:53:46,24.667,60.145,103.531,47.272,74.973,0.600836
2025-01-01 01:53:47,24.394,59.016,103.879,44.603,74.007,0.612635
2025-01-01 01:53:48,25.489,57.779,102.79,47.386,75.07,0.559874
2025-01-01 01:53:49,25.015,61.655,104.699,46.13,75.664,0.626393
2025-01-01 01:53:50,25.601,60.347,104.174,46.128,77.992,0.619146
2025-01-01 01:53:51,25.838,61.232,103.596,46.9,74.984,0.586556
2025-01-01 01:53:52,26.211,60.961,106.289,46.651,75.957,0.606373
2025-01-01 01:53:53,25.197,60.596,105.015,44.606,78.524,0.650107
2025-01-01 01:53:54,25.981,59.644,102.393,45.624,74.802,0.570482
2025-01-01 01:53:55,25.804,60.422,103.767,45.835,76.948,0.606169
2025-01-01 01:53:56,25.986,61.331,106.698,45.078,75.344,0.623166
2025-01-01 01:53:57,25.567,59.948,103.324,46.956,76.722,0.594681
2025-01-01 01:53:58,26.534,61.734,104.448,47.325,79.084,0.611273
2025-01-01 01:53:59,25.806,58.299,105.686,46.183,77.275,0.605364
2025-01-01 01:54:00,26.759,58.159,105.181,46.448,76.551,0.571974
2025-01-01 01:54:01,25.492,60.72,105.398,46.219,75.271,0.611071
2025-01-01 01:54:02,26.274,58.88,105.412,46.327,76.246,0.588062
2025-01-01 01:54:03,25.887,61.709,104.772,47.162,75.822,0.602625
2025-01-01 01:54:04,25.768,60.97,104.025,44.876,74.804,0.602594
2025-01-01 01:54:05,26.263,61.187,105.323,46.699,74.035,0.583824
2025-01-01 01:54:06,25.812,60.45,104.555,46.342,75.638,0.598006
2025-01-01 01:54:07,24.645,58.611,104.546,45.785,76.642,0.621729
2025-01-01 01:54:08,24.459,57.84,106.579,45.977,78.069,0.644698
2025-01-01 01:54:09,26.641,60.962,104.784,47.87,75.885,0.57625
2025-01-01 01:54:10,26.634,57.934,106.938,45.368,77.047,0.598279
2025-01-01 01:54:11,26.977,60.985,105.556,46.321,74.822,0.577621
2025-01-01 01:54:12,26.039,60.037,105.206,47.786,75.95,0.587031
2025-01-01 01:54:13,25.415,59.258,103.613,45.494,74.02,0.583976
2025-01-01 01:54:14,25.866,59.743,107.616,46.174,79.685,0.647174
2025-01-01 01:54:15,26.096,59.733,105.554,46.601,77.289,0.605531
2025-01-01 01:54:16,25.6,59.033,103.353,46.927,77.299,0.592396
2025-01-01 01:54:17,26.942,60.628,106.674,46.563,77.789,0.606362
2025-01-01 01:54:18,27.251,60.561,105.699,45.942,80.234,0.615816
2025-01-01 01:54:19,26.384,59.292,104.879,47.048,76.721,0.583194
2025-01-01 01:54:20,26.153,58.504,106.802,46.642,76.115,0.595105
2025-01-01 01:54:21,25.525,60.377,103.382,47.258,79.741,0.620905
2025-01-01 01:54:22,26.959,57.016,105.276,47.529,75.913,0.546599
2025-01-01 01:54:23,26.237,59.449,105.749,45.635,78.997,0.622295
2025-01-01 01:54:24,26.068,59.712,106.959,47.686,77.4,0.609566
2025-01-01 01:54:25,26.466,58.112,108.404,46.691,78.058,0.612671
2025-01-01 01:54:26,25.946,59.881,105.975,47.591,75.864,0.594458
2025-01-01 01:54:27,26.325,58.849,106.735,47.363,80.75,0.62499
2025-01-01 01:54:28,25.544,58.297,109.079,48.489,77.23,0.619324
2025-01-01 01:54:29,26.821,59.774,106.389,47.049,76.897,0.590021
2025-01-01 01:54:30,26.238,57.692,106.906,46.76,78.448,0.60601
2025-01-01 01:54:31,26.883,59.615,105.252,46.712,77.066,0.582734
2025-01-01 01:54:32,26.215,56.731,108.5,46.332,78.401,0.61418
2025-01-01 01:54:33,26.26,58.967,105.879,47.849,76.429,0.58293
2025-01-01 01:54:34,25.735,58.693,106.911,46.363,78.168,0.624503
2025-01-01 01:54:35,26.733,58.077,106.931,47.925,77.321,0.580769
2025-01-01 01:54:36,25.927,58.975,106.825,47.149,77.157,0.608216
2025-01-01 01:54:37,26.134,58.474,106.353,45.96,77.019,0.604079
2025-01-01 01:54:38,26.39,59.576,107.075,48.605,79.264,0.610781
2025-01-01 01:54:39,26.462,59.05,108.637,44.757,77.832,0.632937
2025-01-01 01:54:40,25.56,58.91,109.205,47.437,78.084,0.638211
2025-01-01 01:54:41,26.31,58.718,106.793,47.734,78.87,0.607371
2025-01-01 01:54:42,26.834,57.922,106.562,45.748,79.778,0.610125
2025-01-01 01:54:43,26.259,58.061,106.245,47.991,77.355,0.585593
2025-01-01 01:54:44,26.347,58.58,109.782,47.149,78.78,0.631043
2025-01-01 01:54:45,26.552,58.127,107.265,47.533,77.477,0.591713
2025-01-01 01:54:46,26.419,59.38,108.291,48.853,78.371,0.608945
2025-01-01 01:54:47,25.978,58.331,107.911,47.941,79.953,0.626992
2025-01-01 01:54:48,26.486,58.582,109.461,47.594,75.912,0.599959
2025-01-01 01:54:49,27.012,56.773,107.042,47.787,77.674,0.569787
2025-01-01 01:54:50,26.0,59.088,106.219,49.393,78.557,0.597971
2025-01-01 01:54:51,26.35,57.532,109.221,48.346,79.345,0.615489
2025-01-01 01:54:52,25.857,57.04,108.299,47.365,80.405,0.630885
2025-01-01 01:54:53,27.029,59.698,107.885,47.731,76.959,0.591813
2025-01-01 01:54:54,26.522,58.719,108.997,47.221,80.748,0.637384
2025-01-01 01:54:55,26.153,58.968,108.006,47.862,79.728,0.627261
2025-01-01 01:54:56,26.635,58.415,109.094,49.561,78.868,0.602265
2025-01-01 01:54:57,25.997,57.837,107.8,48.194,77.448,0.600668
2025-01-01 01:54:58,26.092,57.62,108.484,47.309,78.578,0.617459
2025-01-01 01:54:59,25.889,58.648,108.137,48.776,80.55,0.631531
2025-01-01 01:55:00,26.095,58.972,107.312,48.17,79.405,0.618734
2025-01-01 01:55:01,27.317,57.741,107.458,48.986,79.211,0.577104
2025-01-01 01:55:02,26.281,59.852,107.295,48.396,78.316,0.610695
2025-01-01 01:55:03,26.89,57.552,107.978,49.8,80.418,0.592836
2025-01-01 01:55:04,26.248,56.326,107.28,47.969,79.411,0.597783
2025-01-01 01:55:05,27.055,55.969,108.193,47.82,79.362,0.585226
2025-01-01 01:55:06,26.171,55.973,108.181,49.556,79.586,0.593609
2025-01-01 01:55:07,26.713,57.217,108.004,47.258,78.98,0.601267
2025-01-01 01:55:08,26.729,57.37,108.041,48.778,78.831,0.590123
2025-01-01 01:55:09,27.875,58.255,107.271,49.612,78.04,0.552916
2025-01-01 01:55:10,27.035,57.515,107.572,47.271,79.175,0.594675
2025-01-01 01:55:11,26.431,58.358,106.2,49.134,77.812,0.579015
2025-01-01 01:55:12,27.079,57.531,107.766,47.941,80.61,0.601958
2025-01-01 01:55:13,27.813,57.47,106.915,47.718,79.28,0.569907
2025-01-01 01:55:14,25.938,56.851,108.014,48.397,79.665,0.61266
2025-01-01 01:55:15,26.339,58.822,107.212,49.159,80.146,0.610548
2025-01-01 01:55:16,26.65,55.84,105.887,48.797,79.283,0.567793
2025-01-01 01:55:17,26.567,57.644,110.201,50.304,78.89,0.601304
2025-01-01 01:55:18,26.617,57.133,107.727,49.541,80.62,0.59733
2025-01-01 01:55:19,26.139,58.069,109.414,49.141,82.675,0.645356
2025-01-01 01:55:20,27.5,57.238,107.447,48.541,81.555,0.591567
2025-01-01 01:55:21,26.094,57.24,109.679,49.825,82.053,0.632943
2025-01-01 01:55:22,26.713,56.937,106.835,51.35,79.014,0.560744
2025-01-01 01:55:23,27.343,58.569,108.167,49.197,80.396,0.595982
2025-01-01 01:55:24,26.812,57.151,106.903,49.348,80.443,0.586982
2025-01-01 01:55:25,26.344,59.091,110.598,49.025,82.448,0.655624
2025-01-01 01:55:26,26.166,57.366,107.75,50.878,81.889,0.609421
2025-01-01 01:55:27,26.731,57.089,108.828,50.73,80.645,0.59444
2025-01-01 01:55:28,26.474,56.895,108.45,49.688,78.15,0.583202
2025-01-01 01:55:29,26.962,57.577,107.973,49.623,79.56,0.585785
2025-01-01 01:55:30,26.164,56.398,108.514,49.404,81.764,0.617718
2025-01-01 01:55:31,27.278,57.106,109.352,49.985,80.673,0.592263
2025-01-01 01:55:32,26.935,56.942,108.657,51.089,80.979,0.587739
2025-01-01 01:55:33,26.977,57.232,108.146,50.364,81.901,0.597735
2025-01-01 01:55:34,27.609,57.231,108.497,51.417,82.577,0.584444
2025-01-01 01:55:35,26.675,57.257,109.885,49.868,80.337,0.608524
2025-01-01 01:55:36,26.536,56.924,107.545,48.651,82.035,0.613867
2025-01-01 01:55:37,26.63,58.372,106.099,52.642,83.312,0.592957
2025-01-01 01:55:38,26.813,57.201,106.846,50.786,83.145,0.598223
2025-01-01 01:55:39,26.868,59.359,106.909,51.293,80.847,0.590966
2025-01-01 01:55:40,26.503,56.777,107.038,50.097,81.891,0.598227
2025-01-01 01:55:41,25.912,57.661,107.059,49.693,82.491,0.62495
2025-01-01 01:55:42,26.647,55.951,107.869,50.963,81.666,0.587305
2025-01-01 01:55:43,27.112,58.053,108.125,49.301,81.396,0.604173
2025-01-01 01:55:44,27.005,55.923,108.098,50.737,79.67,0.566421
2025-01-01 01:55:45,27.54,57.059,107.114,51.823,80.761,0.556289
2025-01-01 01:55:46,27.922,56.314,108.82,51.42,81.017,0.560541
2025-01-01 01:55:47,27.328,57.007,108.342,51.32,80.389,0.570707
2025-01-01 01:55:48,27.643,56.296,109.369,52.566,82.086,0.571093
2025-01-01 01:55:49,27.339,55.717,108.613,51.525,83.046,0.583206
2025-01-01 01:55:50,27.814,56.211,107.395,49.756,81.554,0.567907
2025-01-01 01:55:51,27.888,58.001,109.028,51.214,79.464,0.564132
2025-01-01 01:55:52,27.441,56.903,107.972,52.927,82.017,0.566097
2025-01-01 01:55:53,27.322,55.124,108.472,51.193,82.539,0.576481
2025-01-01 01:55:54,26.869,57.485,108.369,52.985,82.508,0.58951
2025-01-01 01:55:55,26.953,55.475,107.497,52.365,81.446,0.562166
2025-01-01 01:55:56,26.808,57.087,107.697,51.272,80.915,0.58244
2025-01-01 01:55:57,27.29,56.874,107.434,50.787,83.475,0.592593
2025-01-01 01:55:58,26.621,56.915,106.683,51.975,82.883,0.588372
2025-01-01 01:55:59,26.888,58.129,105.361,52.771,81.693,0.565817
2025-01-01 01:56:00,25.808,55.425,106.781,50.543,80.759,0.589269
2025-01-01 01:56:01,27.849,56.843,107.642,51.953,82.877,0.568311
2025-01-01 01:56:02,26.879,57.47,108.495,50.274,81.582,0.602272
2025-01-01 01:56:03,27.219,55.545,108.172,51.685,83.167,0.581032
2025-01-01 01:56:04,27.721,55.421,107.061,50.683,82.945,0.566124
2025-01-01 01:56:05,27.144,55.858,106.625,52.506,85.297,0.58448
2025-01-01 01:56:06,27.717,56.449,107.089,51.554,82.759,0.566058
2025-01-01 01:56:07,26.375,54.693,106.256,53.08,85.301,0.585846
2025-01-01 01:56:08,28.196,56.634,105.077,51.769,83.046,0.542033
2025-01-01 01:56:09,27.542,54.654,105.608,51.743,82.195,0.539164
2025-01-01 01:56:10,27.103,57.335,108.488,51.003,81.776,0.592685
2025-01-01 01:56:11,27.712,56.535,108.929,52.655,82.037,0.566913
2025-01-01 01:56:12,26.415,57.914,107.784,52.782,83.651,0.608623
2025-01-01 01:56:13,26.856,56.65,106.929,53.186,83.337,0.578031
2025-01-01 01:56:14,27.722,55.657,105.55,53.003,81.022,0.523016
2025-01-01 01:56:15,26.066,55.143,106.737,52.845,84.498,0.594711
2025-01-01 01:56:16,27.28,56.161,107.465,53.044,85.092,0.584513
2025-01-01 01:56:17,27.266,55.873,107.637,53.169,81.147,0.550848
2025-01-01 01:56:18,27.984,57.07,107.448,53.38,84.625,0.569323
2025-01-01 01:56:19,26.207,54.937,107.921,51.475,85.475,0.616629
2025-01-01 01:56:20,27.803,57.868,108.606,52.369,81.344,0.568678
2025-01-01 01:56:21,26.717,57.103,106.208,51.482,82.983,0.588444
2025-01-01 01:56:22,26.772,55.607,109.368,53.086,82.568,0.585268
2025-01-01 01:56:23,26.384,57.59,104.492,54.165,84.8,0.581409
2025-01-01 01:56:24,26.45,54.991,105.681,53.618,83.177,0.560739
2025-01-01 01:56:25,27.194,55.962,106.607,52.454,83.172,0.567087
2025-01-01 01:56:26,26.434,54.462,106.902,53.382,84.265,0.577172
2025-01-01 01:56:27,27.359,57.568,106.117,53.295,85.674,0.585686
2025-01-01 01:56:28,26.656,54.057,105.748,53.24,83.77,0.557448
2025-01-01 01:56:29,26.379,54.247,108.39,52.047,83.321,0.590206
2025-01-01 01:56:30,26.719,55.036,105.587,54.178,83.586,0.553585
2025-01-01 01:56:31,27.149,56.976,105.054,52.219,84.758,0.578314
2025-01-01 01:56:32,26.84,56.592,107.706,52.902,82.412,0.578428
2025-01-01 01:56:33,26.993,55.743,106.805,53.997,84.03,0.567098
2025-01-01 01:56:34,27.321,56.624,106.991,52.964,82.964,0.566643
2025-01-01 01:56:35,27.512,55.474,106.032,53.359,82.686,0.541262
2025-01-01 01:56:36,26.812,55.996,104.399,53.424,81.835,0.540586
2025-01-01 01:56:37,26.442,57.21,105.798,53.412,83.59,0.58297
2025-01-01 01:56:38,26.999,55.297,104.137,53.482,85.541,0.559339
2025-01-01 01:56:39,27.193,54.762,105.829,53.591,81.905,0.533301
2025-01-01 01:56:40,26.224,55.984,106.177,53.509,84.974,0.592161
2025-01-01 01:56:41,26.506,56.239,106.534,52.761,83.582,0.584779
2025-01-01 01:56:42,26.587,55.595,105.301,52.266,83.122,0.568741
2025-01-01 01:56:43,26.839,56.474,106.075,54.331,84.847,0.574484
2025-01-01 01:56:44,26.559,55.255,104.357,54.394,86.044,0.567868
2025-01-01 01:56:45,27.289,55.57,106.16,53.855,86.305,0.57399
2025-01-01 01:56:46,26.128,55.803,105.8,53.873,84.884,0.586717
2025-01-01 01:56:47,26.137,55.703,104.257,52.902,84.494,0.578
2025-01-01 01:56:48,26.755,57.016,105.518,51.707,85.084,0.597057
2025-01-01 01:56:49,26.829,55.759,106.008,53.482,87.621,0.597593
2025-01-01 01:56:50,26.185,55.073,104.926,52.185,84.332,0.58135
2025-01-01 01:56:51,26.604,55.892,103.954,53.871,86.079,0.572593
2025-01-01 01:56:52,26.702,56.36,104.883,54.788,84.039,0.557556
2025-01-01 01:56:53,26.7,56.114,105.185,53.271,83.787,0.567214
2025-01-01 01:56:54,26.968,56.046,103.73,53.336,86.939,0.574948
2025-01-01 01:56:55,26.555,53.818,103.479,52.996,84.852,0.551091
2025-01-01 01:56:56,27.62,52.812,104.934,53.854,85.15,0.52718
2025-01-01 01:56:57,27.119,56.568,105.162,53.809,85.568,0.571746
2025-01-01 01:56:58,26.465,55.72,106.413,53.036,83.872,0.581302
2025-01-01 01:56:59,26.91,55.249,104.854,54.596,84.448,0.549239
2025-01-01 01:57:00,26.919,55.954,102.903,56.042,84.234,0.526597
2025-01-01 01:57:01,27.458,57.177,106.075,54.846,85.433,0.567005
2025-01-01 01:57:02,26.544,56.653,105.013,53.818,85.503,0.583263
2025-01-01 01:57:03,27.221,56.191,101.876,53.82,84.372,0.531344
2025-01-01 01:57:04,26.852,54.333,102.773,53.519,87.554,0.561238
2025-01-01 01:57:05,27.57,54.453,103.233,53.512,85.116,0.529584
2025-01-01 01:57:06,27.463,52.814,104.484,54.716,85.3,0.522003
2025-01-01 01:57:07,26.909,55.824,101.187,54.759,86.817,0.543504
2025-01-01 01:57:08,26.672,56.291,103.367,53.03,84.181,0.560188
2025-01-01 01:57:09,27.049,56.363,104.187,54.266,84.633,0.553237
2025-01-01 01:57:10,26.698,55.84,100.491,54.868,85.627,0.532257
2025-01-01 01:57:11,27.621,55.002,103.991,53.704,83.539,0.523907
2025-01-01 01:57:12,26.813,54.584,104.03,53.82,85.05,0.550832
2025-01-01 01:57:13,26.563,54.315,102.235,54.55,87.821,0.557939
2025-01-01 01:57:14,26.528,54.969,101.846,54.575,87.579,0.558377
2025-01-01 01:57:15,26.143,54.147,102.054,54.341,86.484,0.555176
2025-01-01 01:57:16,27.02,56.873,100.161,54.203,86.85,0.545302
2025-01-01 01:57:17,26.323,53.808,102.424,54.311,86.046,0.548123
2025-01-01 01:57:18,27.274,54.907,102.886,53.778,84.959,0.533618
2025-01-01 01:57:19,26.07,53.161,101.363,53.104,87.471,0.561439
2025-01-01 01:57:20,26.772,55.387,103.47,52.751,84.382,0.555798
2025-01-01 01:57:21,27.274,55.082,102.516,54.47,86.703,0.541339
2025-01-01 01:57:22,25.614,54.722,102.589,54.077,84.951,0.564632
2025-01-01 01:57:23,27.691,54.14,101.842,54.351,85.043,0.506797
2025-01-01 01:57:24,26.46,55.069,102.901,53.318,86.248,0.567121
2025-01-01 01:57:25,26.734,54.517,103.363,54.057,88.062,0.569939
2025-01-01 01:57:26,26.94,54.92,101.579,54.031,87.355,0.54899
2025-01-01 01:57:27,27.007,57.009,102.661,54.984,86.065,0.553647
2025-01-01 01:57:28,26.772,55.219,102.586,54.634,85.752,0.545037
2025-01-01 01:57:29,27.124,55.575,102.145,53.351,86.632,0.553214
2025-01-01 01:57:30,26.875,54.574,103.317,54.337,87.349,0.558974
2025-01-01 01:57:31,27.486,54.25,100.827,53.325,83.615,0.500084
2025-01-01 01:57:32,26.857,55.008,101.044,51.82,85.591,0.549219
2025-01-01 01:57:33,27.568,57.531,100.601,55.279,84.496,0.513776
2025-01-01 01:57:34,27.026,54.736,102.016,53.585,85.512,0.537162
2025-01-01 01:57:35,25.662,55.382,100.93,54.702,84.279,0.545501
2025-01-01 01:57:36,27.86,54.189,100.419,53.327,83.635,0.488187
2025-01-01 01:57:37,26.257,52.26,102.69,53.195,84.233,0.533452
2025-01-01 01:57:38,27.281,54.223,102.748,53.387,85.165,0.531914
2025-01-01 01:57:39,26.536,57.391,100.522,54.009,86.546,0.561615
2025-01-01 01:57:40,27.042,55.604,99.394,53.93,84.878,0.515013
2025-01-01 01:57:41,26.156,56.647,102.537,54.169,84.827,0.56475
2025-01-01 01:57:42,26.803,54.657,101.055,53.354,86.352,0.542792
2025-01-01 01:57:43,26.352,52.647,100.917,53.763,86.232,0.532759
2025-01-01 01:57:44,27.257,53.894,100.512,53.035,87.941,0.538263
2025-01-01 01:57:45,26.675,55.398,99.518,54.863,87.03,0.533587
2025-01-01 01:57:46,26.912,55.238,99.816,52.614,84.686,0.526745
2025-01-01 01:57:47,25.351,54.99,100.818,52.985,85.121,0.568291
2025-01-01 01:57:48,26.378,54.47,99.604,53.279,86.83,0.544127
2025-01-01 01:57:49,26.615,55.94,100.396,55.505,84.878,0.523164
2025-01-01 01:57:50,26.509,54.499,99.887,54.181,85.56,0.526354
2025-01-01 01:57:51,26.866,55.308,98.728,52.859,83.904,0.51148
2025-01-01 01:57:52,26.19,55.197,101.318,54.173,84.395,0.540223
2025-01-01 01:57:53,26.386,54.634,100.202,53.9,87.48,0.550559
2025-01-01 01:57:54,26.94,54.122,99.849,53.678,86.174,0.522452
2025-01-01 01:57:55,25.197,54.577,99.985,53.987,85.224,0.555676
2025-01-01 01:57:56,26.619,56.88,97.549,53.447,85.397,0.527618
2025-01-01 01:57:57,26.145,56.12,98.76,53.506,88.045,0.563361
2025-01-01 01:57:58,25.843,56.03,97.637,52.096,85.202,0.547786
2025-01-01 01:57:59,26.455,54.226,99.201,54.461,86.561,0.526413
2025-01-01 01:58:00,26.887,53.577,99.314,52.916,87.041,0.528278
2025-01-01 01:58:01,26.78,56.114,99.041,52.251,87.731,0.558087
2025-01-01 01:58:02,26.18,55.925,99.99,52.804,84.977,0.550586
2025-01-01 01:58:03,26.672,55.16,97.227,52.802,84.32,0.506897
2025-01-01 01:58:04,26.655,54.656,97.837,52.497,84.676,0.513509
2025-01-01 01:58:05,26.164,53.566,98.963,53.724,86.877,0.53427
2025-01-01 01:58:06,25.848,55.901,98.725,53.845,88.39,0.56836
2025-01-01 01:58:07,25.864,56.224,97.059,51.461,86.917,0.563112
2025-01-01 01:58:08,26.587,54.363,99.484,52.579,85.205,0.529485
2025-01-01 01:58:09,26.133,54.284,99.744,52.598,87.42,0.559196
2025-01-01 01:58:10,25.618,56.292,98.54,52.776,85.429,0.558537
2025-01-01 01:58:11,25.285,54.414,96.519,54.239,84.991,0.521787
2025-01-01 01:58:12,26.529,56.84,98.102,52.183,85.588,0.544632
2025-01-01 01:58:13,25.826,54.957,98.197,54.044,85.284,0.530672
2025-01-01 01:58:14,26.251,54.685,97.499,52.636,85.134,0.522965
2025-01-01 01:58:15,26.691,55.122,99.033,53.968,87.438,0.53746
2025-01-01 01:58:16,25.403,54.697,97.485,52.42,85.347,0.545299
2025-01-01 01:58:17,26.02,56.216,99.62,52.283,84.055,0.549698
2025-01-01 01:58:18,25.943,55.982,98.215,52.564,86.657,0.558164
2025-01-01 01:58:19,26.204,56.191,97.624,53.572,84.801,0.526459
2025-01-01 01:58:20,26.62,55.294,98.184,52.621,84.832,0.522175
2025-01-01 01:58:21,25.321,54.66,98.711,52.616,86.772,0.56658
2025-01-01 01:58:22,26.256,55.114,97.996,52.913,85.052,0.527174
2025-01-01 01:58:23,26.472,54.705,96.939,51.654,85.37,0.523082
2025-01-01 01:58:24,25.849,56.605,96.273,52.581,85.955,0.54398
2025-01-01 01:58:25,25.858,56.149,95.728,51.762,85.55,0.538895
2025-01-01 01:58:26,26.121,55.063,94.328,53.394,85.368,0.500215
2025-01-01 01:58:27,26.07,54.237,96.862,52.504,83.061,0.502419
2025-01-01 01:58:28,26.174,56.712,96.22,52.675,85.654,0.533902
2025-01-01 01:58:29,26.148,55.317,96.193,50.441,87.785,0.558112
2025-01-01 01:58:30,25.361,55.059,97.476,52.589,86.592,0.557856
2025-01-01 01:58:31,26.332,56.748,96.256,51.832,85.373,0.534864
2025-01-01 01:58:32,26.405,54.698,98.184,50.774,86.375,0.549082
2025-01-01 01:58:33,25.9,54.899,95.637,51.95,86.55,0.534809
2025-01-01 01:58:34,25.045,54.997,95.161,50.608,84.772,0.546243
2025-01-01 01:58:35,25.719,53.921,94.797,52.261,87.276,0.528732
2025-01-01 01:58:36,25.858,55.563,96.7,52.868,85.948,0.537132
2025-01-01 01:58:37,25.173,54.496,97.052,50.236,85.362,0.561887
2025-01-01 01:58:38,25.55,54.698,95.23,51.593,87.629,0.549569
2025-01-01 01:58:39,25.01,54.575,94.685,51.432,83.222,0.521169
2025-01-01 01:58:40,26.002,54.704,97.205,49.92,84.276,0.539533
2025-01-01 01:58:41,25.766,54.463,94.149,52.192,86.439,0.520238
2025-01-01 01:58:42,24.845,55.561,96.536,51.906,86.46,0.569724
2025-01-01 01:58:43,25.827,55.17,94.881,52.972,87.608,0.533727
2025-01-01 01:58:44,25.608,55.385,95.777,51.694,82.906,0.517724
2025-01-01 01:58:45,25.878,57.703,96.384,50.54,86.624,0.572892
2025-01-01 01:58:46,25.408,55.206,95.712,51.6,84.079,0.530808
2025-01-01 01:58:47,25.188,55.979,94.869,52.162,86.056,0.547151
2025-01-01 01:58:48,25.187,56.106,96.49,50.707,85.455,0.56642
2025-01-01 01:58:49,25.287,55.337,95.313,51.706,86.531,0.550902
2025-01-01 01:58:50,25.55,55.687,98.637,49.085,85.207,0.581653
2025-01-01 01:58:51,25.598,55.447,93.181,52.093,86.68,0.526564
2025-01-01 01:58:52,25.413,55.643,93.098,51.498,84.451,0.517459
2025-01-01 01:58:53,25.28,54.867,95.745,48.766,85.324,0.562739
2025-01-01 01:58:54,25.3,54.974,94.652,51.052,85.629,0.540203
2025-01-01 01:58:55,26.714,55.499,95.41,49.1,87.386,0.547485
2025-01-01 01:58:56,25.058,53.525,93.454,50.144,86.349,0.538237
2025-01-01 01:58:57,25.148,57.007,94.542,51.12,85.57,0.556845
2025-01-01 01:58:58,27.058,57.687,94.881,50.411,86.067,0.531288
2025-01-01 01:58:59,25.605,55.711,93.816,51.468,86.576,0.537133
2025-01-01 01:59:00,24.688,56.222,94.529,50.457,85.696,0.567068
2025-01-01 01:59:01,25.783,56.653,92.874,50.319,83.99,0.519942
2025-01-01 01:59:02,24.89,54.262,94.569,51.171,85.947,0.545154
2025-01-01 01:59:03,25.784,56.531,95.559,49.965,85.132,0.551992
2025-01-01 01:59:04,25.207,55.192,92.816,50.158,84.714,0.528724
2025-01-01 01:59:05,25.076,57.926,92.697,50.207,84.167,0.546213
2025-01-01 01:59:06,26.084,55.463,95.126,50.01,85.776,0.538976
2025-01-01 01:59:07,25.546,56.576,92.563,50.935,85.666,0.531584
2025-01-01 01:59:08,25.733,55.506,94.662,49.416,83.875,0.532225
2025-01-01 01:59:09,25.447,57.898,93.821,49.229,83.664,0.549553
2025-01-01 01:59:10,24.991,55.206,93.293,48.986,87.231,0.566801
2025-01-01 01:59:11,25.503,56.901,95.122,48.065,85.963,0.578394
2025-01-01 01:59:12,25.785,56.38,94.53,50.909,85.003,0.534779
2025-01-01 01:59:13,25.231,56.175,93.829,48.944,85.595,0.559662
2025-01-01 01:59:14,26.048,56.018,91.344,49.417,84.274,0.506423
2025-01-01 01:59:15,25.556,55.14,94.158,50.797,84.596,0.525202
2025-01-01 01:59:16,25.22,53.239,92.324,49.381,84.795,0.516483
2025-01-01 01:59:17,25.223,56.918,93.124,49.849,85.893,0.555665
2025-01-01 01:59:18,25.149,55.374,93.304,48.244,83.007,0.535295
2025-01-01 01:59:19,24.438,57.051,95.146,50.443,83.444,0.565102
2025-01-01 01:59:20,25.002,56.252,92.948,49.171,83.164,0.536766
2025-01-01 01:59:21,25.141,57.12,91.732,48.398,85.623,0.556758
2025-01-01 01:59:22,24.806,56.741,94.579,48.341,84.443,0.573989
2025-01-01 01:59:23,25.166,53.494,93.79,50.452,83.429,0.511628
2025-01-01 01:59:24,24.991,56.593,93.783,48.576,84.227,0.559201
2025-01-01 01:59:25,25.351,55.654,94.466,48.192,83.698,0.548006
2025-01-01 01:59:26,25.279,57.183,94.658,48.588,82.698,0.551263
2025-01-01 01:59:27,25.014,56.629,92.002,48.916,85.895,0.556435
2025-01-01 01:59:28,24.23,56.662,91.463,48.946,84.166,0.555471
2025-01-01 01:59:29,25.793,55.807,93.657,49.126,85.847,0.543833
2025-01-01 01:59:30,24.81,55.187,92.513,48.904,82.53,0.52648
2025-01-01 01:59:31,24.824,55.688,92.566,49.18,84.836,0.54736
2025-01-01 01:59:32,24.676,54.342,91.579,48.39,82.461,0.519138
2025-01-01 01:59:33,24.587,55.573,93.249,50.213,87.087,0.567899
2025-01-01 01:59:34,25.586,54.721,93.032,48.111,82.038,0.511425
2025-01-01 01:59:35,25.491,54.769,92.44,49.531,86.228,0.533538
2025-01-01 01:59:36,25.003,56.345,91.174,47.917,84.009,0.540007
2025-01-01 01:59:37,24.711,56.784,93.74,47.202,83.773,0.572885
2025-01-01 01:59:38,25.057,56.24,92.755,46.959,84.659,0.562708
2025-01-01 01:59:39,24.768,55.796,93.586,48.484,82.785,0.545525
2025-01-01 01:59:40,24.62,55.37,90.336,49.119,84.811,0.532478
2025-01-01 01:59:41,24.867,56.022,92.467,47.218,84.857,0.562807
2025-01-01 01:59:42,24.461,55.54,91.666,47.386,83.799,0.552131
2025-01-01 01:59:43,24.792,56.323,92.392,48.347,84.042,0.551074
2025-01-01 01:59:44,24.751,54.887,93.274,47.987,86.015,0.567019
2025-01-01 01:59:45,24.934,57.133,92.676,47.471,84.438,0.565821
2025-01-01 01:59:46,24.307,55.888,92.3,46.868,82.674,0.557625
2025-01-01 01:59:47,24.955,56.855,92.272,48.09,84.47,0.555887
2025-01-01 01:59:48,24.13,57.39,90.677,48.317,82.88,0.551093
2025-01-01 01:59:49,24.281,56.854,91.309,48.141,82.603,0.54768
2025-01-01 01:59:50,24.287,57.35,93.317,47.721,84.051,0.581579
2025-01-01 01:59:51,23.999,54.508,91.671,46.809,82.18,0.54574
2025-01-01 01:59:52,25.026,56.106,93.299,47.859,83.402,0.549591
2025-01-01 01:59:53,24.018,57.727,92.968,47.754,84.109,0.587779
2025-01-01 01:59:54,24.137,57.157,93.005,46.467,85.547,0.602213
2025-01-01 01:59:55,25.098,58.522,92.443,47.231,83.975,0.56863
2025-01-01 01:59:56,24.169,58.402,91.66,47.722,81.399,0.557551
2025-01-01 01:59:57,24.344,57.023,91.932,47.322,81.54,0.549644
2025-01-01 01:59:58,23.916,56.496,92.711,45.774,85.141,0.601764
2025-01-01 01:59:59,24.823,55.815,89.934,46.787,82.262,0.524382
2025-01-01 02:00:00,24.814,56.323,93.293,46.692,81.156,0.546025
2025-01-01 02:00:01,24.744,56.417,91.539,47.664,81.722,0.532117
2025-01-01 02:00:02,24.627,56.258,91.945,49.254,83.833,0.542318
2025-01-01 02:00:03,24.38,55.958,91.946,47.243,82.968,0.55343
2025-01-01 02:00:04,24.065,57.304,91.978,46.138,83.561,0.583499
2025-01-01 02:00:05,23.904,58.626,90.698,46.928,82.696,0.574136
2025-01-01 02:00:06,24.941,57.889,92.159,47.027,81.364,0.545278
2025-01-01 02:00:07,24.663,56.66,92.599,47.586,80.493,0.534375
2025-01-01 02:00:08,23.918,58.023,89.957,47.937,81.588,0.547113
2025-01-01 02:00:09,24.269,57.382,90.7,48.02,82.686,0.548726
2025-01-01 02:00:10,24.084,57.022,92.896,47.301,81.07,0.559155
2025-01-01 02:00:11,23.654,56.986,92.71,46.835,83.62,0.591095
2025-01-01 02:00:12,24.292,56.917,92.301,47.988,81.191,0.545042
2025-01-01 02:00:13,23.98,57.795,91.322,46.489,80.358,0.555202
2025-01-01 02:00:14,23.697,57.311,92.724,46.777,82.291,0.582318
2025-01-01 02:00:15,23.418,56.47,90.81,46.506,83.153,0.576684
2025-01-01 02:00:16,23.361,56.45,91.881,44.964,83.98,0.603732
2025-01-01 02:00:17,23.942,57.56,90.718,47.655,80.204,0.539695
2025-01-01 02:00:18,24.07,57.711,91.87,47.148,83.795,0.580065
2025-01-01 02:00:19,23.66,56.997,91.01,44.681,82.258,0.58283
2025-01-01 02:00:20,24.408,56.206,92.806,47.35,81.239,0.546229
2025-01-01 02:00:21,24.035,58.618,92.493,46.277,82.75,0.590038
2025-01-01 02:00:22,24.342,58.434,91.501,47.283,83.508,0.573243
2025-01-01 02:00:23,23.947,55.436,93.174,46.525,79.814,0.547996
2025-01-01 02:00:24,23.631,58.792,91.141,45.353,81.26,0.584576
2025-01-01 02:00:25,24.067,57.272,92.076,46.434,81.071,0.561498
2025-01-01 02:00:26,23.364,57.7,91.512,45.669,82.424,0.592359
2025-01-01 02:00:27,24.25,58.677,92.885,45.385,83.372,0.600197
2025-01-01 02:00:28,23.498,59.22,92.804,47.034,81.656,0.594137
2025-01-01 02:00:29,24.411,58.6,93.48,46.631,81.164,0.57374
2025-01-01 02:00:30,23.769,57.867,92.281,47.494,81.997,0.573791
2025-01-01 02:00:31,24.455,56.28,89.258,45.959,81.128,0.527614
2025-01-01 02:00:32,23.349,55.659,91.808,45.484,78.753,0.551392
2025-01-01 02:00:33,23.557,58.593,93.826,46.745,81.923,0.600238
2025-01-01 02:00:34,24.073,59.086,91.959,45.548,82.432,0.591313
2025-01-01 02:00:35,24.454,56.96,90.39,45.949,82.485,0.552803
2025-01-01 02:00:36,24.688,57.534,92.782,46.6,79.756,0.542993
2025-01-01 02:00:37,23.862,57.277,92.883,46.063,81.818,0.581038
2025-01-01 02:00:38,24.746,57.28,91.658,45.757,82.875,0.56308
2025-01-01 02:00:39,23.669,58.969,92.166,45.011,84.018,0.617199
2025-01-01 02:00:40,24.35,58.143,91.594,46.868,81.503,0.558273
2025-01-01 02:00:41,23.316,57.726,92.994,45.81,82.055,0.600738
2025-01-01 02:00:42,23.984,60.643,92.558,46.587,79.629,0.578879
2025-01-01 02:00:43,22.59,56.582,91.367,46.469,79.418,0.569809
2025-01-01 02:00:44,23.187,58.595,92.556,46.943,81.897,0.597077
2025-01-01 02:00:45,23.968,57.028,91.866,45.871,78.214,0.540873
2025-01-01 02:00:46,23.066,57.951,94.094,45.772,80.79,0.606159
2025-01-01 02:00:47,23.923,58.288,93.562,45.155,82.266,0.602349
2025-01-01 02:00:48,24.15,59.015,92.582,45.599,81.35,0.58471
2025-01-01 02:00:49,23.433,57.94,92.822,46.3,81.288,0.588753
2025-01-01 02:00:50,23.187,57.865,93.793,45.367,80.326,0.599893
2025-01-01 02:00:51,23.422,57.984,92.644,46.268,79.84,0.576467
2025-01-01 02:00:52,23.164,57.215,93.616,47.184,82.863,0.601583
2025-01-01 02:00:53,23.584,58.958,94.375,45.651,81.703,0.612457
2025-01-01 02:00:54,23.674,58.639,92.448,44.952,81.183,0.5947
2025-01-01 02:00:55,23.457,58.824,94.627,45.671,80.147,0.603585
2025-01-01 02:00:56,24.436,58.351,94.379,44.862,79.358,0.576496
2025-01-01 02:00:57,23.227,58.26,93.317,47.067,81.3,0.593828
2025-01-01 02:00:58,24.271,59.66,92.669,46.068,79.582,0.569631
2025-01-01 02:00:59,23.043,59.538,93.395,45.419,79.99,0.608967
2025-01-01 02:01:00,23.588,59.963,92.961,45.556,80.58,0.600756
2025-01-01 02:01:01,24.132,58.952,92.46,45.061,80.038,0.577008
2025-01-01 02:01:02,24.095,59.964,93.833,46.819,81.592,0.595364
2025-01-01 02:01:03,23.308,58.228,92.326,47.484,78.093,0.55509
2025-01-01 02:01:04,23.784,58.475,93.061,44.824,79.704,0.584731
2025-01-01 02:01:05,23.706,59.903,93.125,46.86,82.134,0.602051
2025-01-01 02:01:06,23.215,59.584,92.136,45.836,80.59,0.597981
2025-01-01 02:01:07,23.782,58.482,94.212,47.054,79.223,0.573396
2025-01-01 02:01:08,24.394,57.759,93.379,44.582,80.364,0.575672
2025-01-01 02:01:09,23.688,58.633,94.96,46.238,79.294,0.588762
2025-01-01 02:01:10,23.725,58.185,93.471,45.742,81.056,0.591268
2025-01-01 02:01:11,23.768,60.627,93.364,46.606,80.228,0.594299
2025-01-01 02:01:12,22.691,59.695,92.922,46.139,78.149,0.594259
2025-01-01 02:01:13,23.641,58.201,93.923,46.121,79.421,0.58066
2025-01-01 02:01:14,22.893,57.955,93.986,46.032,79.583,0.597614
2025-01-01 02:01:15,23.096,58.254,94.742,47.38,79.589,0.591346
2025-01-01 02:01:16,24.462,58.507,94.126,46.005,79.356,0.566699
2025-01-01 02:01:17,23.245,58.931,96.213,46.852,79.597,0.607915
2025-01-01 02:01:18,22.992,60.246,94.636,46.68,79.369,0.610406
2025-01-01 02:01:19,23.929,58.197,93.254,46.906,77.947,0.551299
2025-01-01 02:01:20,22.869,61.486,93.232,45.401,78.211,0.611398
2025-01-01 02:01:21,23.11,58.286,94.901,46.797,78.4,0.587127
2025-01-01 02:01:22,23.949,57.854,93.411,46.52,78.767,0.559113
2025-01-01 02:01:23,23.337,60.984,95.088,45.32,78.298,0.612868
2025-01-01 02:01:24,22.526,60.65,95.454,46.122,79.87,0.636936
2025-01-01 02:01:25,23.57,59.179,95.543,48.149,77.341,0.569967
2025-01-01 02:01:26,23.091,59.776,93.821,46.023,76.359,0.579309
2025-01-01 02:01:27,24.05,59.834,95.678,46.066,80.748,0.607877
2025-01-01 02:01:28,22.969,59.598,95.147,46.745,77.355,0.59352
2025-01-01 02:01:29,23.789,58.198,94.284,45.976,79.604,0.582678
2025-01-01 02:01:30,24.143,57.045,94.801,46.547,78.961,0.56094
2025-01-01 02:01:31,22.822,58.716,95.502,46.101,77.24,0.596736
2025-01-01 02:01:32,23.143,61.41,94.427,46.809,77.967,0.601869
2025-01-01 02:01:33,23.426,61.482,95.473,46.466,77.737,0.604739
2025-01-01 02:01:34,22.795,59.398,96.688,48.105,78.451,0.606372
2025-01-01 02:01:35,23.351,58.735,96.278,46.61,77.051,0.586021
2025-01-01 02:01:36,23.096,60.005,95.468,46.424,77.709,0.601269
2025-01-01 02:01:37,23.079,60.199,95.693,47.457,77.825,0.598227
2025-01-01 02:01:38,23.219,60.394,94.994,45.551,79.141,0.615512
2025-01-01 02:01:39,23.223,57.3,95.096,48.049,77.275,0.560548
2025-01-01 02:01:40,23.262,63.018,94.144,45.938,76.547,0.60365
2025-01-01 02:01:41,22.874,61.026,96.007,47.716,77.014,0.602604
2025-01-01 02:01:42,22.889,59.729,96.514,47.961,78.058,0.603326
2025-01-01 02:01:43,23.101,59.241,95.837,46.41,75.441,0.58026
2025-01-01 02:01:44,23.131,60.981,95.107,46.522,78.954,0.614011
2025-01-01 02:01:45,22.928,60.522,96.128,46.814,77.492,0.609002
2025-01-01 02:01:46,23.303,60.152,97.481,47.435,77.939,0.607498
2025-01-01 02:01:47,22.228,60.552,97.115,46.176,77.633,0.636849
2025-01-01 02:01:48,22.764,60.014,96.266,46.925,76.52,0.601386
2025-01-01 02:01:49,22.983,60.562,98.422,46.8,75.973,0.613213
2025-01-01 02:01:50,22.689,60.92,99.153,46.169,76.383,0.634934
2025-01-01 02:01:51,23.926,60.57,96.054,46.293,75.368,0.573759
2025-01-01 02:01:52,23.116,60.551,96.369,47.272,77.545,0.604111
2025-01-01 02:01:53,23.19,61.686,97.389,47.298,76.884,0.612801
2025-01-01 02:01:54,22.854,58.729,95.863,46.64,75.191,0.5784
2025-01-01 02:01:55,23.083,59.562,97.707,47.356,76.245,0.59673
2025-01-01 02:01:56,22.478,60.419,97.041,46.818,77.72,0.626338
2025-01-01 02:01:57,22.996,59.696,97.394,48.424,78.442,0.607099
2025-01-01 02:01:58,22.608,60.063,96.529,47.339,75.304,0.594352
2025-01-01 02:01:59,22.933,61.78,96.4,48.344,79.392,0.623943
2025-01-01 02:02:00,21.788,60.377,95.286,46.156,75.601,0.6158
2025-01-01 02:02:01,22.5,58.73,98.84,47.813,74.661,0.595872
2025-01-01 02:02:02,23.791,60.169,98.381,48.077,78.77,0.605849
2025-01-01 02:02:03,23.471,60.683,98.197,47.536,75.367,0.591762
2025-01-01 02:02:04,23.711,60.698,97.956,47.262,78.399,0.611081
2025-01-01 02:02:05,23.742,61.247,95.389,47.617,75.728,0.570934
2025-01-01 02:02:06,23.381,61.198,97.027,48.381,76.13,0.58864
2025-01-01 02:02:07,22.815,60.618,97.608,46.867,74.872,0.601936
2025-01-01 02:02:08,22.519,59.597,96.868,48.444,77.927,0.608478
2025-01-01 02:02:09,23.608,60.382,96.342,48.187,77.719,0.586809
2025-01-01 02:02:10,23.064,60.233,97.145,47.772,75.515,0.58888
2025-01-01 02:02:11,24.276,60.603,98.258,47.856,76.175,0.578265
2025-01-01 02:02:12,22.843,61.612,98.345,48.13,77.017,0.621847
2025-01-01 02:02:13,24.01,61.358,99.29,49.458,75.614,0.581211
2025-01-01 02:02:14,22.942,61.811,100.533,48.46,77.775,0.640649
2025-01-01 02:02:15,23.687,60.635,99.242,47.479,75.969,0.599862
2025-01-01 02:02:16,23.865,62.56,98.469,47.936,75.432,0.596472
2025-01-01 02:02:17,22.503,61.757,100.532,47.42,74.115,0.628392
2025-01-01 02:02:18,22.77,61.229,97.238,46.876,74.421,0.600855
2025-01-01 02:02:19,22.494,61.753,96.829,47.511,76.64,0.620504
2025-01-01 02:02:20,22.394,60.506,98.109,48.589,76.176,0.611944
2025-01-01 02:02:21,23.341,59.106,99.896,49.566,76.833,0.593076
2025-01-01 02:02:22,22.908,60.64,99.341,49.396,75.139,0.597002
2025-01-01 02:02:23,23.031,62.026,98.133,47.729,73.806,0.596596
2025-01-01 02:02:24,23.282,61.391,98.622,48.069,75.142,0.598518
2025-01-01 02:02:25,22.074,61.206,98.197,48.011,78.144,0.643593
2025-01-01 02:02:26,23.645,60.527,98.285,46.751,74.503,0.586232
2025-01-01 02:02:27,22.827,59.451,101.167,48.737,75.58,0.612102
2025-01-01 02:02:28,23.267,62.864,99.561,49.568,72.69,0.586002
2025-01-01 02:02:29,23.311,61.263,101.563,48.779,74.926,0.612127
2025-01-01 02:02:30,23.686,61.073,98.992,48.022,75.017,0.589581
2025-01-01 02:02:31,22.948,60.863,100.462,48.416,75.875,0.61895
2025-01-01 02:02:32,21.938,62.821,100.287,48.884,75.06,0.642896
2025-01-01 02:02:33,23.029,62.479,101.028,49.82,73.584,0.604793
2025-01-01 02:02:34,23.101,60.662,100.492,49.113,74.575,0.599152
2025-01-01 02:02:35,22.484,62.826,101.311,49.824,75.092,0.63272
2025-01-01 02:02:36,23.075,61.547,100.969,49.307,74.107,0.604514
2025-01-01 02:02:37,22.822,61.113,99.413,49.618,74.248,0.594069
2025-01-01 02:02:38,22.332,61.461,101.325,48.733,76.442,0.644468
2025-01-01 02:02:39,23.34,61.003,100.578,48.993,74.453,0.596973
2025-01-01 02:02:40,22.723,60.496,99.993,48.594,75.698,0.614994
2025-01-01 02:02:41,22.803,62.624,101.552,50.137,74.926,0.622856
2025-01-01 02:02:42,22.777,61.659,101.868,49.48,73.63,0.613376
2025-01-01 02:02:43,23.627,62.527,100.551,46.891,74.675,0.618305
2025-01-01 02:02:44,22.991,62.228,100.772,50.212,75.393,0.613465
2025-01-01 02:02:45,23.053,62.52,99.824,50.663,77.097,0.617446
2025-01-01 02:02:46,22.795,59.956,99.494,49.292,74.057,0.587706
2025-01-01 02:02:47,23.248,61.166,101.144,50.382,74.851,0.597549
2025-01-01 02:02:48,23.694,62.632,102.266,49.887,76.015,0.619604
2025-01-01 02:02:49,23.346,60.819,100.988,48.418,76.408,0.61823
2025-01-01 02:02:50,23.368,62.497,103.076,51.732,74.088,0.603225
2025-01-01 02:02:51,23.33,60.763,101.53,50.063,74.652,0.596482
2025-01-01 02:02:52,22.339,62.2,101.62,50.445,76.146,0.637448
2025-01-01 02:02:53,22.594,63.824,101.619,49.841,75.398,0.641796
2025-01-01 02:02:54,22.933,63.018,102.976,50.161,75.997,0.641369
2025-01-01 02:02:55,22.676,60.423,101.121,50.584,76.137,0.613158
2025-01-01 02:02:56,22.51,63.151,102.037,49.677,75.37,0.642826
2025-01-01 02:02:57,22.11,64.155,101.704,51.923,74.852,0.636163
2025-01-01 02:02:58,22.376,65.159,101.775,51.295,73.85,0.634726
2025-01-01 02:02:59,22.925,62.866,102.456,51.094,74.337,0.617264
2025-01-01 02:03:00,23.022,61.056,102.393,50.623,74.393,0.605598
2025-01-01 02:03:01,22.664,62.884,103.642,50.184,76.021,0.650765
2025-01-01 02:03:02,23.104,64.075,102.663,51.673,74.771,0.622829
2025-01-01 02:03:03,22.852,62.32,103.313,51.393,74.759,0.622446
2025-01-01 02:03:04,23.619,63.579,103.014,50.64,73.321,0.606831
2025-01-01 02:03:05,22.997,61.725,104.328,50.148,75.938,0.640465
2025-01-01 02:03:06,23.431,62.966,102.704,49.81,73.55,0.611918
2025-01-01 02:03:07,23.189,60.132,102.789,51.148,74.108,0.592242
2025-01-01 02:03:08,22.392,61.7,103.915,50.981,76.001,0.644595
2025-01-01 02:03:09,23.052,62.672,102.936,52.183,75.473,0.617939
2025-01-01 02:03:10,22.485,62.343,103.831,52.083,73.37,0.618427
2025-01-01 02:03:11,23.054,61.434,105.751,51.374,73.076,0.616766
2025-01-01 02:03:12,22.741,62.263,102.515,51.332,74.108,0.613817
2025-01-01 02:03:13,23.31,63.12,105.105,50.528,73.642,0.628879
2025-01-01 02:03:14,22.454,62.731,103.16,52.352,72.555,0.60853
2025-01-01 02:03:15,23.138,62.906,105.069,51.51,73.395,0.621909
2025-01-01 02:03:16,23.423,63.604,104.496,52.093,70.984,0.593209
2025-01-01 02:03:17,23.597,62.557,104.488,52.602,75.351,0.613059
2025-01-01 02:03:18,22.767,64.286,103.814,51.26,75.259,0.646319
2025-01-01 02:03:19,23.165,61.964,103.792,51.101,75.926,0.62803
2025-01-01 02:03:20,23.254,64.909,103.397,53.79,74.644,0.614975
2025-01-01 02:03:21,23.942,64.12,104.201,52.341,73.667,0.603182
2025-01-01 02:03:22,22.435,62.678,104.086,51.693,75.42,0.642309
2025-01-01 02:03:23,22.727,62.771,104.536,52.958,73.336,0.615049
2025-01-01 02:03:24,24.592,63.293,103.009,51.769,72.573,0.569284
2025-01-01 02:03:25,23.06,63.711,104.516,52.325,73.976,0.623983
2025-01-01 02:03:26,22.259,64.233,105.829,51.659,74.634,0.663126
2025-01-01 02:03:27,22.92,61.824,105.583,52.148,73.155,0.616275
2025-01-01 02:03:28,21.834,63.628,104.734,51.99,72.861,0.644283
2025-01-01 02:03:29,23.347,61.099,107.345,51.655,73.607,0.622116
2025-01-01 02:03:30,23.639,63.064,104.276,52.498,74.592,0.608929
2025-01-01 02:03:31,22.786,64.721,104.837,51.839,73.914,0.641974
2025-01-01 02:03:32,23.015,61.874,103.543,52.857,77.243,0.626679
2025-01-01 02:03:33,23.72,61.718,104.659,52.198,73.907,0.59707
2025-01-01 02:03:34,22.392,63.563,106.919,51.111,74.963,0.66966
2025-01-01 02:03:35,22.614,64.754,104.834,53.028,72.316,0.625141
2025-01-01 02:03:36,23.169,63.716,103.739,53.085,74.752,0.616703
2025-01-01 02:03:37,22.916,61.511,106.205,54.422,73.486,0.605163
2025-01-01 02:03:38,23.154,61.757,105.788,52.676,74.024,0.615442
2025-01-01 02:03:39,22.678,63.562,106.295,52.851,76.053,0.655993
2025-01-01 02:03:40,23.426,62.309,105.232,53.129,73.577,0.60264
2025-01-01 02:03:41,23.253,63.648,104.586,53.603,72.45,0.598738
2025-01-01 02:03:42,23.612,63.731,105.472,53.594,72.633,0.599775
2025-01-01 02:03:43,23.446,63.069,106.273,53.123,74.219,0.62047
2025-01-01 02:03:44,23.459,65.397,105.708,52.881,74.151,0.63357
2025-01-01 02:03:45,22.642,64.196,106.229,53.621,74.098,0.640472
2025-01-01 02:03:46,23.621,64.84,105.365,52.925,72.461,0.610138
2025-01-01 02:03:47,23.219,64.572,106.387,51.991,76.434,0.661141
2025-01-01 02:03:48,23.311,63.524,106.017,51.859,75.758,0.645334
2025-01-01 02:03:49,23.929,63.502,105.373,52.862,74.157,0.60796
2025-01-01 02:03:50,23.055,63.421,106.276,53.228,72.175,0.614466
2025-01-01 02:03:51,24.1,64.422,105.806,55.145,75.902,0.611613
2025-01-01 02:03:52,24.157,63.113,106.866,53.106,75.365,0.619186
2025-01-01 02:03:53,23.822,65.51,107.177,53.273,74.126,0.634504
2025-01-01 02:03:54,22.966,63.061,106.86,52.946,75.443,0.645422
2025-01-01 02:03:55,22.374,64.042,104.777,53.797,73.413,0.627956
2025-01-01 02:03:56,24.017,63.62,105.5,53.558,72.857,0.592451
2025-01-01 02:03:57,23.544,63.42,105.88,52.854,74.201,0.619742
2025-01-01 02:03:58,23.127,66.064,105.771,52.586,72.153,0.632209
2025-01-01 02:03:59,24.097,63.473,106.075,53.103,72.689,0.595915
2025-01-01 02:04:00,23.091,63.628,107.593,52.78,74.678,0.647291
2025-01-01 02:04:01,23.321,63.289,107.415,53.298,74.319,0.632557
2025-01-01 02:04:02,23.807,64.015,106.34,53.624,72.378,0.601856
2025-01-01 02:04:03,22.999,63.893,107.403,53.137,73.552,0.638573
2025-01-01 02:04:04,23.513,62.895,107.186,54.728,72.444,0.599065
2025-01-01 02:04:05,24.124,63.609,106.87,54.517,73.47,0.598369
2025-01-01 02:04:06,23.696,64.663,108.095,53.431,73.347,0.630767
2025-01-01 02:04:07,24.226,65.1,106.329,52.867,75.263,0.628668
2025-01-01 02:04:08,24.181,64.116,107.086,53.638,73.893,0.61204
2025-01-01 02:04:09,23.631,64.17,106.025,53.577,73.799,0.615994
2025-01-01 02:04:10,22.471,63.769,106.114,53.656,73.629,0.63639
2025-01-01 02:04:11,23.098,63.646,105.796,53.409,72.046,0.609271
2025-01-01 02:04:12,24.045,63.248,106.21,52.908,74.003,0.608323
2025-01-01 02:04:13,22.901,62.629,107.317,53.795,74.712,0.635601
2025-01-01 02:04:14,23.525,63.501,106.969,53.506,74.422,0.625851
2025-01-01 02:04:15,23.87,65.126,107.039,53.595,74.987,0.634241
2025-01-01 02:04:16,24.449,63.815,107.045,53.897,75.058,0.611257
2025-01-01 02:04:17,23.439,63.911,109.152,53.783,76.819,0.662465
2025-01-01 02:04:18,23.418,63.909,106.276,53.911,72.841,0.610589
2025-01-01 02:04:19,23.726,65.536,106.202,53.551,74.491,0.630499
2025-01-01 02:04:20,23.941,63.38,106.632,54.171,74.64,0.610681
2025-01-01 02:04:21,23.702,64.602,107.437,53.322,73.855,0.630146
2025-01-01 02:04:22,24.317,64.274,108.054,53.038,73.495,0.618555
2025-01-01 02:04:23,23.406,64.426,108.187,53.208,74.869,0.64904
2025-01-01 02:04:24,23.879,64.619,108.541,53.39,74.77,0.641151
2025-01-01 02:04:25,24.055,64.448,107.516,52.911,73.04,0.618699
2025-01-01 02:04:26,23.646,65.2,107.254,52.597,72.164,0.626087
2025-01-01 02:04:27,24.279,64.393,109.31,54.362,73.749,0.622069
2025-01-01 02:04:28,23.948,66.182,104.916,54.986,73.549,0.603287
2025-01-01 02:04:29,24.281,64.497,107.787,54.42,75.099,0.621747
2025-01-01 02:04:30,23.998,62.765,108.177,53.594,73.286,0.609938
2025-01-01 02:04:31,24.103,65.121,109.642,52.612,74.201,0.648861
2025-01-01 02:04:32,23.613,64.89,106.129,54.143,72.386,0.607065
2025-01-01 02:04:33,23.628,64.545,107.389,52.708,72.594,0.625428
2025-01-01 02:04:34,24.569,64.267,106.47,53.927,73.553,0.59538
2025-01-01 02:04:35,24.289,62.426,106.048,53.359,74.197,0.594247
2025-01-01 02:04:36,23.474,62.607,107.658,52.175,73.536,0.628116
2025-01-01 02:04:37,24.091,66.215,108.712,55.184,74.714,0.636177
2025-01-01 02:04:38,22.828,63.996,109.1,52.995,72.524,0.648097
2025-01-01 02:04:39,23.742,65.56,107.376,53.714,74.331,0.636477
2025-01-01 02:04:40,24.524,63.005,108.587,53.893,74.368,0.609873
2025-01-01 02:04:41,23.996,63.574,107.735,53.617,72.899,0.609233
2025-01-01 02:04:42,24.132,65.312,108.5,54.361,74.935,0.63493
2025-01-01 02:04:43,22.58,64.543,109.108,53.392,72.084,0.65092
2025-01-01 02:04:44,23.907,65.195,107.768,54.285,73.89,0.625927
2025-01-01 02:04:45,24.287,64.656,109.048,54.229,75.683,0.637804
2025-01-01 02:04:46,24.365,64.474,106.765,52.865,72.094,0.599473
2025-01-01 02:04:47,24.629,64.013,108.64,54.148,75.596,0.623066
2025-01-01 02:04:48,24.058,63.511,109.023,53.107,73.419,0.62469
2025-01-01 02:04:49,24.095,66.118,108.923,53.009,74.138,0.647523
2025-01-01 02:04:50,23.527,66.294,106.811,54.164,76.562,0.655822
2025-01-01 02:04:51,24.106,63.699,107.793,53.593,74.151,0.618253
2025-01-01 02:04:52,23.593,63.644,108.302,54.207,76.869,0.649033
2025-01-01 02:04:53,23.315,64.411,108.443,54.201,74.595,0.643728
2025-01-01 02:04:54,23.712,65.109,108.115,52.74,74.89,0.65027
2025-01-01 02:04:55,25.025,64.597,109.427,54.461,76.032,0.625786
2025-01-01 02:04:56,24.15,65.288,106.699,54.081,75.705,0.629208
2025-01-01 02:04:57,24.411,64.748,107.751,53.368,75.268,0.629217
2025-01-01 02:04:58,24.06,64.692,106.298,53.712,74.559,0.61761
2025-01-01 02:04:59,23.437,67.229,108.602,54.419,73.285,0.650199
2025-01-01 02:05:00,24.816,64.3,108.528,53.53,73.376,0.607142
2025-01-01 02:05:01,23.278,66.473,111.315,55.459,76.787,0.686086
2025-01-01 02:05:02,24.103,66.289,108.984,54.94,77.284,0.659581
2025-01-01 02:05:03,24.369,65.354,108.279,53.82,75.433,0.6363
2025-01-01 02:05:04,24.527,62.932,108.192,53.524,73.183,0.599551
2025-01-01 02:05:05,24.065,64.897,107.609,53.536,74.419,0.628728
2025-01-01 02:05:06,23.525,64.359,108.043,53.181,74.394,0.641667
2025-01-01 02:05:07,24.059,64.901,108.175,53.738,74.749,0.634134
2025-01-01 02:05:08,24.101,63.825,105.92,54.164,74.389,0.603166
2025-01-01 02:05:09,24.105,65.651,108.066,52.509,76.111,0.656382
2025-01-01 02:05:10,24.993,65.886,107.954,54.078,75.82,0.625766
2025-01-01 02:05:11,23.917,66.078,109.589,54.284,77.455,0.671747
2025-01-01 02:05:12,24.691,64.532,107.685,53.968,75.129,0.615986
2025-01-01 02:05:13,24.636,63.861,107.032,53.378,75.874,0.617618
2025-01-01 02:05:14,25.053,65.278,108.045,53.878,76.56,0.628075
2025-01-01 02:05:15,24.523,66.688,107.83,54.464,76.935,0.646158
2025-01-01 02:05:16,25.001,65.006,107.603,53.348,74.265,0.609707
2025-01-01 02:05:17,24.536,65.395,106.431,53.383,76.272,0.629208
2025-01-01 02:05:18,24.855,64.712,107.53,55.039,76.001,0.611878
2025-01-01 02:05:19,23.903,64.448,107.082,53.547,76.228,0.639066
2025-01-01 02:05:20,23.352,65.615,107.418,52.463,75.976,0.666091
2025-01-01 02:05:21,24.876,64.855,108.34,53.934,77.999,0.641688
2025-01-01 02:05:22,24.92,65.368,106.905,53.523,74.915,0.612753
2025-01-01 02:05:23,24.958,65.476,107.33,52.642,74.885,0.62183
2025-01-01 02:05:24,24.475,65.32,108.062,52.248,75.081,0.640471
2025-01-01 02:05:25,25.498,65.533,107.221,53.286,75.759,0.612265
2025-01-01 02:05:26,24.54,64.126,110.068,53.011,76.501,0.650859
2025-01-01 02:05:27,24.997,64.068,107.675,52.026,75.644,0.623898
2025-01-01 02:05:28,25.101,64.942,106.151,52.913,77.441,0.624503
2025-01-01 02:05:29,25.679,64.968,106.519,52.825,76.272,0.606499
2025-01-01 02:05:30,24.678,64.467,106.383,52.857,76.203,0.622504
2025-01-01 02:05:31,24.526,65.232,106.461,53.261,74.766,0.617563
2025-01-01 02:05:32,24.121,65.901,107.786,51.418,78.591,0.681356
2025-01-01 02:05:33,25.663,66.182,106.105,51.897,76.393,0.619981
2025-01-01 02:05:34,25.114,66.408,106.841,52.356,78.458,0.65107
2025-01-01 02:05:35,25.146,63.683,108.275,53.764,75.791,0.611283
2025-01-01 02:05:36,26.495,63.835,106.572,54.555,77.58,0.578978
2025-01-01 02:05:37,25.115,64.709,107.722,52.622,75.953,0.624484
2025-01-01 02:05:38,24.318,65.08,105.325,52.611,78.856,0.648777
2025-01-01 02:05:39,24.888,64.762,106.594,50.576,78.063,0.651837
2025-01-01 02:05:40,24.516,64.447,106.034,53.21,77.784,0.633075
2025-01-01 02:05:41,24.822,64.695,107.175,52.801,75.941,0.625228
2025-01-01 02:05:42,24.835,65.483,105.795,52.622,79.145,0.646399
2025-01-01 02:05:43,24.759,63.669,108.852,51.353,79.349,0.667319
2025-01-01 02:05:44,24.373,67.341,105.096,53.887,76.495,0.634707
2025-01-01 02:05:45,25.883,65.018,107.823,53.472,77.191,0.614855
2025-01-01 02:05:46,25.252,66.047,107.516,52.444,78.157,0.647665
2025-01-01 02:05:47,25.007,64.414,106.897,52.954,74.726,0.606569
2025-01-01 02:05:48,25.515,65.567,106.591,52.153,78.515,0.637038
2025-01-01 02:05:49,25.388,65.091,108.34,52.721,78.416,0.644281
2025-01-01 02:05:50,25.307,65.845,108.904,50.969,76.561,0.652995
2025-01-01 02:05:51,25.529,64.787,106.172,50.146,74.654,0.61215
2025-01-01 02:05:52,25.27,66.535,106.483,50.899,77.733,0.65064
2025-01-01 02:05:53,25.554,63.489,105.718,51.219,76.022,0.602116
2025-01-01 02:05:54,25.612,65.927,105.046,51.299,75.526,0.608801
2025-01-01 02:05:55,25.334,65.093,106.622,52.121,77.926,0.633422
2025-01-01 02:05:56,25.159,63.953,106.351,51.505,79.112,0.640612
2025-01-01 02:05:57,26.051,66.919,104.433,51.637,77.318,0.613744
2025-01-01 02:05:58,25.063,66.812,106.441,50.66,79.053,0.667882
2025-01-01 02:05:59,25.514,62.885,106.209,50.538,78.478,0.626552
2025-01-01 02:06:00,25.542,65.132,105.264,51.535,76.083,0.608999
2025-01-01 02:06:01,25.046,65.656,105.138,51.015,77.117,0.634023
2025-01-01 02:06:02,24.964,65.387,106.167,51.399,79.128,0.653975
2025-01-01 02:06:03,25.207,66.456,107.29,51.777,77.209,0.647142
2025-01-01 02:06:04,25.154,66.243,106.016,52.599,78.918,0.645053
2025-01-01 02:06:05,24.687,65.195,106.335,51.217,77.494,0.64837
2025-01-01 02:06:06,25.107,67.201,104.658,52.63,78.903,0.64256
2025-01-01 02:06:07,25.582,65.855,105.011,51.449,78.604,0.631771
2025-01-01 02:06:08,26.098,64.561,105.967,51.621,77.843,0.611571
2025-01-01 02:06:09,25.759,64.353,103.935,51.857,79.024,0.609939
2025-01-01 02:06:10,24.198,66.142,105.433,51.535,75.653,0.642289
2025-01-01 02:06:11,25.834,64.099,105.652,50.262,76.994,0.614545
2025-01-01 02:06:12,25.251,64.476,105.052,51.714,77.793,0.621185
2025-01-01 02:06:13,25.772,64.639,105.341,50.492,79.809,0.637702
2025-01-01 02:06:14,25.555,65.226,105.01,50.977,76.719,0.616505
2025-01-01 02:06:15,25.482,64.67,104.26,50.786,78.466,0.623669
2025-01-01 02:06:16,25.543,63.538,103.633,51.538,78.941,0.608114
2025-01-01 02:06:17,25.599,66.009,104.649,50.881,78.91,0.636211
2025-01-01 02:06:18,26.298,64.435,105.972,49.401,78.548,0.627719
2025-01-01 02:06:19,25.632,66.85,105.62,52.126,77.975,0.632508
2025-01-01 02:06:20,26.2,65.126,104.177,51.064,78.477,0.609119
2025-01-01 02:06:21,26.143,66.08,104.083,49.899,79.996,0.636459
2025-01-01 02:06:22,26.022,65.434,103.935,49.373,78.054,0.621981
2025-01-01 02:06:23,24.811,66.109,103.86,50.985,76.342,0.627024
2025-01-01 02:06:24,26.278,65.355,104.512,49.353,79.547,0.63203
2025-01-01 02:06:25,25.506,65.01,105.206,50.752,80.836,0.650844
2025-01-01 02:06:26,26.109,65.858,106.335,50.909,77.834,0.628189
2025-01-01 02:06:27,25.28,67.241,103.166,49.477,80.782,0.664345
2025-01-01 02:06:28,25.189,64.475,104.57,49.349,79.828,0.65109
2025-01-01 02:06:29,26.785,65.529,104.383,49.506,77.869,0.607297
2025-01-01 02:06:30,25.334,64.718,103.433,49.034,78.467,0.633355
2025-01-01 02:06:31,26.4,65.218,102.658,49.952,78.468,0.602034
2025-01-01 02:06:32,25.902,64.743,103.88,50.009,79.623,0.627037
2025-01-01 02:06:33,25.648,62.531,105.645,50.236,79.257,0.625322
2025-01-01 02:06:34,25.85,64.477,103.714,48.931,80.855,0.64209
2025-01-01 02:06:35,25.237,65.665,102.578,50.213,80.602,0.64402
2025-01-01 02:06:36,25.896,63.888,103.127,48.694,77.783,0.610409
2025-01-01 02:06:37,25.376,65.562,102.063,50.099,77.989,0.617152
2025-01-01 02:06:38,25.734,64.812,103.14,48.182,80.483,0.644981
2025-01-01 02:06:39,26.409,64.424,103.722,50.569,79.182,0.605368
2025-01-01 02:06:40,26.089,65.509,102.264,48.841,79.645,0.625039
2025-01-01 02:06:41,25.235,65.271,99.618,49.682,80.566,0.623272
2025-01-01 02:06:42,26.416,64.997,103.068,49.689,80.994,0.62499
2025-01-01 02:06:43,26.001,65.579,102.206,48.075,78.539,0.623683
2025-01-01 02:06:44,25.748,64.752,101.873,49.703,77.407,0.600185
2025-01-01 02:06:45,26.407,62.891,101.78,48.539,79.992,0.600915
2025-01-01 02:06:46,25.964,64.143,102.855,48.68,79.157,0.619688
2025-01-01 02:06:47,25.479,62.702,101.962,48.334,80.316,0.624761
2025-01-01 02:06:48,27.0,65.15,103.216,50.106,80.185,0.605387
2025-01-01 02:06:49,26.082,65.374,103.152,47.825,79.175,0.634174
2025-01-01 02:06:50,26.063,65.404,101.844,49.051,82.905,0.645505
2025-01-01 02:06:51,25.915,64.937,101.507,48.153,80.475,0.630429
2025-01-01 02:06:52,26.722,65.4,102.07,49.472,79.821,0.606258
2025-01-01 02:06:53,25.883,62.84,101.71,50.402,80.685,0.603472
2025-01-01 02:06:54,25.387,64.293,100.017,47.988,81.254,0.633366
2025-01-01 02:06:55,25.833,62.97,103.597,48.552,79.913,0.626459
2025-01-01 02:06:56,26.849,64.011,102.31,48.079,83.51,0.634298
2025-01-01 02:06:57,26.615,65.969,101.045,49.165,78.953,0.60024
2025-01-01 02:06:58,26.085,65.429,99.504,48.084,79.091,0.605131
2025-01-01 02:06:59,26.913,64.982,101.153,48.956,78.969,0.589114
2025-01-01 02:07:00,26.613,64.121,100.658,47.862,80.947,0.609377
2025-01-01 02:07:01,26.119,63.292,101.097,49.925,81.564,0.607478
2025-01-01 02:07:02,26.182,64.455,98.906,46.326,80.653,0.61658
2025-01-01 02:07:03,26.443,65.361,100.509,48.331,81.667,0.623064
2025-01-01 02:07:04,25.875,64.643,100.482,47.972,81.705,0.63258
2025-01-01 02:07:05,26.306,62.63,100.613,47.894,80.778,0.603396
2025-01-01 02:07:06,26.47,64.302,100.48,48.111,81.777,0.617192
2025-01-01 02:07:07,25.485,62.266,100.68,47.881,81.081,0.62133
2025-01-01 02:07:08,26.246,64.965,102.06,47.961,80.879,0.632194
2025-01-01 02:07:09,26.202,63.449,99.935,48.065,80.825,0.605598
2025-01-01 02:07:10,26.879,62.9,99.451,49.091,81.756,0.583335
2025-01-01 02:07:11,25.455,64.922,98.546,45.433,82.99,0.656543
2025-01-01 02:07:12,26.199,64.645,99.673,49.077,80.136,0.59951
2025-01-01 02:07:13,26.161,64.298,98.694,49.602,81.058,0.594085
2025-01-01 02:07:14,26.893,66.238,100.966,46.108,81.882,0.640242
2025-01-01 02:07:15,26.403,64.662,99.821,47.503,83.847,0.636711
2025-01-01 02:07:16,27.335,63.362,100.768,48.518,82.309,0.595358
2025-01-01 02:07:17,26.779,64.506,101.205,48.112,80.868,0.610227
2025-01-01 02:07:18,26.255,63.681,98.786,48.675,80.786,0.592787
2025-01-01 02:07:19,26.591,65.213,99.215,47.59,83.129,0.62604
2025-01-01 02:07:20,26.305,64.207,100.805,45.624,81.622,0.638582
2025-01-01 02:07:21,26.923,64.285,99.574,48.253,80.572,0.589921
2025-01-01 02:07:22,25.838,62.442,99.818,47.677,83.317,0.6277
2025-01-01 02:07:23,26.104,63.924,100.241,48.302,82.521,0.625024
2025-01-01 02:07:24,26.754,63.786,100.016,45.862,80.77,0.612061
2025-01-01 02:07:25,27.15,62.796,99.441,46.077,80.645,0.589551
2025-01-01 02:07:26,25.447,63.577,100.339,47.025,79.702,0.624115
2025-01-01 02:07:27,27.245,64.213,98.786,48.041,81.607,0.586309
2025-01-01 02:07:28,26.498,63.751,99.286,48.226,82.769,0.610849
2025-01-01 02:07:29,25.637,62.321,98.502,46.32,83.606,0.633236
2025-01-01 02:07:30,25.088,63.438,99.612,46.54,83.013,0.65415
2025-01-01 02:07:31,25.834,63.22,97.803,49.127,80.987,0.589515
2025-01-01 02:07:32,26.599,63.859,96.734,46.353,82.262,0.599792
2025-01-01 02:07:33,26.586,63.729,98.985,47.302,84.367,0.625721
2025-01-01 02:07:34,26.945,63.208,97.223,46.367,82.086,0.589748
2025-01-01 02:07:35,26.363,63.146,97.037,47.075,83.671,0.60807
2025-01-01 02:07:36,26.094,63.641,99.335,45.971,83.571,0.641055
2025-01-01 02:07:37,26.451,64.513,98.95,45.962,83.757,0.638396
2025-01-01 02:07:38,26.683,63.805,97.555,46.305,83.411,0.613207
2025-01-01 02:07:39,26.791,64.926,94.767,46.136,83.849,0.602833
2025-01-01 02:07:40,26.29,64.612,98.26,46.3,81.21,0.615208
2025-01-01 02:07:41,27.144,64.952,98.304,46.935,84.854,0.623944
2025-01-01 02:07:42,26.392,64.8,98.074,47.999,80.914,0.598461
2025-01-01 02:07:43,26.276,64.97,97.943,45.988,83.503,0.635785
2025-01-01 02:07:44,26.448,62.229,97.207,45.643,83.117,0.606795
2025-01-01 02:07:45,27.265,64.005,96.894,46.416,82.471,0.588819
2025-01-01 02:07:46,26.67,64.551,96.115,45.702,82.097,0.601967
2025-01-01 02:07:47,26.397,64.707,96.44,45.051,83.973,0.630672
2025-01-01 02:07:48,27.216,62.512,97.376,47.188,84.32,0.592024
2025-01-01 02:07:49,27.832,63.915,97.31,46.378,83.28,0.585771
2025-01-01 02:07:50,26.873,63.308,97.68,46.435,83.101,0.603117
2025-01-01 02:07:51,27.393,65.054,95.402,44.729,85.03,0.614998
2025-01-01 02:07:52,27.302,61.794,95.068,45.783,83.031,0.567114
2025-01-01 02:07:53,26.488,62.386,96.267,45.098,83.53,0.607231
2025-01-01 02:07:54,26.812,61.319,95.546,46.196,83.38,0.577887
2025-01-01 02:07:55,26.165,63.248,96.672,46.302,86.633,0.638918
2025-01-01 02:07:56,26.71,65.341,95.096,46.284,82.703,0.5998
2025-01-01 02:07:57,26.507,63.007,97.507,45.627,84.751,0.62627
2025-01-01 02:07:58,26.625,63.125,95.426,45.463,81.757,0.586432
2025-01-01 02:07:59,26.459,63.548,97.763,45.976,82.688,0.614344
2025-01-01 02:08:00,26.697,62.855,96.617,46.402,83.509,0.599199
2025-01-01 02:08:01,27.113,63.31,94.96,45.639,83.764,0.588543
2025-01-01 02:08:02,26.793,63.309,98.033,45.34,83.633,0.619474
2025-01-01 02:08:03,25.927,62.044,96.127,45.363,83.884,0.616676
2025-01-01 02:08:04,26.492,62.769,95.952,45.541,83.217,0.601872
2025-01-01 02:08:05,26.111,63.577,95.645,45.696,85.629,0.631341
2025-01-01 02:08:06,26.999,63.736,96.102,45.17,82.923,0.599342
2025-01-01 02:08:07,27.134,64.079,96.087,45.684,85.056,0.612073
2025-01-01 02:08:08,27.016,63.088,94.623,47.021,85.015,0.586536
2025-01-01 02:08:09,26.5,63.08,95.201,45.79,83.103,0.595611
2025-01-01 02:08:10,27.022,63.447,95.458,45.028,83.839,0.600264
2025-01-01 02:08:11,26.669,62.074,95.853,44.207,84.314,0.610638
2025-01-01 02:08:12,26.34,62.004,95.799,47.479,86.365,0.609701
2025-01-01 02:08:13,27.285,62.487,95.293,46.918,83.949,0.573458
2025-01-01 02:08:14,27.328,61.308,94.508,46.231,88.778,0.60199
2025-01-01 02:08:15,27.398,62.962,94.387,46.932,85.387,0.579143
2025-01-01 02:08:16,26.624,63.575,93.728,46.422,84.914,0.59538
2025-01-01 02:08:17,27.522,61.787,95.444,45.939,85.599,0.584847
2025-01-01 02:08:18,26.69,62.903,94.167,45.008,82.511,0.58327
2025-01-01 02:08:19,27.267,61.81,94.524,47.529,86.015,0.575363
2025-01-01 02:08:20,26.689,61.393,94.888,45.654,83.056,0.577436
2025-01-01 02:08:21,26.836,64.436,94.588,45.701,85.721,0.614998
2025-01-01 02:08:22,25.742,61.349,94.513,46.041,84.001,0.599749
2025-01-01 02:08:23,26.805,61.043,93.55,46.059,83.786,0.565059
2025-01-01 02:08:24,27.005,62.507,94.66,46.48,86.905,0.601971
2025-01-01 02:08:25,26.757,62.531,94.015,46.394,84.692,0.585478
2025-01-01 02:08:26,27.844,62.9,94.179,45.572,83.006,0.557796
2025-01-01 02:08:27,26.387,64.204,95.362,46.062,86.045,0.628543
2025-01-01 02:08:28,26.69,61.396,94.648,46.485,83.442,0.572677
2025-01-01 02:08:29,26.522,61.565,93.512,45.53,86.571,0.601178
2025-01-01 02:08:30,26.695,63.722,93.874,47.227,84.95,0.590459
2025-01-01 02:08:31,27.495,63.022,95.564,46.065,83.471,0.577189
2025-01-01 02:08:32,27.721,62.852,93.599,47.371,86.015,0.567106
2025-01-01 02:08:33,26.633,61.432,93.889,44.992,85.684,0.597421
2025-01-01 02:08:34,26.624,63.117,94.457,46.642,82.54,0.576766
2025-01-01 02:08:35,26.409,62.764,93.952,45.421,85.041,0.604084
2025-01-01 02:08:36,27.643,62.119,93.31,45.64,85.504,0.569771
2025-01-01 02:08:37,27.552,61.314,92.885,46.888,85.462,0.553014
2025-01-01 02:08:38,26.94,61.975,93.565,45.998,84.979,0.579229
2025-01-01 02:08:39,26.296,63.486,94.18,48.276,86.121,0.601532
2025-01-01 02:08:40,26.342,60.712,94.791,46.63,85.937,0.595516
2025-01-01 02:08:41,27.082,60.975,91.954,45.678,85.317,0.561534
2025-01-01 02:08:42,27.272,61.116,95.132,46.67,85.022,0.573022
2025-01-01 02:08:43,25.965,61.302,93.032,46.085,85.509,0.595204
2025-01-01 02:08:44,26.838,61.666,94.196,46.962,84.631,0.574127
2025-01-01 02:08:45,27.808,62.608,92.486,46.081,84.153,0.549019
2025-01-01 02:08:46,26.891,62.08,91.566,46.666,84.056,0.553263
2025-01-01 02:08:47,27.745,61.648,91.818,46.523,85.308,0.544372
2025-01-01 02:08:48,27.325,61.832,92.755,46.451,84.421,0.555569
2025-01-01 02:08:49,26.458,62.147,93.566,47.247,85.283,0.584394
2025-01-01 02:08:50,26.853,59.81,93.029,44.996,87.091,0.585683
2025-01-01 02:08:51,26.935,62.531,92.705,46.543,85.268,0.57521
2025-01-01 02:08:52,26.523,60.601,94.032,45.931,85.704,0.588237
2025-01-01 02:08:53,26.514,60.952,92.875,45.441,85.284,0.582395
2025-01-01 02:08:54,27.751,61.704,93.113,45.878,87.147,0.574489
2025-01-01 02:08:55,26.508,61.256,95.905,46.082,87.588,0.621159
2025-01-01 02:08:56,27.535,61.787,92.748,46.42,85.055,0.555945
2025-01-01 02:08:57,26.777,61.409,92.023,46.908,86.511,0.5727
2025-01-01 02:08:58,26.981,60.946,93.163,47.104,88.165,0.585533
2025-01-01 02:08:59,27.273,62.732,93.381,46.375,84.281,0.567583
2025-01-01 02:09:00,26.691,61.878,92.913,48.002,86.868,0.579699
2025-01-01 02:09:01,27.273,61.44,92.736,46.471,83.619,0.546903
2025-01-01 02:09:02,25.964,61.798,94.028,45.245,85.76,0.61426
2025-01-01 02:09:03,27.205,60.368,93.871,46.561,85.573,0.564638
2025-01-01 02:09:04,25.749,63.215,92.366,46.909,83.708,0.588274
2025-01-01 02:09:05,26.867,59.92,91.81,44.289,87.079,0.581975
2025-01-01 02:09:06,27.405,61.088,92.853,47.91,85.964,0.5509
2025-01-01 02:09:07,27.287,60.656,91.747,46.902,84.688,0.538708
2025-01-01 02:09:08,26.324,60.585,93.254,46.097,86.209,0.589434
2025-01-01 02:09:09,26.386,60.423,92.767,46.29,86.912,0.587505
2025-01-01 02:09:10,26.623,60.072,94.988,47.706,83.718,0.560254
2025-01-01 02:09:11,27.057,61.999,93.767,47.843,82.075,0.540874
2025-01-01 02:09:12,25.945,59.574,91.191,46.657,85.814,0.567322
2025-01-01 02:09:13,26.951,61.729,91.729,46.133,84.954,0.561907
2025-01-01 02:09:14,27.11,61.361,90.312,47.363,87.493,0.556513
2025-01-01 02:09:15,26.809,60.298,90.068,47.552,85.452,0.535171
2025-01-01 02:09:16,27.21,61.179,92.3,47.795,86.278,0.555093
2025-01-01 02:09:17,27.055,60.455,90.975,46.935,85.692,0.544465
2025-01-01 02:09:18,26.668,59.479,93.791,47.332,84.07,0.551293
2025-01-01 02:09:19,25.967,59.457,93.291,47.49,85.97,0.577209
2025-01-01 02:09:20,26.997,61.169,91.846,48.291,84.35,0.53662
2025-01-01 02:09:21,26.45,61.084,91.774,48.626,84.298,0.54475
2025-01-01 02:09:22,26.633,60.689,93.574,48.889,84.638,0.552527
2025-01-01 02:09:23,27.157,60.023,93.791,48.697,84.539,0.538167
2025-01-01 02:09:24,27.621,60.191,91.132,49.152,85.715,0.514659
2025-01-01 02:09:25,26.888,60.022,90.993,48.559,85.503,0.531434
2025-01-01 02:09:26,27.179,58.568,91.743,47.324,86.319,0.53588
2025-01-01 02:09:27,26.175,60.342,92.466,49.07,84.093,0.545736
2025-01-01 02:09:28,27.014,60.77,91.514,46.791,85.684,0.552894
2025-01-01 02:09:29,26.856,60.282,92.473,49.832,85.412,0.535346
2025-01-01 02:09:30,27.495,61.951,93.965,47.21,86.234,0.571231
2025-01-01 02:09:31,26.605,59.143,90.604,48.75,86.294,0.533346
2025-01-01 02:09:32,26.748,59.454,91.56,49.245,86.185,0.535276
2025-01-01 02:09:33,27.392,60.214,90.616,48.507,84.81,0.513245
2025-01-01 02:09:34,26.811,60.292,91.164,46.55,86.029,0.5558
2025-01-01 02:09:35,26.296,58.114,91.705,47.483,85.384,0.543022
2025-01-01 02:09:36,28.12,60.584,91.273,48.579,87.577,0.527275
2025-01-01 02:09:37,26.298,60.196,92.521,48.854,86.132,0.560726
2025-01-01 02:09:38,26.799,57.795,92.154,48.254,86.094,0.533025
2025-01-01 02:09:39,26.998,59.765,92.305,48.509,84.46,0.528987
2025-01-01 02:09:40,26.951,59.04,91.704,47.328,85.286,0.535615
2025-01-01 02:09:41,26.715,59.361,91.801,49.975,86.303,0.532718
2025-01-01 02:09:42,26.711,58.443,91.671,48.307,85.895,0.534028
2025-01-01 02:09:43,26.678,60.164,91.78,49.294,85.878,0.540935
2025-01-01 02:09:44,26.231,61.477,92.455,49.84,83.877,0.545332
2025-01-01 02:09:45,27.856,59.947,90.122,47.847,85.0,0.503479
2025-01-01 02:09:46,26.663,57.489,92.343,48.928,85.642,0.526456
2025-01-01 02:09:47,27.064,59.901,91.197,49.103,87.409,0.539926
2025-01-01 02:09:48,26.59,59.387,91.739,48.729,83.692,0.522862
2025-01-01 02:09:49,26.572,58.448,90.529,49.732,84.702,0.507675
2025-01-01 02:09:50,26.514,59.869,91.746,48.512,83.67,0.529675
2025-01-01 02:09:51,25.958,60.362,92.397,49.146,86.331,0.567994
2025-01-01 02:09:52,26.645,58.781,92.592,48.861,87.356,0.553117
2025-01-01 02:09:53,26.513,57.772,90.965,51.074,86.356,0.511084
2025-01-01 02:09:54,27.294,57.371,92.578,48.739,86.607,0.5227
2025-01-01 02:09:55,26.101,58.684,93.328,49.922,84.667,0.540133
2025-01-01 02:09:56,26.402,59.161,91.714,50.819,86.339,0.531576
2025-01-01 02:09:57,26.232,58.768,92.229,48.704,84.958,0.540778
2025-01-01 02:09:58,27.393,58.568,90.181,49.571,85.946,0.498961
2025-01-01 02:09:59,26.228,59.786,91.375,48.763,86.466,0.55383
2025-01-01 02:10:00,26.935,59.648,92.567,47.998,85.501,0.543989
2025-01-01 02:10:01,27.129,59.352,93.276,49.038,86.823,0.546141
2025-01-01 02:10:02,26.562,59.936,91.747,49.266,85.63,0.539734
2025-01-01 02:10:03,25.937,58.43,95.042,49.371,86.141,0.571318
2025-01-01 02:10:04,25.933,57.959,92.713,49.597,88.068,0.564171
2025-01-01 02:10:05,27.035,58.499,91.154,49.899,86.382,0.515275
2025-01-01 02:10:06,25.965,58.397,93.744,48.994,84.871,0.552828
2025-01-01 02:10:07,26.781,56.905,91.234,50.289,85.178,0.496701
2025-01-01 02:10:08,26.632,58.378,92.846,51.036,86.787,0.531464
2025-01-01 02:10:09,26.753,59.996,91.62,51.187,86.974,0.531726
2025-01-01 02:10:10,26.79,59.659,91.225,49.971,85.663,0.523498
2025-01-01 02:10:11,26.077,59.351,93.578,50.952,83.857,0.533187
2025-01-01 02:10:12,26.045,58.925,92.391,49.749,84.531,0.536057
2025-01-01 02:10:13,26.88,60.21,94.412,50.076,85.871,0.551296
2025-01-01 02:10:14,26.197,57.669,91.705,50.726,86.332,0.525577
2025-01-01 02:10:15,25.125,57.732,91.201,50.196,86.822,0.554086
2025-01-01 02:10:16,26.814,59.789,92.319,49.51,83.158,0.515087
2025-01-01 02:10:17,25.96,58.66,95.728,51.244,86.623,0.56791
2025-01-01 02:10:18,26.701,57.929,93.712,49.971,87.269,0.545247
2025-01-01 02:10:19,27.152,59.12,93.473,50.274,82.663,0.501625
2025-01-01 02:10:20,26.453,58.098,93.548,51.593,85.508,0.524077
2025-01-01 02:10:21,26.93,57.667,92.518,51.232,86.402,0.512224
2025-01-01 02:10:22,26.498,57.608,95.776,50.999,83.777,0.52681
2025-01-01 02:10:23,27.203,58.763,93.549,49.739,84.849,0.520613
2025-01-01 02:10:24,25.866,58.615,93.501,50.039,86.097,0.557116
2025-01-01 02:10:25,26.381,59.895,94.167,51.343,84.774,0.539695
2025-01-01 02:10:26,26.71,58.056,91.956,51.584,84.941,0.500904
2025-01-01 02:10:27,26.266,58.008,92.398,51.338,85.618,0.521458
2025-01-01 02:10:28,26.925,59.723,93.08,50.811,83.924,0.514672
2025-01-01 02:10:29,26.12,59.238,94.367,50.839,84.022,0.53971
2025-01-01 02:10:30,27.359,58.366,92.127,51.471,85.839,0.498298
2025-01-01 02:10:31,27.373,56.629,93.409,50.351,86.39,0.507959
2025-01-01 02:10:32,26.44,57.347,93.32,51.479,85.702,0.519433
2025-01-01 02:10:33,26.562,57.074,92.007,50.348,86.831,0.522249
2025-01-01 02:10:34,26.869,58.134,93.126,50.67,85.673,0.519981
2025-01-01 02:10:35,25.667,57.558,94.231,51.708,87.358,0.55737
2025-01-01 02:10:36,25.591,59.639,92.26,52.084,85.192,0.538581
2025-01-01 02:10:37,26.863,56.434,95.211,51.943,85.388,0.511755
2025-01-01 02:10:38,26.358,56.813,94.324,50.83,85.539,0.528606
2025-01-01 02:10:39,26.095,58.189,94.259,50.276,84.272,0.537898
2025-01-01 02:10:40,26.2,58.435,93.98,51.817,84.065,0.521957
2025-01-01 02:10:41,24.988,55.297,92.938,50.355,83.885,0.527008
2025-01-01 02:10:42,26.072,56.118,93.44,52.68,84.268,0.49847
2025-01-01 02:10:43,25.778,57.56,94.512,51.11,87.388,0.561758
2025-01-01 02:10:44,26.599,59.15,93.559,53.812,87.058,0.525022
2025-01-01 02:10:45,26.624,59.651,94.461,51.304,84.446,0.5323
2025-01-01 02:10:46,26.401,57.319,93.436,52.492,84.303,0.501752
2025-01-01 02:10:47,26.297,57.534,94.85,51.581,82.198,0.50605
2025-01-01 02:10:48,25.336,56.838,94.988,52.083,83.548,0.530963
2025-01-01 02:10:49,26.366,58.278,92.899,52.412,83.737,0.501412
2025-01-01 02:10:50,26.372,59.144,94.659,53.0,84.146,0.520531
2025-01-01 02:10:51,26.665,58.843,93.136,53.174,83.956,0.496882
2025-01-01 02:10:52,27.088,57.528,92.863,52.986,84.862,0.484362
2025-01-01 02:10:53,25.168,56.69,94.197,53.28,85.499,0.534735
2025-01-01 02:10:54,25.805,57.508,97.656,52.002,83.66,0.547715
2025-01-01 02:10:55,25.614,58.851,95.703,53.058,86.222,0.560119
2025-01-01 02:10:56,26.057,57.041,96.389,52.31,84.876,0.536558
2025-01-01 02:10:57,25.963,55.598,95.674,53.415,85.491,0.519161
2025-01-01 02:10:58,25.824,57.025,95.342,52.762,83.861,0.52169
2025-01-01 02:10:59,26.441,57.078,96.103,53.208,85.006,0.520372
2025-01-01 02:11:00,25.361,55.507,94.639,52.986,84.857,0.521857
2025-01-01 02:11:01,25.376,57.532,95.821,53.403,86.036,0.552459
2025-01-01 02:11:02,25.37,57.778,96.6,52.189,85.02,0.561059
2025-01-01 02:11:03,25.687,59.104,96.196,51.618,85.222,0.566593
2025-01-01 02:11:04,25.238,55.884,96.813,53.706,83.524,0.527925
2025-01-01 02:11:05,25.813,57.919,95.827,54.029,85.554,0.537006
2025-01-01 02:11:06,25.739,58.128,97.411,52.899,82.548,0.536037
2025-01-01 02:11:07,25.413,57.654,95.587,53.678,83.351,0.526439
2025-01-01 02:11:08,26.228,56.1,97.988,51.763,84.336,0.53774
2025-01-01 02:11:09,25.746,56.015,96.521,52.605,82.574,0.515545
2025-01-01 02:11:10,26.292,57.15,95.64,53.204,82.809,0.502369
2025-01-01 02:11:11,25.648,57.116,94.922,51.785,82.768,0.52129
2025-01-01 02:11:12,25.718,56.44,95.371,51.984,84.287,0.529303
2025-01-01 02:11:13,25.433,58.264,95.298,53.368,83.6,0.532706
2025-01-01 02:11:14,25.695,56.545,96.248,52.79,84.905,0.536519
2025-01-01 02:11:15,26.039,55.026,95.142,53.03,85.962,0.515818
2025-01-01 02:11:16,25.462,56.669,97.788,53.014,83.987,0.545352
2025-01-01 02:11:17,25.911,57.348,96.686,52.343,83.006,0.528668
2025-01-01 02:11:18,25.229,57.184,96.726,53.227,84.018,0.5448
2025-01-01 02:11:19,25.999,57.15,95.571,53.419,82.457,0.503869
2025-01-01 02:11:20,25.314,58.284,96.049,52.993,83.411,0.542573
2025-01-01 02:11:21,26.014,55.65,94.68,53.087,86.398,0.520648
2025-01-01 02:11:22,25.603,56.316,98.6,53.352,83.154,0.536451
2025-01-01 02:11:23,26.317,58.259,95.647,54.198,83.716,0.510293
2025-01-01 02:11:24,24.963,54.722,95.806,53.493,83.114,0.515722
2025-01-01 02:11:25,24.786,56.611,98.644,52.053,82.771,0.563644
2025-01-01 02:11:26,25.2,57.868,97.702,52.664,83.793,0.560399
2025-01-01 02:11:27,24.799,57.829,97.519,54.388,81.645,0.537072
2025-01-01 02:11:28,24.784,57.251,97.823,53.117,82.924,0.55548
2025-01-01 02:11:29,25.77,57.252,98.521,53.618,81.448,0.522918
2025-01-01 02:11:30,25.441,55.501,97.752,55.25,84.883,0.527557
2025-01-01 02:11:31,25.187,57.891,96.193,54.237,84.167,0.540598
2025-01-01 02:11:32,25.217,55.294,98.555,52.033,82.013,0.537497
2025-01-01 02:11:33,25.096,55.33,98.33,54.927,80.661,0.505831
2025-01-01 02:11:34,26.203,56.835,99.165,53.909,83.428,0.529384
2025-01-01 02:11:35,24.994,55.93,96.831,54.103,82.739,0.524393
2025-01-01 02:11:36,24.684,56.607,97.437,54.068,85.436,0.563579
2025-01-01 02:11:37,25.727,56.808,98.645,54.572,84.376,0.538729
2025-01-01 02:11:38,25.204,58.132,97.395,53.793,83.408,0.548347
2025-01-01 02:11:39,26.315,56.765,96.074,52.686,81.963,0.499187
2025-01-01 02:11:40,25.016,55.691,98.711,54.144,82.233,0.532234
2025-01-01 02:11:41,25.686,56.963,99.497,52.793,82.86,0.5481
2025-01-01 02:11:42,25.787,55.433,98.56,55.364,82.874,0.508001
2025-01-01 02:11:43,24.969,57.155,99.325,53.633,81.549,0.547112
2025-01-01 02:11:44,24.842,56.285,99.268,53.892,80.711,0.534167
2025-01-01 02:11:45,25.567,56.599,98.963,53.402,84.612,0.553836
2025-01-01 02:11:46,25.467,54.396,99.177,54.224,82.288,0.51591
2025-01-01 02:11:47,24.458,53.905,100.479,54.324,82.706,0.547689
2025-01-01 02:11:48,24.583,54.633,98.254,53.425,81.117,0.526588
2025-01-01 02:11:49,23.862,57.859,100.079,54.338,83.734,0.595085
2025-01-01 02:11:50,25.411,54.944,98.214,54.035,83.292,0.523527
2025-01-01 02:11:51,24.966,56.804,98.689,53.91,82.065,0.54184
2025-01-01 02:11:52,24.999,55.409,100.768,53.389,82.193,0.551759
2025-01-01 02:11:53,24.218,55.791,98.451,55.846,82.231,0.536117
2025-01-01 02:11:54,24.498,55.966,99.508,54.943,81.955,0.543809
2025-01-01 02:11:55,24.791,57.635,102.2,54.581,82.455,0.577119
2025-01-01 02:11:56,24.677,56.555,100.953,54.901,82.185,0.557565
2025-01-01 02:11:57,25.056,56.336,99.279,54.24,81.47,0.533533
2025-01-01 02:11:58,25.272,57.228,99.54,53.72,80.226,0.530941
2025-01-01 02:11:59,26.098,55.279,100.024,51.884,81.545,0.526296
2025-01-01 02:12:00,24.937,56.962,101.595,53.021,82.423,0.575551
2025-01-01 02:12:01,25.488,56.776,99.37,55.725,82.277,0.523439
2025-01-01 02:12:02,24.499,56.746,99.399,54.917,82.992,0.557475
2025-01-01 02:12:03,24.059,55.682,101.263,54.146,83.066,0.579906
2025-01-01 02:12:04,24.704,55.381,98.957,52.717,82.153,0.548778
2025-01-01 02:12:05,24.065,54.931,99.816,54.48,81.483,0.547688
2025-01-01 02:12:06,24.854,54.975,100.73,53.743,81.616,0.544078
2025-01-01 02:12:07,24.44,54.848,100.87,54.516,80.462,0.53815
2025-01-01 02:12:08,23.837,56.114,99.627,53.059,82.056,0.575231
2025-01-01 02:12:09,25.665,55.501,101.434,53.548,82.632,0.545195
2025-01-01 02:12:10,24.512,56.144,101.722,54.637,82.24,0.566501
2025-01-01 02:12:11,23.945,56.183,100.593,55.46,81.604,0.55937
2025-01-01 02:12:12,25.197,54.619,103.004,53.379,80.593,0.545658
2025-01-01 02:12:13,24.367,54.572,101.771,53.094,80.401,0.554789
2025-01-01 02:12:14,25.26,55.417,100.514,54.698,80.582,0.520899
2025-01-01 02:12:15,24.331,54.854,103.226,52.858,79.844,0.566032
2025-01-01 02:12:16,24.411,54.733,101.169,52.9,80.995,0.556677
2025-01-01 02:12:17,24.838,57.293,101.958,54.048,77.256,0.532876
2025-01-01 02:12:18,24.945,54.048,101.379,55.487,79.911,0.512967
2025-01-01 02:12:19,25.017,57.589,102.576,53.122,80.585,0.570165
2025-01-01 02:12:20,24.571,55.84,101.557,53.487,83.45,0.580019
2025-01-01 02:12:21,24.864,56.522,101.703,53.853,80.399,0.552026
2025-01-01 02:12:22,24.956,56.389,102.05,53.366,80.389,0.555192
2025-01-01 02:12:23,24.667,56.123,101.793,52.31,79.285,0.556391
2025-01-01 02:12:24,24.479,57.153,103.452,54.344,82.294,0.590366
2025-01-01 02:12:25,23.812,54.395,101.207,53.829,79.2,0.546106
2025-01-01 02:12:26,24.818,55.307,102.512,53.951,82.561,0.56732
2025-01-01 02:12:27,24.523,54.596,102.723,53.52,79.179,0.545598
2025-01-01 02:12:28,24.279,53.739,102.592,54.82,81.142,0.550215
2025-01-01 02:12:29,25.109,54.761,103.769,53.181,79.89,0.550254
2025-01-01 02:12:30,23.74,57.281,101.38,52.697,79.229,0.578914
2025-01-01 02:12:31,25.26,55.222,103.534,54.863,81.06,0.545662
2025-01-01 02:12:32,24.411,57.366,101.804,51.746,81.389,0.592491
2025-01-01 02:12:33,24.565,57.456,102.622,53.354,79.517,0.56907
2025-01-01 02:12:34,24.193,58.353,101.865,53.388,79.656,0.578936
2025-01-01 02:12:35,23.541,57.251,102.961,53.328,79.136,0.589708
2025-01-01 02:12:36,24.289,57.691,102.796,52.148,79.845,0.589652
2025-01-01 02:12:37,24.51,55.646,105.093,52.411,78.209,0.572144
2025-01-01 02:12:38,24.665,55.538,103.776,54.094,76.236,0.528965
2025-01-01 02:12:39,24.212,55.593,104.054,54.404,77.169,0.547085
2025-01-01 02:12:40,23.199,55.287,102.586,52.929,79.094,0.582587
2025-01-01 02:12:41,23.509,55.426,104.512,52.485,78.021,0.585993
2025-01-01 02:12:42,25.291,56.017,105.488,51.767,79.11,0.572774
2025-01-01 02:12:43,23.703,54.789,104.798,53.913,78.582,0.573383
2025-01-01 02:12:44,24.947,53.866,102.693,53.925,78.295,0.52007
2025-01-01 02:12:45,23.751,55.598,103.617,50.84,78.31,0.589479
2025-01-01 02:12:46,24.112,54.531,104.266,51.113,80.196,0.592017
2025-01-01 02:12:47,24.5,54.625,103.656,53.125,79.263,0.557169
2025-01-01 02:12:48,23.762,55.062,106.842,53.19,80.805,0.61258
2025-01-01 02:12:49,24.953,54.823,103.901,52.557,78.998,0.552471
2025-01-01 02:12:50,24.18,56.296,104.414,52.874,76.528,0.561851
2025-01-01 02:12:51,24.358,55.011,103.931,52.662,77.514,0.55434
2025-01-01 02:12:52,23.979,56.329,104.835,52.841,78.852,0.588896
2025-01-01 02:12:53,24.427,55.366,106.059,52.058,78.951,0.587871
2025-01-01 02:12:54,24.872,55.063,104.863,52.728,77.904,0.553218
2025-01-01 02:12:55,24.002,55.302,104.6,52.156,77.599,0.573932
2025-01-01 02:12:56,24.918,53.844,103.816,52.047,77.772,0.538989
2025-01-01 02:12:57,23.733,55.466,106.169,51.117,78.275,0.605834
2025-01-01 02:12:58,24.406,55.97,104.886,52.426,78.337,0.576161
2025-01-01 02:12:59,24.254,56.105,104.912,53.165,77.026,0.56456
2025-01-01 02:13:00,23.461,53.755,102.827,52.218,78.587,0.568541
2025-01-01 02:13:01,24.087,53.581,105.107,52.15,78.523,0.570875
2025-01-01 02:13:02,23.97,54.557,104.9,53.392,78.055,0.566094
2025-01-01 02:13:03,23.525,56.472,103.541,53.161,77.306,0.575147
2025-01-01 02:13:04,24.117,55.302,106.422,53.682,78.889,0.584613
2025-01-01 02:13:05,23.997,54.301,104.962,54.053,79.62,0.57202
2025-01-01 02:13:06,23.873,53.617,107.457,52.248,77.442,0.584249
2025-01-01 02:13:07,23.861,54.38,107.04,51.226,77.175,0.592157
2025-01-01 02:13:08,23.837,54.307,104.968,51.687,78.437,0.583326
2025-01-01 02:13:09,23.684,55.99,107.12,52.513,76.422,0.592889
2025-01-01 02:13:10,23.924,56.062,107.422,53.158,76.244,0.584354
2025-01-01 02:13:11,23.519,53.995,105.314,51.117,76.947,0.582709
2025-01-01 02:13:12,25.156,55.793,104.9,52.11,78.046,0.558354
2025-01-01 02:13:13,23.109,55.687,103.836,51.221,76.568,0.588954
2025-01-01 02:13:14,23.508,53.853,106.431,51.688,77.552,0.59112
2025-01-01 02:13:15,23.534,54.945,105.135,51.624,75.114,0.56933
2025-01-01 02:13:16,24.794,55.366,106.576,52.007,78.216,0.578178
2025-01-01 02:13:17,23.101,55.185,105.654,53.276,79.155,0.605085
2025-01-01 02:13:18,23.961,53.308,105.497,51.978,76.285,0.557593
2025-01-01 02:13:19,23.859,55.147,105.77,51.202,77.861,0.59389
2025-01-01 02:13:20,23.889,55.65,105.086,51.017,77.03,0.586356
2025-01-01 02:13:21,24.327,56.591,105.877,51.287,77.358,0.59031
2025-01-01 02:13:22,24.304,54.34,105.754,50.689,76.887,0.574009
2025-01-01 02:13:23,23.458,54.462,106.528,51.444,76.77,0.592819
2025-01-01 02:13:24,23.768,54.797,106.698,49.349,76.087,0.599439
2025-01-01 02:13:25,22.727,55.295,105.572,51.055,75.728,0.601927
2025-01-01 02:13:26,23.696,55.1,107.793,51.064,78.311,0.616722
2025-01-01 02:13:27,23.237,55.606,106.581,50.186,74.93,0.60058
2025-01-01 02:13:28,23.529,53.876,108.291,50.754,76.875,0.606104
2025-01-01 02:13:29,22.768,55.397,107.076,51.9,76.774,0.615247
2025-01-01 02:13:30,23.801,54.258,106.95,51.903,76.749,0.583555
2025-01-01 02:13:31,22.738,54.857,106.435,50.467,77.557,0.623607
2025-01-01 02:13:32,23.649,56.708,107.584,51.256,76.268,0.610109
2025-01-01 02:13:33,22.95,53.602,107.046,49.583,77.451,0.620184
2025-01-01 02:13:34,23.127,54.721,107.914,50.489,79.006,0.636389
2025-01-01 02:13:35,24.118,53.727,108.701,50.854,76.395,0.590821
2025-01-01 02:13:36,23.823,55.156,106.41,51.835,74.095,0.564406
2025-01-01 02:13:37,24.092,56.052,107.79,51.511,76.317,0.595957
2025-01-01 02:13:38,24.286,55.175,107.801,50.667,76.156,0.590275
2025-01-01 02:13:39,23.109,54.89,107.712,49.714,76.883,0.625411
2025-01-01 02:13:40,24.234,56.337,106.857,51.473,73.964,0.56905
2025-01-01 02:13:41,22.741,55.341,106.914,50.057,76.703,0.626685
2025-01-01 02:13:42,23.836,55.833,106.778,50.631,75.765,0.59423
2025-01-01 02:13:43,23.206,55.731,106.793,50.117,77.192,0.622123
2025-01-01 02:13:44,22.977,52.142,106.59,51.752,75.564,0.574901
2025-01-01 02:13:45,23.739,54.945,107.358,49.613,77.186,0.61292
2025-01-01 02:13:46,23.894,53.947,106.736,50.777,74.29,0.565823
2025-01-01 02:13:47,23.869,54.199,107.96,49.918,76.083,0.598313
2025-01-01 02:13:48,23.508,56.506,107.611,50.385,74.854,0.60688
2025-01-01 02:13:49,23.457,54.661,107.752,51.169,75.394,0.594444
2025-01-01 02:13:50,23.645,56.932,107.337,48.212,79.203,0.653929
2025-01-01 02:13:51,23.523,53.636,107.707,49.706,74.76,0.59073
2025-01-01 02:13:52,23.632,53.965,107.416,48.986,75.413,0.599
2025-01-01 02:13:53,23.454,55.816,108.468,50.001,74.448,0.609004
2025-01-01 02:13:54,23.764,54.717,107.27,50.141,75.413,0.592139
2025-01-01 02:13:55,22.52,55.371,108.112,49.154,75.563,0.637673
2025-01-01 02:13:56,23.259,54.957,106.452,49.056,74.823,0.601752
2025-01-01 02:13:57,22.623,54.932,108.491,49.581,77.558,0.647576
2025-01-01 02:13:58,23.445,54.776,107.24,48.342,77.015,0.624749
2025-01-01 02:13:59,24.119,55.266,106.907,49.571,74.456,0.58205
2025-01-01 02:14:00,23.052,55.734,106.698,48.594,76.535,0.630267
2025-01-01 02:14:01,23.344,56.714,106.637,49.779,74.943,0.60966
2025-01-01 02:14:02,23.65,54.903,107.39,48.082,74.007,0.600438
2025-01-01 02:14:03,22.23,54.719,109.385,48.627,74.585,0.644486
2025-01-01 02:14:04,22.994,54.598,107.258,48.424,73.904,0.608096
2025-01-01 02:14:05,23.43,56.597,105.705,48.731,76.506,0.619902
2025-01-01 02:14:06,21.791,55.825,108.292,50.016,74.29,0.641508
2025-01-01 02:14:07,22.743,53.244,106.824,49.537,76.854,0.616023
2025-01-01 02:14:08,23.774,53.208,108.764,48.422,75.443,0.604887
2025-01-01 02:14:09,23.718,54.329,107.537,48.366,74.756,0.599897
2025-01-01 02:14:10,23.396,55.398,107.693,49.405,74.605,0.607002
2025-01-01 02:14:11,23.642,55.143,109.172,47.712,77.278,0.643595
2025-01-01 02:14:12,23.302,55.7,108.599,48.607,75.155,0.627813
2025-01-01 02:14:13,23.465,55.019,106.74,48.051,74.506,0.604605
2025-01-01 02:14:14,23.022,56.601,106.892,48.346,76.104,0.636721
2025-01-01 02:14:15,23.231,55.985,106.211,49.077,75.751,0.615125
2025-01-01 02:14:16,22.85,55.3,110.601,47.842,73.832,0.644029
2025-01-01 02:14:17,23.792,56.378,107.137,49.105,74.994,0.606612
2025-01-01 02:14:18,23.914,53.594,109.17,50.034,72.788,0.574606
2025-01-01 02:14:19,23.837,55.168,107.467,48.706,74.888,0.601449
2025-01-01 02:14:20,22.937,55.401,106.919,48.104,75.277,0.625592
2025-01-01 02:14:21,22.658,55.877,108.018,49.047,75.409,0.63719
2025-01-01 02:14:22,23.767,53.57,107.666,47.184,73.644,0.593929
2025-01-01 02:14:23,23.395,55.036,108.79,49.238,73.929,0.608437
2025-01-01 02:14:24,23.282,55.709,108.798,47.369,75.085,0.637825
2025-01-01 02:14:25,22.795,55.797,107.387,49.657,76.262,0.631555
2025-01-01 02:14:26,23.319,56.518,106.53,47.3,74.845,0.624817
2025-01-01 02:14:27,22.558,56.105,106.764,48.355,74.039,0.625966
2025-01-01 02:14:28,23.413,55.295,105.67,46.53,75.848,0.621181
2025-01-01 02:14:29,23.78,56.043,107.668,47.56,74.813,0.617986
2025-01-01 02:14:30,23.901,55.18,107.919,46.82,74.848,0.616665
2025-01-01 02:14:31,23.435,55.541,106.776,46.484,75.567,0.628664
2025-01-01 02:14:32,22.386,56.202,106.642,48.556,74.47,0.63133
2025-01-01 02:14:33,23.171,55.375,107.876,46.564,73.443,0.623985
2025-01-01 02:14:34,24.138,55.796,107.245,46.913,74.354,0.606425
2025-01-01 02:14:35,22.629,56.409,107.648,46.776,75.852,0.657708
2025-01-01 02:14:36,23.03,56.173,107.477,48.325,76.767,0.643054
2025-01-01 02:14:37,23.762,56.709,108.075,48.184,73.012,0.607434
2025-01-01 02:14:38,23.36,57.818,107.242,48.343,76.418,0.643073
2025-01-01 02:14:39,24.288,56.207,107.298,46.656,73.992,0.605501
2025-01-01 02:14:40,22.678,55.058,105.884,48.323,74.437,0.612891
2025-01-01 02:14:41,22.546,56.046,107.694,46.566,76.433,0.663017
2025-01-01 02:14:42,23.65,56.018,107.81,46.558,73.882,0.621392
2025-01-01 02:14:43,22.437,56.178,107.52,46.562,74.026,0.646805
2025-01-01 02:14:44,22.933,57.075,109.585,46.552,73.565,0.654015
2025-01-01 02:14:45,22.996,53.911,107.81,46.971,74.364,0.621239
2025-01-01 02:14:46,23.544,57.125,107.464,46.334,74.676,0.636583
2025-01-01 02:14:47,23.33,57.478,108.093,47.153,73.46,0.632955
2025-01-01 02:14:48,23.249,56.212,109.678,44.843,76.009,0.672168
2025-01-01 02:14:49,22.817,56.252,107.788,47.077,73.356,0.632653
2025-01-01 02:14:50,23.624,55.435,105.282,45.987,74.835,0.610686
2025-01-01 02:14:51,25.027,55.7,107.906,46.288,74.254,0.595185
2025-01-01 02:14:52,23.358,56.408,106.563,46.273,75.7,0.637286
2025-01-01 02:14:53,23.06,56.361,105.486,47.51,73.229,0.607271
2025-01-01 02:14:54,22.36,56.466,109.072,47.126,74.867,0.663787
2025-01-01 02:14:55,22.689,56.389,108.821,46.557,77.072,0.675038
2025-01-01 02:14:56,22.899,56.679,106.399,46.086,72.425,0.623474
2025-01-01 02:14:57,22.737,56.585,106.369,47.253,73.062,0.622772
2025-01-01 02:14:58,22.996,54.792,107.39,48.032,76.632,0.634563
2025-01-01 02:14:59,23.892,56.667,106.306,46.545,73.959,0.610428
2025-01-01 02:15:00,23.626,57.712,107.017,45.259,74.245,0.639857
2025-01-01 02:15:01,22.922,55.846,106.399,45.947,73.7,0.628069
2025-01-01 02:15:02,22.397,57.391,106.67,46.93,76.074,0.662784
2025-01-01 02:15:03,23.669,54.993,105.624,46.101,72.144,0.586721
2025-01-01 02:15:04,22.976,55.9,107.813,45.742,75.556,0.653154
2025-01-01 02:15:05,22.137,55.308,108.146,45.682,72.29,0.644289
2025-01-01 02:15:06,23.356,57.348,106.797,46.453,72.175,0.616894
2025-01-01 02:15:07,23.513,57.629,106.816,45.128,72.744,0.629477
2025-01-01 02:15:08,21.788,55.909,107.435,46.304,73.889,0.658335
2025-01-01 02:15:09,22.589,57.2,106.76,46.38,73.179,0.640024
2025-01-01 02:15:10,22.946,57.699,108.44,45.928,73.102,0.650621
2025-01-01 02:15:11,23.37,56.036,105.345,45.433,72.912,0.609596
2025-01-01 02:15:12,22.745,56.22,107.473,47.062,72.928,0.628424
2025-01-01 02:15:13,22.588,56.844,106.447,45.161,72.897,0.641589
2025-01-01 02:15:14,23.369,55.289,105.389,46.347,74.294,0.609041
2025-01-01 02:15:15,22.772,56.263,108.705,46.773,73.246,0.641548
2025-01-01 02:15:16,23.279,58.317,108.791,46.302,70.808,0.630338
2025-01-01 02:15:17,22.454,55.696,106.144,47.143,73.959,0.628643
2025-01-01 02:15:18,22.335,57.072,106.742,45.234,74.902,0.665013
2025-01-01 02:15:19,23.391,56.763,105.771,45.495,73.666,0.622958
2025-01-01 02:15:20,23.141,56.098,105.876,45.745,72.487,0.613271
2025-01-01 02:15:21,23.478,56.506,104.997,48.733,74.894,0.600148
2025-01-01 02:15:22,22.753,58.059,104.792,46.494,72.353,0.62105
2025-01-01 02:15:23,22.624,56.882,107.858,46.633,73.616,0.646585
2025-01-01 02:15:24,23.705,57.061,105.916,46.589,73.976,0.614162
2025-01-01 02:15:25,22.265,57.975,105.945,46.119,75.299,0.663938
2025-01-01 02:15:26,23.655,56.108,105.024,46.886,74.699,0.60539
2025-01-01 02:15:27,23.693,55.374,105.963,44.542,74.295,0.619817
2025-01-01 02:15:28,23.466,58.212,104.208,46.253,75.129,0.62621
2025-01-01 02:15:29,22.695,56.604,104.875,46.367,72.626,0.615648
2025-01-01 02:15:30,22.634,57.385,104.386,46.833,75.916,0.641161
2025-01-01 02:15:31,22.941,55.753,106.814,45.089,70.347,0.60979
2025-01-01 02:15:32,22.402,56.928,103.805,45.143,75.743,0.648938
2025-01-01 02:15:33,22.572,55.466,104.212,45.191,73.026,0.616789
2025-01-01 02:15:34,23.379,56.651,103.278,46.421,74.498,0.603915
2025-01-01 02:15:35,23.386,55.964,104.369,46.43,75.787,0.617128
2025-01-01 02:15:36,22.54,55.759,104.732,45.24,74.729,0.636243
2025-01-01 02:15:37,23.407,56.358,106.101,47.531,74.51,0.61439
2025-01-01 02:15:38,23.301,54.393,104.833,46.23,75.111,0.607274
2025-01-01 02:15:39,23.833,55.551,104.575,46.101,72.304,0.580528
2025-01-01 02:15:40,23.368,57.519,105.216,45.838,72.493,0.613038
2025-01-01 02:15:41,23.617,57.109,104.403,46.752,74.424,0.607522
2025-01-01 02:15:42,23.331,55.713,107.184,46.323,73.872,0.622957
2025-01-01 02:15:43,23.588,57.361,104.112,47.528,73.744,0.596773
2025-01-01 02:15:44,22.46,55.96,105.044,45.05,75.616,0.649639
2025-01-01 02:15:45,23.048,57.586,105.384,44.791,75.524,0.652177
2025-01-01 02:15:46,23.094,56.775,103.865,45.443,73.049,0.610767
2025-01-01 02:15:47,22.998,56.591,104.576,46.486,74.698,0.622374
2025-01-01 02:15:48,23.347,56.852,103.835,45.709,72.302,0.597798
2025-01-01 02:15:49,23.448,59.529,104.535,47.078,72.287,0.610117
2025-01-01 02:15:50,23.333,56.237,104.287,45.757,73.136,0.603379
2025-01-01 02:15:51,23.055,57.249,103.97,46.948,74.158,0.613822
2025-01-01 02:15:52,22.782,57.831,102.878,45.43,73.453,0.620897
2025-01-01 02:15:53,23.704,56.114,105.82,47.054,74.793,0.609857
2025-01-01 02:15:54,23.337,55.509,104.465,47.217,74.249,0.597792
2025-01-01 02:15:55,22.66,56.53,102.212,45.684,75.621,0.62461
2025-01-01 02:15:56,23.079,57.918,103.302,46.542,74.956,0.622269
2025-01-01 02:15:57,22.311,56.844,102.074,46.381,73.072,0.608203
2025-01-01 02:15:58,23.207,56.982,104.326,46.597,75.417,0.623706
2025-01-01 02:15:59,23.098,58.152,103.462,47.228,73.32,0.606933
2025-01-01 02:16:00,22.917,56.462,103.408,46.998,74.867,0.612258
2025-01-01 02:16:01,24.004,57.208,102.481,46.649,73.801,0.581107
2025-01-01 02:16:02,22.641,55.811,102.927,46.788,76.001,0.620374
2025-01-01 02:16:03,23.58,57.674,103.948,45.263,75.309,0.62648
2025-01-01 02:16:04,24.328,57.611,104.135,46.267,73.621,0.59083
2025-01-01 02:16:05,23.781,58.205,103.843,45.441,74.01,0.613746
2025-01-01 02:16:06,23.235,56.293,101.362,46.33,78.418,0.621895
2025-01-01 02:16:07,22.691,57.275,102.645,47.262,73.004,0.600516
2025-01-01 02:16:08,22.586,56.217,103.001,46.387,73.675,0.609487
2025-01-01 02:16:09,23.069,57.279,101.93,44.413,73.757,0.613466
2025-01-01 02:16:10,22.94,59.036,100.921,45.606,73.194,0.608309
2025-01-01 02:16:11,22.932,57.262,101.209,46.935,73.344,0.589483
2025-01-01 02:16:12,23.138,56.246,103.911,46.066,74.503,0.613484
2025-01-01 02:16:13,23.259,56.962,101.135,47.152,75.229,0.593258
2025-01-01 02:16:14,23.561,56.06,102.289,45.588,72.771,0.580344
2025-01-01 02:16:15,22.709,56.405,102.0,46.889,74.106,0.600538
2025-01-01 02:16:16,22.996,58.401,101.916,46.959,73.769,0.604877
2025-01-01 02:16:17,23.267,56.314,101.664,47.276,73.356,0.576318
2025-01-01 02:16:18,23.258,58.102,102.687,46.151,75.982,0.626057
2025-01-01 02:16:19,24.284,57.845,101.847,47.331,73.896,0.570567
2025-01-01 02:16:20,23.491,57.318,101.099,47.946,73.198,0.56822
2025-01-01 02:16:21,22.578,58.107,101.689,44.956,75.926,0.640958
2025-01-01 02:16:22,23.604,56.973,100.273,46.849,76.4,0.590951
2025-01-01 02:16:23,23.678,58.781,101.939,45.398,75.213,0.615754
2025-01-01 02:16:24,23.352,57.273,100.695,46.19,73.828,0.585831
2025-01-01 02:16:25,22.818,57.615,100.665,46.291,74.654,0.605545
2025-01-01 02:16:26,24.314,57.527,101.714,46.898,74.231,0.572441
2025-01-01 02:16:27,22.911,58.752,100.705,47.29,74.988,0.607511
2025-01-01 02:16:28,23.787,58.638,100.673,47.75,75.938,0.591812
2025-01-01 02:16:29,23.567,55.503,102.104,47.276,75.08,0.581153
2025-01-01 02:16:30,23.778,58.41,99.875,47.643,75.137,0.578587
2025-01-01 02:16:31,24.342,56.442,101.258,46.281,74.558,0.567575
2025-01-01 02:16:32,23.78,57.876,101.62,48.029,76.004,0.592094
2025-01-01 02:16:33,23.231,58.14,101.749,44.588,75.681,0.628659
2025-01-01 02:16:34,24.075,57.928,102.67,48.487,73.067,0.566804
2025-01-01 02:16:35,23.218,58.812,99.763,48.386,73.169,0.571529
2025-01-01 02:16:36,23.626,59.063,99.448,47.95,74.943,0.579613
2025-01-01 02:16:37,22.909,57.601,101.044,49.177,76.54,0.600652
2025-01-01 02:16:38,23.051,57.596,101.079,45.994,76.81,0.62266
2025-01-01 02:16:39,23.605,58.401,99.259,48.105,76.361,0.584189
2025-01-01 02:16:40,23.775,56.925,100.445,47.634,75.301,0.573526
2025-01-01 02:16:41,22.752,58.024,102.596,47.766,77.275,0.634222
2025-01-01 02:16:42,23.864,59.881,99.888,46.686,74.687,0.590857
2025-01-01 02:16:43,23.217,57.058,100.618,47.979,75.181,0.584558
2025-01-01 02:16:44,24.279,58.256,101.182,47.988,73.923,0.563976
2025-01-01 02:16:45,23.475,58.036,102.02,47.205,75.251,0.602762
2025-01-01 02:16:46,23.102,60.666,99.673,47.749,74.669,0.603587
2025-01-01 02:16:47,23.714,58.155,100.592,46.8,77.587,0.609316
2025-01-01 02:16:48,23.231,58.245,98.462,47.584,77.389,0.597244
2025-01-01 02:16:49,24.336,57.726,99.187,48.718,75.895,0.554234
2025-01-01 02:16:50,23.714,58.799,98.627,48.783,76.419,0.575397
2025-01-01 02:16:51,23.651,59.092,97.1,48.663,75.173,0.557927
2025-01-01 02:16:52,24.036,57.968,97.294,48.867,72.894,0.522093
2025-01-01 02:16:53,23.25,59.875,99.24,48.928,75.063,0.586033
2025-01-01 02:16:54,23.121,59.19,99.171,47.685,76.917,0.607204
2025-01-01 02:16:55,23.983,59.804,97.592,48.522,76.586,0.572218
2025-01-01 02:16:56,23.242,58.656,100.104,49.172,75.631,0.586696
2025-01-01 02:16:57,23.256,59.26,97.349,47.251,77.03,0.595189
2025-01-01 02:16:58,24.237,58.837,98.629,47.298,75.62,0.568553
2025-01-01 02:16:59,24.095,60.54,97.87,47.307,74.857,0.57211
2025-01-01 02:17:00,23.219,59.232,98.305,47.084,77.157,0.605157
2025-01-01 02:17:01,23.55,59.157,99.01,47.725,75.578,0.58544
2025-01-01 02:17:02,23.422,58.723,98.783,48.198,77.588,0.596126
2025-01-01 02:17:03,24.775,58.698,98.647,49.882,74.002,0.523105
2025-01-01 02:17:04,24.354,59.485,98.434,48.377,75.759,0.562443
2025-01-01 02:17:05,23.705,60.099,96.496,47.568,77.204,0.584144
2025-01-01 02:17:06,24.217,58.628,98.818,48.968,77.124,0.568918
2025-01-01 02:17:07,23.265,59.472,96.538,48.739,76.311,0.573703
2025-01-01 02:17:08,23.621,59.563,97.408,48.319,76.966,0.581578
2025-01-01 02:17:09,24.024,59.77,97.078,48.53,76.834,0.56911
2025-01-01 02:17:10,24.212,57.738,97.695,49.909,74.925,0.528609
2025-01-01 02:17:11,23.952,58.554,96.777,47.984,76.321,0.559244
2025-01-01 02:17:12,24.139,58.146,97.02,47.835,77.076,0.561251
2025-01-01 02:17:13,24.069,59.577,98.714,49.597,77.457,0.576472
2025-01-01 02:17:14,23.962,58.677,95.717,48.788,76.818,0.549875
2025-01-01 02:17:15,23.911,59.115,96.928,50.577,76.281,0.545917
2025-01-01 02:17:16,23.86,58.45,95.734,49.269,75.389,0.535193
2025-01-01 02:17:17,24.204,59.274,97.441,49.368,77.941,0.567143
2025-01-01 02:17:18,24.308,58.587,95.959,50.134,77.856,0.541919
2025-01-01 02:17:19,24.217,60.502,96.644,48.224,78.317,0.581228
2025-01-01 02:17:20,23.544,60.257,95.2,49.889,75.887,0.55107
2025-01-01 02:17:21,23.649,59.961,97.737,49.383,77.376,0.58194
2025-01-01 02:17:22,24.363,59.542,96.438,50.554,76.447,0.53675
2025-01-01 02:17:23,24.914,57.84,96.424,49.272,77.382,0.528903
2025-01-01 02:17:24,24.27,59.452,97.037,49.988,80.863,0.583178
2025-01-01 02:17:25,24.003,59.183,94.879,49.617,78.509,0.554027
2025-01-01 02:17:26,24.336,60.225,95.437,50.291,76.567,0.537607
2025-01-01 02:17:27,23.671,60.63,96.146,49.817,77.22,0.569761
2025-01-01 02:17:28,24.909,60.369,94.137,50.285,77.139,0.520501
2025-01-01 02:17:29,24.364,61.34,94.168,51.535,77.772,0.536162
2025-01-01 02:17:30,23.951,59.542,94.926,49.961,75.845,0.533637
2025-01-01 02:17:31,24.218,59.534,94.531,50.569,78.112,0.538795
2025-01-01 02:17:32,24.054,61.215,95.254,52.133,75.233,0.525084
2025-01-01 02:17:33,24.989,60.377,96.046,50.672,75.818,0.519783
2025-01-01 02:17:34,24.248,59.997,96.2,48.47,80.278,0.587598
2025-01-01 02:17:35,24.442,62.124,97.187,49.941,77.494,0.573034
2025-01-01 02:17:36,24.667,60.888,95.283,49.568,79.69,0.56508
2025-01-01 02:17:37,24.026,60.153,95.388,51.325,77.058,0.539993
2025-01-01 02:17:38,24.509,59.691,95.138,50.569,75.56,0.516967
2025-01-01 02:17:39,24.565,61.737,95.412,51.551,76.872,0.536702
2025-01-01 02:17:40,23.667,60.65,95.421,51.246,81.411,0.588077
2025-01-01 02:17:41,24.586,60.501,95.875,51.298,76.544,0.529767
2025-01-01 02:17:42,24.453,61.186,95.802,49.89,80.421,0.579558
2025-01-01 02:17:43,24.557,61.423,95.336,51.328,78.756,0.551187
2025-01-01 02:17:44,24.526,61.126,96.259,52.073,78.538,0.549486
2025-01-01 02:17:45,24.654,61.493,94.709,49.877,77.548,0.545508
2025-01-01 02:17:46,25.209,61.094,94.004,50.836,77.418,0.516356
2025-01-01 02:17:47,23.967,61.23,94.103,51.428,79.229,0.556512
2025-01-01 02:17:48,24.402,59.977,94.38,51.278,80.188,0.548701
2025-01-01 02:17:49,24.923,62.552,93.338,52.403,78.894,0.529054
2025-01-01 02:17:50,24.846,59.541,93.745,51.891,79.599,0.521111
2025-01-01 02:17:51,24.852,61.116,93.156,51.687,78.254,0.518529
2025-01-01 02:17:52,26.015,59.503,94.578,52.07,81.426,0.514925
2025-01-01 02:17:53,24.962,60.775,94.526,52.08,79.158,0.528753
2025-01-01 02:17:54,25.237,60.334,92.343,51.555,81.365,0.524557
2025-01-01 02:17:55,24.534,61.074,93.398,51.291,77.821,0.526593
2025-01-01 02:17:56,24.208,61.313,95.818,52.419,78.979,0.555617
2025-01-01 02:17:57,24.564,60.047,94.565,51.084,80.373,0.550014
2025-01-01 02:17:58,25.093,61.007,94.332,51.673,79.311,0.530345
2025-01-01 02:17:59,24.957,62.463,93.156,50.857,79.816,0.545382
2025-01-01 02:18:00,24.972,59.789,94.052,52.418,78.076,0.505903
2025-01-01 02:18:01,24.68,60.28,93.694,52.869,78.817,0.516153
2025-01-01 02:18:02,24.617,62.027,92.858,51.185,78.307,0.532486
2025-01-01 02:18:03,24.73,61.276,93.107,51.86,79.309,0.529545
2025-01-01 02:18:04,25.199,61.382,93.077,51.649,79.24,0.520587
2025-01-01 02:18:05,25.274,62.286,92.007,52.942,78.885,0.504683
2025-01-01 02:18:06,24.367,60.502,92.121,53.264,80.333,0.522233
2025-01-01 02:18:07,25.268,60.809,93.194,51.795,78.351,0.507159
2025-01-01 02:18:08,24.578,60.717,92.496,49.753,77.105,0.521458
2025-01-01 02:18:09,25.154,61.044,92.994,53.196,79.052,0.505253
2025-01-01 02:18:10,24.841,62.764,91.641,52.356,82.375,0.548479
2025-01-01 02:18:11,25.736,59.755,94.001,52.406,80.459,0.508011
2025-01-01 02:18:12,24.761,60.294,95.234,53.183,78.886,0.524667
2025-01-01 02:18:13,25.076,60.154,94.135,52.167,80.49,0.52893
2025-01-01 02:18:14,25.307,62.953,94.194,51.998,79.85,0.541054
2025-01-01 02:18:15,24.583,60.969,93.645,52.262,80.53,0.541856
2025-01-01 02:18:16,25.0,61.288,93.242,52.982,81.177,0.531754
2025-01-01 02:18:17,24.92,60.031,93.021,53.337,80.406,0.513365
2025-01-01 02:18:18,24.813,61.415,91.978,53.983,80.373,0.512886
2025-01-01 02:18:19,24.867,62.575,93.543,53.042,82.067,0.553573
2025-01-01 02:18:20,25.659,61.993,93.444,52.645,80.985,0.524749
2025-01-01 02:18:21,24.821,61.663,92.311,53.511,80.626,0.522817
2025-01-01 02:18:22,25.42,60.238,93.263,52.065,80.497,0.515854
2025-01-01 02:18:23,25.31,61.506,92.006,54.018,79.822,0.497738
2025-01-01 02:18:24,24.471,62.011,92.034,53.091,79.061,0.521227
2025-01-01 02:18:25,25.446,60.904,93.404,52.777,81.414,0.523651
2025-01-01 02:18:26,24.496,62.581,93.025,52.224,82.196,0.564956
2025-01-01 02:18:27,25.534,62.842,92.33,53.537,81.231,0.520607
2025-01-01 02:18:28,24.982,61.459,92.182,52.848,81.451,0.528459
2025-01-01 02:18:29,25.257,62.744,92.673,53.034,79.762,0.520311
2025-01-01 02:18:30,24.622,61.939,90.632,51.808,80.165,0.525156
2025-01-01 02:18:31,25.347,63.226,91.68,52.832,79.396,0.51262
2025-01-01 02:18:32,25.766,64.143,91.145,52.759,80.689,0.517204
2025-01-01 02:18:33,24.915,61.046,92.394,53.582,82.222,0.529441
2025-01-01 02:18:34,25.031,62.939,93.444,53.067,80.258,0.536705
2025-01-01 02:18:35,25.579,63.504,92.807,51.194,81.059,0.544322
2025-01-01 02:18:36,25.608,61.259,91.793,53.013,82.045,0.5136
2025-01-01 02:18:37,24.167,61.684,91.574,52.212,82.706,0.558729
2025-01-01 02:18:38,26.408,61.702,91.504,52.572,79.333,0.477377
2025-01-01 02:18:39,25.681,62.186,94.236,54.239,80.79,0.518321
2025-01-01 02:18:40,25.782,61.991,92.283,52.113,80.529,0.513123
2025-01-01 02:18:41,25.378,62.179,92.395,53.729,80.416,0.511434
2025-01-01 02:18:42,24.538,63.244,90.065,53.114,81.062,0.530066
2025-01-01 02:18:43,25.819,60.54,90.977,52.987,79.237,0.473889
2025-01-01 02:18:44,25.215,61.491,92.097,52.79,81.185,0.521035
2025-01-01 02:18:45,25.786,63.164,91.627,53.854,81.721,0.513557
2025-01-01 02:18:46,25.421,63.075,92.243,53.968,80.479,0.514722
2025-01-01 02:18:47,25.665,61.493,92.215,52.267,81.205,0.515948
2025-01-01 02:18:48,25.175,63.14,92.683,54.59,81.859,0.530972
2025-01-01 02:18:49,26.01,63.935,90.201,52.743,82.031,0.514071
2025-01-01 02:18:50,25.0,62.588,90.954,54.025,79.978,0.505861
2025-01-01 02:18:51,26.733,61.657,91.949,52.79,82.831,0.500705
2025-01-01 02:18:52,26.745,63.568,91.392,53.388,82.911,0.506601
2025-01-01 02:18:53,26.458,64.444,91.721,52.751,81.202,0.512725
2025-01-01 02:18:54,26.295,61.863,92.133,53.37,84.158,0.520229
2025-01-01 02:18:55,25.631,62.816,91.272,53.65,82.742,0.521703
2025-01-01 02:18:56,26.272,63.895,92.204,52.908,82.619,0.527171
2025-01-01 02:18:57,25.656,62.947,92.552,54.095,83.116,0.531853
2025-01-01 02:18:58,24.943,61.112,92.069,54.215,81.107,0.512763
2025-01-01 02:18:59,26.487,63.33,92.723,56.039,81.972,0.493307
2025-01-01 02:19:00,26.315,61.935,89.827,54.631,83.187,0.48478
2025-01-01 02:19:01,25.751,61.67,91.414,54.842,81.539,0.492564
2025-01-01 02:19:02,25.169,61.24,92.893,52.498,82.123,0.536359
2025-01-01 02:19:03,25.504,64.185,91.138,52.358,83.316,0.548112
2025-01-01 02:19:04,24.902,62.186,91.005,53.697,83.016,0.533182
2025-01-01 02:19:05,26.3,63.381,91.882,55.374,82.718,0.502523
2025-01-01 02:19:06,25.041,63.653,91.995,55.933,82.816,0.530369
2025-01-01 02:19:07,26.001,63.262,91.484,53.412,82.58,0.518801
2025-01-01 02:19:08,25.451,63.423,93.868,53.501,83.861,0.560741
2025-01-01 02:19:09,25.174,63.533,92.319,54.411,85.394,0.561613
2025-01-01 02:19:10,26.022,63.316,91.138,53.824,83.285,0.518824
2025-01-01 02:19:11,25.751,62.444,90.611,53.849,84.519,0.524353
2025-01-01 02:19:12,26.351,62.38,92.466,54.499,82.504,0.503207
2025-01-01 02:19:13,25.313,63.15,91.145,56.167,82.257,0.507454
2025-01-01 02:19:14,25.583,63.154,94.237,55.041,82.176,0.533288
2025-01-01 02:19:15,24.782,63.734,92.526,55.494,82.066,0.537947
2025-01-01 02:19:16,24.899,64.432,92.672,52.525,82.862,0.570218
2025-01-01 02:19:17,26.904,63.699,92.376,54.86,84.324,0.512409
2025-01-01 02:19:18,27.061,62.568,93.265,53.239,84.51,0.521038
2025-01-01 02:19:19,26.08,61.223,89.765,55.339,82.74,0.475217
2025-01-01 02:19:20,25.636,62.659,90.976,55.081,83.008,0.509582
2025-01-01 02:19:21,25.913,62.108,93.232,54.475,83.439,0.524964
2025-01-01 02:19:22,26.513,62.746,93.719,53.394,83.767,0.530874
2025-01-01 02:19:23,25.833,63.743,91.004,53.596,84.234,0.534797
2025-01-01 02:19:24,26.223,63.608,90.443,53.656,83.095,0.510751
2025-01-01 02:19:25,26.112,65.406,92.452,54.581,83.377,0.53777
2025-01-01 02:19:26,25.848,64.054,92.794,54.287,85.287,0.554224
2025-01-01 02:19:27,25.883,65.503,92.481,55.092,83.37,0.539979
2025-01-01 02:19:28,26.306,64.332,92.3,55.236,83.058,0.516652
2025-01-01 02:19:29,25.684,64.726,90.534,53.261,83.687,0.539772
2025-01-01 02:19:30,26.412,63.304,92.039,54.307,83.925,0.518707
2025-01-01 02:19:31,25.964,62.611,92.217,54.287,82.024,0.509307
2025-01-01 02:19:32,26.277,63.259,91.924,53.828,83.383,0.519591
2025-01-01 02:19:33,26.918,63.718,90.584,54.645,84.46,0.500999
2025-01-01 02:19:34,26.155,63.124,93.119,54.27,86.402,0.552314
2025-01-01 02:19:35,26.712,62.773,93.432,53.404,83.403,0.521281
2025-01-01 02:19:36,25.369,64.213,91.805,53.734,84.996,0.560097
2025-01-01 02:19:37,26.043,62.812,92.448,53.553,84.333,0.535526
2025-01-01 02:19:38,26.305,62.306,92.172,53.233,85.549,0.536211
2025-01-01 02:19:39,27.265,62.738,92.218,53.729,83.454,0.497082
2025-01-01 02:19:40,25.336,63.647,93.235,52.742,85.559,0.579519
2025-01-01 02:19:41,26.281,62.912,93.297,54.139,85.956,0.546611
2025-01-01 02:19:42,27.069,63.695,93.893,54.864,86.045,0.534786
2025-01-01 02:19:43,25.961,64.544,93.912,53.76,86.062,0.574167
2025-01-01 02:19:44,26.259,64.539,92.727,54.455,84.616,0.541341
2025-01-01 02:19:45,26.544,63.324,95.782,53.8,85.126,0.558683
2025-01-01 02:19:46,26.482,62.701,94.532,52.836,83.957,0.543291
2025-01-01 02:19:47,27.185,63.449,92.367,55.235,81.829,0.48057
2025-01-01 02:19:48,26.638,64.7,93.196,51.667,84.84,0.560273
2025-01-01 02:19:49,27.089,64.953,91.128,53.588,84.375,0.517868
2025-01-01 02:19:50,26.257,64.436,93.187,52.939,85.759,0.564841
2025-01-01 02:19:51,26.078,65.303,94.88,54.793,85.673,0.573797
2025-01-01 02:19:52,26.347,65.85,96.035,53.673,83.398,0.570389
2025-01-01 02:19:53,25.892,63.657,93.181,55.517,87.514,0.562494
2025-01-01 02:19:54,26.724,65.645,93.686,53.472,85.206,0.558779
2025-01-01 02:19:55,26.301,63.916,94.006,52.805,83.232,0.54654
2025-01-01 02:19:56,26.169,65.215,95.431,52.016,83.433,0.577483
2025-01-01 02:19:57,26.765,64.922,92.52,54.239,82.225,0.513017
2025-01-01 02:19:58,25.955,62.254,96.211,52.654,85.787,0.580927
2025-01-01 02:19:59,26.922,63.282,93.291,52.954,84.27,0.529848
2025-01-01 02:20:00,26.309,63.045,92.492,54.239,83.925,0.523136
2025-01-01 02:20:01,27.138,62.501,93.402,54.066,84.192,0.511044
2025-01-01 02:20:02,26.372,65.18,92.963,52.701,84.634,0.558581
2025-01-01 02:20:03,26.895,66.386,94.248,52.791,85.716,0.573972
2025-01-01 02:20:04,26.679,64.076,92.233,51.714,83.081,0.532395
2025-01-01 02:20:05,26.971,65.205,94.085,51.438,83.8,0.556608
2025-01-01 02:20:06,26.664,65.852,94.665,53.657,85.671,0.5716
2025-01-01 02:20:07,25.787,64.591,95.544,53.708,84.428,0.577858
2025-01-01 02:20:08,27.133,64.374,94.801,53.256,85.868,0.55593
2025-01-01 02:20:09,26.594,64.169,95.603,53.082,84.599,0.563407
2025-01-01 02:20:10,27.043,64.968,93.637,52.328,87.113,0.570434
2025-01-01 02:20:11,27.002,65.32,94.699,54.028,85.5,0.556324
2025-01-01 02:20:12,26.28,64.923,92.138,51.386,86.748,0.579365
2025-01-01 02:20:13,26.218,64.903,94.317,52.397,85.923,0.583069
2025-01-01 02:20:14,27.012,64.439,94.882,52.859,86.021,0.563913
2025-01-01 02:20:15,26.542,62.912,95.037,52.688,84.449,0.552595
2025-01-01 02:20:16,27.171,65.417,93.051,52.644,86.777,0.561339
2025-01-01 02:20:17,26.622,63.249,94.301,52.187,85.659,0.561299
2025-01-01 02:20:18,27.231,65.167,94.508,52.992,84.279,0.546229
2025-01-01 02:20:19,26.94,65.317,94.397,51.543,82.915,0.552488
2025-01-01 02:20:20,26.88,63.434,95.619,52.355,85.638,0.565659
2025-01-01 02:20:21,26.558,63.98,94.746,52.77,87.301,0.580615
2025-01-01 02:20:22,26.869,66.723,95.131,52.113,84.425,0.578213
2025-01-01 02:20:23,27.357,64.535,94.612,52.337,84.406,0.54545
2025-01-01 02:20:24,26.741,63.407,96.237,52.459,85.176,0.568731
2025-01-01 02:20:25,27.042,65.44,96.383,50.831,86.898,0.603823
2025-01-01 02:20:26,26.807,63.879,95.007,50.858,83.392,0.558493
2025-01-01 02:20:27,26.854,62.744,98.239,52.251,84.835,0.57544
2025-01-01 02:20:28,27.66,65.196,94.694,51.609,84.428,0.549825
2025-01-01 02:20:29,27.407,63.771,96.542,51.608,86.328,0.574717
2025-01-01 02:20:30,26.853,65.02,94.657,52.452,85.5,0.568729
2025-01-01 02:20:31,26.927,63.898,96.456,51.156,85.273,0.58025
2025-01-01 02:20:32,26.476,65.429,96.453,49.967,85.49,0.611394
2025-01-01 02:20:33,26.747,64.916,94.822,53.172,86.664,0.57576
2025-01-01 02:20:34,26.995,62.154,95.779,52.764,87.084,0.563754
2025-01-01 02:20:35,27.272,65.135,97.854,52.702,86.984,0.594899
2025-01-01 02:20:36,27.228,64.474,95.249,50.796,86.46,0.58096
2025-01-01 02:20:37,26.305,66.19,96.543,51.579,87.445,0.625056
2025-01-01 02:20:38,27.354,65.179,96.555,50.574,84.681,0.580459
2025-01-01 02:20:39,26.827,65.549,96.256,51.488,86.277,0.598604
2025-01-01 02:20:40,26.384,64.092,94.646,51.205,88.644,0.606567
2025-01-01 02:20:41,27.551,64.022,97.285,50.568,83.634,0.564719
2025-01-01 02:20:42,27.62,64.795,96.548,51.779,85.21,0.567205
2025-01-01 02:20:43,27.026,64.469,97.72,51.116,84.62,0.586869
2025-01-01 02:20:44,27.253,66.176,96.929,52.647,86.22,0.590117
2025-01-01 02:20:45,27.288,64.693,96.843,51.283,87.61,0.599025
2025-01-01 02:20:46,27.607,63.629,97.233,49.121,86.54,0.594387
2025-01-01 02:20:47,27.278,64.035,95.955,49.655,85.644,0.583722
2025-01-01 02:20:48,26.255,65.835,98.582,52.726,86.569,0.623629
2025-01-01 02:20:49,27.928,64.71,96.732,50.707,85.576,0.572056
2025-01-01 02:20:50,27.461,64.664,96.828,51.131,86.165,0.584401
2025-01-01 02:20:51,26.678,65.952,98.566,50.891,86.682,0.629191
2025-01-01 02:20:52,26.422,63.984,97.605,51.961,88.051,0.616855
2025-01-01 02:20:53,27.193,62.67,97.205,49.246,86.494,0.594941
2025-01-01 02:20:54,26.806,64.058,97.94,51.779,86.222,0.598421
2025-01-01 02:20:55,27.113,65.16,98.236,51.668,88.409,0.620044
2025-01-01 02:20:56,27.324,64.674,97.577,50.608,83.625,0.576384
2025-01-01 02:20:57,26.672,63.369,98.703,50.877,85.867,0.605694
2025-01-01 02:20:58,26.401,65.951,96.596,50.193,85.092,0.613008
2025-01-01 02:20:59,27.155,65.103,98.214,49.085,85.7,0.61556
2025-01-01 02:21:00,26.699,65.334,98.838,50.84,86.714,0.627008
2025-01-01 02:21:01,27.042,65.369,98.746,50.516,87.169,0.625186
2025-01-01 02:21:02,26.3,63.656,95.97,50.476,85.37,0.594228
2025-01-01 02:21:03,26.848,65.262,98.171,50.591,86.8,0.620881
2025-01-01 02:21:04,27.334,65.87,97.17,49.665,84.921,0.599096
2025-01-01 02:21:05,27.282,66.107,99.757,51.286,84.463,0.605975
2025-01-01 02:21:06,26.587,65.692,98.168,50.04,86.085,0.627678
2025-01-01 02:21:07,26.4,65.487,99.821,50.41,85.738,0.636919
2025-01-01 02:21:08,26.994,63.24,97.517,49.702,87.788,0.612711
2025-01-01 02:21:09,27.268,64.965,99.213,50.703,88.553,0.630469
2025-01-01 02:21:10,27.192,64.027,98.918,49.889,85.267,0.603149
2025-01-01 02:21:11,26.735,66.268,101.762,49.68,83.821,0.639669
2025-01-01 02:21:12,27.142,66.119,100.264,50.657,84.352,0.616433
2025-01-01 02:21:13,27.745,64.04,100.289,48.256,84.987,0.611044
2025-01-01 02:21:14,27.098,64.946,101.291,49.353,86.235,0.640416
2025-01-01 02:21:15,26.18,65.243,99.636,49.031,85.669,0.647431
2025-01-01 02:21:16,27.099,65.896,99.341,49.763,84.468,0.616196
2025-01-01 02:21:17,28.02,63.321,99.316,49.66,88.117,0.607591
2025-01-01 02:21:18,26.355,62.788,99.946,49.342,86.763,0.63534
2025-01-01 02:21:19,27.014,65.037,96.937,48.723,88.073,0.629831
2025-01-01 02:21:20,26.886,62.468,99.798,49.219,83.794,0.598168
2025-01-01 02:21:21,27.048,65.158,100.111,49.441,87.476,0.643338
2025-01-01 02:21:22,27.097,65.592,99.817,48.984,85.762,0.63318
2025-01-01 02:21:23,27.57,66.236,98.531,49.957,85.463,0.609041
2025-01-01 02:21:24,27.042,64.377,100.001,49.505,85.954,0.625012
2025-01-01 02:21:25,27.638,65.16,98.706,48.975,85.077,0.605136
2025-01-01 02:21:26,26.94,65.65,102.103,47.028,85.735,0.666169
2025-01-01 02:21:27,26.823,63.822,100.16,48.676,87.033,0.641001
2025-01-01 02:21:28,26.663,65.912,98.444,49.3,83.531,0.614849
2025-01-01 02:21:29,26.088,65.269,100.388,48.518,87.673,0.673156
2025-01-01 02:21:30,27.134,64.388,101.579,48.93,86.336,0.641581
2025-01-01 02:21:31,28.022,65.133,100.948,48.454,85.721,0.622163
2025-01-01 02:21:32,27.223,64.85,99.947,48.766,86.963,0.637134
2025-01-01 02:21:33,27.335,65.767,100.271,49.647,86.265,0.631972
2025-01-01 02:21:34,26.784,64.624,100.75,49.103,85.239,0.634867
2025-01-01 02:21:35,26.867,65.209,100.685,47.384,84.874,0.645798
2025-01-01 02:21:36,27.479,64.358,99.953,47.042,87.586,0.645146
2025-01-01 02:21:37,27.989,64.038,101.233,48.671,83.997,0.601992
2025-01-01 02:21:38,27.727,65.144,100.055,49.199,85.521,0.615068
2025-01-01 02:21:39,27.383,64.072,102.425,46.885,84.049,0.636884
2025-01-01 02:21:40,26.996,65.766,102.634,47.995,86.311,0.667341
2025-01-01 02:21:41,27.081,65.553,100.647,50.011,85.592,0.630803
2025-01-01 02:21:42,26.596,64.192,101.021,47.847,84.192,0.638373
2025-01-01 02:21:43,26.246,65.166,101.401,50.033,84.632,0.643366
2025-01-01 02:21:44,26.404,64.178,101.879,47.304,85.71,0.663493
2025-01-01 02:21:45,26.989,63.339,102.253,47.396,85.98,0.649989
2025-01-01 02:21:46,26.815,64.34,102.545,47.303,83.294,0.642706
2025-01-01 02:21:47,26.223,64.882,102.608,46.794,84.753,0.673159
2025-01-01 02:21:48,26.936,65.448,103.807,46.416,85.772,0.68095
2025-01-01 02:21:49,26.791,65.07,102.399,47.545,87.011,0.673313
2025-01-01 02:21:50,26.361,65.823,101.121,47.791,86.546,0.672986
2025-01-01 02:21:51,26.758,63.928,100.899,47.056,84.972,0.643766
2025-01-01 02:21:52,26.779,64.526,104.228,47.202,86.695,0.68242
2025-01-01 02:21:53,26.627,66.54,103.186,48.695,85.096,0.670043
2025-01-01 02:21:54,27.394,62.958,102.966,48.271,81.704,0.604599
2025-01-01 02:21:55,25.975,64.43,103.292,47.242,87.157,0.6941
2025-01-01 02:21:56,25.929,63.803,103.086,47.749,85.954,0.677637
2025-01-01 02:21:57,26.919,64.671,103.442,46.053,85.607,0.674876
2025-01-01 02:21:58,26.96,64.425,102.718,47.535,85.366,0.655678
2025-01-01 02:21:59,27.109,65.453,104.228,47.227,85.695,0.674562
2025-01-01 02:22:00,26.633,65.098,102.729,46.936,85.315,0.670487
2025-01-01 02:22:01,26.438,63.529,102.432,47.221,84.934,0.657074
2025-01-01 02:22:02,26.888,64.238,101.725,47.051,84.471,0.64534
2025-01-01 02:22:03,26.665,64.817,103.258,46.063,85.321,0.67741
2025-01-01 02:22:04,27.656,65.547,104.843,48.419,84.144,0.648917
2025-01-01 02:22:05,26.713,67.232,103.197,47.797,83.803,0.669425
2025-01-01 02:22:06,26.842,65.492,102.355,46.688,85.47,0.669127
2025-01-01 02:22:07,28.101,63.767,104.097,45.552,86.294,0.658183
2025-01-01 02:22:08,26.759,64.676,103.239,44.959,84.134,0.673084
2025-01-01 02:22:09,27.129,64.941,105.516,48.492,84.313,0.661064
2025-01-01 02:22:10,27.167,64.23,105.119,46.713,82.995,0.654812
2025-01-01 02:22:11,27.203,65.209,102.85,47.428,83.421,0.642962
2025-01-01 02:22:12,26.976,62.457,104.023,46.024,83.436,0.646895
2025-01-01 02:22:13,26.921,65.27,103.517,46.504,86.109,0.679968
2025-01-01 02:22:14,26.867,64.23,103.186,46.511,82.825,0.647304
2025-01-01 02:22:15,26.522,64.585,104.365,46.877,85.428,0.681694
2025-01-01 02:22:16,26.966,66.149,105.313,46.724,84.526,0.684111
2025-01-01 02:22:17,27.81,63.41,104.487,45.884,85.539,0.656491
2025-01-01 02:22:18,27.394,64.932,104.125,45.845,86.179,0.677441
2025-01-01 02:22:19,26.933,65.441,102.507,46.497,84.71,0.663679
2025-01-01 02:22:20,27.201,64.805,104.119,45.129,86.073,0.684239
2025-01-01 02:22:21,26.331,63.008,105.407,45.846,86.539,0.696779
2025-01-01 02:22:22,26.627,65.96,103.584,46.354,86.26,0.692617
2025-01-01 02:22:23,27.223,64.385,106.278,46.769,83.803,0.668485
2025-01-01 02:22:24,27.485,64.055,104.481,47.627,82.211,0.630168
2025-01-01 02:22:25,26.348,64.259,105.327,46.018,84.389,0.687555
2025-01-01 02:22:26,26.483,64.174,104.802,46.404,84.717,0.680689
2025-01-01 02:22:27,27.807,63.352,104.092,44.857,82.123,0.634335
2025-01-01 02:22:28,26.756,64.693,105.775,46.596,84.504,0.682545
2025-01-01 02:22:29,27.611,63.917,104.803,45.578,81.306,0.63618
2025-01-01 02:22:30,26.793,65.17,104.633,46.038,86.211,0.693043
2025-01-01 02:22:31,26.804,65.002,103.155,46.644,84.891,0.668186
2025-01-01 02:22:32,26.519,66.096,106.897,46.658,83.299,0.694641
2025-01-01 02:22:33,27.134,64.243,105.664,45.061,84.394,0.680671
2025-01-01 02:22:34,27.332,63.636,106.827,46.847,84.504,0.669785
2025-01-01 02:22:35,26.127,62.954,106.402,46.157,84.744,0.692265
2025-01-01 02:22:36,26.458,66.602,106.95,47.185,84.208,0.702391
2025-01-01 02:22:37,27.082,65.055,105.339,47.324,85.219,0.675972
2025-01-01 02:22:38,26.55,63.684,104.591,47.425,82.523,0.651545
2025-01-01 02:22:39,26.358,66.054,106.785,44.985,83.849,0.710973
2025-01-01 02:22:40,27.1,65.7,106.21,46.433,86.108,0.697765
2025-01-01 02:22:41,27.137,62.976,105.671,44.836,83.5,0.667253
2025-01-01 02:22:42,26.35,63.557,106.937,47.127,84.171,0.685076
2025-01-01 02:22:43,26.671,64.161,106.558,47.23,82.645,0.668342
2025-01-01 02:22:44,25.95,63.206,106.944,46.847,86.386,0.707891
2025-01-01 02:22:45,26.096,64.163,105.337,45.715,84.097,0.69172
2025-01-01 02:22:46,26.595,64.954,107.391,46.481,82.202,0.682435
2025-01-01 02:22:47,26.538,62.851,106.461,45.595,84.978,0.68935
2025-01-01 02:22:48,26.028,64.499,107.603,46.041,82.338,0.695667
2025-01-01 02:22:49,26.142,65.356,107.537,45.949,84.403,0.713346
2025-01-01 02:22:50,25.957,64.57,107.305,44.419,84.774,0.722292
2025-01-01 02:22:51,26.706,64.075,106.557,45.365,85.926,0.702717
2025-01-01 02:22:52,25.483,63.464,107.427,47.825,83.718,0.696723
2025-01-01 02:22:53,25.95,64.944,107.876,45.936,83.464,0.710202
2025-01-01 02:22:54,25.512,62.918,107.419,46.131,80.928,0.683573
2025-01-01 02:22:55,26.642,64.318,107.061,45.994,82.767,0.682401
2025-01-01 02:22:56,25.519,64.081,107.616,45.672,82.412,0.705563
2025-01-01 02:22:57,26.425,65.162,106.423,46.029,83.006,0.689261
2025-01-01 02:22:58,27.217,63.434,108.506,45.675,82.553,0.675714
2025-01-01 02:22:59,27.222,63.499,105.353,44.176,84.074,0.675419
2025-01-01 02:23:00,25.47,62.735,107.111,46.634,82.412,0.68855
2025-01-01 02:23:01,26.51,64.393,106.712,47.298,83.608,0.680689
2025-01-01 02:23:02,25.854,63.512,106.517,45.081,82.851,0.695245
2025-01-01 02:23:03,25.74,63.053,107.502,45.687,82.195,0.692542
2025-01-01 02:23:04,26.267,63.127,106.11,47.223,82.038,0.661949
2025-01-01 02:23:05,26.925,64.41,109.425,45.412,83.126,0.699602
2025-01-01 02:23:06,26.598,62.749,105.957,46.347,84.444,0.675354
2025-01-01 02:23:07,25.928,62.816,106.394,49.506,81.873,0.65204
2025-01-01 02:23:08,26.626,64.706,106.334,46.559,82.759,0.676556
2025-01-01 02:23:09,25.138,63.621,107.612,46.118,83.234,0.712655
2025-01-01 02:23:10,25.871,64.721,108.461,46.779,82.58,0.702727
2025-01-01 02:23:11,25.822,63.384,108.005,46.706,80.442,0.677267
2025-01-01 02:23:12,26.26,63.72,108.982,45.567,83.08,0.703609
2025-01-01 02:23:13,26.106,63.855,106.713,44.721,80.648,0.68045
2025-01-01 02:23:14,26.124,65.064,108.228,46.599,80.615,0.685774
2025-01-01 02:23:15,26.094,64.96,107.294,46.733,80.79,0.679754
2025-01-01 02:23:16,26.179,64.784,107.853,45.915,82.111,0.695458
2025-01-01 02:23:17,26.424,62.979,108.76,47.486,81.099,0.667527
2025-01-01 02:23:18,26.215,62.598,105.984,47.342,80.482,0.645979
2025-01-01 02:23:19,25.984,64.322,109.692,46.824,82.609,0.706042
2025-01-01 02:23:20,26.314,64.915,107.58,46.0,82.07,0.691066
2025-01-01 02:23:21,26.512,64.677,106.141,44.569,82.96,0.691635
2025-01-01 02:23:22,25.807,63.504,107.076,46.122,81.124,0.680802
2025-01-01 02:23:23,26.041,64.195,107.892,44.813,81.872,0.699891
2025-01-01 02:23:24,26.638,64.188,107.117,44.418,82.857,0.692822
2025-01-01 02:23:25,25.491,63.567,105.781,46.844,80.269,0.667548
2025-01-01 02:23:26,26.931,63.586,107.943,47.287,80.999,0.65628
2025-01-01 02:23:27,25.344,63.468,107.141,44.812,82.932,0.710864
2025-01-01 02:23:28,25.827,62.557,108.53,46.192,81.712,0.687867
2025-01-01 02:23:29,25.51,62.634,106.826,46.408,81.455,0.679764
2025-01-01 02:23:30,27.064,62.593,110.169,46.214,81.537,0.673622
2025-01-01 02:23:31,25.704,61.671,108.434,45.372,82.999,0.698277
2025-01-01 02:23:32,25.691,63.387,108.13,47.567,81.449,0.682395
2025-01-01 02:23:33,25.741,63.178,108.567,45.449,81.48,0.696823
2025-01-01 02:23:34,25.959,63.955,106.132,45.0,81.352,0.68331
2025-01-01 02:23:35,25.733,64.428,107.466,45.489,79.38,0.682415
2025-01-01 02:23:36,25.815,64.466,109.754,47.004,81.869,0.704244
2025-01-01 02:23:37,24.102,64.534,107.658,46.436,80.227,0.71517
2025-01-01 02:23:38,25.88,62.333,107.921,46.065,79.644,0.666962
2025-01-01 02:23:39,25.846,61.632,107.523,47.135,79.01,0.648134
2025-01-01 02:23:40,26.341,63.968,109.458,47.012,79.205,0.669749
2025-01-01 02:23:41,26.461,64.393,107.752,44.934,78.275,0.665304
2025-01-01 02:23:42,25.697,64.54,106.747,47.228,79.714,0.669939
2025-01-01 02:23:43,26.184,63.442,110.579,47.794,80.369,0.680434
2025-01-01 02:23:44,25.21,60.933,106.625,46.786,82.11,0.675446
2025-01-01 02:23:45,26.129,63.269,107.902,46.733,80.855,0.672594
2025-01-01 02:23:46,25.443,63.431,107.156,48.472,81.032,0.671924
2025-01-01 02:23:47,25.121,64.101,107.293,46.427,82.209,0.704916
2025-01-01 02:23:48,25.605,64.251,106.931,46.9,77.198,0.654577
2025-01-01 02:23:49,26.383,63.703,107.446,47.336,81.035,0.664575
2025-01-01 02:23:50,25.757,62.178,108.964,47.149,80.889,0.677535
2025-01-01 02:23:51,26.399,61.709,106.072,46.933,81.445,0.646854
2025-01-01 02:23:52,25.261,63.244,109.227,47.262,78.247,0.676087
2025-01-01 02:23:53,26.143,61.889,109.045,48.487,79.659,0.650324
2025-01-01 02:23:54,25.278,64.129,108.456,47.919,79.176,0.678764
2025-01-01 02:23:55,25.7,60.921,108.063,47.256,78.693,0.646874
2025-01-01 02:23:56,25.68,63.164,108.202,46.667,82.96,0.69818
2025-01-01 02:23:57,25.887,62.888,109.336,46.816,79.451,0.673879
2025-01-01 02:23:58,25.665,62.333,106.153,48.205,81.188,0.656075
2025-01-01 02:23:59,25.154,61.586,108.612,46.214,80.868,0.688967
2025-01-01 02:24:00,25.948,60.42,107.123,49.456,78.238,0.612411
2025-01-01 02:24:01,26.357,61.922,108.678,47.554,79.281,0.647054
2025-01-01 02:24:02,25.183,61.91,107.221,46.522,79.929,0.672264
2025-01-01 02:24:03,24.542,63.507,108.523,47.817,80.277,0.697948
2025-01-01 02:24:04,25.693,61.583,106.248,47.077,80.145,0.650883
2025-01-01 02:24:05,25.261,62.789,106.084,47.43,81.797,0.676408
2025-01-01 02:24:06,25.345,61.014,107.642,46.604,80.732,0.671391
2025-01-01 02:24:07,25.672,62.757,109.168,47.67,80.373,0.677232
2025-01-01 02:24:08,25.149,60.009,108.246,46.211,80.692,0.675082
2025-01-01 02:24:09,25.227,64.313,108.214,47.478,81.099,0.695924
2025-01-01 02:24:10,25.295,62.046,108.52,47.345,78.674,0.6652
2025-01-01 02:24:11,26.063,59.363,107.237,47.655,77.472,0.610026
2025-01-01 02:24:12,25.327,61.41,108.218,47.496,78.585,0.656474
2025-01-01 02:24:13,24.678,61.221,106.999,48.185,77.611,0.647755
2025-01-01 02:24:14,24.681,61.411,107.236,48.919,78.025,0.648799
2025-01-01 02:24:15,25.332,61.672,107.33,48.548,79.271,0.649893
2025-01-01 02:24:16,24.681,61.343,106.944,49.351,78.433,0.64639
2025-01-01 02:24:17,24.448,61.159,107.392,47.965,79.821,0.672715
2025-01-01 02:24:18,25.531,60.786,107.171,48.676,79.354,0.638321
2025-01-01 02:24:19,25.539,62.736,106.684,48.76,79.373,0.647664
2025-01-01 02:24:20,24.996,63.084,107.216,49.443,77.364,0.645034
2025-01-01 02:24:21,25.31,61.598,107.477,47.99,77.775,0.643324
2025-01-01 02:24:22,25.241,61.803,106.186,49.259,76.483,0.617923
2025-01-01 02:24:23,25.431,60.664,107.666,47.996,79.403,0.648144
2025-01-01 02:24:24,25.416,61.83,106.717,48.28,80.975,0.659592
2025-01-01 02:24:25,23.794,61.958,107.369,48.504,78.83,0.679936
2025-01-01 02:24:26,24.96,61.477,106.466,49.208,78.883,0.642574
2025-01-01 02:24:27,25.322,62.061,108.141,48.03,77.871,0.651441
2025-01-01 02:24:28,24.841,61.942,108.005,48.197,78.197,0.660761
2025-01-01 02:24:29,25.048,60.548,105.957,48.494,79.933,0.643647
2025-01-01 02:24:30,25.389,62.763,107.488,49.104,78.46,0.647365
2025-01-01 02:24:31,25.037,61.331,108.365,48.372,79.066,0.660542
2025-01-01 02:24:32,25.734,63.182,105.926,49.388,79.808,0.640272
2025-01-01 02:24:33,25.527,61.895,105.959,48.947,79.515,0.63671
2025-01-01 02:24:34,24.887,63.414,107.516,49.816,78.181,0.655288
2025-01-01 02:24:35,24.831,62.586,105.427,49.396,78.218,0.63902
2025-01-01 02:24:36,23.488,61.606,105.908,50.804,77.576,0.648843
2025-01-01 02:24:37,24.733,60.624,105.622,49.556,78.586,0.630557
2025-01-01 02:24:38,24.203,60.613,107.334,48.541,77.44,0.651977
2025-01-01 02:24:39,24.974,61.816,105.843,49.402,78.305,0.634337
2025-01-01 02:24:40,24.923,61.394,106.199,49.646,79.08,0.63932
2025-01-01 02:24:41,25.178,60.629,105.683,48.959,75.76,0.603567
2025-01-01 02:24:42,25.512,62.019,107.526,50.957,75.504,0.603756
2025-01-01 02:24:43,24.784,61.192,105.464,49.552,77.629,0.6249
2025-01-01 02:24:44,25.921,61.96,104.861,49.341,78.435,0.60956
2025-01-01 02:24:45,24.88,60.113,104.767,50.059,77.927,0.608796
2025-01-01 02:24:46,24.092,62.055,106.851,49.246,76.079,0.645514
2025-01-01 02:24:47,24.45,61.524,106.866,50.801,78.563,0.642873
2025-01-01 02:24:48,24.528,62.188,107.291,50.698,79.723,0.658321
2025-01-01 02:24:49,24.994,61.935,104.722,50.247,76.342,0.60512
2025-01-01 02:24:50,24.208,60.84,105.693,50.673,76.465,0.61926
2025-01-01 02:24:51,24.516,60.727,108.291,49.857,77.317,0.643217
2025-01-01 02:24:52,24.568,62.643,105.501,49.112,77.087,0.638677
2025-01-01 02:24:53,24.408,60.536,105.178,50.11,78.633,0.630026
2025-01-01 02:24:54,25.021,61.542,105.658,50.026,77.482,0.619268
2025-01-01 02:24:55,24.92,60.38,106.146,48.855,76.744,0.619275
2025-01-01 02:24:56,25.166,58.866,106.066,49.695,76.339,0.593316
2025-01-01 02:24:57,24.401,59.468,104.874,49.613,75.166,0.59645
2025-01-01 02:24:58,25.152,61.068,104.838,49.811,78.595,0.617376
2025-01-01 02:24:59,23.852,61.33,105.061,51.777,77.658,0.627146
2025-01-01 02:25:00,23.824,61.005,104.561,51.176,76.75,0.618909
2025-01-01 02:25:01,23.895,61.709,103.99,51.594,76.942,0.616717
2025-01-01 02:25:02,24.49,60.921,106.965,51.286,76.637,0.620212
2025-01-01 02:25:03,25.071,59.721,104.681,51.8,74.601,0.561584
2025-01-01 02:25:04,24.153,61.058,104.669,51.011,74.969,0.600101
2025-01-01 02:25:05,24.199,60.6,104.631,52.257,76.384,0.597854
2025-01-01 02:25:06,24.314,59.821,104.799,50.115,76.319,0.605933
2025-01-01 02:25:07,24.692,60.836,105.244,51.1,76.525,0.602962
2025-01-01 02:25:08,24.151,60.41,104.273,50.389,78.532,0.625186
2025-01-01 02:25:09,24.107,59.692,105.805,52.257,76.107,0.599904
2025-01-01 02:25:10,23.685,60.086,105.191,51.653,75.492,0.606647
2025-01-01 02:25:11,24.057,61.644,104.329,52.321,76.427,0.606069
2025-01-01 02:25:12,24.915,61.578,103.78,50.302,74.644,0.583099
2025-01-01 02:25:13,24.356,60.352,105.457,50.996,76.464,0.608564
2025-01-01 02:25:14,23.925,60.188,104.136,50.104,75.365,0.604434
2025-01-01 02:25:15,24.898,58.664,102.98,51.873,76.463,0.559256
2025-01-01 02:25:16,23.972,61.783,105.168,51.294,75.934,0.618507
2025-01-01 02:25:17,24.959,61.067,103.344,52.293,75.939,0.571038
2025-01-01 02:25:18,24.935,60.749,104.862,51.765,76.819,0.59177
2025-01-01 02:25:19,24.246,57.689,101.402,50.087,76.908,0.571182
2025-01-01 02:25:20,23.453,59.972,103.47,50.514,78.426,0.629224
2025-01-01 02:25:21,25.332,59.77,104.921,51.958,76.779,0.574649
2025-01-01 02:25:22,24.366,60.547,103.687,52.315,75.611,0.580044
2025-01-01 02:25:23,23.995,59.38,104.201,50.219,75.107,0.594695
2025-01-01 02:25:24,24.62,59.566,102.621,51.975,76.243,0.566744
2025-01-01 02:25:25,24.478,60.383,103.791,51.277,77.541,0.600289
2025-01-01 02:25:26,24.768,58.957,103.366,51.251,76.776,0.574407
2025-01-01 02:25:27,23.766,59.123,103.525,51.663,74.856,0.58019
2025-01-01 02:25:28,24.242,59.858,105.24,52.334,76.215,0.594253
2025-01-01 02:25:29,23.475,60.969,104.423,51.717,75.901,0.61455
2025-01-01 02:25:30,24.386,60.406,103.829,50.74,76.856,0.601118
2025-01-01 02:25:31,24.027,60.64,103.759,52.467,75.922,0.590087
2025-01-01 02:25:32,24.164,59.595,101.962,52.14,75.841,0.567477
2025-01-01 02:25:33,23.936,60.993,102.317,51.715,74.07,0.574168
2025-01-01 02:25:34,23.869,57.724,101.172,52.264,76.403,0.557813
2025-01-01 02:25:35,23.546,61.454,101.352,52.277,73.748,0.572001
2025-01-01 02:25:36,24.361,61.551,101.651,52.634,75.489,0.56862
2025-01-01 02:25:37,24.697,59.822,102.423,52.443,74.686,0.549162
2025-01-01 02:25:38,23.659,60.165,101.143,52.817,74.581,0.561242
2025-01-01 02:25:39,24.2,59.262,102.244,52.688,75.978,0.563469
2025-01-01 02:25:40,24.126,59.057,102.043,53.424,75.242,0.550564
2025-01-01 02:25:41,23.9,58.623,100.978,54.077,72.34,0.515159
2025-01-01 02:25:42,23.118,59.152,103.552,52.837,74.942,0.586905
2025-01-01 02:25:43,23.217,59.724,100.615,52.392,74.682,0.567675
2025-01-01 02:25:44,23.464,59.555,102.971,51.779,76.625,0.599138
2025-01-01 02:25:45,22.771,61.089,99.513,53.484,73.593,0.562167
2025-01-01 02:25:46,24.531,59.17,101.538,52.283,77.353,0.564304
2025-01-01 02:25:47,23.997,57.548,100.396,54.92,76.051,0.524921
2025-01-01 02:25:48,23.785,60.648,100.851,55.303,74.659,0.541968
2025-01-01 02:25:49,22.692,57.75,103.229,52.945,74.46,0.578867
2025-01-01 02:25:50,22.862,58.379,100.984,51.819,74.167,0.568461
2025-01-01 02:25:51,23.759,59.178,100.139,53.709,75.287,0.543135
2025-01-01 02:25:52,24.733,59.291,101.643,54.899,73.93,0.5137
2025-01-01 02:25:53,23.385,57.396,100.712,52.204,74.706,0.54906
2025-01-01 02:25:54,24.154,58.062,101.13,54.805,73.516,0.510763
2025-01-01 02:25:55,23.469,57.296,99.976,51.839,75.648,0.551234
2025-01-01 02:25:56,23.724,59.366,99.937,52.187,74.969,0.552444
2025-01-01 02:25:57,24.291,59.895,99.926,53.628,74.177,0.526333
2025-01-01 02:25:58,23.498,57.458,101.424,54.225,74.423,0.535129
2025-01-01 02:25:59,23.314,59.643,100.31,53.388,73.856,0.548427
2025-01-01 02:26:00,24.355,59.546,99.4,53.829,75.038,0.523825
2025-01-01 02:26:01,23.657,57.925,100.521,54.381,73.131,0.51612
2025-01-01 02:26:02,24.168,56.569,100.35,54.501,75.696,0.513597
2025-01-01 02:26:03,23.267,57.449,100.755,53.054,74.797,0.54685
2025-01-01 02:26:04,24.301,57.893,99.611,52.887,74.028,0.51295
2025-01-01 02:26:05,23.723,59.998,99.926,54.446,75.248,0.542597
2025-01-01 02:26:06,23.792,58.306,100.337,53.991,74.987,0.532857
2025-01-01 02:26:07,23.629,57.386,98.817,54.122,73.244,0.502291
2025-01-01 02:26:08,23.299,58.509,100.623,53.145,76.046,0.562604
2025-01-01 02:26:09,23.539,57.035,99.665,54.207,71.46,0.492799
2025-01-01 02:26:10,23.307,58.813,98.459,52.842,75.743,0.547705
2025-01-01 02:26:11,23.997,57.29,98.362,53.936,74.22,0.499253
2025-01-01 02:26:12,23.405,57.404,99.283,53.848,75.584,0.532617
2025-01-01 02:26:13,22.747,58.58,98.743,53.872,76.105,0.555992
2025-01-01 02:26:14,22.645,59.924,99.96,54.421,73.845,0.55494
2025-01-01 02:26:15,22.61,60.341,98.83,52.997,73.883,0.560926
2025-01-01 02:26:16,23.772,57.072,99.332,54.372,74.699,0.510989
2025-01-01 02:26:17,22.876,57.485,98.092,53.863,72.944,0.513729
2025-01-01 02:26:18,23.592,58.566,98.829,53.228,73.889,0.52413
2025-01-01 02:26:19,23.5,59.189,100.08,52.819,73.771,0.542645
2025-01-01 02:26:20,23.389,55.825,98.529,55.401,72.831,0.480713
2025-01-01 02:26:21,23.63,58.046,98.036,53.847,73.676,0.506775
2025-01-01 02:26:22,23.48,57.441,97.638,53.631,75.128,0.516219
2025-01-01 02:26:23,22.036,55.974,98.396,53.011,75.027,0.547293
2025-01-01 02:26:24,23.219,56.531,99.737,54.808,73.983,0.513291
2025-01-01 02:26:25,23.584,57.27,96.877,54.755,74.257,0.490969
2025-01-01 02:26:26,24.182,57.867,98.104,54.61,73.804,0.48889
2025-01-01 02:26:27,24.195,58.786,96.354,53.915,72.043,0.472371
2025-01-01 02:26:28,22.661,58.102,97.571,54.572,72.924,0.51366
2025-01-01 02:26:29,23.159,58.666,98.158,53.318,75.283,0.540259
2025-01-01 02:26:30,22.541,57.715,96.23,54.157,75.558,0.528009
2025-01-01 02:26:31,24.075,56.954,97.28,53.944,73.081,0.476987
2025-01-01 02:26:32,23.813,57.446,97.93,54.206,75.443,0.509374
2025-01-01 02:26:33,23.473,58.296,97.686,52.545,72.65,0.510668
2025-01-01 02:26:34,23.372,58.604,97.809,55.493,73.461,0.500856
2025-01-01 02:26:35,23.971,57.394,96.412,55.294,73.93,0.472827
2025-01-01 02:26:36,23.877,56.584,97.592,53.08,73.737,0.493037
2025-01-01 02:26:37,23.842,57.82,96.619,54.462,73.226,0.480877
2025-01-01 02:26:38,23.484,57.934,97.85,52.809,74.202,0.519922
2025-01-01 02:26:39,23.073,58.66,94.742,54.064,74.975,0.507377
2025-01-01 02:26:40,23.623,56.72,96.681,52.238,72.292,0.486937
2025-01-01 02:26:41,23.639,56.702,96.987,53.758,74.182,0.493179
2025-01-01 02:26:42,23.128,58.098,98.156,53.597,75.184,0.533772
2025-01-01 02:26:43,23.04,56.906,96.812,54.908,73.526,0.492718
2025-01-01 02:26:44,23.775,56.836,96.833,55.312,73.36,0.471444
2025-01-01 02:26:45,24.033,58.512,96.939,55.323,72.992,0.475872
2025-01-01 02:26:46,22.819,55.859,97.737,54.89,76.41,0.521224
2025-01-01 02:26:47,23.055,59.258,96.022,54.021,75.798,0.529417
2025-01-01 02:26:48,23.355,56.562,94.922,54.256,73.65,0.474232
2025-01-01 02:26:49,23.416,58.014,94.652,54.243,75.419,0.496455
2025-01-01 02:26:50,22.905,57.011,96.832,52.981,73.37,0.509856
2025-01-01 02:26:51,24.102,57.364,96.313,54.831,73.814,0.471391
2025-01-01 02:26:52,23.364,56.803,95.757,54.454,72.728,0.473193
2025-01-01 02:26:53,23.413,57.895,95.35,54.478,71.788,0.469125
2025-01-01 02:26:54,24.02,56.665,96.041,52.05,73.305,0.482435
2025-01-01 02:26:55,22.91,56.412,95.994,54.223,73.492,0.490411
2025-01-01 02:26:56,23.085,58.772,96.189,54.65,74.516,0.511033
2025-01-01 02:26:57,22.496,56.962,94.525,53.817,74.792,0.506246
2025-01-01 02:26:58,23.031,56.23,93.795,53.412,73.861,0.478326
2025-01-01 02:26:59,22.367,55.39,94.573,52.704,72.822,0.489661
2025-01-01 02:27:00,23.48,58.72,94.062,52.629,73.226,0.489535
2025-01-01 02:27:01,23.311,56.276,93.937,53.88,75.929,0.487185
2025-01-01 02:27:02,22.957,58.864,96.838,53.549,74.779,0.53008
2025-01-01 02:27:03,23.041,57.176,92.93,53.517,75.736,0.493266
2025-01-01 02:27:04,23.467,56.894,95.596,54.918,76.167,0.49548
2025-01-01 02:27:05,22.513,56.896,95.963,52.667,73.252,0.512392
2025-01-01 02:27:06,23.179,58.917,95.974,53.373,75.032,0.522195
2025-01-01 02:27:07,23.422,54.484,95.195,54.981,72.972,0.448362
2025-01-01 02:27:08,22.176,56.866,96.169,53.351,75.302,0.53326
2025-01-01 02:27:09,23.406,56.361,96.565,53.629,75.064,0.500891
2025-01-01 02:27:10,22.222,56.389,94.412,53.409,71.542,0.483212
2025-01-01 02:27:11,22.997,56.727,95.096,54.087,74.571,0.493817
2025-01-01 02:27:12,22.47,56.287,95.858,51.851,73.069,0.512582
2025-01-01 02:27:13,23.763,56.718,93.655,53.305,73.699,0.463905
2025-01-01 02:27:14,22.466,56.482,94.208,53.482,73.326,0.491156
2025-01-01 02:27:15,22.216,55.168,93.763,52.61,75.218,0.505758
2025-01-01 02:27:16,23.104,56.839,94.787,53.654,73.32,0.482665
2025-01-01 02:27:17,22.828,57.151,92.366,53.977,72.617,0.464082
2025-01-01 02:27:18,22.279,55.869,95.639,53.678,73.196,0.499383
2025-01-01 02:27:19,23.291,58.256,94.675,54.707,73.92,0.485298
2025-01-01 02:27:20,22.03,57.701,94.671,52.904,74.683,0.529328
2025-01-01 02:27:21,22.505,57.186,91.658,53.616,75.64,0.493912
2025-01-01 02:27:22,22.733,57.152,92.923,53.564,74.836,0.492088
2025-01-01 02:27:23,23.42,56.327,95.396,52.96,74.935,0.495138
2025-01-01 02:27:24,23.664,57.416,93.67,54.019,75.136,0.478069
2025-01-01 02:27:25,23.566,57.824,92.067,53.307,75.246,0.477078
2025-01-01 02:27:26,22.936,57.039,93.957,52.079,75.522,0.511622
2025-01-01 02:27:27,21.797,55.639,94.36,53.602,77.304,0.53327
2025-01-01 02:27:28,23.204,56.148,94.158,52.564,75.277,0.494779
2025-01-01 02:27:29,23.743,56.74,93.423,52.667,74.677,0.475614
2025-01-01 02:27:30,23.623,56.982,94.656,52.687,73.793,0.482238
2025-01-01 02:27:31,23.236,56.046,92.767,53.434,74.742,0.471479
2025-01-01 02:27:32,22.409,55.536,93.958,53.669,75.774,0.502381
2025-01-01 02:27:33,22.74,57.666,93.503,52.637,72.947,0.491531
2025-01-01 02:27:34,23.969,54.989,93.186,52.55,75.939,0.466965
2025-01-01 02:27:35,22.293,55.099,92.891,51.043,73.937,0.49777
2025-01-01 02:27:36,22.427,54.693,92.879,52.07,74.192,0.486038
2025-01-01 02:27:37,23.472,55.057,93.208,51.838,75.118,0.477299
2025-01-01 02:27:38,22.785,57.228,92.837,52.8,73.881,0.488608
2025-01-01 02:27:39,22.409,57.241,93.818,52.421,75.086,0.517692
2025-01-01 02:27:40,23.764,55.867,92.505,51.735,73.176,0.455986
2025-01-01 02:27:41,23.231,56.418,94.565,52.539,75.633,0.502549
2025-01-01 02:27:42,22.81,55.892,92.374,52.317,74.84,0.486024
2025-01-01 02:27:43,22.428,54.692,93.833,50.293,74.625,0.510387
2025-01-01 02:27:44,24.025,58.083,93.835,53.164,74.984,0.481362
2025-01-01 02:27:45,22.99,57.221,92.998,53.04,74.655,0.489837
2025-01-01 02:27:46,23.702,56.182,92.87,51.993,75.234,0.477723
2025-01-01 02:27:47,23.451,54.953,92.026,52.417,74.481,0.458188
2025-01-01 02:27:48,22.745,55.566,92.201,51.826,74.407,0.483759
2025-01-01 02:27:49,22.75,55.081,92.901,50.754,72.662,0.478974
2025-01-01 02:27:50,23.731,55.853,92.601,53.719,76.448,0.469687
2025-01-01 02:27:51,23.741,56.048,93.795,52.538,73.442,0.464089
2025-01-01 02:27:52,22.073,55.38,92.123,52.641,76.804,0.510736
2025-01-01 02:27:53,23.288,54.249,92.151,51.61,74.604,0.464584
2025-01-01 02:27:54,22.954,57.819,90.849,52.688,76.384,0.495383
2025-01-01 02:27:55,22.5,55.907,93.126,50.639,76.203,0.522891
2025-01-01 02:27:56,23.15,56.11,93.006,51.487,76.137,0.501953
2025-01-01 02:27:57,22.347,55.215,93.401,52.224,75.068,0.501967
2025-01-01 02:27:58,22.791,54.059,93.429,51.078,73.609,0.479974
2025-01-01 02:27:59,22.628,55.521,93.157,52.255,74.855,0.494042
2025-01-01 02:28:00,22.78,55.266,93.173,51.717,74.728,0.491802
2025-01-01 02:28:01,22.997,56.283,92.927,51.588,75.014,0.495973
2025-01-01 02:28:02,22.528,56.464,93.057,50.791,73.696,0.503889
2025-01-01 02:28:03,23.825,56.308,90.427,51.637,74.858,0.456433
2025-01-01 02:28:04,23.289,56.516,91.147,52.805,71.727,0.441005
2025-01-01 02:28:05,23.943,57.317,90.962,51.345,74.907,0.468068
2025-01-01 02:28:06,22.969,55.888,93.475,51.595,75.453,0.501519
2025-01-01 02:28:07,22.779,56.583,91.402,51.658,74.397,0.485565
2025-01-01 02:28:08,23.936,55.964,91.544,50.125,75.046,0.472909
2025-01-01 02:28:09,22.772,53.556,92.156,50.879,75.6,0.484765
2025-01-01 02:28:10,22.976,55.287,90.889,50.799,76.656,0.492655
2025-01-01 02:28:11,23.429,54.561,92.498,49.174,76.742,0.502472
2025-01-01 02:28:12,22.455,55.646,89.972,51.449,75.878,0.488555
2025-01-01 02:28:13,23.434,54.611,90.911,50.016,75.513,0.473818
2025-01-01 02:28:14,23.375,55.994,92.275,51.249,76.011,0.491065
2025-01-01 02:28:15,23.723,56.357,90.823,50.043,77.782,0.498417
2025-01-01 02:28:16,23.538,56.567,93.353,52.227,76.262,0.494864
2025-01-01 02:28:17,23.748,56.97,92.09,50.314,76.01,0.495553
2025-01-01 02:28:18,23.048,53.663,93.167,52.017,77.023,0.49058
2025-01-01 02:28:19,22.677,54.128,92.385,50.285,75.832,0.499362
2025-01-01 02:28:20,24.169,58.243,92.008,50.323,74.789,0.484742
2025-01-01 02:28:21,22.356,56.313,91.018,51.562,76.403,0.50747
2025-01-01 02:28:22,22.412,55.517,92.939,49.518,76.096,0.527993
2025-01-01 02:28:23,23.414,55.313,92.447,50.235,75.67,0.491183
2025-01-01 02:28:24,23.95,55.213,94.088,50.57,76.625,0.496641
2025-01-01 02:28:25,23.238,53.326,92.829,50.404,73.838,0.466733
2025-01-01 02:28:26,23.649,54.477,91.603,50.058,75.405,0.472164
2025-01-01 02:28:27,22.158,55.127,92.29,49.891,75.041,0.514141
2025-01-01 02:28:28,22.913,54.513,92.423,50.587,75.207,0.489775
2025-01-01 02:28:29,22.232,54.634,93.166,49.994,75.994,0.522785
2025-01-01 02:28:30,23.566,57.768,93.328,50.568,75.129,0.50604
2025-01-01 02:28:31,22.409,54.948,91.848,50.052,78.276,0.529427
2025-01-01 02:28:32,22.551,55.469,90.8,50.201,76.848,0.508965
2025-01-01 02:28:33,23.454,55.424,90.168,50.531,75.396,0.468839
2025-01-01 02:28:34,23.735,55.762,90.889,49.319,74.304,0.470666
2025-01-01 02:28:35,23.132,54.687,91.445,50.396,75.736,0.484343
2025-01-01 02:28:36,23.504,56.403,93.55,49.329,76.085,0.516184
2025-01-01 02:28:37,23.496,55.591,93.575,48.277,75.763,0.51569
2025-01-01 02:28:38,23.127,53.853,93.026,49.078,79.62,0.532763
2025-01-01 02:28:39,22.695,55.024,93.308,48.707,74.629,0.514704
2025-01-01 02:28:40,23.533,54.952,91.384,49.529,76.721,0.491541
2025-01-01 02:28:41,23.565,54.899,90.59,48.944,76.549,0.487169
2025-01-01 02:28:42,23.714,55.619,91.113,49.219,76.452,0.490441
2025-01-01 02:28:43,23.431,55.738,90.101,49.873,74.469,0.4684
2025-01-01 02:28:44,22.7,55.613,91.038,50.194,76.791,0.50815
2025-01-01 02:28:45,23.638,55.429,91.664,49.185,77.106,0.500745
2025-01-01 02:28:46,23.3,55.17,92.355,49.764,77.788,0.51312
2025-01-01 02:28:47,23.069,52.927,92.344,48.699,77.563,0.507542
2025-01-01 02:28:48,23.172,55.85,91.539,47.536,78.492,0.537265
2025-01-01 02:28:49,22.983,55.555,92.82,47.788,74.622,0.51522
2025-01-01 02:28:50,23.782,54.077,91.603,48.521,76.844,0.489673
2025-01-01 02:28:51,22.638,55.337,92.307,49.26,80.179,0.552424
2025-01-01 02:28:52,22.859,55.699,91.211,48.416,78.494,0.534025
2025-01-01 02:28:53,23.201,56.218,93.435,49.466,75.526,0.515041
2025-01-01 02:28:54,24.182,55.553,92.394,49.93,77.425,0.492192
2025-01-01 02:28:55,23.912,55.36,93.079,47.701,76.111,0.507937
2025-01-01 02:28:56,22.574,55.981,91.212,50.059,76.899,0.516985
2025-01-01 02:28:57,24.081,54.724,92.632,47.0,79.866,0.532393
2025-01-01 02:28:58,24.09,55.439,93.06,49.735,78.666,0.510424
2025-01-01 02:28:59,22.838,54.402,90.475,48.178,75.742,0.497923
2025-01-01 02:29:00,22.175,56.131,93.719,47.967,76.697,0.560399
2025-01-01 02:29:01,23.41,53.408,91.334,48.097,77.667,0.500963
2025-01-01 02:29:02,24.018,55.832,92.828,47.413,77.399,0.520022
2025-01-01 02:29:03,24.263,55.03,94.44,49.205,78.143,0.513854
2025-01-01 02:29:04,23.043,55.975,93.642,47.4,76.888,0.545132
2025-01-01 02:29:05,24.365,54.228,91.234,47.454,77.429,0.487689
2025-01-01 02:29:06,22.386,55.096,92.583,46.753,76.976,0.550577
2025-01-01 02:29:07,23.327,55.065,94.033,47.224,77.529,0.541655
2025-01-01 02:29:08,23.313,55.437,92.022,47.201,78.867,0.540361
2025-01-01 02:29:09,24.109,53.955,92.519,47.1,78.43,0.512413
2025-01-01 02:29:10,24.194,55.638,92.532,47.527,77.284,0.510489
2025-01-01 02:29:11,24.033,53.155,93.532,46.729,79.536,0.528013
2025-01-01 02:29:12,22.892,54.332,91.467,48.851,79.506,0.530213
2025-01-01 02:29:13,24.011,53.437,93.674,47.408,78.28,0.516218
2025-01-01 02:29:14,23.846,55.828,92.47,47.785,78.024,0.523482
2025-01-01 02:29:15,22.767,55.4,93.126,48.131,80.501,0.567319
2025-01-01 02:29:16,22.582,55.457,92.959,49.018,80.367,0.562923
2025-01-01 02:29:17,24.146,56.475,93.83,48.082,76.674,0.518724
2025-01-01 02:29:18,23.549,54.686,93.257,47.114,79.978,0.548916
2025-01-01 02:29:19,23.009,55.613,94.768,46.412,80.666,0.589986
2025-01-01 02:29:20,23.56,55.071,94.366,47.499,79.438,0.552798
2025-01-01 02:29:21,23.858,54.92,92.631,48.037,78.143,0.516761
2025-01-01 02:29:22,23.648,56.315,94.843,47.261,78.342,0.55649
2025-01-01 02:29:23,22.926,57.092,93.849,47.16,80.863,0.591755
2025-01-01 02:29:24,24.657,54.581,93.752,47.239,79.866,0.525334
2025-01-01 02:29:25,24.229,55.848,94.484,45.534,79.574,0.560266
2025-01-01 02:29:26,23.572,55.336,92.649,47.109,81.771,0.563313
2025-01-01 02:29:27,23.605,55.351,92.366,47.54,77.816,0.524596
2025-01-01 02:29:28,23.946,55.27,93.826,46.881,78.97,0.54222
2025-01-01 02:29:29,23.214,54.693,93.251,47.78,79.361,0.54634
2025-01-01 02:29:30,23.954,51.445,95.989,47.772,78.933,0.523343
2025-01-01 02:29:31,23.14,56.569,93.209,46.408,77.032,0.552563
2025-01-01 02:29:32,23.784,54.343,94.072,47.13,80.5,0.551623
2025-01-01 02:29:33,23.248,54.8,94.283,46.778,78.448,0.55427
2025-01-01 02:29:34,23.287,54.826,95.383,45.088,78.48,0.574776
2025-01-01 02:29:35,24.683,54.267,93.218,46.529,79.027,0.516577
2025-01-01 02:29:36,23.903,55.296,92.662,45.822,79.236,0.54442
2025-01-01 02:29:37,23.991,55.017,95.731,46.723,79.421,0.558946
2025-01-01 02:29:38,22.896,54.35,94.48,47.132,80.777,0.576725
2025-01-01 02:29:39,23.617,55.221,95.273,46.383,81.078,0.581242
2025-01-01 02:29:40,24.16,55.045,95.385,45.808,79.419,0.559493
2025-01-01 02:29:41,24.041,56.011,95.623,46.687,79.067,0.561733
2025-01-01 02:29:42,22.881,53.749,94.281,48.428,79.685,0.5526
2025-01-01 02:29:43,24.075,54.291,94.077,44.708,78.821,0.548914
2025-01-01 02:29:44,24.17,55.828,92.797,46.606,79.914,0.543246
2025-01-01 02:29:45,24.643,54.47,93.866,45.96,78.867,0.526977
2025-01-01 02:29:46,23.688,54.213,94.991,46.03,82.61,0.585185
2025-01-01 02:29:47,22.909,54.534,94.297,46.263,80.265,0.57858
2025-01-01 02:29:48,23.546,55.03,93.927,46.049,79.521,0.560837
2025-01-01 02:29:49,23.51,55.042,95.189,46.783,81.068,0.578606
2025-01-01 02:29:50,24.442,54.937,96.552,46.087,78.797,0.554249
2025-01-01 02:29:51,22.73,54.127,95.225,44.53,79.476,0.592779
2025-01-01 02:29:52,23.879,55.937,94.22,47.264,80.893,0.564681
2025-01-01 02:29:53,24.831,56.498,96.698,47.124,80.601,0.565434
2025-01-01 02:29:54,24.137,53.27,94.724,45.717,81.751,0.561633
2025-01-01 02:29:55,24.596,53.636,97.052,46.225,77.272,0.531354
2025-01-01 02:29:56,23.343,56.202,95.383,47.142,81.583,0.593744
2025-01-01 02:29:57,23.378,56.778,95.825,46.979,80.004,0.588953
2025-01-01 02:29:58,24.912,53.089,97.358,47.223,79.306,0.531991
2025-01-01 02:29:59,24.26,56.043,94.521,46.422,78.696,0.547504
2025-01-01 02:30:00,24.276,56.876,94.899,46.725,80.151,0.565945
2025-01-01 02:30:01,23.681,54.386,95.699,47.223,82.78,0.58465
2025-01-01 02:30:02,24.306,56.838,95.963,45.809,82.089,0.595524
2025-01-01 02:30:03,23.698,55.091,98.823,46.425,82.941,0.619741
2025-01-01 02:30:04,24.88,55.595,95.372,44.345,80.897,0.570424
2025-01-01 02:30:05,25.666,54.572,95.034,44.789,81.215,0.542127
2025-01-01 02:30:06,24.56,56.304,95.482,46.444,79.246,0.554559
2025-01-01 02:30:07,24.016,56.149,96.729,46.558,79.299,0.574622
2025-01-01 02:30:08,23.082,57.051,97.07,45.719,81.072,0.624037
2025-01-01 02:30:09,23.523,56.778,95.951,45.537,79.65,0.594357
2025-01-01 02:30:10,25.158,55.341,96.76,45.732,80.326,0.558148
2025-01-01 02:30:11,23.882,58.471,98.766,46.165,81.459,0.629452
2025-01-01 02:30:12,24.227,56.726,96.937,44.157,82.987,0.622578
2025-01-01 02:30:13,24.756,55.928,97.305,46.377,81.525,0.580571
2025-01-01 02:30:14,25.185,54.404,98.956,46.028,79.934,0.562108
2025-01-01 02:30:15,24.361,53.884,96.452,46.199,79.432,0.551887
2025-01-01 02:30:16,24.274,53.982,96.469,45.901,81.815,0.576381
2025-01-01 02:30:17,24.528,54.507,96.847,44.894,80.968,0.578007
2025-01-01 02:30:18,24.195,56.832,96.872,45.123,81.915,0.608221
2025-01-01 02:30:19,24.238,55.956,95.664,47.222,81.582,0.573916
2025-01-01 02:30:20,24.747,54.869,97.707,45.491,81.795,0.584748
2025-01-01 02:30:21,24.65,55.361,97.871,46.655,83.373,0.595945
2025-01-01 02:30:22,25.639,55.254,97.553,45.147,83.247,0.581137
2025-01-01 02:30:23,24.809,56.327,98.072,46.006,82.477,0.59847
2025-01-01 02:30:24,25.182,54.663,98.168,45.671,81.011,0.56951
2025-01-01 02:30:25,24.087,55.906,96.68,45.8,81.475,0.59406
2025-01-01 02:30:26,24.901,55.872,98.371,45.766,83.103,0.602188
2025-01-01 02:30:27,24.294,54.739,98.727,47.201,83.8,0.605054
2025-01-01 02:30:28,24.869,57.192,96.658,47.597,80.76,0.567212
2025-01-01 02:30:29,25.032,55.324,99.805,46.255,84.172,0.611144
2025-01-01 02:30:30,24.73,54.643,97.193,45.745,81.453,0.574931
2025-01-01 02:30:31,25.925,56.505,97.378,45.024,83.241,0.58354
2025-01-01 02:30:32,25.452,55.723,98.806,44.981,85.85,0.619941
2025-01-01 02:30:33,25.343,56.094,99.226,47.272,80.63,0.569703
2025-01-01 02:30:34,25.153,54.518,99.557,44.951,83.194,0.602487
2025-01-01 02:30:35,25.669,56.532,99.428,45.789,82.26,0.59135
2025-01-01 02:30:36,24.085,57.909,98.436,46.28,83.222,0.63174
2025-01-01 02:30:37,25.506,54.491,99.152,44.091,81.991,0.588164
2025-01-01 02:30:38,24.341,56.126,98.815,45.189,79.807,0.597228
2025-01-01 02:30:39,24.572,55.004,99.394,45.136,81.926,0.605846
2025-01-01 02:30:40,25.151,58.497,99.377,45.693,83.295,0.62502
2025-01-01 02:30:41,25.504,57.066,98.892,46.452,84.546,0.608258
2025-01-01 02:30:42,24.327,56.127,99.139,47.087,83.461,0.615433
2025-01-01 02:30:43,24.664,54.635,97.722,45.755,84.789,0.607089
2025-01-01 02:30:44,24.986,54.896,100.494,45.938,82.476,0.603001
2025-01-01 02:30:45,24.86,56.647,100.05,46.234,82.425,0.612387
2025-01-01 02:30:46,25.397,54.558,97.534,45.709,83.573,0.579758
2025-01-01 02:30:47,26.705,54.608,100.723,46.711,82.758,0.561686
2025-01-01 02:30:48,25.213,55.968,99.966,46.76,84.601,0.612854
2025-01-01 02:30:49,24.653,56.112,99.171,44.249,81.613,0.614198
2025-01-01 02:30:50,24.389,56.379,99.171,46.964,84.38,0.624234
2025-01-01 02:30:51,24.891,55.579,99.597,46.581,84.84,0.617391
2025-01-01 02:30:52,24.6,56.959,99.443,46.714,83.873,0.623641
2025-01-01 02:30:53,25.321,55.198,99.666,47.479,84.575,0.597426
2025-01-01 02:30:54,25.33,56.707,102.252,45.135,82.745,0.629336
2025-01-01 02:30:55,24.889,56.315,101.012,45.589,82.57,0.622242
2025-01-01 02:30:56,26.129,56.722,102.765,46.568,84.034,0.616301
2025-01-01 02:30:57,24.786,57.325,101.043,44.798,82.788,0.63891
2025-01-01 02:30:58,25.11,55.709,101.485,46.517,84.058,0.621874
2025-01-01 02:30:59,25.506,55.525,100.113,47.396,84.103,0.595946
2025-01-01 02:31:00,25.649,54.519,100.914,47.069,83.702,0.590742
2025-01-01 02:31:01,25.859,54.21,101.089,46.849,84.164,0.590585
2025-01-01 02:31:02,25.451,56.075,101.878,46.634,84.629,0.623791
2025-01-01 02:31:03,25.778,56.166,101.296,46.513,83.789,0.607386
2025-01-01 02:31:04,24.937,55.209,101.785,46.502,83.378,0.618989
2025-01-01 02:31:05,25.745,55.447,101.836,47.11,84.978,0.612155
2025-01-01 02:31:06,25.755,57.864,101.305,45.723,84.359,0.630041
2025-01-01 02:31:07,26.075,57.239,101.289,48.172,84.613,0.603315
2025-01-01 02:31:08,24.501,55.125,101.113,46.449,84.811,0.634203
2025-01-01 02:31:09,24.898,55.967,102.951,47.524,84.329,0.633896
2025-01-01 02:31:10,25.78,56.839,101.652,47.182,83.777,0.609943
2025-01-01 02:31:11,24.059,55.83,102.369,46.235,83.489,0.648604
2025-01-01 02:31:12,25.647,55.671,101.97,48.232,84.162,0.602342
2025-01-01 02:31:13,25.947,56.165,103.275,48.104,84.884,0.615793
2025-01-01 02:31:14,25.145,57.618,100.309,46.024,84.978,0.63653
2025-01-01 02:31:15,25.235,57.733,102.685,47.264,84.554,0.64076
2025-01-01 02:31:16,24.929,55.84,101.212,47.532,84.841,0.623612
2025-01-01 02:31:17,25.221,57.061,102.942,45.752,83.129,0.637747
2025-01-01 02:31:18,25.252,56.618,102.489,45.756,83.934,0.636937
2025-01-01 02:31:19,25.173,55.641,101.241,46.83,85.332,0.626045
2025-01-01 02:31:20,25.162,56.377,103.14,46.491,83.563,0.633885
2025-01-01 02:31:21,25.411,55.435,103.11,46.752,84.768,0.629388
2025-01-01 02:31:22,25.421,57.887,102.737,46.583,84.695,0.644119
2025-01-01 02:31:23,26.516,58.302,102.946,47.581,84.531,0.617349
2025-01-01 02:31:24,25.397,56.364,103.294,47.012,85.516,0.641439
2025-01-01 02:31:25,25.782,56.151,104.393,48.664,85.008,0.624428
2025-01-01 02:31:26,25.338,57.881,102.981,47.965,83.332,0.627448
2025-01-01 02:31:27,25.347,58.068,104.389,48.505,85.421,0.651019
2025-01-01 02:31:28,24.806,55.763,103.419,46.567,84.225,0.643615
2025-01-01 02:31:29,24.888,56.756,104.832,47.464,83.229,0.645087
2025-01-01 02:31:30,25.086,56.871,103.381,48.125,85.788,0.646408
2025-01-01 02:31:31,25.797,56.186,103.029,48.428,83.506,0.604094
2025-01-01 02:31:32,26.258,57.369,102.676,47.598,84.534,0.614117
2025-01-01 02:31:33,24.843,56.31,103.818,47.766,85.343,0.649741
2025-01-01 02:31:34,25.477,56.496,103.137,47.904,84.933,0.628848
2025-01-01 02:31:35,25.083,56.962,105.411,48.031,84.301,0.650882
2025-01-01 02:31:36,25.65,55.601,103.212,50.052,83.887,0.595785
2025-01-01 02:31:37,26.335,55.061,103.47,48.623,84.196,0.591763
2025-01-01 02:31:38,25.589,58.063,104.816,48.457,83.844,0.63733
2025-01-01 02:31:39,25.804,56.432,105.496,47.471,85.013,0.642292
2025-01-01 02:31:40,26.571,59.335,105.116,47.543,84.538,0.639582
2025-01-01 02:31:41,26.087,59.199,105.518,48.414,83.565,0.638071
2025-01-01 02:31:42,25.493,56.749,104.453,49.542,84.899,0.628146
2025-01-01 02:31:43,25.968,59.622,104.54,48.532,84.5,0.642791
2025-01-01 02:31:44,25.489,58.249,106.69,48.621,85.62,0.666235
2025-01-01 02:31:45,26.128,56.694,106.44,48.205,85.758,0.644821
2025-01-01 02:31:46,26.19,54.786,105.535,47.461,86.959,0.638198
2025-01-01 02:31:47,25.264,58.084,105.998,49.259,86.15,0.664515
2025-01-01 02:31:48,26.05,57.456,105.82,48.761,84.091,0.630565
2025-01-01 02:31:49,25.918,57.885,103.825,49.377,82.813,0.607292
2025-01-01 02:31:50,26.263,57.253,105.06,49.199,83.621,0.612246
2025-01-01 02:31:51,26.421,56.367,106.665,48.36,84.863,0.630114
2025-01-01 02:31:52,26.259,57.113,105.956,49.367,83.559,0.616297
2025-01-01 02:31:53,25.883,58.276,105.239,48.21,84.771,0.644578
2025-01-01 02:31:54,26.515,57.244,106.878,49.473,85.571,0.633525
2025-01-01 02:31:55,25.626,57.267,105.804,49.305,84.877,0.640248
2025-01-01 02:31:56,25.416,56.138,106.255,50.645,85.908,0.638695
2025-01-01 02:31:57,24.493,57.778,105.938,48.775,84.863,0.671145
2025-01-01 02:31:58,26.07,56.604,106.168,48.464,84.698,0.633513
2025-01-01 02:31:59,25.708,58.664,106.303,49.252,87.681,0.672979
2025-01-01 02:32:00,26.331,57.041,107.052,50.126,85.611,0.632985
2025-01-01 02:32:01,25.16,57.51,107.243,47.458,85.803,0.680684
2025-01-01 02:32:02,25.836,59.999,105.423,50.453,86.699,0.657894
2025-01-01 02:32:03,26.408,57.559,106.29,49.643,86.756,0.641637
2025-01-01 02:32:04,25.672,57.455,107.264,48.954,85.281,0.656478
2025-01-01 02:32:05,26.405,58.512,105.92,49.63,86.991,0.647507
2025-01-01 02:32:06,25.935,56.171,104.801,49.388,85.213,0.62085
2025-01-01 02:32:07,26.21,59.238,105.258,49.058,86.987,0.655585
2025-01-01 02:32:08,26.537,59.011,105.383,48.545,84.301,0.631177
2025-01-01 02:32:09,26.729,58.572,105.82,50.737,85.428,0.620643
2025-01-01 02:32:10,26.312,54.702,105.587,49.762,86.077,0.612371
2025-01-01 02:32:11,25.871,57.85,107.416,49.954,86.257,0.656734
2025-01-01 02:32:12,26.062,56.868,106.163,51.0,84.824,0.618658
2025-01-01 02:32:13,26.622,59.296,107.754,50.425,83.87,0.632139
2025-01-01 02:32:14,25.806,59.255,105.414,49.19,86.413,0.659795
2025-01-01 02:32:15,26.24,58.622,106.241,51.033,85.624,0.63381
2025-01-01 02:32:16,26.148,57.062,106.749,51.738,85.414,0.621927
2025-01-01 02:32:17,26.302,59.791,107.504,51.01,87.879,0.666718
2025-01-01 02:32:18,25.861,58.065,107.886,49.972,85.552,0.656285
2025-01-01 02:32:19,25.452,60.164,106.251,49.542,85.293,0.668135
2025-01-01 02:32:20,26.65,58.656,107.829,50.055,83.762,0.629379
2025-01-01 02:32:21,26.884,58.929,105.2,50.915,84.631,0.607719
2025-01-01 02:32:22,25.518,57.994,107.798,52.029,86.99,0.659038
2025-01-01 02:32:23,26.61,59.893,105.63,50.336,85.076,0.631091
2025-01-01 02:32:24,26.979,59.126,107.461,50.48,86.707,0.642907
2025-01-01 02:32:25,26.747,59.992,108.185,51.872,84.409,0.631619
2025-01-01 02:32:26,26.252,58.759,107.985,50.762,84.923,0.64356
2025-01-01 02:32:27,26.0,58.566,105.499,52.535,84.898,0.616814
2025-01-01 02:32:28,26.523,59.24,106.731,51.1,86.549,0.642385
2025-01-01 02:32:29,26.618,60.12,107.934,52.207,85.727,0.641205
2025-01-01 02:32:30,26.553,59.726,107.943,51.633,84.652,0.635603
2025-01-01 02:32:31,26.426,58.88,107.568,51.947,86.846,0.644368
2025-01-01 02:32:32,25.985,56.917,105.126,51.293,86.585,0.624744
2025-01-01 02:32:33,26.749,59.617,108.561,51.398,86.403,0.650249
2025-01-01 02:32:34,26.783,57.4,108.774,51.876,86.351,0.632067
2025-01-01 02:32:35,26.659,58.906,107.594,52.232,84.973,0.62341
2025-01-01 02:32:36,26.624,58.788,107.692,52.066,87.51,0.644774
2025-01-01 02:32:37,27.419,57.518,107.998,50.283,85.879,0.621343
2025-01-01 02:32:38,26.277,59.341,108.986,51.955,86.322,0.656599
2025-01-01 02:32:39,27.24,61.156,107.806,51.275,86.459,0.646583
2025-01-01 02:32:40,26.242,58.722,107.393,51.414,84.865,0.634274
2025-01-01 02:32:41,27.174,59.833,107.993,52.267,88.273,0.647231
2025-01-01 02:32:42,27.246,61.455,107.627,53.31,85.963,0.629341
2025-01-01 02:32:43,26.492,59.995,107.665,51.815,86.033,0.646054
2025-01-01 02:32:44,27.478,58.52,105.924,53.629,85.495,0.584671
2025-01-01 02:32:45,26.892,59.435,108.236,51.222,87.367,0.652282
2025-01-01 02:32:46,26.228,59.712,108.908,53.133,87.414,0.659787
2025-01-01 02:32:47,26.489,60.698,108.779,52.54,86.169,0.654915
2025-01-01 02:32:48,27.251,60.511,108.731,52.41,84.215,0.623343
2025-01-01 02:32:49,27.155,56.56,107.747,53.397,85.771,0.595175
2025-01-01 02:32:50,26.174,58.507,107.965,51.828,85.885,0.643326
2025-01-01 02:32:51,26.642,59.326,109.029,53.405,85.415,0.632401
2025-01-01 02:32:52,26.822,58.414,108.722,52.262,84.77,0.622972
2025-01-01 02:32:53,26.474,55.762,109.358,51.96,84.077,0.612944
2025-01-01 02:32:54,27.916,58.77,107.214,51.457,87.7,0.619893
2025-01-01 02:32:55,26.862,59.525,107.222,53.831,86.816,0.623911
2025-01-01 02:32:56,26.722,59.037,107.582,53.519,85.959,0.621546
2025-01-01 02:32:57,27.356,58.598,106.984,52.267,85.129,0.602784
2025-01-01 02:32:58,26.586,59.67,106.617,53.128,86.331,0.627454
2025-01-01 02:32:59,27.28,60.005,108.418,52.835,86.133,0.62887
2025-01-01 02:33:00,25.95,59.226,108.359,52.493,85.396,0.64739
2025-01-01 02:33:01,26.565,61.1,108.213,53.588,86.334,0.646192
2025-01-01 02:33:02,27.323,59.819,108.328,52.356,86.47,0.631977
2025-01-01 02:33:03,27.591,58.923,106.518,51.143,86.667,0.616833
2025-01-01 02:33:04,26.427,58.704,107.507,53.143,84.764,0.618177
2025-01-01 02:33:05,26.375,59.648,107.698,53.027,86.334,0.640278
2025-01-01 02:33:06,27.111,61.008,108.044,52.537,87.216,0.647044
2025-01-01 02:33:07,26.522,59.104,106.538,52.335,86.145,0.628367
2025-01-01 02:33:08,26.706,60.557,107.072,51.838,88.424,0.659222
2025-01-01 02:33:09,27.285,60.089,107.564,52.831,85.543,0.618506
2025-01-01 02:33:10,26.581,62.021,109.058,52.457,83.683,0.64576
2025-01-01 02:33:11,25.877,60.452,108.26,53.963,84.709,0.641265
2025-01-01 02:33:12,26.215,59.396,109.018,53.639,84.908,0.636173
2025-01-01 02:33:13,26.876,60.864,107.87,52.872,86.365,0.640841
2025-01-01 02:33:14,25.945,60.931,107.989,53.71,86.675,0.657848
2025-01-01 02:33:15,26.734,59.798,108.482,53.238,85.822,0.634101
2025-01-01 02:33:16,26.192,59.064,107.8,53.14,85.992,0.637348
2025-01-01 02:33:17,27.714,60.797,107.345,53.343,87.92,0.627833
2025-01-01 02:33:18,27.982,60.358,106.472,54.834,84.605,0.575208
2025-01-01 02:33:19,26.375,58.811,107.354,53.961,85.495,0.618867
2025-01-01 02:33:20,27.038,60.616,108.778,53.236,85.02,0.629401
2025-01-01 02:33:21,26.434,59.757,109.192,54.218,84.133,0.62531
2025-01-01 02:33:22,26.764,58.912,107.146,54.216,83.091,0.588658
2025-01-01 02:33:23,27.825,60.109,106.172,53.764,87.055,0.60207
2025-01-01 02:33:24,26.695,61.777,108.818,53.319,84.56,0.640785
2025-01-01 02:33:25,26.789,61.735,107.946,53.291,85.154,0.637002
2025-01-01 02:33:26,26.465,61.507,106.513,52.771,85.949,0.641529
2025-01-01 02:33:27,27.514,60.863,104.733,53.799,83.98,0.578402
2025-01-01 02:33:28,25.313,61.222,106.862,53.19,84.383,0.650976
2025-01-01 02:33:29,26.727,60.758,107.343,53.351,85.334,0.628099
2025-01-01 02:33:30,26.929,59.587,106.635,54.221,84.81,0.599895
2025-01-01 02:33:31,26.625,59.82,108.457,55.092,83.779,0.60727
2025-01-01 02:33:32,27.391,60.151,106.931,54.061,86.013,0.606963
2025-01-01 02:33:33,27.563,62.193,107.733,53.697,84.702,0.615989
2025-01-01 02:33:34,26.26,61.901,110.071,53.784,85.396,0.662562
2025-01-01 02:33:35,28.015,59.777,107.79,54.727,85.274,0.58646
2025-01-01 02:33:36,26.26,60.943,107.531,54.143,86.342,0.642756
2025-01-01 02:33:37,27.619,60.52,107.527,54.004,85.574,0.606073
2025-01-01 02:33:38,27.052,60.8,108.262,54.076,84.087,0.613366
2025-01-01 02:33:39,26.727,60.452,108.109,52.736,86.488,0.644673
2025-01-01 02:33:40,26.777,62.427,106.531,54.205,84.496,0.620275
2025-01-01 02:33:41,26.967,61.035,107.093,53.205,84.058,0.614152
2025-01-01 02:33:42,27.09,61.302,106.806,54.233,83.851,0.602291
2025-01-01 02:33:43,26.528,61.343,107.158,53.34,82.163,0.610253
2025-01-01 02:33:44,26.873,60.123,109.235,54.412,84.214,0.618188
2025-01-01 02:33:45,26.606,61.292,107.991,53.826,85.389,0.636181
2025-01-01 02:33:46,26.385,62.278,107.259,53.041,83.247,0.631243
2025-01-01 02:33:47,26.585,62.721,108.548,53.732,86.9,0.662416
2025-01-01 02:33:48,26.42,60.132,107.455,55.737,82.128,0.588547
2025-01-01 02:33:49,26.786,59.794,105.591,52.16,83.845,0.603752
2025-01-01 02:33:50,27.213,61.407,108.854,54.117,82.966,0.609462
2025-01-01 02:33:51,27.058,62.486,106.995,53.18,85.82,0.635637
2025-01-01 02:33:52,27.986,61.768,104.855,55.094,85.467,0.578212
2025-01-01 02:33:53,25.894,62.121,105.47,54.649,84.33,0.624569
2025-01-01 02:33:54,27.234,60.112,108.155,54.147,82.909,0.593799
2025-01-01 02:33:55,27.003,60.932,105.401,54.733,83.142,0.581566
2025-01-01 02:33:56,27.408,59.34,108.29,54.196,84.845,0.60065
2025-01-01 02:33:57,27.358,61.425,106.977,54.005,83.697,0.599087
2025-01-01 02:33:58,26.917,59.435,107.565,53.52,83.798,0.602982
2025-01-01 02:33:59,27.086,62.964,106.547,53.708,84.348,0.61998
2025-01-01 02:34:00,26.627,63.217,107.28,53.623,83.904,0.633914
2025-01-01 02:34:01,27.305,61.834,107.026,53.999,82.262,0.592074
2025-01-01 02:34:02,26.058,60.213,106.622,52.473,82.727,0.618875
2025-01-01 02:34:03,27.385,62.132,105.545,54.805,82.718,0.579086
2025-01-01 02:34:04,26.984,63.647,106.919,55.533,83.375,0.609099
2025-01-01 02:34:05,26.751,62.294,104.692,53.623,84.317,0.608988
2025-01-01 02:34:06,26.877,63.035,107.388,54.901,84.229,0.62173
2025-01-01 02:34:07,26.912,61.395,106.601,53.846,85.555,0.621472
2025-01-01 02:34:08,27.639,61.04,106.814,53.462,82.403,0.582454
2025-01-01 02:34:09,28.606,61.871,103.679,53.629,84.419,0.55849
2025-01-01 02:34:10,27.597,60.046,105.115,53.992,83.067,0.564628
2025-01-01 02:34:11,26.702,64.268,105.679,53.335,86.34,0.648758
2025-01-01 02:34:12,27.298,62.174,106.801,54.385,83.802,0.60256
2025-01-01 02:34:13,27.317,62.931,105.127,53.471,83.213,0.596908
2025-01-01 02:34:14,26.516,61.633,108.56,53.014,84.175,0.640798
2025-01-01 02:34:15,26.345,60.582,105.69,53.842,84.04,0.609115
2025-01-01 02:34:16,26.941,63.581,104.877,53.287,83.305,0.609848
2025-01-01 02:34:17,27.374,61.061,105.646,53.564,84.431,0.59517
2025-01-01 02:34:18,26.161,62.564,104.821,53.766,85.488,0.632511
2025-01-01 02:34:19,26.604,62.688,104.525,52.719,84.734,0.623384
2025-01-01 02:34:20,27.247,62.349,106.658,54.94,83.41,0.596701
2025-01-01 02:34:21,26.979,61.52,106.097,54.403,85.677,0.614243
2025-01-01 02:34:22,27.662,62.184,106.036,53.229,84.079,0.599562
2025-01-01 02:34:23,26.245,61.413,106.732,53.697,82.139,0.610905
2025-01-01 02:34:24,28.123,63.202,105.876,54.199,83.478,0.583842
2025-01-01 02:34:25,26.174,62.993,104.256,53.835,83.107,0.611981
2025-01-01 02:34:26,25.924,62.429,105.966,55.149,82.672,0.613182
2025-01-01 02:34:27,26.905,61.911,104.063,53.43,83.653,0.594283
2025-01-01 02:34:28,26.363,64.616,104.644,54.548,80.975,0.600363
2025-01-01 02:34:29,26.907,61.235,105.007,52.503,85.108,0.614696
2025-01-01 02:34:30,26.885,61.022,104.837,52.6,83.872,0.601861
2025-01-01 02:34:31,26.819,62.513,103.123,54.866,80.881,0.560371
2025-01-01 02:34:32,26.491,62.365,103.876,53.145,83.764,0.608027
2025-01-01 02:34:33,27.123,63.749,104.75,52.528,83.529,0.613389
2025-01-01 02:34:34,26.743,63.326,104.09,53.395,84.708,0.616748
2025-01-01 02:34:35,27.449,62.737,105.755,54.415,84.971,0.604639
2025-01-01 02:34:36,26.801,63.236,105.853,52.762,85.125,0.635492
2025-01-01 02:34:37,26.404,63.246,103.362,53.309,82.473,0.600912
2025-01-01 02:34:38,26.036,64.895,104.468,51.827,83.407,0.646102
2025-01-01 02:34:39,26.789,63.072,105.917,52.903,82.133,0.610663
2025-01-01 02:34:40,26.234,62.165,104.125,54.043,83.834,0.608098
2025-01-01 02:34:41,26.188,63.072,103.777,52.584,80.018,0.592996
2025-01-01 02:34:42,27.12,60.282,104.968,52.159,81.032,0.572606
2025-01-01 02:34:43,25.962,62.895,103.757,52.521,81.992,0.612659
2025-01-01 02:34:44,27.55,64.048,105.225,52.618,82.391,0.600214
2025-01-01 02:34:45,26.917,63.584,103.282,53.682,82.609,0.590022
2025-01-01 02:34:46,26.809,63.307,103.324,53.337,83.892,0.603468
2025-01-01 02:34:47,26.307,63.684,104.51,53.454,81.533,0.6062
2025-01-01 02:34:48,27.199,64.165,103.742,52.98,80.712,0.581339
2025-01-01 02:34:49,26.809,64.513,103.67,52.422,81.747,0.604168
2025-01-01 02:34:50,26.46,63.561,101.573,52.258,81.434,0.587747
2025-01-01 02:34:51,26.896,62.824,103.048,53.185,82.774,0.588144
2025-01-01 02:34:52,25.947,60.852,104.185,54.07,83.889,0.605559
2025-01-01 02:34:53,25.963,64.17,102.456,52.005,83.73,0.629333
2025-01-01 02:34:54,26.213,63.732,103.859,51.901,83.263,0.628351
2025-01-01 02:34:55,26.94,63.395,103.345,51.765,81.221,0.591346
2025-01-01 02:34:56,26.756,62.58,102.795,53.296,81.659,0.577648
2025-01-01 02:34:57,27.274,64.258,104.27,52.554,82.31,0.60035
2025-01-01 02:34:58,26.281,63.061,102.489,52.988,80.824,0.584707
2025-01-01 02:34:59,27.02,63.308,102.476,52.093,80.883,0.577239
2025-01-01 02:35:00,26.668,63.312,102.451,52.949,82.093,0.588353
2025-01-01 02:35:01,26.245,63.842,102.659,52.179,79.954,0.591323
2025-01-01 02:35:02,26.9,62.268,103.261,51.127,82.85,0.601113
2025-01-01 02:35:03,26.666,64.003,100.937,53.055,81.004,0.572308
2025-01-01 02:35:04,26.375,62.744,103.192,52.241,82.082,0.601199
2025-01-01 02:35:05,26.702,62.803,102.307,51.974,81.628,0.586148
2025-01-01 02:35:06,26.607,64.398,102.708,52.4,82.832,0.609287
2025-01-01 02:35:07,26.586,62.541,104.46,50.971,78.72,0.586878
2025-01-01 02:35:08,26.447,64.443,101.47,52.423,82.733,0.602867
2025-01-01 02:35:09,25.991,63.684,100.671,51.552,82.653,0.606858
2025-01-01 02:35:10,26.672,61.958,102.003,51.855,81.451,0.577763
2025-01-01 02:35:11,26.223,64.994,102.075,52.841,81.685,0.604796
2025-01-01 02:35:12,26.105,63.962,102.507,52.393,81.722,0.606682
2025-01-01 02:35:13,26.485,64.069,101.01,51.688,79.871,0.578124
2025-01-01 02:35:14,26.962,64.705,100.631,51.697,80.963,0.578221
2025-01-01 02:35:15,26.678,65.219,99.841,49.678,81.912,0.60444
2025-01-01 02:35:16,26.309,63.943,99.918,51.017,78.645,0.567643
2025-01-01 02:35:17,26.279,64.381,100.782,51.756,81.301,0.594232
2025-01-01 02:35:18,26.872,64.157,100.994,50.959,80.786,0.582913
2025-01-01 02:35:19,25.345,63.465,103.087,50.456,81.381,0.634528
2025-01-01 02:35:20,26.931,62.246,99.241,51.849,79.047,0.533105
2025-01-01 02:35:21,25.585,64.065,101.181,52.456,79.627,0.59148
2025-01-01 02:35:22,25.803,65.25,100.031,50.78,78.789,0.592043
2025-01-01 02:35:23,26.243,64.476,100.891,52.004,78.722,0.573846
2025-01-01 02:35:24,27.574,62.846,100.027,51.829,81.353,0.548538
2025-01-01 02:35:25,27.317,65.032,101.527,50.414,79.595,0.577922
2025-01-01 02:35:26,26.82,63.645,101.432,50.558,79.452,0.575737
2025-01-01 02:35:27,26.633,61.883,100.201,52.528,81.501,0.559699
2025-01-01 02:35:28,25.513,65.013,101.664,50.137,79.726,0.620815
2025-01-01 02:35:29,26.511,63.07,100.896,50.488,81.24,0.589243
2025-01-01 02:35:30,26.146,65.815,101.44,52.492,78.77,0.586751
2025-01-01 02:35:31,26.0,65.202,99.915,50.409,79.559,0.595418
2025-01-01 02:35:32,26.474,63.846,100.821,51.89,78.833,0.565312
2025-01-01 02:35:33,26.149,64.552,99.012,49.934,80.523,0.591861
2025-01-01 02:35:34,26.807,66.536,98.822,50.806,79.562,0.576354
2025-01-01 02:35:35,25.393,65.131,101.783,51.508,80.634,0.622501
2025-01-01 02:35:36,26.386,64.388,98.428,50.209,79.885,0.573879
2025-01-01 02:35:37,25.896,67.057,98.989,50.606,77.312,0.584598
2025-01-01 02:35:38,26.119,64.304,97.439,51.065,79.276,0.560282
2025-01-01 02:35:39,26.463,64.786,98.402,49.691,77.696,0.560805
2025-01-01 02:35:40,25.74,63.286,98.166,52.148,79.9,0.563875
2025-01-01 02:35:41,26.368,62.565,98.401,51.129,80.096,0.555577
2025-01-01 02:35:42,26.167,63.97,99.283,49.956,80.166,0.586267
2025-01-01 02:35:43,25.93,64.314,99.436,49.997,79.174,0.58678
2025-01-01 02:35:44,26.012,64.622,97.8,51.657,77.309,0.547217
2025-01-01 02:35:45,26.157,62.89,97.93,49.787,79.465,0.563762
2025-01-01 02:35:46,25.837,64.987,99.715,49.636,79.648,0.602184
2025-01-01 02:35:47,26.211,63.512,100.249,50.873,78.886,0.572202
2025-01-01 02:35:48,26.055,64.968,99.713,48.779,79.154,0.599537
2025-01-01 02:35:49,25.875,65.31,96.723,49.78,76.732,0.55622
2025-01-01 02:35:50,26.962,63.996,99.472,49.852,79.023,0.561846
2025-01-01 02:35:51,26.361,63.443,100.05,49.165,78.76,0.578363
2025-01-01 02:35:52,25.949,65.967,96.414,48.419,77.381,0.572411
2025-01-01 02:35:53,26.199,65.311,99.106,49.669,79.417,0.589997
2025-01-01 02:35:54,25.599,64.606,98.163,50.108,78.136,0.577247
2025-01-01 02:35:55,25.88,65.937,97.524,48.957,78.951,0.590942
2025-01-01 02:35:56,25.925,64.567,97.872,48.5,79.209,0.588054
2025-01-01 02:35:57,25.447,63.878,98.124,50.392,78.965,0.579614
2025-01-01 02:35:58,26.25,63.511,98.754,49.754,76.908,0.551864
2025-01-01 02:35:59,25.789,64.419,98.617,48.985,78.003,0.582296
2025-01-01 02:36:00,25.85,65.313,95.92,49.955,80.967,0.583933
2025-01-01 02:36:01,25.729,65.945,96.694,49.356,80.034,0.593836
2025-01-01 02:36:02,27.479,64.592,97.353,50.538,79.308,0.535625
2025-01-01 02:36:03,25.653,65.795,98.748,49.583,78.584,0.59658
2025-01-01 02:36:04,24.936,64.381,94.366,47.884,77.017,0.568359
2025-01-01 02:36:05,25.156,63.827,96.4,48.414,77.956,0.578769
2025-01-01 02:36:06,26.321,63.315,95.4,48.397,77.592,0.538588
2025-01-01 02:36:07,26.594,64.127,95.477,49.079,77.945,0.536965
2025-01-01 02:36:08,25.57,63.377,97.75,48.534,76.26,0.561929
2025-01-01 02:36:09,26.536,66.668,96.152,47.82,79.09,0.580927
2025-01-01 02:36:10,26.252,65.11,94.269,49.139,74.669,0.514899
2025-01-01 02:36:11,25.772,64.586,96.364,49.414,78.871,0.570631
2025-01-01 02:36:12,25.721,66.416,98.479,48.479,78.843,0.607561
2025-01-01 02:36:13,25.927,63.403,94.557,48.675,80.533,0.563669
2025-01-01 02:36:14,26.26,64.579,96.817,47.681,77.39,0.563925
2025-01-01 02:36:15,26.005,66.727,97.774,47.984,77.016,0.5873
2025-01-01 02:36:16,25.452,64.594,96.079,47.965,77.734,0.576908
2025-01-01 02:36:17,25.688,67.195,97.978,48.745,78.212,0.603191
2025-01-01 02:36:18,26.751,65.544,95.314,48.451,77.382,0.542774
2025-01-01 02:36:19,25.87,66.075,97.343,47.932,76.021,0.574519
2025-01-01 02:36:20,26.164,66.114,97.031,47.849,78.062,0.583172
2025-01-01 02:36:21,25.983,64.79,95.713,46.52,77.342,0.571264
2025-01-01 02:36:22,25.835,64.31,94.183,49.329,76.084,0.52797
2025-01-01 02:36:23,25.737,64.692,94.594,46.326,75.296,0.55204
2025-01-01 02:36:24,26.115,63.829,93.178,48.283,80.16,0.551849
2025-01-01 02:36:25,26.01,64.759,96.043,47.927,78.147,0.569211
2025-01-01 02:36:26,25.767,64.829,95.85,47.636,77.772,0.57269
2025-01-01 02:36:27,25.272,66.531,95.383,47.794,76.915,0.584313
2025-01-01 02:36:28,25.796,65.444,95.109,47.222,77.834,0.574428
2025-01-01 02:36:29,25.554,67.221,96.518,48.228,75.696,0.578755
2025-01-01 02:36:30,25.417,62.707,95.388,46.608,77.151,0.563726
2025-01-01 02:36:31,26.895,63.657,94.466,47.875,77.157,0.521282
2025-01-01 02:36:32,24.77,64.526,95.098,47.025,75.586,0.573318
2025-01-01 02:36:33,26.003,66.381,96.93,47.181,76.647,0.581288
2025-01-01 02:36:34,25.076,64.786,95.437,47.158,76.232,0.575364
2025-01-01 02:36:35,25.557,63.434,94.357,47.301,75.765,0.541491
2025-01-01 02:36:36,26.759,64.663,94.636,47.792,75.989,0.524103
2025-01-01 02:36:37,24.978,63.717,95.078,47.318,74.543,0.551872
2025-01-01 02:36:38,25.081,63.527,94.128,48.051,77.822,0.562399
2025-01-01 02:36:39,25.418,66.925,93.975,48.098,78.377,0.58293
2025-01-01 02:36:40,24.986,64.58,94.409,47.468,75.346,0.558414
2025-01-01 02:36:41,25.836,65.11,95.876,47.726,77.746,0.572555
2025-01-01 02:36:42,25.11,64.85,95.085,48.76,76.332,0.561416
2025-01-01 02:36:43,25.688,64.696,93.823,45.97,76.315,0.558229
2025-01-01 02:36:44,24.68,64.111,95.04,47.922,74.73,0.558184
2025-01-01 02:36:45,24.425,64.646,94.119,48.259,75.572,0.56513
2025-01-01 02:36:46,25.197,65.298,94.395,47.332,76.838,0.572166
2025-01-01 02:36:47,24.511,66.384,94.245,48.471,74.986,0.570633
2025-01-01 02:36:48,26.038,65.916,91.823,48.33,75.225,0.517362
2025-01-01 02:36:49,24.497,63.753,90.828,46.606,75.464,0.542859
2025-01-01 02:36:50,24.727,65.964,94.045,46.631,71.944,0.549823
2025-01-01 02:36:51,25.436,65.454,92.91,47.23,76.386,0.55366
2025-01-01 02:36:52,24.919,64.357,92.068,46.272,76.716,0.560324
2025-01-01 02:36:53,24.437,65.167,92.831,48.907,76.349,0.560393
2025-01-01 02:36:54,26.199,65.559,94.524,47.336,77.003,0.554219
2025-01-01 02:36:55,24.662,65.036,93.904,46.71,75.299,0.570289
2025-01-01 02:36:56,25.048,65.472,94.266,45.513,77.967,0.598077
2025-01-01 02:36:57,25.025,64.13,93.896,46.812,74.741,0.55014
2025-01-01 02:36:58,25.468,66.988,92.474,45.632,75.447,0.56502
2025-01-01 02:36:59,25.327,63.067,94.119,47.159,75.29,0.539167
2025-01-01 02:37:00,24.666,65.575,93.88,44.521,75.864,0.594484
2025-01-01 02:37:01,24.9,65.365,93.128,47.602,75.316,0.555027
2025-01-01 02:37:02,24.933,65.642,93.257,46.129,75.443,0.56926
2025-01-01 02:37:03,25.404,64.291,93.945,45.088,74.715,0.555852
2025-01-01 02:37:04,24.429,66.169,92.357,46.403,74.967,0.571459
2025-01-01 02:37:05,26.005,64.892,94.15,46.404,72.776,0.522623
2025-01-01 02:37:06,24.6,63.814,93.583,46.315,76.385,0.57198
2025-01-01 02:37:07,24.959,63.905,92.977,47.447,74.161,0.533292
2025-01-01 02:37:08,24.366,65.124,94.464,46.625,74.764,0.577973
2025-01-01 02:37:09,24.281,63.401,91.598,46.935,74.046,0.536861
2025-01-01 02:37:10,24.476,66.797,92.391,46.078,75.968,0.585791
2025-01-01 02:37:11,24.411,66.045,92.13,46.598,74.599,0.564738
2025-01-01 02:37:12,24.673,66.821,93.132,45.19,72.286,0.563806
2025-01-01 02:37:13,24.374,66.714,93.918,46.424,75.522,0.592845
2025-01-01 02:37:14,25.194,64.639,91.716,45.593,74.256,0.53831
2025-01-01 02:37:15,24.438,64.119,95.969,47.238,75.092,0.578696
2025-01-01 02:37:16,24.366,62.308,91.965,46.226,76.088,0.551816
2025-01-01 02:37:17,24.6,64.577,92.955,46.68,73.873,0.549463
2025-01-01 02:37:18,25.276,66.746,92.564,46.344,74.966,0.558971
2025-01-01 02:37:19,24.871,64.15,92.575,47.565,74.071,0.532323
2025-01-01 02:37:20,24.697,64.764,91.705,44.858,76.151,0.571241
2025-01-01 02:37:21,24.014,64.416,93.534,46.003,75.032,0.580178
2025-01-01 02:37:22,24.143,65.342,91.584,45.314,74.881,0.573061
2025-01-01 02:37:23,24.058,66.249,90.64,44.431,73.391,0.568685
2025-01-01 02:37:24,25.334,63.42,91.259,45.241,75.752,0.53756
2025-01-01 02:37:25,24.93,63.607,93.8,46.989,75.876,0.555681
2025-01-01 02:37:26,24.217,66.437,93.58,46.018,73.877,0.581334
2025-01-01 02:37:27,24.35,65.678,90.297,45.859,74.954,0.55767
2025-01-01 02:37:28,24.203,64.681,93.094,46.646,75.448,0.573285
2025-01-01 02:37:29,24.156,66.642,90.276,46.113,77.378,0.586747
2025-01-01 02:37:30,24.813,63.564,92.208,46.506,75.16,0.543337
2025-01-01 02:37:31,24.423,65.855,91.007,46.269,74.665,0.557416
2025-01-01 02:37:32,25.591,64.85,93.086,46.441,74.454,0.53697
2025-01-01 02:37:33,25.159,65.518,92.73,45.644,74.501,0.555134
2025-01-01 02:37:34,25.173,62.518,93.137,46.84,75.514,0.53515
2025-01-01 02:37:35,24.837,64.638,91.845,45.031,73.511,0.54531
2025-01-01 02:37:36,24.274,65.629,91.933,45.931,75.666,0.576811
2025-01-01 02:37:37,24.768,64.822,90.61,46.878,72.675,0.517882
2025-01-01 02:37:38,24.279,66.133,91.065,45.878,75.302,0.571191
2025-01-01 02:37:39,25.252,66.092,93.031,45.659,75.614,0.568639
2025-01-01 02:37:40,24.623,63.904,92.437,47.837,75.427,0.544166
2025-01-01 02:37:41,24.537,65.679,92.163,47.144,74.763,0.556821
2025-01-01 02:37:42,24.453,63.854,93.31,46.127,74.892,0.562602
2025-01-01 02:37:43,25.244,64.893,90.739,45.243,73.918,0.531316
2025-01-01 02:37:44,23.641,65.486,92.751,44.397,73.029,0.585672
2025-01-01 02:37:45,25.261,63.986,90.844,46.599,74.66,0.520987
2025-01-01 02:37:46,24.233,65.599,93.495,47.052,74.425,0.571091
2025-01-01 02:37:47,23.608,64.298,92.556,46.364,75.432,0.581384
2025-01-01 02:37:48,23.919,64.213,92.972,44.688,74.137,0.578833
2025-01-01 02:37:49,23.454,65.491,91.303,46.195,74.48,0.577428
2025-01-01 02:37:50,24.591,63.939,94.184,45.688,74.618,0.567875
2025-01-01 02:37:51,23.729,63.878,93.999,46.218,74.944,0.58372
2025-01-01 02:37:52,24.317,65.795,92.43,47.656,75.38,0.565877
2025-01-01 02:37:53,24.785,64.852,93.176,46.746,73.082,0.542073
2025-01-01 02:37:54,23.866,63.279,91.7,46.59,75.054,0.55687
2025-01-01 02:37:55,24.053,65.578,90.736,46.107,73.981,0.557055
2025-01-01 02:37:56,23.52,64.305,92.804,46.491,74.955,0.580436
2025-01-01 02:37:57,23.963,63.297,91.094,45.597,75.945,0.56485
2025-01-01 02:37:58,25.429,62.181,93.329,46.636,71.628,0.497553
2025-01-01 02:37:59,24.516,65.58,93.073,46.056,75.603,0.57842
2025-01-01 02:38:00,23.979,63.805,92.268,45.571,73.992,0.561431
2025-01-01 02:38:01,23.791,63.409,92.22,46.901,73.097,0.545084
2025-01-01 02:38:02,24.061,65.28,93.04,44.484,73.587,0.581068
2025-01-01 02:38:03,24.132,65.434,92.335,45.854,72.864,0.559249
2025-01-01 02:38:04,23.843,63.828,91.668,46.802,74.701,0.556731
2025-01-01 02:38:05,24.303,65.515,90.57,47.314,72.841,0.531326
2025-01-01 02:38:06,23.547,66.644,93.057,46.735,75.519,0.601512
2025-01-01 02:38:07,23.53,65.923,92.479,45.843,74.896,0.593763
2025-01-01 02:38:08,24.179,65.753,94.883,46.365,74.331,0.588223
2025-01-01 02:38:09,23.396,64.863,92.048,46.664,71.607,0.552825
2025-01-01 02:38:10,24.33,64.091,92.463,47.706,72.457,0.528687
2025-01-01 02:38:11,23.944,64.465,92.505,47.221,73.941,0.556298
2025-01-01 02:38:12,23.023,64.947,92.849,47.254,74.001,0.583037
2025-01-01 02:38:13,23.978,63.234,91.252,46.593,75.154,0.551398
2025-01-01 02:38:14,23.067,63.708,92.163,45.713,70.526,0.550614
2025-01-01 02:38:15,24.242,63.034,93.09,45.474,73.106,0.549656
2025-01-01 02:38:16,23.757,64.682,91.952,46.388,75.018,0.572756
2025-01-01 02:38:17,24.793,64.515,93.099,47.22,73.605,0.539576
2025-01-01 02:38:18,24.39,63.763,92.431,46.291,73.446,0.543417
2025-01-01 02:38:19,23.31,65.221,92.762,47.183,72.07,0.562845
2025-01-01 02:38:20,22.816,63.34,93.538,46.122,75.273,0.599537
2025-01-01 02:38:21,23.436,63.678,92.187,46.279,73.419,0.561989
2025-01-01 02:38:22,23.189,65.132,90.991,47.953,75.313,0.572141
2025-01-01 02:38:23,24.7,65.264,92.207,47.475,75.759,0.556213
2025-01-01 02:38:24,23.768,63.523,91.678,46.652,75.581,0.564539
2025-01-01 02:38:25,24.227,64.534,90.409,46.269,73.962,0.541534
2025-01-01 02:38:26,23.605,63.506,92.461,47.73,73.421,0.548335
2025-01-01 02:38:27,23.645,64.07,92.8,47.709,73.341,0.553748
2025-01-01 02:38:28,23.705,64.394,93.656,47.558,76.367,0.587168
2025-01-01 02:38:29,24.262,64.793,91.531,46.943,73.754,0.544641
2025-01-01 02:38:30,23.852,64.532,92.795,46.249,75.275,0.579118
2025-01-01 02:38:31,23.155,64.47,93.871,47.153,74.594,0.589968
2025-01-01 02:38:32,24.482,63.1,92.206,48.331,73.525,0.520055
2025-01-01 02:38:33,23.512,64.548,93.356,46.519,73.72,0.576348
2025-01-01 02:38:34,23.418,64.692,94.457,47.326,75.448,0.595894
2025-01-01 02:38:35,22.219,64.811,91.037,48.639,74.071,0.576332
2025-01-01 02:38:36,23.939,63.384,93.214,47.13,73.495,0.550878
2025-01-01 02:38:37,23.66,65.0,94.146,47.315,73.078,0.571378
2025-01-01 02:38:38,23.648,62.748,92.676,46.38,74.437,0.561789
2025-01-01 02:38:39,23.385,63.615,94.457,48.003,73.441,0.567555
2025-01-01 02:38:40,23.287,63.75,93.75,46.957,74.782,0.583878
2025-01-01 02:38:41,23.378,62.744,94.931,46.352,77.13,0.606751
2025-01-01 02:38:42,23.783,63.695,93.79,46.878,74.708,0.572879
2025-01-01 02:38:43,23.859,64.187,95.108,47.854,76.261,0.590281
2025-01-01 02:38:44,23.413,62.12,93.603,46.47,73.248,0.559062
2025-01-01 02:38:45,23.992,63.53,91.985,46.673,74.937,0.556561
2025-01-01 02:38:46,23.467,62.156,92.771,48.277,75.634,0.557973
2025-01-01 02:38:47,23.243,65.925,94.471,47.82,75.794,0.60786
2025-01-01 02:38:48,23.583,64.075,94.503,47.195,75.686,0.591047
2025-01-01 02:38:49,22.794,63.967,93.246,47.718,74.183,0.582017
2025-01-01 02:38:50,23.579,64.052,95.414,49.415,75.244,0.578135
2025-01-01 02:38:51,22.681,64.402,93.31,49.1,72.968,0.568151
2025-01-01 02:38:52,22.928,64.754,94.18,48.039,76.131,0.605193
2025-01-01 02:38:53,22.422,62.191,94.208,48.829,73.075,0.567352
2025-01-01 02:38:54,23.333,65.042,92.499,48.324,75.737,0.58056
2025-01-01 02:38:55,24.215,64.956,93.776,46.859,75.499,0.579083
2025-01-01 02:38:56,23.342,63.621,96.325,46.767,75.508,0.608314
2025-01-01 02:38:57,23.712,63.546,93.081,47.655,76.758,0.578917
2025-01-01 02:38:58,24.557,60.539,94.687,47.174,75.559,0.54408
2025-01-01 02:38:59,23.573,62.375,92.968,48.704,72.721,0.531497
2025-01-01 02:39:00,22.979,64.115,93.25,48.1,75.038,0.583224
2025-01-01 02:39:01,23.038,64.773,92.83,48.934,72.081,0.553232
2025-01-01 02:39:02,23.343,64.278,95.247,49.0,74.258,0.578732
2025-01-01 02:39:03,23.017,63.45,93.498,49.253,73.879,0.561481
2025-01-01 02:39:04,23.045,65.428,95.7,48.011,75.171,0.611382
2025-01-01 02:39:05,23.808,64.483,93.965,49.222,73.438,0.551771
2025-01-01 02:39:06,23.819,63.06,94.69,48.1,73.494,0.555342
2025-01-01 02:39:07,22.474,65.612,95.039,49.488,75.068,0.608647
2025-01-01 02:39:08,22.88,62.31,93.076,49.953,75.898,0.564256
2025-01-01 02:39:09,23.048,61.909,94.964,49.608,74.513,0.563266
2025-01-01 02:39:10,23.571,62.935,95.178,48.944,77.32,0.588631
2025-01-01 02:39:11,23.835,62.573,96.036,49.594,74.143,0.556041
2025-01-01 02:39:12,24.606,62.942,94.005,47.97,75.394,0.548278
2025-01-01 02:39:13,23.014,64.08,94.217,47.846,75.011,0.59115
2025-01-01 02:39:14,23.031,63.223,95.763,49.683,74.214,0.576433
2025-01-01 02:39:15,23.526,63.223,96.587,50.412,76.224,0.582856
2025-01-01 02:39:16,22.882,63.265,94.653,48.437,73.607,0.575717
2025-01-01 02:39:17,23.145,60.868,94.082,49.491,72.209,0.528371
2025-01-01 02:39:18,23.001,61.639,95.073,49.886,74.575,0.561608
2025-01-01 02:39:19,21.89,62.743,94.449,49.101,74.444,0.593995
2025-01-01 02:39:20,23.255,62.259,95.934,49.378,76.055,0.582947
2025-01-01 02:39:21,23.096,62.844,94.531,50.197,73.307,0.551514
2025-01-01 02:39:22,23.815,64.454,96.658,49.85,75.462,0.583956
2025-01-01 02:39:23,23.176,62.949,95.973,49.91,75.345,0.580377
2025-01-01 02:39:24,22.539,61.674,96.84,49.091,75.277,0.596961
2025-01-01 02:39:25,23.031,62.177,93.489,49.909,76.172,0.565662
2025-01-01 02:39:26,22.108,64.654,94.23,49.673,74.92,0.601108
2025-01-01 02:39:27,22.541,64.448,97.358,49.773,75.04,0.613882
2025-01-01 02:39:28,23.458,63.485,95.424,49.673,75.548,0.5773
2025-01-01 02:39:29,23.011,61.299,94.755,50.141,74.916,0.557342
2025-01-01 02:39:30,23.59,63.141,96.097,49.525,73.445,0.560927
2025-01-01 02:39:31,22.139,63.19,96.621,50.287,74.608,0.600907
2025-01-01 02:39:32,22.996,62.805,96.3,50.042,74.821,0.580546
2025-01-01 02:39:33,22.874,62.181,97.006,49.645,74.489,0.584238
2025-01-01 02:39:34,23.584,62.361,96.951,48.889,74.817,0.57775
2025-01-01 02:39:35,23.437,62.056,96.98,51.262,75.445,0.566658
2025-01-01 02:39:36,23.417,61.522,98.129,51.158,74.934,0.568584
2025-01-01 02:39:37,23.861,64.005,96.848,49.974,76.321,0.587173
2025-01-01 02:39:38,22.902,63.493,96.901,51.219,76.374,0.596121
2025-01-01 02:39:39,23.749,62.297,97.829,49.91,72.51,0.553976
2025-01-01 02:39:40,22.554,62.906,97.662,50.541,73.68,0.588395
2025-01-01 02:39:41,22.531,62.914,96.289,50.418,72.549,0.57022
2025-01-01 02:39:42,23.444,64.839,97.184,50.676,75.142,0.590247
2025-01-01 02:39:43,22.311,63.34,97.798,51.471,75.103,0.602536
2025-01-01 02:39:44,23.346,63.273,96.857,50.688,75.724,0.583144
2025-01-01 02:39:45,23.106,62.447,96.989,50.792,76.591,0.589609
2025-01-01 02:39:46,23.587,61.945,96.221,51.714,75.565,0.554326
2025-01-01 02:39:47,23.018,63.733,94.815,51.223,74.931,0.567743
2025-01-01 02:39:48,23.072,62.973,97.409,50.755,75.687,0.590319
2025-01-01 02:39:49,23.295,61.462,97.996,51.475,75.137,0.569124
2025-01-01 02:39:50,22.706,62.715,96.859,52.131,73.996,0.568485
2025-01-01 02:39:51,22.681,63.069,99.418,52.235,76.957,0.613981
2025-01-01 02:39:52,23.269,60.106,97.08,50.384,76.356,0.570714
2025-01-01 02:39:53,23.014,61.249,99.126,50.477,77.625,0.609549
2025-01-01 02:39:54,22.822,62.504,98.719,52.349,74.442,0.580626
2025-01-01 02:39:55,22.982,60.187,100.563,51.372,74.028,0.578015
2025-01-01 02:39:56,23.818,60.315,99.014,49.895,74.884,0.566512
2025-01-01 02:39:57,22.797,61.78,97.115,51.122,76.526,0.589543
2025-01-01 02:39:58,22.78,62.512,99.703,51.407,77.12,0.617194
2025-01-01 02:39:59,22.16,62.528,100.434,51.559,76.474,0.629635
2025-01-01 02:40:00,22.991,63.542,97.052,52.472,76.344,0.586359
2025-01-01 02:40:01,23.339,62.011,99.552,51.167,77.24,0.603195
2025-01-01 02:40:02,23.427,61.525,99.861,52.709,75.705,0.576537
2025-01-01 02:40:03,23.061,60.56,98.876,52.238,77.567,0.588533
2025-01-01 02:40:04,23.484,61.451,96.755,51.03,78.725,0.587874
2025-01-01 02:40:05,23.37,62.512,98.97,51.852,75.111,0.579641
2025-01-01 02:40:06,23.56,62.526,98.773,52.552,76.125,0.577206
2025-01-01 02:40:07,23.495,62.007,100.973,52.236,74.806,0.583185
2025-01-01 02:40:08,23.787,62.258,99.443,52.555,75.36,0.569106
2025-01-01 02:40:09,22.916,62.956,99.208,51.829,77.034,0.610098
2025-01-01 02:40:10,22.337,61.724,99.123,52.789,74.585,0.586561
2025-01-01 02:40:11,23.332,62.984,100.124,52.072,75.717,0.595936
2025-01-01 02:40:12,23.39,60.859,99.944,54.474,77.962,0.578529
2025-01-01 02:40:13,23.785,61.48,99.186,51.426,77.012,0.5832
2025-01-01 02:40:14,23.641,61.041,100.329,54.685,77.711,0.573711
2025-01-01 02:40:15,23.973,62.283,99.596,51.809,75.284,0.571214
2025-01-01 02:40:16,23.31,60.444,97.65,53.631,76.964,0.557692
2025-01-01 02:40:17,23.115,61.105,100.999,53.319,79.193,0.612426
2025-01-01 02:40:18,22.309,59.535,100.993,51.972,76.182,0.604162
2025-01-01 02:40:19,23.156,61.957,100.708,53.221,76.438,0.594212
2025-01-01 02:40:20,22.727,62.577,100.155,52.386,77.769,0.620291
2025-01-01 02:40:21,23.11,62.209,100.614,53.043,76.039,0.594408
2025-01-01 02:40:22,23.033,62.079,101.594,52.982,78.027,0.618696
2025-01-01 02:40:23,23.242,62.073,100.231,52.624,75.059,0.582774
2025-01-01 02:40:24,22.959,61.901,101.811,52.596,74.352,0.594148
2025-01-01 02:40:25,23.477,61.783,99.565,53.253,77.689,0.587182
2025-01-01 02:40:26,21.65,61.815,101.296,52.295,76.185,0.63424
2025-01-01 02:40:27,23.108,60.448,101.241,52.363,76.731,0.596922
2025-01-01 02:40:28,23.616,60.871,102.306,53.856,78.511,0.600468
2025-01-01 02:40:29,23.952,61.109,100.472,53.471,78.257,0.581789
2025-01-01 02:40:30,23.385,60.671,100.668,52.118,76.085,0.584749
2025-01-01 02:40:31,23.864,59.407,100.171,52.395,78.232,0.576637
2025-01-01 02:40:32,23.109,59.706,101.086,51.523,77.298,0.600985
2025-01-01 02:40:33,23.028,61.138,101.995,53.993,78.209,0.609316
2025-01-01 02:40:34,23.294,61.781,100.028,53.849,77.735,0.590697
2025-01-01 02:40:35,23.031,60.852,101.47,52.459,76.006,0.596708
2025-01-01 02:40:36,22.645,63.574,102.61,53.881,77.005,0.630532
2025-01-01 02:40:37,22.781,59.857,101.982,54.98,75.017,0.57244
2025-01-01 02:40:38,22.486,61.189,102.246,52.19,78.185,0.635496
2025-01-01 02:40:39,23.31,62.002,100.75,52.959,78.491,0.609808
2025-01-01 02:40:40,23.055,61.743,102.241,52.231,77.22,0.619589
2025-01-01 02:40:41,22.873,61.3,102.454,54.266,77.979,0.613432
2025-01-01 02:40:42,22.774,61.682,102.347,53.458,77.0,0.615489
2025-01-01 02:40:43,23.314,60.634,102.747,53.242,79.729,0.622541
2025-01-01 02:40:44,23.455,62.208,102.369,53.769,76.73,0.600431
2025-01-01 02:40:45,22.504,61.796,102.306,53.166,77.953,0.631189
2025-01-01 02:40:46,22.43,59.627,101.806,53.314,76.82,0.603748
2025-01-01 02:40:47,23.556,60.768,103.903,53.879,78.713,0.614363
2025-01-01 02:40:48,22.396,58.865,101.784,53.194,79.729,0.62276
2025-01-01 02:40:49,23.362,61.901,103.251,53.329,76.045,0.604533
2025-01-01 02:40:50,23.901,60.571,104.988,53.6,79.374,0.620815
2025-01-01 02:40:51,23.908,61.662,104.358,53.819,80.6,0.631765
2025-01-01 02:40:52,23.472,60.17,103.846,54.246,78.85,0.60995
2025-01-01 02:40:53,23.463,58.39,103.667,54.251,77.939,0.588661
2025-01-01 02:40:54,24.24,62.851,103.37,52.603,78.757,0.620037
2025-01-01 02:40:55,21.952,60.311,102.676,54.946,78.201,0.624547
2025-01-01 02:40:56,22.893,59.146,103.403,53.883,81.267,0.63322
2025-01-01 02:40:57,23.556,61.259,104.311,53.587,79.965,0.632676
2025-01-01 02:40:58,22.969,62.116,104.204,53.144,80.097,0.653981
2025-01-01 02:40:59,23.763,59.844,104.681,55.473,81.657,0.621035
2025-01-01 02:41:00,23.13,59.914,105.189,55.782,80.738,0.629251
2025-01-01 02:41:01,23.222,60.218,103.888,55.4,79.033,0.609168
2025-01-01 02:41:02,23.025,58.836,104.315,54.016,79.263,0.618356
2025-01-01 02:41:03,22.908,59.223,102.3,54.205,82.119,0.629781
2025-01-01 02:41:04,22.902,61.662,106.53,55.133,78.454,0.642715
2025-01-01 02:41:05,23.319,59.714,103.935,53.757,79.189,0.616802
2025-01-01 02:41:06,22.803,58.976,105.075,54.391,78.234,0.618931
2025-01-01 02:41:07,23.674,59.328,104.083,54.148,77.322,0.589785
2025-01-01 02:41:08,23.531,60.82,104.133,55.508,78.503,0.603669
2025-01-01 02:41:09,23.762,57.738,104.406,55.128,78.581,0.581785
2025-01-01 02:41:10,22.655,59.935,103.47,53.874,78.917,0.626027
2025-01-01 02:41:11,22.377,62.109,102.306,55.209,80.456,0.641142
2025-01-01 02:41:12,23.233,61.645,106.017,53.99,79.762,0.649945
2025-01-01 02:41:13,24.692,60.154,105.474,53.559,81.044,0.618074
2025-01-01 02:41:14,23.884,60.864,104.082,53.77,80.066,0.620821
2025-01-01 02:41:15,22.982,60.821,105.519,54.117,80.155,0.648024
2025-01-01 02:41:16,23.479,59.355,105.959,53.372,79.645,0.631981
2025-01-01 02:41:17,23.639,60.373,104.51,53.586,82.385,0.644859
2025-01-01 02:41:18,22.6,61.203,105.682,52.844,79.595,0.663934
2025-01-01 02:41:19,23.977,58.118,106.344,53.339,81.258,0.62845
2025-01-01 02:41:20,23.218,59.925,103.964,54.181,78.794,0.614531
2025-01-01 02:41:21,23.265,59.677,106.001,54.824,79.975,0.631452
2025-01-01 02:41:22,23.331,59.386,105.897,54.717,82.73,0.649206
2025-01-01 02:41:23,23.901,59.264,107.477,54.324,81.198,0.638929
2025-01-01 02:41:24,22.96,59.448,106.216,52.751,78.751,0.642709
2025-01-01 02:41:25,22.493,59.499,105.311,53.279,79.246,0.646356
2025-01-01 02:41:26,23.518,60.269,105.488,53.802,82.462,0.652714
2025-01-01 02:41:27,22.344,59.594,107.868,54.722,80.699,0.669165
2025-01-01 02:41:28,23.225,58.907,105.55,53.497,80.317,0.635547
2025-01-01 02:41:29,23.979,58.212,106.551,52.957,79.767,0.621647
2025-01-01 02:41:30,23.685,58.547,105.785,55.08,80.375,0.614361
2025-01-01 02:41:31,23.926,59.248,107.163,53.322,82.507,0.652902
2025-01-01 02:41:32,23.725,58.248,107.27,52.995,80.024,0.634203
2025-01-01 02:41:33,24.631,59.868,106.173,54.066,80.196,0.612236
2025-01-01 02:41:34,23.142,59.319,105.845,53.83,81.691,0.650436
2025-01-01 02:41:35,23.645,60.0,105.876,53.455,79.778,0.63286
2025-01-01 02:41:36,23.238,58.186,104.634,53.84,79.957,0.618304
2025-01-01 02:41:37,23.946,57.961,106.515,53.082,81.14,0.630146
2025-01-01 02:41:38,23.447,59.896,106.547,53.397,81.224,0.652517
2025-01-01 02:41:39,24.348,58.857,105.703,53.759,80.269,0.610345
2025-01-01 02:41:40,23.235,58.493,104.735,52.141,81.861,0.647818
2025-01-01 02:41:41,24.215,59.362,106.827,54.514,81.609,0.630203
2025-01-01 02:41:42,23.819,59.292,107.003,52.631,79.031,0.632436
2025-01-01 02:41:43,23.517,57.343,107.113,52.957,82.389,0.649523
2025-01-01 02:41:44,23.816,59.952,105.777,54.487,80.822,0.629111
2025-01-01 02:41:45,23.687,58.125,107.21,54.119,82.525,0.645157
2025-01-01 02:41:46,23.746,60.203,106.681,53.711,84.106,0.668919
2025-01-01 02:41:47,23.476,57.138,107.769,52.25,81.583,0.652335
2025-01-01 02:41:48,23.241,58.757,105.975,53.107,80.942,0.644724
2025-01-01 02:41:49,23.436,58.222,108.143,53.393,83.422,0.669118
2025-01-01 02:41:50,22.774,56.401,108.546,53.425,80.813,0.653348
2025-01-01 02:41:51,24.048,59.003,107.194,54.426,84.143,0.653813
2025-01-01 02:41:52,23.022,56.39,107.522,55.081,81.367,0.633654
2025-01-01 02:41:53,23.543,57.991,107.943,53.949,81.223,0.643672
2025-01-01 02:41:54,23.988,59.355,106.172,53.001,84.865,0.665248
2025-01-01 02:41:55,24.096,57.69,106.75,54.37,82.513,0.628467
2025-01-01 02:41:56,22.802,57.285,107.458,52.896,84.075,0.67883
2025-01-01 02:41:57,23.656,58.958,109.337,51.238,82.148,0.68265
2025-01-01 02:41:58,23.944,57.877,106.15,52.305,82.113,0.63987
2025-01-01 02:41:59,23.753,57.691,109.018,51.375,78.771,0.643946
2025-01-01 02:42:00,24.412,59.34,107.221,52.932,83.545,0.654524
2025-01-01 02:42:01,23.342,56.867,107.413,53.063,82.844,0.654703
2025-01-01 02:42:02,22.742,57.544,108.698,51.897,82.297,0.683746
2025-01-01 02:42:03,24.185,58.84,109.532,52.452,83.191,0.672446
2025-01-01 02:42:04,23.524,56.711,107.964,51.959,82.577,0.659293
2025-01-01 02:42:05,22.927,59.688,108.735,52.962,81.448,0.681267
2025-01-01 02:42:06,23.74,57.665,106.678,52.343,83.064,0.653367
2025-01-01 02:42:07,24.448,58.727,107.096,53.796,82.449,0.634359
2025-01-01 02:42:08,23.215,58.695,106.3,53.086,83.616,0.66737
2025-01-01 02:42:09,25.028,57.64,107.162,54.195,82.439,0.612044
2025-01-01 02:42:10,23.455,57.283,108.267,52.508,82.261,0.660614
2025-01-01 02:42:11,23.931,57.69,107.938,54.547,82.218,0.637021
2025-01-01 02:42:12,23.292,58.416,109.475,52.793,81.858,0.674902
2025-01-01 02:42:13,23.936,56.687,109.824,52.327,82.34,0.659603
2025-01-01 02:42:14,23.863,56.441,107.654,54.635,83.532,0.63725
2025-01-01 02:42:15,23.199,59.099,107.13,51.203,82.162,0.677835
2025-01-01 02:42:16,25.371,56.85,108.989,52.181,81.697,0.621095
2025-01-01 02:42:17,23.725,57.91,109.111,51.248,84.102,0.686997
2025-01-01 02:42:18,23.739,57.325,108.305,51.065,83.035,0.670832
2025-01-01 02:42:19,24.485,57.34,108.585,50.837,84.168,0.667883
2025-01-01 02:42:20,24.923,58.9,108.443,52.94,83.028,0.645788
2025-01-01 02:42:21,24.593,57.356,106.919,51.337,82.652,0.639175
2025-01-01 02:42:22,23.444,57.055,106.703,52.151,81.291,0.64329
2025-01-01 02:42:23,24.166,57.114,107.882,53.022,82.072,0.637192
2025-01-01 02:42:24,23.133,56.852,107.743,52.632,82.425,0.660926
2025-01-01 02:42:25,24.54,56.657,108.231,52.545,83.854,0.645766
2025-01-01 02:42:26,23.286,56.8,107.832,53.137,83.43,0.662222
2025-01-01 02:42:27,23.717,58.934,106.268,53.406,82.374,0.647106
2025-01-01 02:42:28,24.132,57.955,105.866,51.068,80.311,0.629114
2025-01-01 02:42:29,24.371,56.87,108.722,52.407,84.247,0.658048
2025-01-01 02:42:30,24.033,58.169,107.327,51.753,84.787,0.672173
2025-01-01 02:42:31,24.938,55.573,107.761,51.803,84.934,0.640066
2025-01-01 02:42:32,24.556,58.509,107.439,50.661,82.661,0.656236
2025-01-01 02:42:33,24.532,58.401,107.086,51.394,85.093,0.666753
2025-01-01 02:42:34,23.61,59.315,107.06,51.43,84.582,0.686752
2025-01-01 02:42:35,25.09,58.063,109.02,52.861,84.617,0.653338
2025-01-01 02:42:36,23.854,57.462,107.76,50.741,83.253,0.669452
2025-01-01 02:42:37,25.14,58.289,108.632,49.705,83.866,0.666758
2025-01-01 02:42:38,25.298,56.346,108.764,51.556,86.263,0.656906
2025-01-01 02:42:39,24.559,56.549,108.307,50.503,86.118,0.675832
2025-01-01 02:42:40,24.834,56.854,108.788,51.343,84.087,0.655013
2025-01-01 02:42:41,22.792,58.261,107.994,51.93,84.414,0.697542
2025-01-01 02:42:42,24.252,56.01,109.337,51.268,81.589,0.646657
2025-01-01 02:42:43,24.916,55.878,108.789,50.949,85.707,0.661572
2025-01-01 02:42:44,24.843,57.051,108.913,51.115,85.195,0.666838
2025-01-01 02:42:45,23.787,57.507,107.009,51.863,84.752,0.669495
2025-01-01 02:42:46,24.266,56.06,108.2,50.207,83.653,0.661431
2025-01-01 02:42:47,23.16,57.409,106.09,51.659,84.492,0.674391
2025-01-01 02:42:48,24.651,58.081,109.313,50.217,86.208,0.69324
2025-01-01 02:42:49,23.519,57.888,107.275,51.447,84.92,0.683065
2025-01-01 02:42:50,25.042,57.016,107.399,49.675,87.68,0.67998
2025-01-01 02:42:51,25.084,56.548,106.501,51.288,85.531,0.642849
2025-01-01 02:42:52,24.272,58.349,107.815,50.717,83.49,0.669318
2025-01-01 02:42:53,24.786,56.605,107.566,50.819,84.135,0.649561
2025-01-01 02:42:54,24.433,57.505,109.638,51.453,83.81,0.670587
2025-01-01 02:42:55,24.678,58.499,108.656,49.973,85.726,0.689134
2025-01-01 02:42:56,24.0,57.352,107.261,50.553,86.114,0.684534
2025-01-01 02:42:57,24.901,55.496,106.088,50.759,86.823,0.649918
2025-01-01 02:42:58,23.786,55.23,105.448,50.22,84.398,0.651678
2025-01-01 02:42:59,23.708,56.148,106.683,50.976,85.391,0.670396
2025-01-01 02:43:00,24.578,57.132,106.353,50.61,86.398,0.667173
2025-01-01 02:43:01,24.55,56.844,108.008,49.825,86.753,0.684908
2025-01-01 02:43:02,24.808,58.583,107.488,51.241,83.448,0.653958
2025-01-01 02:43:03,24.364,56.788,107.624,50.624,85.699,0.672696
2025-01-01 02:43:04,25.648,56.003,106.629,49.444,83.554,0.625773
2025-01-01 02:43:05,24.802,55.175,107.701,49.379,84.294,0.651474
2025-01-01 02:43:06,24.854,57.466,106.099,49.828,83.478,0.645374
2025-01-01 02:43:07,24.853,56.257,107.4,50.304,84.33,0.649627
2025-01-01 02:43:08,25.272,54.735,108.287,48.118,83.364,0.644533
2025-01-01 02:43:09,25.076,56.242,107.059,49.192,83.714,0.645447
2025-01-01 02:43:10,25.025,55.202,107.834,49.313,84.075,0.646812
2025-01-01 02:43:11,25.189,55.751,105.379,48.568,85.552,0.646034
2025-01-01 02:43:12,23.925,56.161,105.264,48.844,85.256,0.669506
2025-01-01 02:43:13,23.961,55.228,107.612,49.714,83.269,0.658321
2025-01-01 02:43:14,24.833,55.625,108.294,49.156,88.558,0.690742
2025-01-01 02:43:15,24.788,55.347,106.971,49.162,84.708,0.652347
2025-01-01 02:43:16,25.194,55.354,109.315,48.331,83.725,0.658922
2025-01-01 02:43:17,24.931,55.042,105.687,49.207,86.044,0.648054
2025-01-01 02:43:18,25.228,55.547,106.41,48.118,85.364,0.652816
2025-01-01 02:43:19,24.331,55.115,107.188,50.432,84.418,0.650809
2025-01-01 02:43:20,24.965,56.576,107.47,50.603,85.886,0.659699
2025-01-01 02:43:21,24.317,56.171,106.378,48.774,84.633,0.665335
2025-01-01 02:43:22,25.197,57.145,105.859,48.199,85.108,0.657907
2025-01-01 02:43:23,24.081,57.818,107.493,49.725,87.244,0.700794
2025-01-01 02:43:24,25.211,56.589,106.96,49.46,85.655,0.657207
2025-01-01 02:43:25,24.319,56.342,106.436,50.431,86.266,0.66787
2025-01-01 02:43:26,24.879,56.614,107.231,50.589,84.923,0.652886
2025-01-01 02:43:27,25.535,56.321,106.548,47.2,85.754,0.66194
2025-01-01 02:43:28,25.217,55.887,106.495,49.694,84.665,0.639845
2025-01-01 02:43:29,24.298,55.789,106.408,48.535,84.632,0.664962
2025-01-01 02:43:30,24.801,54.778,105.713,49.098,85.134,0.642904
2025-01-01 02:43:31,24.403,56.621,105.56,49.227,84.814,0.659202
2025-01-01 02:43:32,24.323,55.733,105.904,49.14,86.911,0.673397
2025-01-01 02:43:33,25.246,57.196,106.409,49.299,86.378,0.663221
2025-01-01 02:43:34,25.484,56.644,104.451,47.997,82.95,0.623235
2025-01-01 02:43:35,25.44,55.086,107.212,47.631,87.786,0.672376
2025-01-01 02:43:36,25.538,56.941,106.23,49.29,86.503,0.655337
2025-01-01 02:43:37,25.247,53.117,105.09,47.592,87.123,0.643371
2025-01-01 02:43:38,25.133,57.591,107.715,49.727,85.56,0.668274
2025-01-01 02:43:39,24.75,54.306,106.082,47.575,83.987,0.64507
2025-01-01 02:43:40,25.083,56.124,104.647,47.831,84.205,0.640313
2025-01-01 02:43:41,24.658,56.04,107.494,47.933,87.857,0.694242
2025-01-01 02:43:42,24.913,56.72,107.217,46.803,83.869,0.67037
2025-01-01 02:43:43,25.396,55.252,104.893,46.755,84.1,0.63617
2025-01-01 02:43:44,25.309,53.42,105.417,48.666,85.328,0.625185
2025-01-01 02:43:45,26.917,55.223,105.22,46.512,84.197,0.608692
2025-01-01 02:43:46,24.728,55.316,103.725,49.855,86.51,0.639154
2025-01-01 02:43:47,25.355,53.471,105.876,47.716,86.615,0.644464
2025-01-01 02:43:48,24.722,55.551,106.332,46.921,86.389,0.678033
2025-01-01 02:43:49,25.256,54.415,106.078,48.034,85.165,0.641187
2025-01-01 02:43:50,25.293,56.126,105.389,45.681,86.258,0.671283
2025-01-01 02:43:51,25.905,55.216,106.232,47.338,88.061,0.661136
2025-01-01 02:43:52,25.274,57.41,104.087,47.395,84.209,0.64424
2025-01-01 02:43:53,25.419,55.179,106.973,46.501,87.278,0.675486
2025-01-01 02:43:54,25.316,55.852,104.315,46.964,86.915,0.657806
2025-01-01 02:43:55,24.846,55.195,104.357,48.647,85.826,0.643509
2025-01-01 02:43:56,25.237,53.772,104.373,47.529,86.158,0.635969
2025-01-01 02:43:57,25.388,55.177,104.23,47.659,86.393,0.642431
2025-01-01 02:43:58,25.632,56.123,104.615,46.668,84.799,0.641291
2025-01-01 02:43:59,25.89,55.959,104.504,46.196,84.017,0.631214
2025-01-01 02:44:00,25.509,55.051,104.794,47.021,87.068,0.652601
2025-01-01 02:44:01,25.516,53.876,103.773,45.207,84.491,0.629762
2025-01-01 02:44:02,24.798,55.965,104.685,46.256,84.676,0.659662
2025-01-01 02:44:03,25.944,55.729,103.354,46.091,85.373,0.631371
2025-01-01 02:44:04,25.341,56.141,105.103,45.423,86.335,0.670721
2025-01-01 02:44:05,26.079,55.012,105.016,47.536,85.397,0.625715
2025-01-01 02:44:06,26.379,53.591,104.215,46.874,85.129,0.605898
2025-01-01 02:44:07,25.642,55.798,103.495,46.446,87.142,0.65024
2025-01-01 02:44:08,25.24,55.245,104.38,47.442,85.6,0.642455
2025-01-01 02:44:09,25.759,56.635,103.104,45.553,85.042,0.640892
2025-01-01 02:44:10,25.957,55.262,103.949,45.759,86.473,0.642947
2025-01-01 02:44:11,25.64,55.178,103.685,47.693,86.069,0.630513
2025-01-01 02:44:12,25.531,55.631,106.388,48.59,86.032,0.648886
2025-01-01 02:44:13,26.11,54.607,102.453,47.279,86.528,0.614009
2025-01-01 02:44:14,26.092,54.55,100.933,47.076,85.829,0.598535
2025-01-01 02:44:15,25.685,55.088,102.883,46.202,87.004,0.640722
2025-01-01 02:44:16,25.046,54.256,101.725,46.189,84.273,0.618744
2025-01-01 02:44:17,26.117,54.939,102.634,46.787,87.473,0.628429
2025-01-01 02:44:18,25.52,57.099,101.982,47.674,84.884,0.624977
2025-01-01 02:44:19,26.025,56.194,102.294,46.888,84.011,0.608806
2025-01-01 02:44:20,26.008,55.451,102.052,47.284,85.023,0.607264
2025-01-01 02:44:21,25.003,56.687,103.998,45.757,85.544,0.665379
2025-01-01 02:44:22,26.003,54.303,102.904,46.957,85.075,0.608276
2025-01-01 02:44:23,26.234,57.611,103.945,45.9,84.793,0.639525
2025-01-01 02:44:24,26.31,54.653,102.827,46.523,87.156,0.623135
2025-01-01 02:44:25,26.064,57.11,103.631,46.879,84.891,0.631267
2025-01-01 02:44:26,25.032,57.099,102.317,45.937,83.218,0.636845
2025-01-01 02:44:27,26.673,53.34,104.129,45.525,85.498,0.609736
2025-01-01 02:44:28,26.254,56.554,102.921,46.606,88.364,0.64695
2025-01-01 02:44:29,25.461,54.797,101.586,46.186,84.623,0.615496
2025-01-01 02:44:30,25.683,54.507,102.9,46.382,84.81,0.618512
2025-01-01 02:44:31,26.207,55.594,102.222,46.778,85.395,0.611864
2025-01-01 02:44:32,26.445,54.056,101.907,47.279,87.721,0.60832
2025-01-01 02:44:33,25.875,55.561,102.12,46.745,85.425,0.618416
2025-01-01 02:44:34,26.545,54.113,102.689,46.622,84.616,0.592322
2025-01-01 02:44:35,25.25,55.226,99.734,45.779,86.267,0.625167
2025-01-01 02:44:36,25.639,56.38,101.414,45.885,86.165,0.635772
2025-01-01 02:44:37,25.141,55.427,102.361,46.51,86.389,0.643715
2025-01-01 02:44:38,25.738,54.676,101.839,45.841,84.516,0.612217
2025-01-01 02:44:39,26.954,55.574,100.377,46.478,85.099,0.581457
2025-01-01 02:44:40,27.242,53.622,99.048,45.452,87.112,0.5746
2025-01-01 02:44:41,26.344,54.186,103.03,47.635,86.237,0.605432
2025-01-01 02:44:42,25.921,54.592,101.054,46.235,86.701,0.616363
2025-01-01 02:44:43,26.142,55.806,102.667,46.171,85.649,0.624313
2025-01-01 02:44:44,26.502,55.422,101.86,45.673,86.965,0.62188
2025-01-01 02:44:45,25.497,55.549,100.183,47.58,86.031,0.6109
2025-01-01 02:44:46,26.005,54.984,98.387,45.038,85.034,0.592736
2025-01-01 02:44:47,27.022,54.221,100.338,45.471,86.538,0.588815
2025-01-01 02:44:48,25.794,56.495,100.674,46.709,84.575,0.609619
2025-01-01 02:44:49,25.955,54.308,101.074,46.212,87.458,0.619896
2025-01-01 02:44:50,26.348,55.423,99.424,45.553,86.796,0.606653
2025-01-01 02:44:51,26.495,54.891,100.624,45.572,85.215,0.59587
2025-01-01 02:44:52,26.054,55.565,100.535,45.774,85.323,0.608985
2025-01-01 02:44:53,26.417,54.396,101.254,46.085,85.683,0.598789
2025-01-01 02:44:54,26.694,56.053,99.872,47.245,85.295,0.582804
2025-01-01 02:44:55,27.383,56.378,100.533,46.485,87.063,0.594949
2025-01-01 02:44:56,26.351,55.991,100.29,46.819,84.812,0.592195
2025-01-01 02:44:57,26.405,55.158,100.788,45.653,83.632,0.587682
2025-01-01 02:44:58,27.201,54.565,99.004,46.414,85.102,0.558569
2025-01-01 02:44:59,26.174,57.823,96.664,44.76,86.291,0.608656
2025-01-01 02:45:00,25.798,54.01,99.409,46.152,86.582,0.602244
2025-01-01 02:45:01,26.597,55.884,99.326,46.104,85.476,0.589318
2025-01-01 02:45:02,27.021,55.337,98.311,47.472,84.554,0.550593
2025-01-01 02:45:03,26.675,54.943,97.872,47.266,85.236,0.559126
2025-01-01 02:45:04,26.457,55.192,98.717,45.819,84.477,0.576692
2025-01-01 02:45:05,25.792,54.499,99.088,45.379,82.47,0.575946
2025-01-01 02:45:06,26.498,55.438,99.21,45.409,84.187,0.581994
2025-01-01 02:45:07,27.154,55.33,96.741,45.813,85.795,0.557973
2025-01-01 02:45:08,25.931,57.694,97.184,47.1,84.83,0.588318
2025-01-01 02:45:09,26.436,56.09,99.979,46.401,84.756,0.59129
2025-01-01 02:45:10,26.375,55.538,98.572,46.494,86.426,0.590763
2025-01-01 02:45:11,26.23,55.6,98.672,46.74,83.912,0.572966
2025-01-01 02:45:12,26.713,56.868,97.253,45.308,84.0,0.572014
2025-01-01 02:45:13,26.821,54.062,98.495,45.55,85.407,0.56823
2025-01-01 02:45:14,26.826,54.853,98.036,46.547,84.125,0.552551
2025-01-01 02:45:15,26.131,53.133,97.707,45.523,84.089,0.559991
2025-01-01 02:45:16,25.806,55.603,96.776,44.941,86.777,0.604076
2025-01-01 02:45:17,26.77,55.897,97.283,45.312,83.6,0.560538
2025-01-01 02:45:18,26.395,54.058,100.037,47.039,83.975,0.566768
2025-01-01 02:45:19,27.577,56.494,97.63,45.914,85.349,0.559638
2025-01-01 02:45:20,27.609,54.345,98.683,46.413,84.731,0.542315
2025-01-01 02:45:21,27.671,54.727,97.611,45.426,83.108,0.529357
2025-01-01 02:45:22,26.215,55.194,97.41,46.576,86.864,0.585907
2025-01-01 02:45:23,26.979,56.675,97.001,46.078,83.736,0.554942
2025-01-01 02:45:24,27.138,54.229,98.898,46.672,84.36,0.548635
2025-01-01 02:45:25,27.091,55.384,97.841,45.956,85.144,0.561862
2025-01-01 02:45:26,26.543,55.874,96.594,46.765,87.18,0.578677
2025-01-01 02:45:27,27.368,55.675,96.906,45.964,84.058,0.541601
2025-01-01 02:45:28,26.737,55.719,98.292,46.346,83.411,0.558526
2025-01-01 02:45:29,26.809,55.882,94.295,46.219,85.075,0.541896
2025-01-01 02:45:30,25.984,54.573,97.361,46.483,86.947,0.587402
2025-01-01 02:45:31,27.083,56.823,97.506,46.712,84.568,0.559746
2025-01-01 02:45:32,26.639,55.032,96.136,46.121,84.025,0.545691
2025-01-01 02:45:33,27.009,54.907,96.959,46.45,84.799,0.546831
2025-01-01 02:45:34,26.902,56.507,97.225,46.724,81.802,0.536358
2025-01-01 02:45:35,26.882,54.537,95.411,47.011,83.516,0.520039
2025-01-01 02:45:36,26.776,55.497,97.404,46.574,82.025,0.535984
2025-01-01 02:45:37,27.199,54.463,96.779,45.957,83.744,0.532796
2025-01-01 02:45:38,26.714,57.714,96.249,46.767,83.521,0.555842
2025-01-01 02:45:39,26.093,57.513,96.428,47.267,80.932,0.544498
2025-01-01 02:45:40,27.112,55.103,96.951,45.697,84.272,0.547175
2025-01-01 02:45:41,26.429,55.743,98.482,45.741,84.758,0.582394
2025-01-01 02:45:42,26.178,55.238,96.698,46.303,83.744,0.558145
2025-01-01 02:45:43,26.336,54.895,96.821,46.714,82.101,0.536413
2025-01-01 02:45:44,26.995,55.373,96.128,45.146,85.412,0.558892
2025-01-01 02:45:45,26.811,55.224,97.759,47.399,86.129,0.563651
2025-01-01 02:45:46,25.799,53.754,94.316,46.831,84.29,0.537718
2025-01-01 02:45:47,26.68,55.549,93.969,45.134,83.343,0.533513
2025-01-01 02:45:48,27.462,55.255,95.785,46.163,83.316,0.519992
2025-01-01 02:45:49,26.657,55.621,96.218,46.852,84.202,0.546318
2025-01-01 02:45:50,26.806,55.243,92.909,45.714,83.747,0.51916
2025-01-01 02:45:51,27.415,54.972,95.408,47.948,84.118,0.509269
2025-01-01 02:45:52,27.297,56.219,95.158,47.362,84.092,0.523499
2025-01-01 02:45:53,27.415,55.89,96.011,47.796,82.622,0.509537
2025-01-01 02:45:54,25.523,56.765,95.624,46.472,82.476,0.564014
2025-01-01 02:45:55,27.781,55.876,93.316,47.667,83.082,0.484967
2025-01-01 02:45:56,27.237,55.197,93.974,46.852,83.934,0.510455
2025-01-01 02:45:57,28.154,56.024,94.178,47.27,81.457,0.473861
2025-01-01 02:45:58,26.537,53.44,95.655,47.751,83.008,0.511709
2025-01-01 02:45:59,26.051,57.538,95.222,47.457,83.194,0.553547
2025-01-01 02:46:00,26.94,55.722,94.159,48.205,82.607,0.501316
2025-01-01 02:46:01,26.803,57.646,94.857,47.715,84.828,0.546338
2025-01-01 02:46:02,27.272,54.607,93.588,47.279,84.576,0.504393
2025-01-01 02:46:03,27.486,54.373,96.63,48.37,83.55,0.504838
2025-01-01 02:46:04,26.909,55.871,95.09,48.586,85.128,0.528539
2025-01-01 02:46:05,26.835,55.882,95.237,47.86,84.011,0.527551
2025-01-01 02:46:06,27.221,55.873,95.764,48.907,83.07,0.507271
2025-01-01 02:46:07,26.834,55.735,95.341,47.698,82.289,0.514177
2025-01-01 02:46:08,26.796,54.937,94.294,47.833,82.339,0.500288
2025-01-01 02:46:09,27.487,54.095,94.016,47.988,83.222,0.482442
2025-01-01 02:46:10,27.601,55.879,95.428,47.93,82.27,0.496787
2025-01-01 02:46:11,27.516,54.329,94.106,47.835,80.847,0.465658
2025-01-01 02:46:12,26.893,54.251,93.271,47.562,82.162,0.485529
2025-01-01 02:46:13,25.909,55.264,95.928,47.389,83.803,0.550794
2025-01-01 02:46:14,26.908,56.091,92.968,48.324,79.431,0.468194
2025-01-01 02:46:15,26.605,57.665,92.112,49.246,84.154,0.512521
2025-01-01 02:46:16,26.921,56.673,94.783,48.99,83.11,0.512049
2025-01-01 02:46:17,26.652,57.144,93.003,48.702,82.089,0.501392
2025-01-01 02:46:18,26.979,56.382,94.115,49.443,82.666,0.496244
2025-01-01 02:46:19,26.472,56.113,95.443,48.512,83.423,0.529285
2025-01-01 02:46:20,26.352,58.269,92.197,47.759,82.26,0.518763
2025-01-01 02:46:21,27.605,54.458,93.479,48.324,83.307,0.476518
2025-01-01 02:46:22,26.51,55.386,94.951,48.608,83.139,0.516055
2025-01-01 02:46:23,26.997,55.482,94.099,48.301,82.277,0.49431
2025-01-01 02:46:24,27.475,56.729,93.187,49.253,80.682,0.465411
2025-01-01 02:46:25,27.455,54.876,95.707,49.568,81.847,0.478925
2025-01-01 02:46:26,27.396,56.636,93.174,47.488,79.463,0.469427
2025-01-01 02:46:27,27.151,56.472,93.618,48.813,82.395,0.491656
2025-01-01 02:46:28,27.362,56.724,94.824,46.662,81.305,0.505269
2025-01-01 02:46:29,27.686,56.726,94.11,48.966,81.018,0.472741
2025-01-01 02:46:30,27.213,57.488,94.405,49.013,82.491,0.50333
2025-01-01 02:46:31,26.081,55.92,92.14,50.572,80.127,0.467979
2025-01-01 02:46:32,26.736,56.519,94.224,50.388,81.734,0.488764
2025-01-01 02:46:33,27.348,55.273,93.123,50.009,81.139,0.455043
2025-01-01 02:46:34,26.685,55.065,92.166,48.551,81.277,0.472895
2025-01-01 02:46:35,27.808,57.815,93.093,48.562,81.782,0.479608
2025-01-01 02:46:36,26.966,55.258,93.021,48.555,83.576,0.493815
2025-01-01 02:46:37,27.039,56.732,94.66,50.71,81.813,0.485175
2025-01-01 02:46:38,27.558,56.643,93.135,48.817,82.912,0.484272
2025-01-01 02:46:39,26.903,57.308,91.936,49.294,82.903,0.490974
