time,温度,湿度,A,B,C,是否故障
2025-04-01 00:00:00,22.309,72.995,99.343,81.655,74.669,0
2025-04-01 00:00:01,22.54,74.77,99.855,81.364,75.539,0
2025-04-01 00:00:02,22.44,73.513,99.213,81.692,76.556,0
2025-04-01 00:00:03,21.852,74.975,99.549,81.144,76.352,0
2025-04-01 00:00:04,21.773,74.749,99.446,81.073,74.34,0
2025-04-01 00:00:05,22.259,74.419,99.482,81.053,77.232,0
2025-04-01 00:00:06,22.544,74.742,100.006,80.607,76.936,0
2025-04-01 00:00:07,22.486,73.5,99.131,80.488,79.334,0
2025-04-01 00:00:08,22.923,74.69,99.515,80.906,78.836,0
2025-04-01 00:00:09,22.651,73.616,98.37,81.351,78.997,0
2025-04-01 00:00:10,22.663,72.905,98.134,81.789,79.597,0
2025-04-01 00:00:11,22.298,73.7,99.557,80.748,79.617,0
2025-04-01 00:00:12,22.229,74.392,100.445,81.26,79.373,0
2025-04-01 00:00:13,23.051,74.115,100.292,81.035,80.519,0
2025-04-01 00:00:14,22.665,74.996,100.292,81.071,80.281,0
2025-04-01 00:00:15,22.936,75.243,100.79,80.413,79.87,0
2025-04-01 00:00:16,22.323,73.781,100.876,80.09,79.288,0
2025-04-01 00:00:17,22.646,73.142,100.928,81.225,80.718,0
2025-04-01 00:00:18,22.431,72.818,101.093,80.639,79.742,0
2025-04-01 00:00:19,22.626,74.456,101.532,80.385,82.908,0
2025-04-01 00:00:20,23.169,73.126,100.752,80.431,82.239,0
2025-04-01 00:00:21,22.492,72.775,100.631,81.271,81.514,0
2025-04-01 00:00:22,22.814,72.635,100.696,80.04,82.505,0
2025-04-01 00:00:23,23.06,73.507,100.195,80.563,81.959,0
2025-04-01 00:00:24,22.845,72.49,100.748,80.56,84.327,0
2025-04-01 00:00:25,23.005,72.098,100.52,80.119,83.446,0
2025-04-01 00:00:26,23.048,72.673,100.092,79.209,85.66,0
2025-04-01 00:00:27,23.272,71.207,99.599,79.104,83.935,0
2025-04-01 00:00:28,23.049,73.437,99.631,78.734,83.566,0
2025-04-01 00:00:29,23.29,73.133,99.557,79.738,82.981,0
2025-04-01 00:00:30,23.255,74.321,99.794,78.997,83.76,0
2025-04-01 00:00:31,23.393,73.443,99.835,80.229,82.727,0
2025-04-01 00:00:32,23.36,72.963,99.663,79.945,84.493,0
2025-04-01 00:00:33,23.815,73.212,99.966,80.976,82.761,0
2025-04-01 00:00:34,23.143,72.271,100.586,78.275,84.759,0
2025-04-01 00:00:35,23.724,70.881,101.217,77.997,84.239,0
2025-04-01 00:00:36,23.265,71.23,100.013,78.581,85.632,0
2025-04-01 00:00:37,23.119,72.655,99.481,79.145,83.389,0
2025-04-01 00:00:38,23.788,72.315,100.841,78.514,84.163,0
2025-04-01 00:00:39,23.311,72.857,101.368,78.671,86.294,0
2025-04-01 00:00:40,23.342,72.23,101.002,79.15,86.402,0
2025-04-01 00:00:41,23.057,72.904,100.787,78.074,85.974,0
2025-04-01 00:00:42,22.857,70.774,101.104,78.176,84.51,0
2025-04-01 00:00:43,23.689,73.299,100.283,78.178,84.118,0
2025-04-01 00:00:44,23.159,71.676,100.393,78.406,86.547,0
2025-04-01 00:00:45,23.751,71.805,99.755,77.784,85.297,0
2025-04-01 00:00:46,24.079,72.736,99.833,77.917,85.377,0
2025-04-01 00:00:47,23.497,70.915,99.348,78.398,85.783,0
2025-04-01 00:00:48,23.197,70.404,99.422,77.539,83.244,0
2025-04-01 00:00:49,23.657,70.528,98.567,76.365,84.276,0
2025-04-01 00:00:50,23.769,71.759,99.545,77.563,84.71,0
2025-04-01 00:00:51,23.462,70.543,100.292,77.482,83.819,0
2025-04-01 00:00:52,23.544,72.917,99.422,77.97,84.614,0
2025-04-01 00:00:53,23.936,73.387,98.503,77.56,84.516,0
2025-04-01 00:00:54,23.911,69.985,98.399,77.015,85.304,0
2025-04-01 00:00:55,23.739,70.862,98.752,76.811,84.12,0
2025-04-01 00:00:56,23.258,70.767,99.333,77.65,83.425,0
2025-04-01 00:00:57,23.493,70.288,98.492,76.788,84.5,0
2025-04-01 00:00:58,23.68,70.816,98.413,76.394,82.724,0
2025-04-01 00:00:59,23.424,70.218,97.77,76.573,83.366,0
2025-04-01 00:01:00,23.292,68.803,98.419,75.77,82.783,0
2025-04-01 00:01:01,23.231,71.944,98.542,76.66,82.977,0
2025-04-01 00:01:02,23.255,68.056,97.941,76.07,83.726,0
2025-04-01 00:01:03,23.226,70.325,98.039,76.722,83.49,0
2025-04-01 00:01:04,23.273,69.332,97.251,76.566,82.499,0
2025-04-01 00:01:05,23.732,70.332,97.867,75.567,83.883,0
2025-04-01 00:01:06,23.127,68.728,98.28,77.148,82.301,0
2025-04-01 00:01:07,23.611,69.675,98.617,75.926,81.48,0
2025-04-01 00:01:08,23.446,68.248,98.433,75.827,80.973,0
2025-04-01 00:01:09,23.338,69.123,99.334,76.78,80.713,0
2025-04-01 00:01:10,23.021,69.242,98.925,77.051,80.721,0
2025-04-01 00:01:11,23.105,69.422,99.22,77.008,81.219,0
2025-04-01 00:01:12,23.805,68.441,98.317,75.651,79.378,0
2025-04-01 00:01:13,23.213,68.628,98.97,76.174,81.414,0
2025-04-01 00:01:14,23.314,68.554,98.036,76.533,79.92,0
2025-04-01 00:01:15,23.32,68.507,98.385,75.855,80.299,0
2025-04-01 00:01:16,23.404,68.471,98.001,75.889,79.257,0
2025-04-01 00:01:17,22.982,69.033,97.14,76.553,79.075,0
2025-04-01 00:01:18,22.835,68.467,98.772,76.237,77.796,0
2025-04-01 00:01:19,22.965,69.212,98.309,75.431,79.042,0
2025-04-01 00:01:20,22.867,68.762,98.183,75.809,78.574,0
2025-04-01 00:01:21,23.145,68.549,98.559,76.209,76.511,0
2025-04-01 00:01:22,22.926,69.273,98.184,75.825,77.191,0
2025-04-01 00:01:23,22.902,66.515,98.292,75.431,78.558,0
2025-04-01 00:01:24,22.833,69.295,100.03,75.322,77.047,0
2025-04-01 00:01:25,23.117,67.343,98.374,75.158,76.25,0
2025-04-01 00:01:26,22.545,66.035,98.282,75.985,75.096,0
2025-04-01 00:01:27,22.522,68.609,98.848,75.376,76.955,0
2025-04-01 00:01:28,22.888,68.384,97.999,75.47,74.262,0
2025-04-01 00:01:29,22.547,67.326,96.899,75.374,75.636,0
2025-04-01 00:01:30,22.644,67.097,98.218,75.003,75.255,0
2025-04-01 00:01:31,22.273,66.045,98.733,75.777,72.818,0
2025-04-01 00:01:32,22.454,66.005,98.512,75.932,76.931,0
2025-04-01 00:01:33,22.531,67.254,98.493,75.202,74.28,0
2025-04-01 00:01:34,21.958,68.378,98.902,75.619,72.914,0
2025-04-01 00:01:35,22.102,67.037,99.847,75.831,73.761,0
2025-04-01 00:01:36,22.392,67.215,98.885,77.173,73.048,0
2025-04-01 00:01:37,22.893,66.135,100.058,76.145,73.201,0
2025-04-01 00:01:38,22.311,66.686,99.335,76.151,75.288,0
2025-04-01 00:01:39,22.109,66.46,100.933,75.922,73.48,0
2025-04-01 00:01:40,21.826,66.745,101.217,76.273,71.78,0
2025-04-01 00:01:41,22.151,66.025,100.425,75.941,70.959,0
2025-04-01 00:01:42,21.237,65.996,101.134,76.341,72.251,0
2025-04-01 00:01:43,21.926,65.621,101.304,76.936,70.654,0
2025-04-01 00:01:44,21.796,67.402,102.156,76.298,71.259,0
2025-04-01 00:01:45,21.694,66.267,101.762,75.968,71.233,0
2025-04-01 00:01:46,22.5,66.693,101.164,75.776,71.212,0
2025-04-01 00:01:47,21.016,65.965,101.032,75.621,68.916,0
2025-04-01 00:01:48,21.707,67.524,101.374,76.129,71.302,0
2025-04-01 00:01:49,21.689,66.889,100.774,75.857,69.633,0
2025-04-01 00:01:50,21.765,66.397,99.928,75.148,68.133,0
2025-04-01 00:01:51,21.1,67.802,100.372,75.883,69.502,0
2025-04-01 00:01:52,21.397,66.441,100.38,75.858,68.063,0
2025-04-01 00:01:53,21.046,66.84,101.088,76.488,66.512,0
2025-04-01 00:01:54,21.414,66.382,100.245,76.619,68.871,0
2025-04-01 00:01:55,21.47,66.174,101.562,76.929,70.488,0
2025-04-01 00:01:56,21.42,67.112,100.063,77.08,66.543,0
2025-04-01 00:01:57,21.271,65.649,99.297,77.163,68.282,0
2025-04-01 00:01:58,21.346,65.848,97.91,76.565,66.237,0
2025-04-01 00:01:59,21.305,66.642,98.907,78.143,65.236,0
2025-04-01 00:02:00,21.336,65.798,97.625,76.633,65.823,0
2025-04-01 00:02:01,21.185,65.568,96.988,76.621,66.787,0
2025-04-01 00:02:02,20.607,64.864,96.344,77.315,65.571,0
2025-04-01 00:02:03,20.862,65.963,96.952,76.328,67.098,0
2025-04-01 00:02:04,21.176,66.026,96.769,76.027,66.346,0
2025-04-01 00:02:05,20.766,68.174,95.797,76.461,67.268,0
2025-04-01 00:02:06,20.768,64.868,95.684,76.857,66.345,0
2025-04-01 00:02:07,21.01,66.304,95.677,75.725,64.666,0
2025-04-01 00:02:08,20.933,65.042,96.022,76.366,66.102,0
2025-04-01 00:02:09,21.186,66.319,95.931,76.758,66.734,0
2025-04-01 00:02:10,21.044,65.297,95.969,76.724,67.486,0
2025-04-01 00:02:11,20.734,66.389,95.243,76.3,64.749,0
2025-04-01 00:02:12,20.873,65.542,95.459,77.22,65.632,0
2025-04-01 00:02:13,19.958,65.095,95.529,77.078,64.28,0
2025-04-01 00:02:14,20.554,67.014,95.86,77.017,64.883,0
2025-04-01 00:02:15,20.727,65.919,95.603,76.672,66.013,0
2025-04-01 00:02:16,20.035,66.253,95.509,77.488,66.383,0
2025-04-01 00:02:17,20.636,65.79,95.018,76.804,65.572,0
2025-04-01 00:02:18,20.791,66.395,95.956,78.046,67.37,0
2025-04-01 00:02:19,21.01,66.724,96.365,76.641,64.602,0
2025-04-01 00:02:20,20.806,64.735,97.01,77.675,65.274,0
2025-04-01 00:02:21,21.238,66.372,96.468,77.078,66.467,0
2025-04-01 00:02:22,21.119,65.005,96.272,77.451,67.162,0
2025-04-01 00:02:23,20.16,66.106,97.639,77.141,65.007,0
2025-04-01 00:02:24,20.574,66.157,97.19,77.107,66.705,0
2025-04-01 00:02:25,20.588,66.054,96.247,77.029,64.839,0
2025-04-01 00:02:26,20.656,66.334,96.512,77.518,66.735,0
2025-04-01 00:02:27,20.452,66.916,97.008,76.633,67.191,0
2025-04-01 00:02:28,20.804,66.88,96.25,76.24,67.477,0
2025-04-01 00:02:29,20.843,67.119,97.378,76.341,66.572,0
2025-04-01 00:02:30,20.163,65.763,96.857,76.785,67.257,0
2025-04-01 00:02:31,20.905,65.673,96.244,77.364,67.29,0
2025-04-01 00:02:32,20.43,65.665,95.574,76.71,66.941,0
2025-04-01 00:02:33,20.946,67.223,96.941,75.778,67.047,0
2025-04-01 00:02:34,20.804,67.898,97.141,77.107,67.5,0
2025-04-01 00:02:35,20.603,67.039,97.748,77.374,68.674,0
2025-04-01 00:02:36,21.248,65.62,98.083,77.161,68.627,0
2025-04-01 00:02:37,20.929,67.046,98.792,76.068,68.146,0
2025-04-01 00:02:38,20.683,66.557,99.894,76.565,69.132,0
2025-04-01 00:02:39,20.761,66.755,100.413,77.746,69.101,0
2025-04-01 00:02:40,21.426,67.465,101.11,76.483,67.582,0
2025-04-01 00:02:41,21.143,66.908,100.336,75.573,69.556,0
2025-04-01 00:02:42,21.02,66.93,99.96,77.346,68.357,0
2025-04-01 00:02:43,20.818,67.167,100.68,76.629,69.156,0
2025-04-01 00:02:44,20.943,69.001,100.443,76.059,71.601,0
2025-04-01 00:02:45,20.84,68.316,101.385,77.064,69.937,0
2025-04-01 00:02:46,20.361,68.717,101.134,76.249,71.929,0
2025-04-01 00:02:47,21.108,66.995,101.927,76.153,70.618,0
2025-04-01 00:02:48,20.992,67.066,101.578,74.87,70.313,0
2025-04-01 00:02:49,20.489,67.628,102.105,76.027,71.575,0
2025-04-01 00:02:50,20.73,69.252,101.343,75.563,72.322,0
2025-04-01 00:02:51,20.877,67.235,103.087,75.318,73.385,0
2025-04-01 00:02:52,21.08,67.477,103.491,76.419,70.428,0
2025-04-01 00:02:53,21.532,66.861,103.704,75.454,73.606,0
2025-04-01 00:02:54,21.051,68.304,104.277,74.927,72.401,0
2025-04-01 00:02:55,20.497,69.142,103.419,74.618,70.958,0
2025-04-01 00:02:56,21.309,69.227,103.644,75.758,73.76,0
2025-04-01 00:02:57,21.099,66.859,103.163,74.834,75.479,0
2025-04-01 00:02:58,20.663,67.826,104.088,75.211,75.074,0
2025-04-01 00:02:59,20.539,68.764,103.896,74.103,75.12,0
2025-04-01 00:03:00,20.943,69.7,104.078,74.991,76.279,0
2025-04-01 00:03:01,21.415,69.356,102.61,74.627,75.069,0
2025-04-01 00:03:02,21.114,68.471,102.732,74.992,75.644,0
2025-04-01 00:03:03,21.563,69.714,104.073,74.866,75.571,0
2025-04-01 00:03:04,21.34,70.232,103.258,74.669,76.298,0
2025-04-01 00:03:05,21.522,68.785,103.456,74.693,75.824,0
2025-04-01 00:03:06,21.721,69.349,103.567,73.956,77.505,0
2025-04-01 00:03:07,21.728,70.585,104.018,73.719,77.311,0
2025-04-01 00:03:08,21.282,70.857,103.375,73.979,77.945,0
2025-04-01 00:03:09,22.222,68.637,104.078,72.59,79.492,0
2025-04-01 00:03:10,21.095,69.763,104.251,73.83,78.38,0
2025-04-01 00:03:11,21.678,69.674,104.662,73.744,77.538,0
2025-04-01 00:03:12,21.474,70.327,104.01,73.294,78.956,0
2025-04-01 00:03:13,22.184,71.161,104.853,73.764,78.905,0
2025-04-01 00:03:14,21.481,69.501,103.228,74.175,79.598,0
2025-04-01 00:03:15,21.611,69.237,103.331,73.926,81.078,0
2025-04-01 00:03:16,21.627,70.182,102.988,73.687,80.97,0
2025-04-01 00:03:17,21.603,70.577,101.975,73.119,80.525,0
2025-04-01 00:03:18,21.892,69.654,101.433,72.086,80.413,0
2025-04-01 00:03:19,22.166,71.18,101.676,72.383,80.348,0
2025-04-01 00:03:20,21.869,70.922,102.207,72.791,81.627,0
2025-04-01 00:03:21,21.7,71.221,101.091,72.789,82.443,0
2025-04-01 00:03:22,22.171,70.342,101.836,73.405,81.642,0
2025-04-01 00:03:23,22.29,70.752,102.355,72.906,81.667,0
2025-04-01 00:03:24,22.56,71.025,100.424,72.754,81.391,0
2025-04-01 00:03:25,22.151,70.943,99.531,72.534,82.401,0
2025-04-01 00:03:26,22.385,70.888,99.613,71.824,83.081,0
2025-04-01 00:03:27,22.76,71.945,98.431,73.042,82.779,0
2025-04-01 00:03:28,22.237,72.384,98.064,71.934,82.799,0
2025-04-01 00:03:29,22.552,71.085,97.947,72.452,83.574,0
2025-04-01 00:03:30,22.519,70.86,97.888,72.643,82.516,0
2025-04-01 00:03:31,22.24,71.865,98.05,73.247,83.216,0
2025-04-01 00:03:32,22.683,72.641,97.711,72.353,84.376,0
2025-04-01 00:03:33,23.099,71.711,96.729,72.299,83.863,0
2025-04-01 00:03:34,23.479,71.916,97.502,72.745,82.716,0
2025-04-01 00:03:35,22.416,72.895,97.364,71.801,84.769,0
2025-04-01 00:03:36,23.171,72.075,97.742,72.035,84.823,0
2025-04-01 00:03:37,23.268,71.693,98.399,71.176,84.506,0
2025-04-01 00:03:38,23.34,72.722,98.695,71.718,84.83,0
2025-04-01 00:03:39,22.885,71.223,99.576,71.221,85.145,0
2025-04-01 00:03:40,23.15,72.346,99.957,71.942,84.996,0
2025-04-01 00:03:41,22.91,73.377,99.603,72.525,84.216,0
2025-04-01 00:03:42,23.299,73.532,100.756,71.92,84.652,0
2025-04-01 00:03:43,23.527,72.448,99.315,71.215,85.351,0
2025-04-01 00:03:44,23.129,73.109,98.412,71.191,85.152,0
2025-04-01 00:03:45,23.305,73.034,98.984,72.768,84.928,0
2025-04-01 00:03:46,23.53,73.199,99.217,72.162,84.996,0
2025-04-01 00:03:47,23.52,72.971,99.508,71.967,85.221,0
2025-04-01 00:03:48,23.137,72.806,99.792,70.847,84.169,0
2025-04-01 00:03:49,23.777,73.773,100.922,71.162,84.419,0
2025-04-01 00:03:50,23.541,72.604,100.509,70.906,83.745,0
2025-04-01 00:03:51,23.469,73.155,99.94,70.37,85.274,0
2025-04-01 00:03:52,23.462,73.673,101.393,72.093,84.027,0
2025-04-01 00:03:53,23.685,73.231,101.013,71.633,84.065,0
2025-04-01 00:03:54,23.808,75.282,101.064,71.515,84.31,0
2025-04-01 00:03:55,23.142,74.562,100.986,71.145,83.536,0
2025-04-01 00:03:56,23.284,73.288,100.474,72.219,84.808,0
2025-04-01 00:03:57,23.047,73.484,100.297,70.742,84.256,0
2025-04-01 00:03:58,23.717,73.786,101.4,71.422,82.709,0
2025-04-01 00:03:59,23.717,71.533,101.318,71.577,83.647,0
2025-04-01 00:04:00,23.513,73.278,102.425,71.48,83.548,0
2025-04-01 00:04:01,23.304,71.912,102.359,71.867,83.102,0
2025-04-01 00:04:02,24.039,73.955,103.515,71.731,84.387,0
2025-04-01 00:04:03,24.138,73.46,103.713,71.057,83.712,0
2025-04-01 00:04:04,24.142,75.177,103.701,71.189,83.48,0
2025-04-01 00:04:05,23.692,73.361,104.266,71.369,82.106,0
2025-04-01 00:04:06,23.727,73.219,103.436,71.704,82.497,0
2025-04-01 00:04:07,23.732,73.019,103.516,71.346,80.288,0
2025-04-01 00:04:08,23.655,75.148,104.7,71.042,81.661,0
2025-04-01 00:04:09,23.33,73.763,103.239,71.63,80.894,0
2025-04-01 00:04:10,23.518,74.922,103.324,72.509,81.107,0
2025-04-01 00:04:11,23.945,73.598,102.278,71.137,80.622,0
2025-04-01 00:04:12,23.698,72.553,102.576,71.459,82.046,0
2025-04-01 00:04:13,23.553,73.144,101.658,71.263,82.394,0
2025-04-01 00:04:14,23.616,74.591,101.087,70.738,80.659,0
2025-04-01 00:04:15,24.21,75.064,101.459,71.401,81.759,0
2025-04-01 00:04:16,24.124,74.54,102.868,72.176,80.384,0
2025-04-01 00:04:17,24.0,73.811,102.765,71.762,78.304,0
2025-04-01 00:04:18,23.712,73.79,102.297,71.56,79.176,0
2025-04-01 00:04:19,23.285,73.321,102.888,71.821,79.136,0
2025-04-01 00:04:20,23.693,73.979,102.628,71.731,79.221,0
2025-04-01 00:04:21,23.523,73.902,101.911,72.545,75.93,0
2025-04-01 00:04:22,23.79,72.589,102.242,72.246,79.742,0
2025-04-01 00:04:23,23.894,72.977,101.464,72.738,78.359,0
2025-04-01 00:04:24,23.364,73.352,101.152,72.484,76.794,0
2025-04-01 00:04:25,23.944,73.764,101.171,72.408,76.139,0
2025-04-01 00:04:26,23.545,74.552,100.622,72.134,76.973,0
2025-04-01 00:04:27,23.532,74.703,101.005,71.81,75.625,0
2025-04-01 00:04:28,23.313,73.91,100.711,72.377,76.299,0
2025-04-01 00:04:29,23.4,73.377,99.924,72.161,76.514,0
2025-04-01 00:04:30,23.458,73.383,100.112,72.424,74.624,0
2025-04-01 00:04:31,23.342,73.212,100.619,72.641,73.993,0
2025-04-01 00:04:32,23.278,74.545,101.235,72.333,73.535,0
2025-04-01 00:04:33,23.225,72.873,100.046,72.008,75.933,0
2025-04-01 00:04:34,23.924,73.129,99.89,72.255,73.589,0
2025-04-01 00:04:35,23.219,73.148,100.039,72.049,72.586,0
2025-04-01 00:04:36,23.474,73.79,100.462,71.979,74.099,0
2025-04-01 00:04:37,23.237,72.814,99.832,72.153,73.847,0
2025-04-01 00:04:38,22.302,73.127,99.668,72.418,72.776,0
2025-04-01 00:04:39,24.079,72.532,99.897,72.667,72.784,0
2025-04-01 00:04:40,23.106,74.249,99.214,72.924,72.133,0
2025-04-01 00:04:41,22.902,72.602,98.271,73.031,71.893,0
2025-04-01 00:04:42,23.424,72.281,97.944,72.543,72.262,0
2025-04-01 00:04:43,23.435,73.43,98.11,72.348,71.849,0
2025-04-01 00:04:44,22.779,71.02,98.484,73.299,69.378,0
2025-04-01 00:04:45,22.659,73.368,97.292,72.218,72.164,0
2025-04-01 00:04:46,22.602,71.175,98.201,72.007,70.657,0
2025-04-01 00:04:47,22.93,72.502,98.555,72.09,69.572,0
2025-04-01 00:04:48,22.832,72.898,98.736,73.229,71.476,0
2025-04-01 00:04:49,22.975,71.11,98.562,72.786,69.923,0
2025-04-01 00:04:50,22.661,72.383,97.57,73.039,69.727,0
2025-04-01 00:04:51,22.498,71.343,96.225,71.818,70.316,0
2025-04-01 00:04:52,22.642,71.697,96.893,72.866,69.707,0
2025-04-01 00:04:53,22.39,71.751,95.86,72.874,69.621,0
2025-04-01 00:04:54,22.714,71.116,96.069,72.307,67.014,0
2025-04-01 00:04:55,22.596,70.921,94.574,73.009,67.194,0
2025-04-01 00:04:56,22.592,71.111,94.754,73.085,68.793,0
2025-04-01 00:04:57,22.514,71.957,95.068,72.04,68.403,0
2025-04-01 00:04:58,22.207,70.741,94.907,73.032,68.275,0
2025-04-01 00:04:59,21.769,72.097,95.429,72.892,68.192,0
2025-04-01 00:05:00,22.62,73.207,95.57,72.416,65.814,0
2025-04-01 00:05:01,22.519,70.941,94.706,72.158,66.748,0
2025-04-01 00:05:02,21.924,71.492,96.061,71.496,67.156,0
2025-04-01 00:05:03,22.371,71.364,95.275,72.804,66.855,0
2025-04-01 00:05:04,22.102,70.827,94.744,72.631,67.463,0
2025-04-01 00:05:05,21.987,70.881,94.926,72.602,67.243,0
2025-04-01 00:05:06,21.962,71.346,95.311,72.629,66.433,0
2025-04-01 00:05:07,21.669,70.202,95.32,71.648,66.957,0
2025-04-01 00:05:08,21.834,70.819,96.484,71.527,66.259,0
2025-04-01 00:05:09,21.844,69.012,97.292,72.145,66.797,0
2025-04-01 00:05:10,21.845,70.839,97.257,71.458,65.018,0
2025-04-01 00:05:11,21.553,70.621,98.164,72.049,65.043,0
2025-04-01 00:05:12,21.812,70.082,97.09,71.842,65.743,0
2025-04-01 00:05:13,21.48,68.952,97.973,70.824,65.151,0
2025-04-01 00:05:14,21.461,69.245,98.523,72.262,65.056,0
2025-04-01 00:05:15,21.595,68.735,97.718,71.984,67.07,0
2025-04-01 00:05:16,21.391,69.185,98.82,72.192,65.307,0
2025-04-01 00:05:17,21.18,68.516,98.828,71.529,65.258,0
2025-04-01 00:05:18,21.292,68.933,97.508,70.86,65.991,0
2025-04-01 00:05:19,21.201,68.87,97.437,70.908,66.847,0
2025-04-01 00:05:20,21.412,69.793,99.335,70.524,68.1,0
2025-04-01 00:05:21,21.539,69.457,99.143,71.511,64.799,0
2025-04-01 00:05:22,21.476,69.987,99.413,72.138,67.562,0
2025-04-01 00:05:23,21.064,69.31,99.418,70.826,65.595,0
2025-04-01 00:05:24,21.123,69.389,99.921,71.479,66.783,0
2025-04-01 00:05:25,21.278,69.018,100.046,70.429,66.765,0
2025-04-01 00:05:26,20.679,69.743,100.354,70.188,66.399,0
2025-04-01 00:05:27,21.391,68.756,100.133,70.372,65.32,0
2025-04-01 00:05:28,21.47,67.418,98.436,70.261,68.566,0
2025-04-01 00:05:29,21.283,68.967,98.08,70.249,66.092,0
2025-04-01 00:05:30,20.393,67.169,98.355,71.651,67.28,0
2025-04-01 00:05:31,21.101,67.898,98.884,69.357,68.105,0
2025-04-01 00:05:32,20.44,68.019,99.365,70.183,69.392,0
2025-04-01 00:05:33,21.25,68.871,99.634,70.339,67.234,0
2025-04-01 00:05:34,20.297,67.674,100.11,69.888,68.171,0
2025-04-01 00:05:35,20.502,66.904,100.879,69.509,66.721,0
2025-04-01 00:05:36,21.015,67.304,100.416,70.314,69.81,0
2025-04-01 00:05:37,20.46,66.751,100.533,70.399,68.884,0
2025-04-01 00:05:38,20.043,67.803,100.467,69.736,69.606,0
2025-04-01 00:05:39,20.529,66.943,101.42,69.453,68.608,0
2025-04-01 00:05:40,20.973,67.61,101.837,69.29,71.09,0
2025-04-01 00:05:41,20.472,68.078,101.04,69.22,68.842,0
2025-04-01 00:05:42,20.486,66.953,100.089,68.89,69.691,0
2025-04-01 00:05:43,20.858,67.599,100.185,69.258,69.237,0
2025-04-01 00:05:44,20.796,67.579,100.473,68.949,70.972,0
2025-04-01 00:05:45,21.163,64.59,100.1,69.761,71.563,0
2025-04-01 00:05:46,21.04,66.023,99.062,69.139,72.016,0
2025-04-01 00:05:47,20.678,66.464,99.755,68.684,70.747,0
2025-04-01 00:05:48,20.562,65.653,99.805,69.262,73.149,0
2025-04-01 00:05:49,21.098,67.036,99.687,68.991,71.445,0
2025-04-01 00:05:50,20.57,65.413,99.869,67.571,72.246,0
2025-04-01 00:05:51,20.446,65.802,100.322,68.331,72.568,0
2025-04-01 00:05:52,20.919,66.396,101.113,68.249,74.54,0
2025-04-01 00:05:53,20.602,65.176,101.055,68.962,72.708,0
2025-04-01 00:05:54,20.323,66.222,100.762,67.891,73.747,0
2025-04-01 00:05:55,20.982,67.148,101.117,67.588,73.768,0
2025-04-01 00:05:56,21.078,64.204,100.948,68.38,72.501,0
2025-04-01 00:05:57,20.456,66.594,101.84,67.922,74.369,0
2025-04-01 00:05:58,20.718,64.947,101.034,68.24,74.603,0
2025-04-01 00:05:59,20.699,65.009,99.825,67.511,74.127,0
2025-04-01 00:06:00,20.808,66.044,100.173,67.506,76.501,0
2025-04-01 00:06:01,20.74,66.391,99.777,67.954,75.793,0
2025-04-01 00:06:02,20.438,65.869,100.124,67.869,76.888,0
2025-04-01 00:06:03,20.921,66.589,99.619,68.658,76.747,0
2025-04-01 00:06:04,20.831,65.943,100.41,68.716,77.859,0
2025-04-01 00:06:05,20.993,65.521,99.914,68.098,76.975,0
2025-04-01 00:06:06,21.176,65.993,99.647,68.574,76.169,0
2025-04-01 00:06:07,21.246,65.62,98.357,67.404,76.385,0
2025-04-01 00:06:08,21.154,65.981,98.332,67.348,77.08,0
2025-04-01 00:06:09,20.262,66.279,98.771,67.388,80.836,0
2025-04-01 00:06:10,20.769,67.445,97.861,66.948,79.092,0
2025-04-01 00:06:11,21.137,66.685,97.606,67.539,79.485,0
2025-04-01 00:06:12,21.388,65.992,97.966,67.598,79.872,0
2025-04-01 00:06:13,20.862,65.285,97.804,68.279,78.943,0
2025-04-01 00:06:14,20.969,67.309,98.346,67.512,80.343,0
2025-04-01 00:06:15,21.758,66.401,97.57,67.37,82.717,0
2025-04-01 00:06:16,20.505,65.469,97.169,66.733,82.937,0
2025-04-01 00:06:17,21.207,65.996,96.43,66.822,79.09,0
2025-04-01 00:06:18,21.141,64.687,95.869,67.398,81.169,0
2025-04-01 00:06:19,21.258,66.46,96.834,67.399,80.461,0
2025-04-01 00:06:20,21.312,65.624,97.047,67.498,81.816,0
2025-04-01 00:06:21,21.654,66.523,96.781,66.995,82.889,0
2025-04-01 00:06:22,21.788,65.817,96.469,67.466,81.688,0
2025-04-01 00:06:23,22.47,66.066,96.48,67.181,82.219,0
2025-04-01 00:06:24,22.124,66.899,96.028,67.218,81.711,0
2025-04-01 00:06:25,21.61,65.523,95.769,67.2,82.56,0
2025-04-01 00:06:26,21.747,66.349,96.478,68.054,82.694,0
2025-04-01 00:06:27,22.032,65.985,97.641,67.483,82.556,0
2025-04-01 00:06:28,22.564,67.649,97.746,68.299,82.925,0
2025-04-01 00:06:29,21.75,66.136,97.713,67.098,84.281,0
2025-04-01 00:06:30,21.972,67.209,98.201,66.994,84.682,0
2025-04-01 00:06:31,21.843,65.233,96.45,67.36,82.762,0
2025-04-01 00:06:32,22.302,66.002,95.971,66.511,84.526,0
2025-04-01 00:06:33,21.581,66.007,96.323,67.445,83.758,0
2025-04-01 00:06:34,22.081,66.122,96.837,66.511,83.6,0
2025-04-01 00:06:35,21.685,66.429,96.561,67.701,83.596,0
2025-04-01 00:06:36,22.215,66.677,98.03,68.427,85.099,0
2025-04-01 00:06:37,22.421,65.941,98.421,66.276,83.686,0
2025-04-01 00:06:38,22.107,66.587,98.889,67.113,84.674,0
2025-04-01 00:06:39,22.206,68.094,98.621,66.435,84.202,0
2025-04-01 00:06:40,22.666,66.761,99.639,67.817,83.604,0
2025-04-01 00:06:41,22.34,65.406,99.85,66.903,83.58,0
2025-04-01 00:06:42,22.589,66.809,99.051,67.274,85.523,0
2025-04-01 00:06:43,22.395,66.565,99.629,67.563,83.457,0
2025-04-01 00:06:44,22.234,67.75,100.32,68.432,84.65,0
2025-04-01 00:06:45,22.437,66.795,99.449,66.603,85.118,0
2025-04-01 00:06:46,23.242,67.396,100.242,68.125,86.046,0
2025-04-01 00:06:47,22.572,67.721,99.427,67.588,81.751,0
2025-04-01 00:06:48,22.721,66.826,99.624,67.385,84.561,0
2025-04-01 00:06:49,23.112,69.486,99.658,67.837,85.254,0
2025-04-01 00:06:50,22.909,67.964,98.174,67.239,84.315,0
2025-04-01 00:06:51,23.005,66.511,97.333,68.232,85.611,0
2025-04-01 00:06:52,23.579,66.503,97.33,67.384,84.189,0
2025-04-01 00:06:53,23.21,67.603,98.259,67.945,85.42,0
2025-04-01 00:06:54,22.733,68.117,98.057,67.0,84.976,0
2025-04-01 00:06:55,23.225,67.717,97.32,69.156,83.416,0
2025-04-01 00:06:56,22.883,67.021,97.501,69.046,83.89,0
2025-04-01 00:06:57,22.999,67.528,98.322,68.42,85.176,0
2025-04-01 00:06:58,23.467,67.233,98.737,68.024,82.514,0
2025-04-01 00:06:59,23.205,68.903,98.599,67.95,83.573,0
2025-04-01 00:07:00,23.135,67.883,98.212,68.914,84.401,0
2025-04-01 00:07:01,23.092,68.966,98.941,68.377,82.088,0
2025-04-01 00:07:02,23.343,68.651,98.311,68.394,83.606,0
2025-04-01 00:07:03,23.254,68.871,98.482,68.273,82.577,0
2025-04-01 00:07:04,23.664,68.383,98.917,68.524,82.63,0
2025-04-01 00:07:05,23.467,68.262,98.588,69.028,84.089,0
2025-04-01 00:07:06,23.393,68.197,98.301,68.667,82.588,0
2025-04-01 00:07:07,24.399,68.339,97.674,68.207,82.485,0
2025-04-01 00:07:08,23.6,67.706,96.566,68.633,82.25,0
2025-04-01 00:07:09,23.316,68.29,96.332,68.388,81.722,0
2025-04-01 00:07:10,23.189,69.574,95.865,68.677,83.975,0
2025-04-01 00:07:11,23.25,70.351,97.085,68.204,81.819,0
2025-04-01 00:07:12,23.204,68.32,96.369,67.661,80.278,0
2025-04-01 00:07:13,23.614,69.267,96.466,68.792,79.434,0
2025-04-01 00:07:14,23.656,70.019,95.927,67.869,79.661,0
2025-04-01 00:07:15,23.866,69.837,95.103,67.749,80.773,0
2025-04-01 00:07:16,23.404,70.942,95.543,68.712,80.202,0
2025-04-01 00:07:17,23.587,70.646,95.693,67.908,78.591,0
2025-04-01 00:07:18,23.573,69.684,95.87,68.383,77.268,0
2025-04-01 00:07:19,24.259,70.235,95.588,69.181,78.598,0
2025-04-01 00:07:20,23.822,69.078,95.966,67.992,79.678,0
2025-04-01 00:07:21,23.927,69.807,94.27,68.813,78.877,0
2025-04-01 00:07:22,24.143,69.927,94.269,68.442,78.357,0
2025-04-01 00:07:23,23.888,70.198,93.191,69.092,78.177,0
2025-04-01 00:07:24,23.812,69.478,92.552,69.108,77.605,0
2025-04-01 00:07:25,23.709,71.207,93.834,67.928,76.165,0
2025-04-01 00:07:26,23.758,70.24,92.92,68.163,78.947,0
2025-04-01 00:07:27,23.841,69.873,92.233,68.572,75.656,0
2025-04-01 00:07:28,23.786,68.662,92.88,68.019,74.081,0
2025-04-01 00:07:29,23.79,69.88,91.499,68.587,75.781,0
2025-04-01 00:07:30,24.434,69.895,91.331,68.057,76.131,0
2025-04-01 00:07:31,23.461,70.725,91.547,68.299,75.304,0
2025-04-01 00:07:32,23.241,72.742,91.684,68.775,75.211,0
2025-04-01 00:07:33,23.971,70.08,91.063,69.13,75.275,0
2025-04-01 00:07:34,24.266,72.541,90.547,67.253,73.326,0
2025-04-01 00:07:35,23.766,71.343,89.494,68.001,75.238,0
2025-04-01 00:07:36,24.091,70.721,90.798,68.108,73.798,0
2025-04-01 00:07:37,24.328,71.895,90.707,67.825,73.064,0
2025-04-01 00:07:38,23.752,70.82,90.297,67.893,74.739,0
2025-04-01 00:07:39,23.874,72.215,89.751,67.295,71.618,0
2025-04-01 00:07:40,23.551,72.104,88.695,67.359,75.147,0
2025-04-01 00:07:41,23.592,71.664,89.511,67.167,71.59,0
2025-04-01 00:07:42,23.646,72.102,89.081,67.78,71.915,0
2025-04-01 00:07:43,23.97,72.531,89.557,67.737,72.52,0
2025-04-01 00:07:44,24.178,72.017,89.547,68.421,69.906,0
2025-04-01 00:07:45,23.918,72.355,89.779,67.144,69.807,0
2025-04-01 00:07:46,23.431,71.204,89.008,68.374,71.386,0
2025-04-01 00:07:47,23.434,70.711,88.022,67.929,69.154,0
2025-04-01 00:07:48,23.535,72.489,87.322,67.161,70.248,0
2025-04-01 00:07:49,23.624,71.789,87.62,67.469,69.716,0
2025-04-01 00:07:50,23.77,72.622,89.123,68.285,69.064,0
2025-04-01 00:07:51,23.119,72.188,87.516,66.368,68.787,0
2025-04-01 00:07:52,23.224,73.137,87.178,67.507,69.276,0
2025-04-01 00:07:53,24.046,71.942,87.996,67.072,68.765,0
2025-04-01 00:07:54,23.621,73.002,88.406,67.31,67.996,0
2025-04-01 00:07:55,23.574,73.56,89.207,66.925,66.874,0
2025-04-01 00:07:56,22.997,73.411,89.756,67.218,70.646,0
2025-04-01 00:07:57,23.691,72.631,90.038,67.698,68.231,0
2025-04-01 00:07:58,23.512,72.489,90.415,66.793,69.512,0
2025-04-01 00:07:59,22.874,74.017,90.476,67.087,67.647,0
2025-04-01 00:08:00,22.906,72.916,90.082,67.086,67.561,0
2025-04-01 00:08:01,23.429,72.996,90.251,67.281,69.219,0
2025-04-01 00:08:02,22.806,73.364,91.697,66.424,66.964,0
2025-04-01 00:08:03,23.342,73.039,91.93,65.673,66.393,0
2025-04-01 00:08:04,22.961,72.415,91.779,66.16,68.892,0
2025-04-01 00:08:05,23.281,75.291,92.078,65.379,66.753,0
2025-04-01 00:08:06,23.314,73.854,92.68,66.356,66.331,0
2025-04-01 00:08:07,23.555,71.852,92.777,66.066,66.27,0
2025-04-01 00:08:08,22.425,73.256,94.155,66.341,65.726,0
2025-04-01 00:08:09,22.471,73.623,92.432,65.593,65.692,0
2025-04-01 00:08:10,22.835,74.151,93.186,65.862,66.869,0
2025-04-01 00:08:11,23.33,73.662,93.119,65.389,68.165,0
2025-04-01 00:08:12,22.932,72.735,93.534,65.205,65.765,0
2025-04-01 00:08:13,22.324,73.125,93.321,65.636,69.08,0
2025-04-01 00:08:14,22.961,73.906,93.849,65.444,66.076,0
2025-04-01 00:08:15,22.618,74.445,93.621,65.035,66.142,0
2025-04-01 00:08:16,22.982,73.856,93.822,65.71,66.074,0
2025-04-01 00:08:17,22.2,73.421,94.866,64.455,67.333,0
2025-04-01 00:08:18,22.781,74.398,95.092,64.291,68.231,0
2025-04-01 00:08:19,22.873,74.756,96.004,64.303,67.881,0
2025-04-01 00:08:20,22.113,73.785,96.136,64.283,66.274,0
2025-04-01 00:08:21,22.407,74.081,96.601,64.837,67.163,0
2025-04-01 00:08:22,22.453,73.952,96.012,63.747,67.87,0
2025-04-01 00:08:23,20.351,74.575,96.268,31.785,66.575,1
2025-04-01 00:08:24,21.865,72.911,96.441,32.435,67.124,1
2025-04-01 00:08:25,22.083,74.031,98.326,32.051,68.364,1
2025-04-01 00:08:26,20.191,73.028,98.611,31.719,67.9,1
2025-04-01 00:08:27,21.015,73.144,97.264,31.572,67.948,1
2025-04-01 00:08:28,23.326,73.11,98.564,31.767,67.788,1
2025-04-01 00:08:29,20.95,73.789,97.8,31.9,68.393,1
2025-04-01 00:08:30,19.008,73.859,102.269,31.49,69.303,1
2025-04-01 00:08:31,21.209,74.128,97.27,31.42,67.284,1
2025-04-01 00:08:32,21.694,72.592,95.372,31.683,67.953,1
2025-04-01 00:08:33,21.995,72.389,99.746,31.722,67.147,1
2025-04-01 00:08:34,20.903,73.375,98.986,31.42,68.393,1
2025-04-01 00:08:35,20.84,73.362,93.813,31.198,67.956,1
2025-04-01 00:08:36,21.342,74.102,96.867,31.054,68.142,1
2025-04-01 00:08:37,20.957,73.63,95.867,31.571,68.563,1
2025-04-01 00:08:38,19.595,72.675,94.041,31.444,68.662,1
2025-04-01 00:08:39,21.53,74.26,99.723,31.825,69.741,1
2025-04-01 00:08:40,22.946,72.316,97.395,31.305,69.146,1
2025-04-01 00:08:41,20.753,72.503,97.616,31.501,69.878,1
2025-04-01 00:08:42,20.847,74.573,96.055,31.423,71.232,1
2025-04-01 00:08:43,21.242,73.391,100.331,31.283,71.357,1
2025-04-01 00:08:44,20.207,71.329,99.2,31.2,72.464,1
2025-04-01 00:08:45,21.619,73.215,98.447,31.203,70.456,1
2025-04-01 00:08:46,22.788,72.948,99.613,31.54,70.995,1
2025-04-01 00:08:47,21.652,73.24,97.537,31.247,73.278,1
2025-04-01 00:08:48,19.6,71.639,105.787,31.401,73.19,1
2025-04-01 00:08:49,21.366,72.336,97.05,31.015,73.184,1
2025-04-01 00:08:50,18.872,71.396,94.523,31.114,70.784,1
2025-04-01 00:08:51,20.217,72.169,99.509,31.068,76.097,1
2025-04-01 00:08:52,20.284,72.425,95.096,31.109,81.189,1
2025-04-01 00:08:53,20.401,72.723,98.821,30.9,69.731,1
2025-04-01 00:08:54,20.2,71.172,106.837,31.314,70.915,1
2025-04-01 00:08:55,20.877,72.041,101.416,31.432,78.015,1
2025-04-01 00:08:56,21.557,73.089,104.902,30.829,80.95,1
2025-04-01 00:08:57,20.548,71.837,99.866,31.064,71.348,1
2025-04-01 00:08:58,24.222,72.872,104.435,31.029,63.033,1
2025-04-01 00:08:59,21.93,72.397,106.509,31.566,83.128,1
2025-04-01 00:09:00,17.993,70.34,100.74,15.149,63.029,1
2025-04-01 00:09:01,21.675,56.838,103.554,15.065,67.675,1
2025-04-01 00:09:02,21.504,57.046,102.237,15.165,71.346,1
2025-04-01 00:09:03,22.426,55.885,105.279,15.086,68.769,1
2025-04-01 00:09:04,23.4,56.837,99.313,15.001,77.847,1
2025-04-01 00:09:05,19.746,56.813,109.183,14.976,74.551,1
2025-04-01 00:09:06,21.54,54.61,102.946,15.148,85.671,1
2025-04-01 00:09:07,24.062,55.454,95.812,15.046,78.585,1
2025-04-01 00:09:08,22.15,36.596,98.121,14.916,85.06,1
2025-04-01 00:09:09,19.948,37.394,102.524,15.244,71.744,1
2025-04-01 00:09:10,21.744,36.618,104.301,15.32,71.539,1
2025-04-01 00:09:11,18.513,36.485,100.155,15.098,93.595,1
2025-04-01 00:09:12,17.581,36.524,101.225,15.107,82.36,1
2025-04-01 00:09:13,21.053,35.987,105.847,15.108,77.063,1
2025-04-01 00:09:14,20.496,36.212,106.214,14.929,75.66,1
2025-04-01 00:09:15,22.005,37.575,98.443,15.136,67.609,1
2025-04-01 00:09:16,21.366,36.504,108.28,15.314,81.363,1
2025-04-01 00:09:17,16.885,36.976,113.44,15.083,80.764,1
2025-04-01 00:09:18,23.914,37.575,115.353,7.13,80.966,1
2025-04-01 00:09:19,24.155,36.145,107.42,7.144,82.877,1
2025-04-01 00:09:20,22.884,35.203,115.81,7.31,81.202,1
2025-04-01 00:09:21,37.082,35.971,102.348,7.178,81.411,1
2025-04-01 00:09:22,35.572,16.154,99.947,7.198,83.035,1
2025-04-01 00:09:23,36.518,17.353,105.606,7.157,83.04,1
2025-04-01 00:09:24,36.424,16.18,113.547,7.147,82.34,1
2025-04-01 00:09:25,38.483,15.29,112.192,7.223,83.515,1
2025-04-01 00:09:26,25.938,15.769,115.206,7.041,83.845,1
2025-04-01 00:09:27,33.45,16.439,117.669,7.196,81.734,1
2025-04-01 00:09:28,37.799,15.469,123.863,7.232,83.581,1
2025-04-01 00:09:29,36.048,-0.538,110.853,7.181,83.717,1
2025-04-01 00:09:30,32.306,-0.372,127.678,7.124,85.376,1
2025-04-01 00:09:31,35.953,0.023,122.739,7.187,83.459,1
2025-04-01 00:09:32,31.869,0.254,117.819,7.216,84.525,1
2025-04-01 00:09:33,32.643,0.279,119.757,7.232,86.682,1
2025-04-01 00:09:34,35.223,0.103,119.398,7.193,83.827,1
2025-04-01 00:09:35,29.744,0.876,130.309,7.208,83.522,1
2025-04-01 00:09:36,27.892,-0.631,118.276,7.187,83.339,1
2025-04-01 00:09:37,35.46,-0.171,120.659,7.182,83.387,1
2025-04-01 00:09:38,38.159,-27.135,125.058,7.178,84.884,1
2025-04-01 00:09:39,38.448,-26.973,120.229,7.237,83.222,1
2025-04-01 00:09:40,25.989,-28.455,124.422,7.22,84.094,1
2025-04-01 00:09:41,29.415,-27.747,120.243,7.207,85.013,1
2025-04-01 00:09:42,34.334,-28.844,127.877,7.231,83.628,1
2025-04-01 00:09:43,35.622,-26.454,114.724,7.2,86.109,1
2025-04-01 00:09:44,41.798,-26.504,125.094,7.317,86.089,1
2025-04-01 00:09:45,48.494,-27.948,135.157,7.305,85.295,1
2025-04-01 00:09:46,48.794,-26.399,128.954,7.221,84.644,1
2025-04-01 00:09:47,49.276,-28.026,121.779,7.3,84.715,1
2025-04-01 00:09:48,46.153,-28.702,132.661,7.297,84.521,1
2025-04-01 00:09:49,50.493,-27.846,144.288,7.264,84.278,1
2025-04-01 00:09:50,48.378,-26.85,128.939,7.374,85.006,1
2025-04-01 00:09:51,52.494,-9.442,127.671,7.194,85.869,1
2025-04-01 00:09:52,46.088,-9.717,130.305,7.095,86.101,1
2025-04-01 00:09:53,50.444,-8.256,131.497,7.311,85.395,1
2025-04-01 00:09:54,56.018,-8.919,136.846,7.271,83.352,1
2025-04-01 00:09:55,43.745,-9.764,135.708,7.175,84.939,1
2025-04-01 00:09:56,43.185,-7.815,141.663,7.166,85.704,1
2025-04-01 00:09:57,53.513,-8.484,139.25,7.309,82.735,1
2025-04-01 00:09:58,46.06,-9.487,141.419,7.233,85.039,1
2025-04-01 00:09:59,43.479,-9.633,114.588,7.26,83.391,1
2025-04-01 00:10:00,51.388,-9.222,114.039,7.212,84.752,1
2025-04-01 00:10:01,48.362,-9.393,110.08,7.209,82.025,1
2025-04-01 00:10:02,48.847,-10.395,99.713,14.616,82.874,1
2025-04-01 00:10:03,46.961,-9.658,89.363,14.512,84.141,1
2025-04-01 00:10:04,41.628,-8.74,97.455,14.703,83.547,1
2025-04-01 00:10:05,47.888,-9.748,89.164,14.519,82.711,1
2025-04-01 00:10:06,45.957,4.201,85.569,14.614,82.757,1
2025-04-01 00:10:07,51.732,5.267,95.909,14.465,82.646,1
2025-04-01 00:10:08,54.276,4.687,91.474,14.692,82.849,1
2025-04-01 00:10:09,46.365,4.778,90.81,14.501,80.559,1
2025-04-01 00:10:10,44.004,5.42,99.737,14.716,82.179,1
2025-04-01 00:10:11,47.592,5.521,96.279,14.456,80.449,1
2025-04-01 00:10:12,51.758,4.333,90.691,14.648,80.725,1
2025-04-01 00:10:13,52.087,5.756,97.942,14.915,81.507,1
2025-04-01 00:10:14,51.679,4.573,90.099,14.642,77.938,1
2025-04-01 00:10:15,46.755,7.225,98.299,14.748,81.139,1
2025-04-01 00:10:16,51.337,5.448,100.762,14.467,82.806,1
2025-04-01 00:10:17,49.912,4.649,90.9,14.614,76.482,1
2025-04-01 00:10:18,43.414,4.357,86.503,14.549,73.096,1
2025-04-01 00:10:19,43.917,5.202,80.719,14.484,81.0,1
2025-04-01 00:10:20,45.925,5.356,93.615,14.315,68.635,1
2025-04-01 00:10:21,44.451,5.371,101.766,14.51,83.81,1
2025-04-01 00:10:22,46.568,5.73,82.643,14.468,70.073,1
2025-04-01 00:10:23,51.592,6.27,88.905,14.368,88.53,1
2025-04-01 00:10:24,49.665,3.998,102.143,14.265,74.409,1
2025-04-01 00:10:25,51.604,3.742,88.207,14.278,76.015,1
2025-04-01 00:10:26,50.257,5.607,86.805,14.302,87.095,1
2025-04-01 00:10:27,49.868,4.652,95.712,14.434,72.654,1
2025-04-01 00:10:28,47.077,5.409,92.187,14.158,68.281,1
2025-04-01 00:10:29,47.251,5.02,94.653,14.264,67.629,1
2025-04-01 00:10:30,46.659,3.783,87.33,14.244,62.261,1
2025-04-01 00:10:31,42.987,3.875,95.593,14.279,62.816,1
2025-04-01 00:10:32,51.224,5.642,89.74,14.146,61.21,1
2025-04-01 00:10:33,49.636,18.133,84.309,14.22,62.939,1
2025-04-01 00:10:34,48.206,20.964,96.616,29.431,62.553,1
2025-04-01 00:10:35,44.836,19.912,90.56,28.906,70.955,1
2025-04-01 00:10:36,49.052,20.364,93.847,29.387,79.927,1
2025-04-01 00:10:37,44.891,-4.58,81.963,29.569,72.815,1
2025-04-01 00:10:38,51.901,-2.604,99.719,28.858,63.63,1
2025-04-01 00:10:39,53.092,15.311,98.178,29.05,89.299,1
2025-04-01 00:10:40,42.845,13.702,90.285,29.716,74.243,1
2025-04-01 00:10:41,44.768,16.764,90.393,29.404,50.304,1
2025-04-01 00:10:42,48.193,14.664,93.276,29.13,51.517,1
2025-04-01 00:10:43,48.456,16.1,94.734,28.769,55.423,1
2025-04-01 00:10:44,53.571,42.631,102.47,29.205,58.012,1
2025-04-01 00:10:45,46.352,42.894,93.128,60.894,84.458,1
2025-04-01 00:10:46,55.599,43.024,106.929,61.244,90.502,1
2025-04-01 00:10:47,55.25,42.592,96.192,61.163,48.334,1
2025-04-01 00:10:48,51.319,43.201,98.678,60.591,67.187,1
2025-04-01 00:10:49,46.149,43.776,106.209,61.641,35.922,1
2025-04-01 00:10:50,31.215,43.751,104.696,61.137,105.284,1
2025-04-01 00:10:51,34.575,43.552,103.977,60.874,73.119,1
2025-04-01 00:10:52,40.311,42.656,104.393,60.03,67.915,1
2025-04-01 00:10:53,35.111,43.357,99.739,61.317,88.766,1
2025-04-01 00:10:54,35.279,42.519,115.498,60.861,78.307,1
2025-04-01 00:10:55,37.377,21.701,105.634,60.703,59.147,1
2025-04-01 00:10:56,19.885,20.768,102.57,60.457,76.915,1
2025-04-01 00:10:57,24.254,22.838,123.122,60.264,65.004,1
2025-04-01 00:10:58,21.502,23.074,113.193,60.163,55.606,1
2025-04-01 00:10:59,21.176,22.402,105.676,60.103,76.751,1
2025-04-01 00:11:00,25.054,21.697,113.576,60.23,75.642,1
2025-04-01 00:11:01,22.845,24.288,119.88,60.196,36.259,1
2025-04-01 00:11:02,23.964,21.233,120.534,60.217,70.482,1
2025-04-01 00:11:03,27.218,21.675,100.472,61.069,71.913,1
2025-04-01 00:11:04,20.628,21.809,107.489,59.881,96.803,1
2025-04-01 00:11:05,25.343,22.786,106.724,59.916,65.242,1
2025-04-01 00:11:06,26.057,22.308,104.724,58.893,55.22,1
2025-04-01 00:11:07,22.186,23.072,106.426,59.967,50.057,1
2025-04-01 00:11:08,20.777,24.054,105.152,60.274,81.138,1
2025-04-01 00:11:09,23.223,23.168,102.151,60.107,70.711,1
2025-04-01 00:11:10,25.784,23.479,100.873,59.587,70.268,1
2025-04-01 00:11:11,36.319,45.768,110.553,59.815,65.295,1
2025-04-01 00:11:12,33.93,47.166,95.641,59.298,27.745,1
2025-04-01 00:11:13,36.893,47.055,100.364,59.447,69.364,1
2025-04-01 00:11:14,38.396,48.147,101.854,59.531,61.025,1
2025-04-01 00:11:15,39.475,45.944,108.27,59.475,83.505,1
2025-04-01 00:11:16,38.351,48.956,104.997,59.439,78.28,1
2025-04-01 00:11:17,37.51,48.313,109.582,58.51,86.409,1
2025-04-01 00:11:18,38.976,47.819,113.897,59.726,78.349,1
2025-04-01 00:11:19,34.516,47.671,101.34,59.129,74.907,1
2025-04-01 00:11:20,36.27,47.819,108.689,60.344,63.732,1
2025-04-01 00:11:21,34.635,48.489,108.157,59.324,67.572,1
2025-04-01 00:11:22,39.278,47.721,114.57,59.662,69.896,1
2025-04-01 00:11:23,36.932,48.315,105.629,59.412,59.526,1
2025-04-01 00:11:24,35.071,47.903,105.81,59.25,59.879,1
2025-04-01 00:11:25,29.653,48.462,104.618,60.018,80.057,1
2025-04-01 00:11:26,38.795,48.128,107.354,59.901,76.282,1
2025-04-01 00:11:27,34.264,48.883,100.777,59.278,86.126,1
2025-04-01 00:11:28,37.322,48.468,103.826,58.811,62.429,1
2025-04-01 00:11:29,35.539,48.457,100.513,58.56,85.115,1
2025-04-01 00:11:30,37.969,49.557,104.142,59.246,64.785,1
2025-04-01 00:11:31,36.051,48.258,106.962,58.925,77.829,1
2025-04-01 00:11:32,39.488,49.322,100.726,59.195,91.723,1
2025-04-01 00:11:33,36.223,49.722,116.362,59.3,60.83,1
2025-04-01 00:11:34,37.198,48.982,104.871,59.535,75.722,1
2025-04-01 00:11:35,37.062,49.054,105.789,60.155,79.941,1
2025-04-01 00:11:36,32.561,48.311,113.907,59.621,72.543,1
2025-04-01 00:11:37,38.096,49.566,115.334,59.268,58.805,1
2025-04-01 00:11:38,40.679,49.211,116.351,59.516,47.241,1
2025-04-01 00:11:39,37.552,49.701,111.427,58.926,62.253,1
2025-04-01 00:11:40,32.793,48.657,112.222,59.166,84.421,1
2025-04-01 00:11:41,32.547,50.154,120.791,59.518,75.915,1
2025-04-01 00:11:42,36.685,51.508,99.949,60.526,69.781,1
2025-04-01 00:11:43,38.709,49.055,94.979,60.045,60.654,1
2025-04-01 00:11:44,34.519,49.859,105.47,60.651,75.223,1
2025-04-01 00:11:45,36.424,51.148,109.748,60.086,88.452,1
2025-04-01 00:11:46,38.026,50.478,103.704,60.011,99.584,1
2025-04-01 00:11:47,34.344,49.741,104.378,60.716,97.686,1
2025-04-01 00:11:48,34.643,50.535,101.31,59.504,77.312,1
2025-04-01 00:11:49,37.011,49.945,110.996,60.734,69.39,1
2025-04-01 00:11:50,38.519,49.729,103.325,60.789,66.867,1
2025-04-01 00:11:51,38.391,49.926,106.437,59.753,65.322,1
2025-04-01 00:11:52,33.927,50.163,111.787,59.746,65.911,1
2025-04-01 00:11:53,37.505,49.21,111.8,59.941,83.996,1
2025-04-01 00:11:54,35.98,51.222,107.662,60.233,70.315,1
2025-04-01 00:11:55,36.924,50.999,116.493,60.581,91.556,1
2025-04-01 00:11:56,37.476,51.555,115.44,59.929,55.159,1
2025-04-01 00:11:57,38.485,51.374,116.068,59.917,65.098,1
2025-04-01 00:11:58,31.32,50.808,125.712,61.36,73.098,1
2025-04-01 00:11:59,38.74,50.273,96.309,61.47,70.463,1
2025-04-01 00:12:00,34.755,51.24,87.72,60.188,74.074,1
2025-04-01 00:12:01,36.661,51.317,100.302,61.389,72.728,1
2025-04-01 00:12:02,31.919,50.844,99.211,59.997,71.935,1
2025-04-01 00:12:03,48.738,51.712,99.751,60.657,73.208,1
2025-04-01 00:12:04,46.502,50.84,106.778,61.032,66.431,1
2025-04-01 00:12:05,46.231,51.551,99.985,60.512,74.686,1
2025-04-01 00:12:06,48.561,52.262,104.201,60.458,81.814,1
2025-04-01 00:12:07,49.344,52.302,104.193,60.407,73.52,1
2025-04-01 00:12:08,45.265,51.986,107.556,60.577,88.661,1
2025-04-01 00:12:09,44.064,53.508,95.961,60.767,73.052,1
2025-04-01 00:12:10,48.277,52.115,94.608,61.971,83.83,1
2025-04-01 00:12:11,47.614,52.805,104.296,61.082,80.264,1
2025-04-01 00:12:12,49.692,51.372,108.585,60.24,80.861,1
2025-04-01 00:12:13,44.937,53.646,102.308,61.119,77.184,1
2025-04-01 00:12:14,47.563,51.226,107.639,60.97,85.71,1
2025-04-01 00:12:15,44.894,52.526,109.682,61.299,79.221,1
2025-04-01 00:12:16,48.289,53.527,103.813,60.334,78.931,1
2025-04-01 00:12:17,46.357,52.512,107.631,60.705,71.07,1
2025-04-01 00:12:18,40.554,52.134,112.328,61.096,78.127,1
2025-04-01 00:12:19,45.975,72.693,110.879,60.765,85.896,1
2025-04-01 00:12:20,50.47,48.667,105.212,60.814,92.287,1
2025-04-01 00:12:21,50.095,48.147,111.607,60.936,82.757,1
2025-04-01 00:12:22,43.888,48.712,104.635,60.335,95.639,1
2025-04-01 00:12:23,49.646,49.924,106.342,60.427,79.344,1
2025-04-01 00:12:24,49.609,50.277,105.465,60.434,77.469,1
2025-04-01 00:12:25,46.075,48.7,105.773,61.819,79.359,1
2025-04-01 00:12:26,47.835,47.673,106.511,61.054,59.419,1
2025-04-01 00:12:27,46.227,49.279,114.903,61.479,82.047,1
2025-04-01 00:12:28,47.6,50.714,115.137,60.888,89.07,1
2025-04-01 00:12:29,45.884,50.014,118.328,60.546,72.624,1
2025-04-01 00:12:30,48.058,24.732,116.846,60.888,90.706,1
2025-04-01 00:12:31,47.314,24.678,113.353,61.125,77.843,1
2025-04-01 00:12:32,44.857,24.911,110.456,60.809,90.46,1
2025-04-01 00:12:33,47.915,23.253,118.873,60.516,83.685,1
2025-04-01 00:12:34,35.785,23.841,97.709,60.422,85.738,1
2025-04-01 00:12:35,33.129,24.438,94.046,60.96,94.499,1
2025-04-01 00:12:36,32.704,23.61,90.362,60.732,90.471,1
2025-04-01 00:12:37,36.889,22.683,91.891,59.921,89.479,1
2025-04-01 00:12:38,31.261,22.558,95.495,60.543,90.547,1
2025-04-01 00:12:39,36.563,24.93,92.97,60.778,68.923,1
2025-04-01 00:12:40,33.815,23.707,96.923,59.717,101.65,1
2025-04-01 00:12:41,34.954,24.144,89.547,60.774,100.655,1
2025-04-01 00:12:42,37.52,24.119,91.598,60.669,81.158,1
2025-04-01 00:12:43,38.612,24.127,88.146,59.985,85.344,1
2025-04-01 00:12:44,35.444,23.346,91.84,59.933,80.697,1
2025-04-01 00:12:45,33.992,23.933,93.652,59.732,87.003,1
2025-04-01 00:12:46,39.366,24.722,89.039,60.412,92.611,1
2025-04-01 00:12:47,24.686,23.305,99.215,59.963,63.303,1
2025-04-01 00:12:48,21.274,23.153,82.353,59.265,82.04,1
2025-04-01 00:12:49,21.68,23.26,95.688,59.513,84.142,1
2025-04-01 00:12:50,20.473,23.61,85.699,59.124,85.827,1
2025-04-01 00:12:51,23.054,24.735,91.63,59.365,84.758,1
2025-04-01 00:12:52,20.133,22.882,90.72,59.926,84.372,1
2025-04-01 00:12:53,22.522,22.611,91.87,58.829,85.251,1
2025-04-01 00:12:54,22.766,22.78,89.941,59.304,83.481,1
2025-04-01 00:12:55,18.07,23.412,86.458,59.799,84.144,1
2025-04-01 00:12:56,21.584,22.964,88.576,59.377,83.973,1
2025-04-01 00:12:57,24.14,24.338,94.577,58.514,82.758,1
2025-04-01 00:12:58,25.663,22.014,96.259,59.262,83.343,1
2025-04-01 00:12:59,19.474,24.372,86.663,58.825,83.221,1
2025-04-01 00:13:00,22.629,22.106,90.238,59.307,82.472,1
2025-04-01 00:13:01,19.408,23.212,90.164,58.589,83.915,1
2025-04-01 00:13:02,18.953,23.013,89.775,57.941,84.717,1
2025-04-01 00:13:03,22.5,22.512,100.85,58.964,85.126,1
2025-04-01 00:13:04,21.444,22.155,88.817,57.908,84.714,1
2025-04-01 00:13:05,20.497,23.504,94.967,59.356,83.286,1
2025-04-01 00:13:06,23.633,22.483,90.583,57.14,82.276,1
2025-04-01 00:13:07,22.6,21.997,94.956,59.309,83.094,1
2025-04-01 00:13:08,23.19,23.023,90.042,58.07,83.337,1
2025-04-01 00:13:09,20.125,22.596,102.426,58.042,82.347,1
2025-04-01 00:13:10,25.44,22.211,95.739,57.304,82.053,1
2025-04-01 00:13:11,20.428,21.479,98.648,58.464,81.435,1
2025-04-01 00:13:12,25.784,21.808,98.633,57.623,81.327,1
2025-04-01 00:13:13,22.692,22.788,93.277,58.063,81.592,1
2025-04-01 00:13:14,22.987,6.699,96.138,56.887,78.091,1
2025-04-01 00:13:15,21.226,7.654,97.191,57.186,81.792,1
2025-04-01 00:13:16,24.92,7.014,103.376,57.559,80.985,1
2025-04-01 00:13:17,19.498,30.961,113.438,57.748,88.004,1
2025-04-01 00:13:18,25.079,30.095,102.09,57.38,62.983,1
2025-04-01 00:13:19,20.211,31.523,99.224,57.697,66.345,1
2025-04-01 00:13:20,23.862,29.296,105.782,57.964,92.875,1
2025-04-01 00:13:21,24.207,28.873,110.158,57.921,75.317,1
2025-04-01 00:13:22,23.933,29.792,105.387,57.549,83.454,1
2025-04-01 00:13:23,27.885,29.854,108.545,57.081,58.299,1
2025-04-01 00:13:24,22.222,28.741,107.424,56.433,67.319,1
2025-04-01 00:13:25,24.048,28.326,105.936,56.666,86.201,1
2025-04-01 00:13:26,22.332,30.366,116.953,58.112,75.501,1
2025-04-01 00:13:27,24.37,29.297,115.97,56.883,75.667,1
2025-04-01 00:13:28,23.016,3.52,113.742,57.052,88.775,1
2025-04-01 00:13:29,25.488,3.03,95.36,56.988,96.702,1
2025-04-01 00:13:30,22.308,2.761,112.363,57.344,86.82,1
2025-04-01 00:13:31,31.702,3.283,115.365,56.057,70.574,1
2025-04-01 00:13:32,24.521,2.607,121.614,56.034,74.61,1
2025-04-01 00:13:33,26.492,3.351,118.606,56.384,76.181,1
2025-04-01 00:13:34,27.94,1.707,120.605,55.88,95.635,1
2025-04-01 00:13:35,23.54,1.766,123.026,56.595,66.451,1
2025-04-01 00:13:36,24.376,1.596,130.35,56.914,79.743,1
2025-04-01 00:13:37,33.189,1.977,133.814,56.943,104.463,1
2025-04-01 00:13:38,33.511,3.544,123.536,27.481,67.875,1
2025-04-01 00:13:39,35.842,0.545,129.662,28.221,94.097,1
2025-04-01 00:13:40,35.621,3.194,135.503,28.051,64.27,1
2025-04-01 00:13:41,30.053,2.507,138.959,28.073,42.521,1
2025-04-01 00:13:42,35.513,2.473,130.542,28.43,60.362,1
2025-04-01 00:13:43,33.865,1.05,128.811,28.051,83.274,1
2025-04-01 00:13:44,35.123,1.203,146.143,27.774,74.065,1
2025-04-01 00:13:45,32.638,1.885,141.745,28.483,65.276,1
2025-04-01 00:13:46,30.527,0.611,147.099,28.059,70.449,1
2025-04-01 00:13:47,28.581,25.986,138.104,28.024,94.239,1
2025-04-01 00:13:48,35.914,25.019,137.056,27.964,62.248,1
2025-04-01 00:13:49,33.084,27.022,143.406,27.788,69.572,1
2025-04-01 00:13:50,36.044,26.268,149.55,28.677,105.028,1
2025-04-01 00:13:51,36.742,25.043,162.054,28.332,81.397,1
2025-04-01 00:13:52,31.338,25.425,146.601,27.984,62.308,1
2025-04-01 00:13:53,30.939,1.818,144.847,28.168,82.483,1
2025-04-01 00:13:54,35.223,0.976,161.069,28.258,86.797,1
2025-04-01 00:13:55,36.114,0.886,165.298,28.224,49.309,1
2025-04-01 00:13:56,32.499,2.551,124.289,28.587,69.307,1
2025-04-01 00:13:57,36.795,0.644,135.138,28.265,54.33,1
2025-04-01 00:13:58,31.875,3.371,106.983,28.005,85.38,1
2025-04-01 00:13:59,35.218,0.555,106.895,28.261,78.137,1
2025-04-01 00:14:00,40.911,-0.346,99.775,27.965,58.464,1
2025-04-01 00:14:01,33.799,2.111,105.138,27.741,52.388,1
2025-04-01 00:14:02,32.308,0.654,105.288,27.972,58.95,1
2025-04-01 00:14:03,34.405,-0.298,109.392,28.301,64.196,1
2025-04-01 00:14:04,34.884,0.319,112.812,28.341,84.727,1
2025-04-01 00:14:05,34.312,1.428,116.046,27.998,60.936,1
2025-04-01 00:14:06,32.283,0.29,109.76,27.808,68.995,1
2025-04-01 00:14:07,30.593,1.628,105.841,16.021,72.238,1
2025-04-01 00:14:08,37.027,1.115,111.872,15.772,71.932,1
2025-04-01 00:14:09,32.053,0.518,117.518,16.051,49.983,1
2025-04-01 00:14:10,39.011,0.311,106.34,16.184,58.399,1
2025-04-01 00:14:11,35.451,0.235,94.859,16.162,54.102,1
2025-04-01 00:14:12,30.893,-0.195,111.603,16.058,86.401,1
2025-04-01 00:14:13,40.373,1.04,109.756,15.868,69.759,1
2025-04-01 00:14:14,50.532,-0.135,86.917,16.063,72.332,1
2025-04-01 00:14:15,47.258,-1.078,98.955,16.03,76.609,1
2025-04-01 00:14:16,51.384,-0.622,94.511,16.065,66.145,1
2025-04-01 00:14:17,47.797,0.842,93.448,16.219,63.455,1
2025-04-01 00:14:18,50.448,0.11,100.379,15.948,75.602,1
2025-04-01 00:14:19,51.101,0.396,87.654,16.011,62.123,1
2025-04-01 00:14:20,45.101,-0.919,100.303,15.984,91.421,1
2025-04-01 00:14:21,46.591,0.085,88.158,16.409,63.727,1
2025-04-01 00:14:22,49.691,0.185,81.482,16.165,62.98,1
2025-04-01 00:14:23,46.126,-1.877,83.344,15.863,74.716,1
2025-04-01 00:14:24,50.023,-0.265,92.614,15.761,82.862,1
2025-04-01 00:14:25,47.177,-1.411,82.186,16.047,77.028,1
2025-04-01 00:14:26,51.163,0.776,86.13,16.23,53.898,1
2025-04-01 00:14:27,48.334,-1.343,85.622,28.652,89.276,1
2025-04-01 00:14:28,49.46,0.51,87.524,28.503,59.547,1
2025-04-01 00:14:29,50.304,-0.004,84.986,28.745,55.574,1
2025-04-01 00:14:30,47.422,-2.101,93.001,28.76,90.711,1
2025-04-01 00:14:31,46.652,-0.027,87.18,28.9,43.413,1
2025-04-01 00:14:32,51.959,-0.113,96.14,28.812,56.6,1
2025-04-01 00:14:33,48.441,-0.302,86.589,57.109,85.861,1
2025-04-01 00:14:34,43.756,-1.294,88.842,57.476,47.626,1
2025-04-01 00:14:35,48.357,0.926,101.153,56.973,52.564,1
2025-04-01 00:14:36,53.071,-1.066,95.183,57.757,53.626,1
2025-04-01 00:14:37,47.76,-0.901,91.442,56.988,72.121,1
2025-04-01 00:14:38,53.561,0.02,81.478,57.461,59.697,1
2025-04-01 00:14:39,54.209,0.174,89.851,57.399,64.811,1
2025-04-01 00:14:40,45.503,-0.86,94.669,56.314,68.733,1
2025-04-01 00:14:41,52.343,0.272,93.745,57.791,71.966,1
2025-04-01 00:14:42,49.307,-0.391,93.857,57.822,68.757,1
2025-04-01 00:14:43,40.574,49.454,88.968,57.03,79.383,1
2025-04-01 00:14:44,39.133,49.806,89.544,57.726,69.084,1
2025-04-01 00:14:45,36.191,49.414,95.308,57.333,77.335,1
2025-04-01 00:14:46,37.163,49.881,87.996,57.856,76.493,1
2025-04-01 00:14:47,37.451,50.276,88.512,57.646,52.666,1
2025-04-01 00:14:48,33.456,51.278,102.212,57.688,80.717,1
2025-04-01 00:14:49,37.705,65.96,95.615,57.398,57.217,1
2025-04-01 00:14:50,35.478,65.872,88.68,57.564,64.781,1
2025-04-01 00:14:51,39.766,65.148,97.934,58.344,74.569,1
2025-04-01 00:14:52,35.34,66.858,84.8,57.182,74.15,1
2025-04-01 00:14:53,40.093,66.378,88.679,56.911,71.942,1
2025-04-01 00:14:54,34.66,66.589,99.088,56.827,64.422,1
2025-04-01 00:14:55,42.241,67.126,90.517,57.574,83.687,1
2025-04-01 00:14:56,40.521,66.564,97.74,57.258,61.359,1
2025-04-01 00:14:57,34.983,66.763,86.714,57.46,32.964,1
2025-04-01 00:14:58,34.966,65.434,93.739,57.527,74.99,1
2025-04-01 00:14:59,39.827,65.308,97.398,56.848,58.313,1
2025-04-01 00:15:00,36.478,65.536,93.202,56.561,42.962,1
2025-04-01 00:15:01,38.407,65.588,98.751,57.073,94.498,1
2025-04-01 00:15:02,36.168,66.108,93.47,56.908,94.916,1
2025-04-01 00:15:03,36.561,65.72,100.014,39.049,74.11,1
2025-04-01 00:15:04,40.308,66.702,91.136,39.17,88.199,1
2025-04-01 00:15:05,35.332,67.666,90.594,39.483,54.7,1
2025-04-01 00:15:06,37.892,65.632,92.052,38.473,83.083,1
2025-04-01 00:15:07,36.483,66.753,96.866,38.789,69.28,1
2025-04-01 00:15:08,34.945,65.381,90.997,39.752,82.557,1
2025-04-01 00:15:09,33.868,66.325,87.452,39.519,68.329,1
2025-04-01 00:15:10,37.583,67.715,90.851,38.543,56.735,1
2025-04-01 00:15:11,37.262,65.927,86.826,38.356,72.062,1
2025-04-01 00:15:12,30.312,67.733,83.838,39.429,93.671,1
2025-04-01 00:15:13,34.359,67.615,84.764,38.333,90.916,1
2025-04-01 00:15:14,36.759,49.113,91.537,38.172,56.945,1
2025-04-01 00:15:15,37.166,49.232,79.65,38.572,85.344,1
2025-04-01 00:15:16,33.986,49.225,86.958,38.817,100.532,1
2025-04-01 00:15:17,20.047,47.184,85.323,38.436,89.189,1
2025-04-01 00:15:18,18.272,49.321,81.029,38.858,88.017,1
2025-04-01 00:15:19,15.773,49.59,96.266,38.517,58.675,1
2025-04-01 00:15:20,18.232,50.937,95.952,38.84,93.994,1
2025-04-01 00:15:21,22.72,49.275,88.471,39.036,86.274,1
2025-04-01 00:15:22,21.522,49.578,89.091,38.786,92.812,1
2025-04-01 00:15:23,23.023,50.229,94.446,38.418,55.305,1
2025-04-01 00:15:24,22.801,51.558,83.947,38.356,62.001,1
2025-04-01 00:15:25,33.383,49.304,85.838,38.523,76.32,1
2025-04-01 00:15:26,28.911,49.774,76.151,38.672,71.722,1
2025-04-01 00:15:27,35.096,51.039,73.2,26.065,55.165,1
2025-04-01 00:15:28,36.148,50.827,87.864,26.003,88.586,1
2025-04-01 00:15:29,37.94,48.955,79.812,25.958,104.427,1
2025-04-01 00:15:30,29.527,51.514,81.972,26.089,59.182,1
2025-04-01 00:15:31,29.987,51.152,72.992,25.662,66.967,1
2025-04-01 00:15:32,30.512,50.573,89.434,25.95,80.232,1
2025-04-01 00:15:33,32.179,48.929,80.508,26.044,72.296,1
2025-04-01 00:15:34,32.26,50.497,86.229,25.394,76.577,1
2025-04-01 00:15:35,28.338,51.469,85.705,25.432,81.382,1
2025-04-01 00:15:36,31.581,50.989,76.117,26.128,76.195,1
2025-04-01 00:15:37,30.136,49.72,76.872,25.697,78.785,1
2025-04-01 00:15:38,32.354,50.916,84.777,25.562,97.165,1
2025-04-01 00:15:39,32.715,50.525,84.646,25.53,89.08,1
2025-04-01 00:15:40,32.876,69.837,83.652,25.264,76.727,1
2025-04-01 00:15:41,30.605,70.175,84.361,25.021,73.2,1
2025-04-01 00:15:42,30.911,70.726,89.364,25.275,77.987,1
2025-04-01 00:15:43,30.513,69.45,87.265,25.309,52.263,1
2025-04-01 00:15:44,34.23,69.687,84.741,25.297,61.985,1
2025-04-01 00:15:45,31.109,70.684,87.737,24.93,87.648,1
2025-04-01 00:15:46,32.308,71.804,85.082,25.605,94.044,1
2025-04-01 00:15:47,29.715,68.021,78.919,25.396,102.862,1
2025-04-01 00:15:48,32.04,71.736,78.514,25.328,78.092,1
2025-04-01 00:15:49,32.373,70.262,90.154,25.531,81.432,1
2025-04-01 00:15:50,32.389,70.252,83.539,25.028,102.694,1
2025-04-01 00:15:51,32.117,71.361,88.876,24.996,93.436,1
2025-04-01 00:15:52,21.144,71.692,90.992,25.316,87.216,1
2025-04-01 00:15:53,15.715,70.232,97.028,24.843,107.465,1
2025-04-01 00:15:54,19.645,71.961,76.428,25.05,92.729,1
2025-04-01 00:15:55,20.095,70.806,86.197,24.661,68.601,1
2025-04-01 00:15:56,17.334,71.188,86.511,24.89,69.939,1
2025-04-01 00:15:57,20.791,71.691,95.129,24.337,83.789,1
2025-04-01 00:15:58,22.745,71.171,86.534,24.975,80.816,1
2025-04-01 00:15:59,21.625,71.24,93.45,24.662,90.368,1
2025-04-01 00:16:00,21.962,72.097,84.151,24.661,113.886,1
2025-04-01 00:16:01,29.539,70.845,80.521,25.122,126.785,1
2025-04-01 00:16:02,22.63,69.77,90.316,24.382,111.355,1
2025-04-01 00:16:03,22.243,71.353,83.317,24.476,80.241,1
2025-04-01 00:16:04,23.023,71.749,89.074,24.772,87.805,1
2025-04-01 00:16:05,19.933,73.134,82.474,24.992,63.681,1
2025-04-01 00:16:06,18.84,72.75,81.722,24.902,84.334,1
2025-04-01 00:16:07,21.836,73.539,82.405,24.683,46.651,1
2025-04-01 00:16:08,22.002,72.328,90.809,24.739,71.903,1
2025-04-01 00:16:09,24.065,71.093,92.822,24.741,87.683,1
2025-04-01 00:16:10,19.951,71.287,90.716,24.877,45.023,1
2025-04-01 00:16:11,18.949,73.165,93.641,24.788,79.248,1
2025-04-01 00:16:12,23.629,72.179,100.926,24.3,80.059,1
2025-04-01 00:16:13,19.948,72.172,89.707,24.701,91.245,1
2025-04-01 00:16:14,26.179,72.349,87.893,24.249,77.432,1
2025-04-01 00:16:15,23.249,73.358,97.947,24.665,63.592,1
2025-04-01 00:16:16,24.161,72.48,88.778,24.703,63.738,1
2025-04-01 00:16:17,23.481,72.254,89.28,24.349,93.852,1
2025-04-01 00:16:18,17.174,72.614,85.342,24.195,62.016,1
2025-04-01 00:16:19,23.946,50.043,81.803,24.545,79.392,1
2025-04-01 00:16:20,20.909,49.804,94.726,24.319,88.682,1
2025-04-01 00:16:21,23.368,50.666,91.81,24.51,82.344,1
2025-04-01 00:16:22,18.522,50.462,82.75,24.37,86.757,1
2025-04-01 00:16:23,24.685,50.828,94.523,24.463,76.68,1
2025-04-01 00:16:24,23.611,51.441,81.062,24.511,68.738,1
2025-04-01 00:16:25,19.569,52.351,87.476,24.515,81.478,1
2025-04-01 00:16:26,24.478,51.252,89.972,35.479,75.071,1
2025-04-01 00:16:27,21.275,51.601,92.586,35.932,83.902,1
2025-04-01 00:16:28,19.814,52.684,92.643,36.1,69.474,1
2025-04-01 00:16:29,22.318,51.169,91.931,35.957,64.683,1
2025-04-01 00:16:30,23.009,51.494,90.561,35.685,59.094,1
2025-04-01 00:16:31,20.914,51.794,82.512,35.985,93.495,1
2025-04-01 00:16:32,25.083,50.904,88.529,35.725,80.238,1
2025-04-01 00:16:33,25.158,50.284,95.745,36.306,82.477,1
2025-04-01 00:16:34,23.401,50.997,90.035,36.431,71.244,1
2025-04-01 00:16:35,20.797,52.321,82.546,36.074,88.343,1
2025-04-01 00:16:36,25.09,50.52,97.057,15.077,72.705,1
2025-04-01 00:16:37,24.656,53.087,89.012,14.925,65.984,1
2025-04-01 00:16:38,22.814,51.93,90.907,14.704,67.541,1
2025-04-01 00:16:39,20.469,72.872,89.161,14.668,75.437,1
2025-04-01 00:16:40,24.091,73.219,82.623,22.105,77.451,1
2025-04-01 00:16:41,20.693,74.359,96.59,21.823,63.761,1
2025-04-01 00:16:42,23.091,73.924,92.407,12.818,84.716,1
2025-04-01 00:16:43,25.363,73.097,94.256,12.678,61.988,1
2025-04-01 00:16:44,22.353,74.224,108.182,12.769,73.679,1
2025-04-01 00:16:45,24.532,74.452,96.953,12.683,68.923,1
2025-04-01 00:16:46,22.292,73.326,94.727,12.807,76.703,1
2025-04-01 00:16:47,23.98,72.917,89.866,12.878,68.644,1
2025-04-01 00:16:48,20.639,71.51,90.797,12.83,76.277,1
2025-04-01 00:16:49,34.889,73.313,96.077,13.252,77.02,1
2025-04-01 00:16:50,33.711,71.725,102.186,12.935,48.315,1
2025-04-01 00:16:51,35.223,72.708,95.697,12.828,92.85,1
2025-04-01 00:16:52,33.464,74.656,88.345,12.965,75.294,1
2025-04-01 00:16:53,36.433,73.28,88.205,12.858,75.849,1
2025-04-01 00:16:54,37.979,73.861,87.598,12.902,79.896,1
2025-04-01 00:16:55,34.243,73.735,82.878,12.821,71.777,1
2025-04-01 00:16:56,36.282,72.42,97.903,12.848,83.613,1
2025-04-01 00:16:57,39.686,73.934,88.68,13.127,71.289,1
2025-04-01 00:16:58,34.647,72.316,82.749,12.975,54.535,1
2025-04-01 00:16:59,38.261,71.934,96.76,12.858,71.221,1
2025-04-01 00:17:00,36.202,72.621,104.74,12.912,64.256,1
2025-04-01 00:17:01,34.985,71.981,87.854,13.037,77.969,1
2025-04-01 00:17:02,38.524,72.297,94.19,12.859,67.988,1
2025-04-01 00:17:03,45.495,72.997,88.542,12.82,48.958,1
2025-04-01 00:17:04,45.922,71.282,97.699,13.033,78.862,1
2025-04-01 00:17:05,47.585,72.186,94.063,13.126,82.414,1
2025-04-01 00:17:06,45.903,72.425,89.224,13.027,56.592,1
2025-04-01 00:17:07,46.685,72.709,99.169,13.28,52.982,1
2025-04-01 00:17:08,44.468,71.717,99.883,12.978,60.249,1
2025-04-01 00:17:09,44.36,72.493,93.929,13.021,85.161,1
2025-04-01 00:17:10,44.304,72.266,99.766,12.99,76.18,1
2025-04-01 00:17:11,44.289,71.129,98.861,13.192,91.102,1
2025-04-01 00:17:12,47.625,71.328,98.986,32.01,78.137,1
2025-04-01 00:17:13,41.258,73.635,100.456,31.922,65.404,1
2025-04-01 00:17:14,51.186,72.208,96.111,31.449,69.187,1
2025-04-01 00:17:15,49.591,72.768,96.472,31.387,73.535,1
2025-04-01 00:17:16,43.9,73.113,102.179,31.908,61.142,1
2025-04-01 00:17:17,46.488,72.106,101.785,31.47,70.238,1
2025-04-01 00:17:18,47.284,71.471,101.61,17.812,78.404,1
2025-04-01 00:17:19,43.286,71.941,95.469,18.285,55.561,1
2025-04-01 00:17:20,46.086,72.092,92.415,18.037,77.936,1
2025-04-01 00:17:21,48.186,70.615,108.844,18.132,77.041,1
2025-04-01 00:17:22,42.856,73.34,97.278,18.021,75.284,1
2025-04-01 00:17:23,49.208,49.635,89.07,18.118,56.671,1
2025-04-01 00:17:24,42.989,49.268,79.858,17.731,69.544,1
2025-04-01 00:17:25,44.044,49.372,80.191,17.805,76.382,1
2025-04-01 00:17:26,43.064,48.974,82.079,18.254,52.495,1
2025-04-01 00:17:27,48.382,49.308,79.393,18.229,78.792,1
2025-04-01 00:17:28,45.918,30.062,79.186,18.079,72.395,1
2025-04-01 00:17:29,45.625,30.624,84.562,17.962,75.553,1
2025-04-01 00:17:30,48.428,28.651,84.727,18.357,62.875,1
2025-04-01 00:17:31,47.048,29.94,89.361,18.023,68.629,1
2025-04-01 00:17:32,45.475,29.429,96.649,18.278,81.066,1
2025-04-01 00:17:33,48.424,29.445,87.654,18.201,73.861,1
2025-04-01 00:17:34,41.778,29.198,93.516,18.302,86.952,1
2025-04-01 00:17:35,38.86,29.775,84.48,18.114,85.818,1
2025-04-01 00:17:36,37.525,28.633,93.412,8.34,72.412,1
2025-04-01 00:17:37,29.963,29.628,78.52,8.351,74.967,1
2025-04-01 00:17:38,39.309,28.914,83.822,14.208,65.93,1
2025-04-01 00:17:39,34.344,29.084,93.789,14.289,80.717,1
2025-04-01 00:17:40,37.048,28.08,94.994,14.133,60.718,1
2025-04-01 00:17:41,33.961,28.834,101.232,14.386,66.131,1
2025-04-01 00:17:42,37.894,29.331,95.986,14.145,53.166,1
2025-04-01 00:17:43,37.554,28.383,105.887,14.13,68.53,1
2025-04-01 00:17:44,38.822,50.508,100.157,14.227,67.366,1
2025-04-01 00:17:45,32.07,50.709,95.547,13.859,70.47,1
2025-04-01 00:17:46,23.906,50.769,101.797,14.096,68.578,1
2025-04-01 00:17:47,29.188,51.125,99.336,13.926,74.542,1
2025-04-01 00:17:48,26.544,49.741,100.887,14.266,73.378,1
2025-04-01 00:17:49,25.86,49.861,93.879,13.945,74.424,1
2025-04-01 00:17:50,22.009,49.637,101.984,14.235,73.096,1
2025-04-01 00:17:51,21.423,48.947,83.276,13.92,74.996,1
2025-04-01 00:17:52,23.689,49.771,92.202,14.099,72.348,1
2025-04-01 00:17:53,22.883,49.158,90.149,13.924,73.589,1
2025-04-01 00:17:54,24.137,50.825,85.101,13.855,74.994,1
2025-04-01 00:17:55,23.324,48.745,84.463,14.029,75.285,1
2025-04-01 00:17:56,24.655,48.598,83.73,13.832,75.555,1
2025-04-01 00:17:57,23.759,48.358,78.969,13.883,75.212,1
2025-04-01 00:17:58,23.42,50.673,82.114,14.001,75.916,1
2025-04-01 00:17:59,26.471,49.355,82.52,14.001,76.122,1
2025-04-01 00:18:00,22.701,67.636,87.397,14.046,77.591,1
2025-04-01 00:18:01,23.32,68.555,86.431,13.794,76.982,1
2025-04-01 00:18:02,23.438,67.251,90.463,13.842,78.783,1
2025-04-01 00:18:03,27.452,67.153,91.252,13.771,77.614,1
2025-04-01 00:18:04,21.442,67.417,92.493,13.768,74.972,1
2025-04-01 00:18:05,23.328,65.466,85.206,13.728,77.991,1
2025-04-01 00:18:06,23.96,66.184,98.072,13.51,76.922,1
2025-04-01 00:18:07,24.073,67.261,89.394,13.647,79.38,1
2025-04-01 00:18:08,22.382,66.644,95.249,13.469,78.609,1
2025-04-01 00:18:09,22.055,65.747,97.723,13.513,77.694,1
2025-04-01 00:18:10,24.864,66.959,95.595,13.495,80.294,1
2025-04-01 00:18:11,24.996,67.402,89.944,13.686,80.011,1
2025-04-01 00:18:12,18.136,65.639,94.392,13.381,80.341,1
2025-04-01 00:18:13,22.721,67.259,106.606,13.633,78.28,1
2025-04-01 00:18:14,21.309,66.833,103.633,13.628,79.759,1
2025-04-01 00:18:15,21.544,65.817,97.702,13.546,79.723,1
2025-04-01 00:18:16,22.354,67.595,101.093,13.571,81.096,1
2025-04-01 00:18:17,22.242,66.962,109.708,13.375,80.099,1
2025-04-01 00:18:18,19.375,65.354,106.063,23.975,82.099,1
2025-04-01 00:18:19,24.24,66.112,110.321,23.631,82.884,1
2025-04-01 00:18:20,21.424,66.676,110.493,23.569,82.483,1
2025-04-01 00:18:21,25.085,66.86,112.661,23.216,81.413,1
2025-04-01 00:18:22,26.709,66.602,113.338,23.291,93.4,1
2025-04-01 00:18:23,23.744,67.07,117.472,23.192,81.672,1
2025-04-01 00:18:24,19.899,65.849,106.725,23.686,83.077,1
2025-04-01 00:18:25,22.189,67.83,110.117,22.923,82.537,1
2025-04-01 00:18:26,17.181,65.189,120.457,23.656,89.338,1
2025-04-01 00:18:27,24.384,64.972,123.028,23.095,94.677,1
2025-04-01 00:18:28,23.548,65.413,123.842,22.949,78.222,1
2025-04-01 00:18:29,24.338,66.314,130.06,23.232,84.547,1
2025-04-01 00:18:30,26.438,64.598,120.144,23.136,77.379,1
2025-04-01 00:18:31,19.902,43.749,122.61,23.557,77.181,1
2025-04-01 00:18:32,23.749,43.884,103.751,16.114,86.125,1
2025-04-01 00:18:33,22.044,41.597,98.472,16.133,76.197,1
2025-04-01 00:18:34,22.243,43.197,95.911,34.963,69.105,1
2025-04-01 00:18:35,24.646,42.995,97.689,34.699,92.122,1
2025-04-01 00:18:36,31.538,42.477,112.959,34.698,70.514,1
2025-04-01 00:18:37,29.346,43.246,101.566,35.371,93.983,1
2025-04-01 00:18:38,32.939,45.369,108.17,34.363,81.632,1
2025-04-01 00:18:39,37.493,42.845,106.023,35.117,82.137,1
2025-04-01 00:18:40,40.015,43.136,103.014,34.707,85.276,1
2025-04-01 00:18:41,43.117,43.069,100.983,35.343,88.303,1
2025-04-01 00:18:42,39.129,41.679,104.039,34.316,97.996,1
2025-04-01 00:18:43,39.106,41.723,122.1,34.433,77.218,1
2025-04-01 00:18:44,38.15,41.727,114.722,34.693,60.215,1
2025-04-01 00:18:45,38.552,43.349,102.594,34.104,82.966,1
2025-04-01 00:18:46,35.116,43.612,107.942,34.907,79.565,1
2025-04-01 00:18:47,35.49,42.316,110.162,34.636,79.558,1
2025-04-01 00:18:48,41.03,42.078,113.933,34.375,102.798,1
2025-04-01 00:18:49,34.591,41.294,108.218,34.263,93.452,1
2025-04-01 00:18:50,42.252,42.836,114.872,34.624,69.89,1
2025-04-01 00:18:51,40.917,43.055,117.796,34.716,89.685,1
2025-04-01 00:18:52,42.382,43.202,94.664,34.267,88.044,1
2025-04-01 00:18:53,37.709,41.611,108.002,34.355,89.669,1
2025-04-01 00:18:54,41.717,43.734,96.374,34.004,86.212,1
2025-04-01 00:18:55,36.732,42.776,94.891,34.977,59.768,1
2025-04-01 00:18:56,42.786,43.3,111.966,34.408,94.987,1
2025-04-01 00:18:57,43.559,42.481,110.191,35.115,70.286,1
2025-04-01 00:18:58,39.499,42.842,102.765,34.497,71.972,1
2025-04-01 00:18:59,30.752,43.663,92.694,34.829,82.675,1
2025-04-01 00:19:00,29.584,42.307,99.475,34.826,86.118,1
2025-04-01 00:19:01,26.678,42.922,101.239,34.67,86.996,1
2025-04-01 00:19:02,28.875,43.798,93.749,34.932,105.02,1
2025-04-01 00:19:03,50.797,42.444,94.439,34.699,87.482,1
2025-04-01 00:19:04,48.557,43.842,98.275,34.997,78.441,1
2025-04-01 00:19:05,45.557,42.673,95.803,34.716,67.215,1
2025-04-01 00:19:06,46.503,43.92,103.464,35.359,75.48,1
2025-04-01 00:19:07,45.082,44.015,101.594,34.041,102.254,1
2025-04-01 00:19:08,45.148,44.28,98.72,34.767,83.339,1
2025-04-01 00:19:09,45.949,43.979,90.564,34.601,91.748,1
2025-04-01 00:19:10,55.461,42.849,93.649,34.72,86.366,1
2025-04-01 00:19:11,57.916,44.304,99.844,34.938,78.908,1
2025-04-01 00:19:12,51.654,43.242,112.018,34.839,74.117,1
2025-04-01 00:19:13,54.621,42.005,97.482,34.725,88.021,1
2025-04-01 00:19:14,53.741,43.778,105.686,34.414,88.146,1
2025-04-01 00:19:15,53.867,44.852,105.459,34.974,74.494,1
2025-04-01 00:19:16,52.828,43.294,100.265,34.679,70.885,1
2025-04-01 00:19:17,54.714,43.856,106.279,35.684,76.177,1
2025-04-01 00:19:18,51.655,44.538,99.45,34.288,94.337,1
2025-04-01 00:19:19,68.426,43.027,91.512,35.31,93.585,1
2025-04-01 00:19:20,65.132,43.662,91.196,35.234,48.718,1
2025-04-01 00:19:21,69.454,42.669,102.618,34.627,57.868,1
2025-04-01 00:19:22,70.326,42.929,100.163,35.479,90.871,1
2025-04-01 00:19:23,57.146,67.86,97.822,35.233,67.531,1
2025-04-01 00:19:24,56.937,66.754,100.869,35.429,74.246,1
2025-04-01 00:19:25,60.341,65.902,99.492,35.339,85.367,1
2025-04-01 00:19:26,64.281,67.035,92.774,34.962,70.537,1
2025-04-01 00:19:27,60.411,66.704,101.236,35.525,75.845,1
2025-04-01 00:19:28,64.034,67.639,98.143,35.19,77.425,1
2025-04-01 00:19:29,55.386,68.649,93.82,35.717,80.404,1
2025-04-01 00:19:30,57.611,67.636,96.836,34.95,102.234,1
2025-04-01 00:19:31,62.173,65.965,107.409,35.669,75.072,1
2025-04-01 00:19:32,62.189,67.61,78.563,35.923,73.886,1
2025-04-01 00:19:33,60.115,66.648,74.176,35.615,77.06,1
2025-04-01 00:19:34,58.614,68.284,67.85,35.396,81.004,1
2025-04-01 00:19:35,57.042,68.383,70.445,35.216,75.398,1
2025-04-01 00:19:36,61.295,68.438,76.845,35.196,71.409,1
2025-04-01 00:19:37,58.263,68.687,70.803,50.635,78.174,1
2025-04-01 00:19:38,57.297,67.566,74.283,50.576,81.523,1
2025-04-01 00:19:39,57.863,68.631,70.702,50.441,70.628,1
2025-04-01 00:19:40,62.006,68.653,78.859,50.77,83.911,1
2025-04-01 00:19:41,57.698,67.85,75.097,50.901,76.934,1
2025-04-01 00:19:42,57.278,49.071,74.935,51.74,74.108,1
2025-04-01 00:19:43,60.602,50.188,76.233,50.325,73.839,1
2025-04-01 00:19:44,57.48,49.109,74.462,51.988,70.361,1
2025-04-01 00:19:45,61.056,49.336,74.849,51.864,77.817,1
2025-04-01 00:19:46,60.43,47.514,76.299,50.369,78.154,1
2025-04-01 00:19:47,60.487,50.631,79.813,52.11,82.551,1
2025-04-01 00:19:48,57.65,50.372,74.744,51.166,63.522,1
2025-04-01 00:19:49,61.179,49.092,74.943,51.297,83.626,1
2025-04-01 00:19:50,61.661,49.334,78.321,51.106,71.367,1
2025-04-01 00:19:51,60.789,51.697,69.559,50.947,71.222,1
2025-04-01 00:19:52,57.473,49.641,68.481,52.008,75.078,1
2025-04-01 00:19:53,59.932,27.152,72.984,51.297,79.949,1
2025-04-01 00:19:54,56.097,28.733,73.353,50.25,65.261,1
2025-04-01 00:19:55,58.712,27.192,79.718,51.233,70.021,1
2025-04-01 00:19:56,57.702,28.779,85.626,51.086,70.539,1
2025-04-01 00:19:57,59.549,27.848,79.011,50.915,69.988,1
2025-04-01 00:19:58,58.645,28.27,77.162,50.633,70.158,1
2025-04-01 00:19:59,60.883,29.081,75.271,49.818,69.484,1
2025-04-01 00:20:00,62.882,29.186,75.459,51.751,70.179,1
2025-04-01 00:20:01,63.004,28.934,77.948,50.886,68.138,1
2025-04-01 00:20:02,57.572,27.639,79.246,51.419,69.014,1
2025-04-01 00:20:03,61.315,29.545,75.712,51.557,70.593,1
2025-04-01 00:20:04,59.754,28.897,77.935,49.966,70.249,1
2025-04-01 00:20:05,58.857,28.807,82.263,51.429,70.709,1
2025-04-01 00:20:06,56.935,48.001,79.654,51.282,67.962,1
2025-04-01 00:20:07,59.877,49.461,76.24,50.562,70.096,1
2025-04-01 00:20:08,61.079,48.932,77.11,51.502,67.763,1
2025-04-01 00:20:09,63.131,49.223,81.845,50.847,69.741,1
2025-04-01 00:20:10,59.49,47.552,80.105,50.62,68.201,1
2025-04-01 00:20:11,59.853,48.006,78.722,50.617,69.611,1
2025-04-01 00:20:12,60.005,49.304,72.852,50.562,69.257,1
2025-04-01 00:20:13,59.761,48.641,78.773,50.015,68.45,1
2025-04-01 00:20:14,55.673,20.904,87.348,50.223,69.765,1
2025-04-01 00:20:15,52.81,21.576,77.812,50.324,70.74,1
2025-04-01 00:20:16,53.889,21.652,86.248,49.949,68.714,1
2025-04-01 00:20:17,50.83,22.384,78.003,50.407,68.513,1
2025-04-01 00:20:18,52.889,22.948,88.455,49.927,68.221,1
2025-04-01 00:20:19,56.627,23.122,78.688,50.407,70.441,1
2025-04-01 00:20:20,50.001,21.99,86.283,50.102,69.874,1
2025-04-01 00:20:21,50.318,23.915,75.022,49.826,68.581,1
2025-04-01 00:20:22,56.021,22.335,76.27,50.117,70.172,1
2025-04-01 00:20:23,53.074,21.57,80.241,49.137,70.219,1
2025-04-01 00:20:24,51.491,22.644,74.59,49.182,69.714,1
2025-04-01 00:20:25,39.776,22.034,85.025,49.273,70.406,1
2025-04-01 00:20:26,38.191,23.318,76.549,49.557,68.576,1
2025-04-01 00:20:27,36.529,22.146,78.86,49.294,69.242,1
2025-04-01 00:20:28,48.984,22.29,79.303,48.929,69.83,1
2025-04-01 00:20:29,52.926,21.977,82.127,49.132,70.054,1
2025-04-01 00:20:30,46.871,21.381,75.939,48.949,70.22,1
2025-04-01 00:20:31,35.567,22.37,74.835,49.712,69.674,1
2025-04-01 00:20:32,42.834,-1.145,85.036,49.562,69.844,1
2025-04-01 00:20:33,35.729,-21.925,83.528,48.467,69.344,1
2025-04-01 00:20:34,35.41,-20.73,83.237,48.466,70.977,1
2025-04-01 00:20:35,37.106,-22.849,87.675,48.709,71.289,1
2025-04-01 00:20:36,35.852,6.287,86.028,49.212,69.868,1
2025-04-01 00:20:37,37.612,6.154,77.056,48.559,63.786,1
2025-04-01 00:20:38,39.667,7.245,82.17,48.163,72.362,1
2025-04-01 00:20:39,40.244,7.138,90.635,49.754,75.356,1
2025-04-01 00:20:40,37.702,6.921,80.413,48.497,73.588,1
2025-04-01 00:20:41,42.254,5.461,89.815,48.705,57.799,1
2025-04-01 00:20:42,38.013,5.504,83.062,48.386,78.54,1
2025-04-01 00:20:43,36.291,5.907,76.863,48.113,84.192,1
2025-04-01 00:20:44,40.724,6.745,82.575,47.93,71.335,1
2025-04-01 00:20:45,40.565,5.92,94.211,47.654,94.151,1
2025-04-01 00:20:46,36.212,6.78,81.828,47.479,71.959,1
2025-04-01 00:20:47,38.808,5.931,92.406,48.354,77.925,1
2025-04-01 00:20:48,38.112,5.273,88.857,48.751,69.868,1
2025-04-01 00:20:49,42.584,5.431,88.215,47.69,91.987,1
2025-04-01 00:20:50,38.903,7.332,77.536,47.81,81.598,1
2025-04-01 00:20:51,39.731,6.709,89.295,48.016,80.588,1
2025-04-01 00:20:52,37.382,4.954,68.327,47.656,79.823,1
2025-04-01 00:20:53,35.786,5.632,80.63,47.669,66.158,1
2025-04-01 00:20:54,39.184,6.739,73.019,48.184,78.058,1
2025-04-01 00:20:55,43.288,6.915,72.945,47.8,74.707,1
2025-04-01 00:20:56,36.442,6.999,74.707,47.671,76.573,1
2025-04-01 00:20:57,38.24,6.274,66.504,47.622,77.774,1
2025-04-01 00:20:58,38.317,6.633,60.314,47.136,65.645,1
2025-04-01 00:20:59,32.308,6.816,81.701,46.995,89.49,1
2025-04-01 00:21:00,36.859,6.529,73.092,47.036,64.817,1
2025-04-01 00:21:01,35.25,7.073,77.901,47.375,72.424,1
2025-04-01 00:21:02,36.236,6.502,73.635,46.658,80.058,1
2025-04-01 00:21:03,38.661,6.806,68.485,47.052,74.404,1
2025-04-01 00:21:04,37.037,-11.657,80.302,46.673,83.881,1
2025-04-01 00:21:05,35.662,-12.803,69.734,46.651,84.316,1
2025-04-01 00:21:06,42.991,-11.863,65.091,19.577,67.087,1
2025-04-01 00:21:07,41.027,-11.38,72.018,19.009,79.617,1
2025-04-01 00:21:08,42.262,-11.917,75.405,10.851,76.811,1
2025-04-01 00:21:09,36.218,-10.53,77.822,10.603,89.518,1
2025-04-01 00:21:10,32.885,-11.628,82.307,10.951,64.609,1
2025-04-01 00:21:11,34.475,11.144,71.652,10.816,93.507,1
2025-04-01 00:21:12,38.769,10.598,72.386,10.819,83.662,1
2025-04-01 00:21:13,39.908,11.382,83.353,10.835,72.808,1
2025-04-01 00:21:14,38.82,11.713,76.35,10.816,63.226,1
2025-04-01 00:21:15,37.916,12.023,55.024,10.81,89.369,1
2025-04-01 00:21:16,36.463,10.548,80.177,10.979,92.46,1
2025-04-01 00:21:17,34.965,10.312,76.753,10.952,81.253,1
2025-04-01 00:21:18,38.352,9.728,73.941,10.761,86.329,1
2025-04-01 00:21:19,36.877,9.761,91.773,10.678,85.333,1
2025-04-01 00:21:20,37.284,9.084,74.037,10.733,96.521,1
2025-04-01 00:21:21,41.775,10.252,84.007,10.788,87.837,1
2025-04-01 00:21:22,39.719,9.204,83.977,10.61,80.48,1
2025-04-01 00:21:23,31.976,10.204,78.661,10.682,71.089,1
2025-04-01 00:21:24,32.721,9.754,74.419,10.692,55.9,1
2025-04-01 00:21:25,42.951,27.823,82.891,10.704,73.372,1
2025-04-01 00:21:26,39.34,30.655,77.618,10.794,79.104,1
2025-04-01 00:21:27,38.491,28.715,80.093,10.888,100.468,1
2025-04-01 00:21:28,34.062,30.082,83.046,10.659,74.732,1
2025-04-01 00:21:29,37.36,29.495,79.879,10.715,73.239,1
2025-04-01 00:21:30,37.772,29.298,87.57,10.658,85.722,1
2025-04-01 00:21:31,36.895,1.838,80.501,10.735,102.55,1
2025-04-01 00:21:32,32.911,3.405,84.679,10.707,92.013,1
2025-04-01 00:21:33,32.766,2.354,70.41,10.728,86.966,1
2025-04-01 00:21:34,39.977,2.042,82.529,10.988,90.94,1
2025-04-01 00:21:35,35.176,1.731,88.683,10.848,94.89,1
2025-04-01 00:21:36,37.267,0.965,82.342,10.692,94.411,1
2025-04-01 00:21:37,27.035,1.16,78.618,10.767,76.718,1
2025-04-01 00:21:38,20.983,0.691,82.122,18.706,81.018,1
2025-04-01 00:21:39,23.177,1.274,81.093,19.051,94.915,1
2025-04-01 00:21:40,23.303,2.653,85.666,19.225,76.624,1
2025-04-01 00:21:41,22.47,2.669,82.366,19.295,74.384,1
2025-04-01 00:21:42,21.733,0.824,74.238,19.044,89.596,1
2025-04-01 00:21:43,21.442,0.313,82.678,19.381,74.175,1
2025-04-01 00:21:44,25.837,24.799,84.392,19.166,75.957,1
2025-04-01 00:21:45,23.254,26.444,79.26,19.395,87.516,1
2025-04-01 00:21:46,22.698,25.258,87.313,18.878,93.668,1
2025-04-01 00:21:47,19.766,24.371,83.65,19.052,88.727,1
2025-04-01 00:21:48,25.909,24.899,88.231,19.264,75.162,1
2025-04-01 00:21:49,19.537,25.651,82.157,19.324,74.511,1
2025-04-01 00:21:50,17.415,25.105,85.981,19.421,75.708,1
2025-04-01 00:21:51,23.425,23.959,86.296,19.168,87.915,1
2025-04-01 00:21:52,20.083,24.419,81.184,46.842,71.287,1
2025-04-01 00:21:53,26.489,24.627,83.673,46.625,89.74,1
2025-04-01 00:21:54,23.648,23.424,85.576,47.469,83.026,1
2025-04-01 00:21:55,20.139,41.862,84.641,48.354,100.067,1
2025-04-01 00:21:56,20.321,43.493,84.204,47.388,87.654,1
2025-04-01 00:21:57,23.089,41.848,83.809,48.877,65.037,1
2025-04-01 00:21:58,19.487,43.123,82.053,47.995,87.328,1
2025-04-01 00:21:59,19.877,42.271,87.504,47.791,94.492,1
2025-04-01 00:22:00,26.704,41.638,91.098,47.636,68.909,1
2025-04-01 00:22:01,22.152,41.41,87.266,47.36,77.878,1
2025-04-01 00:22:02,23.55,40.415,92.233,46.165,96.189,1
2025-04-01 00:22:03,19.29,41.52,89.83,47.321,65.489,1
2025-04-01 00:22:04,18.924,40.697,87.217,47.851,79.552,1
2025-04-01 00:22:05,24.101,41.513,91.814,47.467,84.463,1
2025-04-01 00:22:06,17.998,40.194,86.17,47.905,91.368,1
2025-04-01 00:22:07,18.704,40.307,80.067,46.601,105.833,1
2025-04-01 00:22:08,24.555,40.285,89.422,48.42,102.168,1
2025-04-01 00:22:09,21.381,41.354,96.466,47.952,69.551,1
2025-04-01 00:22:10,21.463,40.791,90.852,48.184,104.053,1
2025-04-01 00:22:11,21.26,40.544,91.953,48.322,103.856,1
2025-04-01 00:22:12,22.614,40.726,87.081,47.677,102.811,1
2025-04-01 00:22:13,22.417,40.305,79.137,47.591,70.911,1
2025-04-01 00:22:14,22.627,39.149,90.223,47.718,96.057,1
2025-04-01 00:22:15,21.813,39.863,89.951,48.1,88.358,1
2025-04-01 00:22:16,22.741,39.587,91.776,48.574,87.155,1
2025-04-01 00:22:17,21.679,41.413,93.899,47.862,74.522,1
2025-04-01 00:22:18,23.052,39.887,73.317,47.677,52.47,1
2025-04-01 00:22:19,18.604,39.441,69.952,30.109,82.587,1
2025-04-01 00:22:20,24.461,40.663,65.861,30.163,63.793,1
2025-04-01 00:22:21,21.642,40.057,67.916,30.192,73.974,1
2025-04-01 00:22:22,17.685,39.005,61.829,30.102,84.774,1
2025-04-01 00:22:23,22.472,38.769,74.865,30.462,73.773,1
2025-04-01 00:22:24,23.404,40.656,72.766,29.812,58.206,1
2025-04-01 00:22:25,21.26,37.423,72.934,30.023,72.7,1
2025-04-01 00:22:26,21.136,40.623,74.963,29.734,83.438,1
2025-04-01 00:22:27,23.063,40.113,82.17,29.795,53.37,1
2025-04-01 00:22:28,21.166,38.691,74.28,30.883,78.52,1
2025-04-01 00:22:29,22.516,38.221,82.815,30.536,70.525,1
2025-04-01 00:22:30,19.466,39.006,80.956,29.815,67.49,1
2025-04-01 00:22:31,19.73,39.395,72.708,29.763,55.339,1
2025-04-01 00:22:32,16.717,38.316,80.041,30.081,74.563,1
2025-04-01 00:22:33,20.042,39.244,76.734,29.742,83.613,1
2025-04-01 00:22:34,23.601,38.832,83.42,29.926,71.155,1
2025-04-01 00:22:35,27.012,38.72,80.912,29.875,78.401,1
2025-04-01 00:22:36,22.882,38.266,89.114,29.453,82.978,1
2025-04-01 00:22:37,18.834,37.785,73.487,30.128,97.706,1
2025-04-01 00:22:38,25.113,37.955,72.921,30.178,78.108,1
2025-04-01 00:22:39,21.248,38.465,74.662,29.401,64.6,1
2025-04-01 00:22:40,19.582,38.206,80.675,30.09,62.553,1
2025-04-01 00:22:41,23.062,37.043,74.736,29.603,82.997,1
2025-04-01 00:22:42,22.912,39.54,80.835,29.401,72.107,1
2025-04-01 00:22:43,24.197,39.053,77.26,29.299,84.691,1
2025-04-01 00:22:44,19.823,64.436,84.507,19.404,86.135,1
2025-04-01 00:22:45,20.347,66.04,83.571,19.459,94.074,1
2025-04-01 00:22:46,26.72,65.345,82.184,19.434,45.713,1
2025-04-01 00:22:47,20.282,65.191,88.985,19.766,71.162,1
2025-04-01 00:22:48,20.372,64.174,85.247,19.614,78.594,1
2025-04-01 00:22:49,25.722,64.771,77.338,19.355,81.836,1
2025-04-01 00:22:50,24.916,65.051,96.331,19.756,77.385,1
2025-04-01 00:22:51,21.273,64.649,86.637,19.347,83.433,1
2025-04-01 00:22:52,25.234,65.736,89.918,19.447,74.502,1
2025-04-01 00:22:53,21.644,64.283,97.433,19.555,83.199,1
2025-04-01 00:22:54,22.78,65.037,102.793,19.303,72.52,1
2025-04-01 00:22:55,22.561,65.052,103.731,19.345,67.55,1
2025-04-01 00:22:56,17.214,63.98,101.753,19.466,69.441,1
2025-04-01 00:22:57,20.046,67.032,91.09,19.319,71.956,1
2025-04-01 00:22:58,22.032,65.214,96.859,19.177,70.973,1
2025-04-01 00:22:59,24.087,65.753,98.844,19.044,71.319,1
2025-04-01 00:23:00,26.084,65.742,103.01,19.032,70.366,1
2025-04-01 00:23:01,21.914,64.784,103.807,18.995,73.125,1
2025-04-01 00:23:02,25.521,65.541,106.028,18.969,69.589,1
2025-04-01 00:23:03,20.539,65.478,106.37,18.665,70.722,1
2025-04-01 00:23:04,22.156,64.426,106.251,19.08,69.693,1
2025-04-01 00:23:05,22.496,65.562,118.808,19.188,69.281,1
2025-04-01 00:23:06,21.994,66.155,105.374,19.036,69.585,1
2025-04-01 00:23:07,26.284,65.98,110.932,18.38,68.113,1
2025-04-01 00:23:08,21.292,64.318,114.934,18.901,68.372,1
2025-04-01 00:23:09,22.595,66.113,88.597,19.028,69.778,1
2025-04-01 00:23:10,19.883,67.082,86.357,18.804,69.186,1
2025-04-01 00:23:11,22.419,66.451,86.004,19.034,68.286,1
2025-04-01 00:23:12,23.062,65.181,88.563,18.646,70.098,1
2025-04-01 00:23:13,23.473,64.065,92.881,18.502,68.81,1
2025-04-01 00:23:14,24.919,65.644,99.802,18.643,70.208,1
2025-04-01 00:23:15,24.666,64.501,96.692,18.769,68.575,1
2025-04-01 00:23:16,24.144,65.892,91.439,29.835,68.886,1
2025-04-01 00:23:17,26.288,64.894,97.513,30.317,69.017,1
2025-04-01 00:23:18,38.402,66.095,95.281,29.998,69.156,1
2025-04-01 00:23:19,37.638,65.838,98.442,30.391,69.127,1
2025-04-01 00:23:20,36.578,67.11,92.926,29.714,71.576,1
2025-04-01 00:23:21,35.926,66.282,94.375,28.97,68.625,1
2025-04-01 00:23:22,37.171,66.41,93.644,29.135,68.726,1
2025-04-01 00:23:23,37.742,66.766,97.909,29.198,69.107,1
2025-04-01 00:23:24,37.61,66.349,96.313,28.889,70.804,1
2025-04-01 00:23:25,37.229,66.413,96.677,30.261,70.093,1
2025-04-01 00:23:26,35.815,65.671,96.796,29.176,70.207,1
2025-04-01 00:23:27,35.829,65.705,95.375,28.765,69.142,1
2025-04-01 00:23:28,38.609,66.803,93.963,29.701,68.344,1
2025-04-01 00:23:29,40.283,66.107,71.344,29.23,70.514,1
2025-04-01 00:23:30,34.616,67.496,75.809,29.383,71.274,1
2025-04-01 00:23:31,37.109,65.768,73.8,29.223,70.427,1
2025-04-01 00:23:32,41.234,66.829,71.842,29.463,69.834,1
2025-04-01 00:23:33,36.877,66.404,71.154,28.687,70.36,1
2025-04-01 00:23:34,39.269,67.653,72.696,29.216,71.916,1
2025-04-01 00:23:35,36.41,66.972,73.312,29.115,71.863,1
2025-04-01 00:23:36,36.409,66.393,74.473,29.14,72.114,1
2025-04-01 00:23:37,39.618,67.947,78.352,29.36,71.092,1
2025-04-01 00:23:38,37.991,67.316,72.892,28.674,72.177,1
2025-04-01 00:23:39,38.143,66.193,77.497,28.676,72.988,1
2025-04-01 00:23:40,40.941,66.723,87.143,29.113,72.188,1
2025-04-01 00:23:41,39.528,67.037,83.434,29.329,73.465,1
2025-04-01 00:23:42,41.313,67.688,79.365,28.861,71.873,1
2025-04-01 00:23:43,37.453,67.258,78.153,29.251,72.82,1
2025-04-01 00:23:44,36.508,67.016,85.783,28.975,75.651,1
2025-04-01 00:23:45,37.305,68.305,84.03,28.655,62.213,1
2025-04-01 00:23:46,35.851,68.282,91.58,29.139,70.508,1
2025-04-01 00:23:47,40.065,66.642,91.632,29.131,74.259,1
2025-04-01 00:23:48,40.12,67.701,100.036,42.777,78.024,1
2025-04-01 00:23:49,45.959,68.463,95.627,43.632,75.067,1
2025-04-01 00:23:50,52.588,68.844,97.521,43.41,56.529,1
2025-04-01 00:23:51,49.342,67.419,107.265,43.029,77.472,1
2025-04-01 00:23:52,44.721,68.059,96.085,43.212,76.79,1
2025-04-01 00:23:53,45.83,69.906,100.923,43.281,79.249,1
2025-04-01 00:23:54,47.016,68.982,101.084,43.961,56.937,1
2025-04-01 00:23:55,51.521,42.038,98.669,43.597,72.617,1
2025-04-01 00:23:56,44.218,38.832,106.119,43.094,83.799,1
2025-04-01 00:23:57,47.944,42.77,84.911,43.685,67.228,1
2025-04-01 00:23:58,45.898,40.904,77.02,43.242,66.801,1
2025-04-01 00:23:59,45.452,40.613,83.603,43.667,70.441,1
2025-04-01 00:24:00,43.852,41.603,84.47,44.04,81.477,1
2025-04-01 00:24:01,51.788,41.918,88.975,43.283,78.919,1
2025-04-01 00:24:02,49.088,42.655,79.963,43.878,59.943,1
2025-04-01 00:24:03,43.393,41.253,74.339,44.004,74.64,1
2025-04-01 00:24:04,45.856,42.447,84.73,44.51,71.089,1
2025-04-01 00:24:05,45.052,42.638,84.515,44.106,61.776,1
2025-04-01 00:24:06,46.665,42.741,90.21,44.383,55.943,1
2025-04-01 00:24:07,46.659,41.317,79.91,43.514,68.809,1
2025-04-01 00:24:08,49.012,41.427,83.318,44.442,94.861,1
2025-04-01 00:24:09,48.416,42.618,86.184,43.374,73.677,1
2025-04-01 00:24:10,51.31,42.862,88.958,26.091,89.25,1
2025-04-01 00:24:11,47.796,43.487,93.097,26.497,104.154,1
2025-04-01 00:24:12,48.965,42.785,76.474,26.206,64.113,1
2025-04-01 00:24:13,46.651,43.307,83.943,26.935,71.892,1
2025-04-01 00:24:14,45.695,42.945,80.777,26.876,74.254,1
2025-04-01 00:24:15,47.245,43.102,87.092,27.099,70.304,1
2025-04-01 00:24:16,48.595,42.631,79.592,26.365,94.783,1
2025-04-01 00:24:17,49.214,42.967,82.376,26.498,72.431,1
2025-04-01 00:24:18,47.013,44.337,89.434,26.997,65.087,1
2025-04-01 00:24:19,44.723,43.139,74.91,26.596,70.782,1
2025-04-01 00:24:20,41.358,43.253,86.072,26.497,80.094,1
2025-04-01 00:24:21,47.8,43.436,82.949,26.967,79.144,1
2025-04-01 00:24:22,46.981,43.525,76.723,27.031,75.717,1
2025-04-01 00:24:23,48.167,43.069,90.303,26.689,73.962,1
2025-04-01 00:24:24,48.026,45.521,88.267,26.371,90.489,1
2025-04-01 00:24:25,48.563,42.561,80.318,26.35,75.401,1
2025-04-01 00:24:26,45.846,42.61,82.951,26.829,74.647,1
2025-04-01 00:24:27,41.649,44.401,82.942,26.952,55.38,1
2025-04-01 00:24:28,32.88,42.431,92.352,26.047,79.684,1
2025-04-01 00:24:29,30.747,43.399,94.607,27.226,100.811,1
2025-04-01 00:24:30,37.617,44.264,82.524,27.513,79.845,1
2025-04-01 00:24:31,29.447,44.181,81.972,26.812,101.214,1
2025-04-01 00:24:32,44.584,45.208,91.719,26.879,78.151,1
2025-04-01 00:24:33,46.933,44.521,83.688,26.978,84.115,1
2025-04-01 00:24:34,45.442,44.599,89.904,27.293,80.644,1
2025-04-01 00:24:35,43.947,44.703,87.667,27.008,89.061,1
2025-04-01 00:24:36,48.437,44.003,83.101,27.312,105.887,1
2025-04-01 00:24:37,47.721,45.014,80.913,27.545,86.6,1
2025-04-01 00:24:38,48.822,44.43,85.787,27.194,93.356,1
2025-04-01 00:24:39,45.941,45.549,87.45,26.621,85.239,1
2025-04-01 00:24:40,42.401,45.129,80.498,27.512,86.939,1
2025-04-01 00:24:41,42.154,43.842,86.775,27.647,85.077,1
2025-04-01 00:24:42,50.397,44.784,94.496,27.378,97.437,1
2025-04-01 00:24:43,46.368,45.504,87.323,27.929,63.05,1
2025-04-01 00:24:44,48.704,44.157,88.63,27.194,68.906,1
2025-04-01 00:24:45,45.284,44.46,91.241,27.624,83.543,1
2025-04-01 00:24:46,44.813,73.835,100.505,26.892,82.879,1
2025-04-01 00:24:47,49.708,72.027,93.352,27.462,87.171,1
2025-04-01 00:24:48,43.757,73.558,84.432,27.373,66.433,1
2025-04-01 00:24:49,49.364,73.048,78.683,26.74,69.777,1
2025-04-01 00:24:50,46.937,73.151,75.707,27.27,84.297,1
2025-04-01 00:24:51,43.249,70.377,75.425,27.543,105.623,1
2025-04-01 00:24:52,44.698,72.47,78.463,27.185,90.398,1
2025-04-01 00:24:53,46.65,72.926,80.963,27.535,89.609,1
2025-04-01 00:24:54,50.175,73.474,74.654,27.108,81.72,1
2025-04-01 00:24:55,44.187,72.217,86.108,27.092,72.248,1
2025-04-01 00:24:56,43.967,73.521,78.484,27.233,72.202,1
2025-04-01 00:24:57,43.863,45.641,78.736,27.06,81.268,1
2025-04-01 00:24:58,41.69,45.714,77.411,27.06,101.684,1
2025-04-01 00:24:59,47.961,45.088,77.787,27.397,75.149,1
2025-04-01 00:25:00,43.109,43.446,87.443,27.734,92.079,1
2025-04-01 00:25:01,47.018,43.173,95.401,26.944,81.512,1
2025-04-01 00:25:02,32.205,45.228,90.037,27.11,92.193,1
2025-04-01 00:25:03,28.873,17.886,89.206,27.651,83.398,1
2025-04-01 00:25:04,25.859,15.882,81.897,27.262,85.312,1
2025-04-01 00:25:05,35.638,15.454,95.401,27.111,78.68,1
2025-04-01 00:25:06,29.05,15.993,85.082,27.35,81.044,1
2025-04-01 00:25:07,31.791,16.214,82.387,27.392,94.147,1
2025-04-01 00:25:08,33.487,15.214,87.583,27.052,66.503,1
2025-04-01 00:25:09,29.916,16.289,88.085,26.968,75.414,1
2025-04-01 00:25:10,27.191,17.02,93.441,13.857,69.711,1
2025-04-01 00:25:11,32.23,16.066,76.451,13.768,72.662,1
2025-04-01 00:25:12,33.615,15.399,77.464,13.888,92.036,1
2025-04-01 00:25:13,33.213,17.133,66.03,13.873,74.005,1
2025-04-01 00:25:14,23.531,14.57,75.608,13.981,77.202,1
2025-04-01 00:25:15,20.171,17.347,72.061,13.756,49.431,1
2025-04-01 00:25:16,22.571,16.075,64.789,13.778,92.379,1
2025-04-01 00:25:17,26.265,15.697,74.961,13.916,84.801,1
2025-04-01 00:25:18,22.176,16.33,74.601,13.858,91.136,1
2025-04-01 00:25:19,22.094,13.936,73.63,13.572,55.673,1
2025-04-01 00:25:20,20.073,14.975,67.533,13.727,66.557,1
2025-04-01 00:25:21,19.482,14.416,80.376,13.855,59.05,1
2025-04-01 00:25:22,22.909,15.263,87.219,13.608,64.644,1
2025-04-01 00:25:23,24.588,15.308,73.92,14.042,106.981,1
2025-04-01 00:25:24,21.476,16.293,75.257,13.71,77.675,1
2025-04-01 00:25:25,22.275,15.718,83.391,13.654,75.201,1
2025-04-01 00:25:26,21.045,15.299,76.794,13.713,76.716,1
2025-04-01 00:25:27,17.179,14.761,82.637,13.678,66.109,1
2025-04-01 00:25:28,18.712,16.141,72.427,13.616,73.884,1
2025-04-01 00:25:29,18.887,13.591,78.176,13.48,75.539,1
2025-04-01 00:25:30,19.302,15.372,83.577,13.492,95.178,1
2025-04-01 00:25:31,28.388,17.235,71.637,13.414,98.192,1
2025-04-01 00:25:32,26.26,15.241,82.198,13.702,67.025,1
2025-04-01 00:25:33,22.567,15.019,90.186,13.132,80.984,1
2025-04-01 00:25:34,22.065,15.408,85.121,13.391,103.846,1
2025-04-01 00:25:35,21.756,14.725,74.849,26.019,76.927,1
2025-04-01 00:25:36,19.341,12.977,90.29,26.134,73.193,1
2025-04-01 00:25:37,19.948,14.051,75.34,25.333,51.947,1
2025-04-01 00:25:38,22.376,15.481,80.026,26.184,73.581,1
2025-04-01 00:25:39,18.448,12.694,89.768,25.725,81.682,1
2025-04-01 00:25:40,22.845,14.455,78.475,25.632,89.001,1
2025-04-01 00:25:41,21.748,14.093,76.599,26.559,85.91,1
2025-04-01 00:25:42,25.33,15.064,89.946,25.486,71.161,1
2025-04-01 00:25:43,22.742,14.205,92.656,25.608,77.945,1
2025-04-01 00:25:44,22.253,13.703,87.0,25.529,66.126,1
2025-04-01 00:25:45,21.768,13.162,87.496,25.901,79.776,1
2025-04-01 00:25:46,26.083,14.963,87.976,25.146,60.815,1
2025-04-01 00:25:47,24.743,14.601,84.823,41.991,73.111,1
2025-04-01 00:25:48,20.964,14.866,94.196,43.095,82.55,1
2025-04-01 00:25:49,25.451,12.826,88.998,42.529,81.372,1
2025-04-01 00:25:50,21.107,12.873,91.046,41.939,80.734,1
2025-04-01 00:25:51,19.194,12.863,92.389,42.579,48.901,1
2025-04-01 00:25:52,20.193,43.038,98.771,41.468,91.98,1
2025-04-01 00:25:53,21.398,40.833,87.604,42.081,86.557,1
2025-04-01 00:25:54,27.903,41.253,102.765,42.076,85.952,1
2025-04-01 00:25:55,24.985,41.566,98.017,41.896,63.383,1
2025-04-01 00:25:56,20.519,41.812,93.705,41.511,73.796,1
2025-04-01 00:25:57,21.33,40.231,88.529,41.498,93.919,1
2025-04-01 00:25:58,18.435,42.033,89.917,42.687,83.946,1
2025-04-01 00:25:59,20.848,41.86,91.571,29.175,76.332,1
2025-04-01 00:26:00,19.316,40.057,96.794,28.087,56.825,1
2025-04-01 00:26:01,21.272,43.025,95.723,28.783,69.463,1
2025-04-01 00:26:02,23.162,41.545,99.388,28.833,87.106,1
2025-04-01 00:26:03,20.077,69.388,105.288,28.951,95.496,1
2025-04-01 00:26:04,24.527,68.306,96.755,28.858,68.57,1
2025-04-01 00:26:05,21.066,70.062,109.0,29.166,78.523,1
2025-04-01 00:26:06,20.845,68.717,83.122,28.612,82.426,1
2025-04-01 00:26:07,20.486,66.975,87.317,28.657,72.58,1
2025-04-01 00:26:08,24.044,68.477,75.787,28.796,69.692,1
2025-04-01 00:26:09,22.642,68.698,84.685,28.402,68.882,1
2025-04-01 00:26:10,24.203,68.791,85.71,28.562,67.992,1
2025-04-01 00:26:11,18.29,68.398,87.187,28.201,60.891,1
2025-04-01 00:26:12,22.843,67.865,82.301,28.834,52.508,1
2025-04-01 00:26:13,17.928,68.54,81.631,28.209,69.741,1
2025-04-01 00:26:14,24.098,68.098,86.442,28.678,69.584,1
2025-04-01 00:26:15,23.901,67.734,90.283,28.247,64.853,1
2025-04-01 00:26:16,24.411,69.364,89.079,28.989,71.101,1
2025-04-01 00:26:17,21.781,65.923,91.094,28.767,73.95,1
2025-04-01 00:26:18,23.519,66.652,96.742,27.953,59.439,1
2025-04-01 00:26:19,21.56,66.548,87.635,40.969,64.661,1
2025-04-01 00:26:20,23.183,67.416,87.26,40.534,99.636,1
2025-04-01 00:26:21,21.199,67.912,94.371,40.791,55.029,1
2025-04-01 00:26:22,20.253,67.416,64.971,41.062,71.702,1
2025-04-01 00:26:23,19.595,66.533,68.42,41.073,72.276,1
2025-04-01 00:26:24,21.089,67.561,69.806,41.379,66.281,1
2025-04-01 00:26:25,24.063,65.337,60.22,40.788,58.008,1
2025-04-01 00:26:26,22.693,66.893,71.142,41.567,77.59,1
2025-04-01 00:26:27,22.09,66.989,69.422,41.548,94.819,1
2025-04-01 00:26:28,22.146,65.892,66.847,40.79,61.07,1
2025-04-01 00:26:29,21.391,65.632,70.265,40.817,66.736,1
2025-04-01 00:26:30,22.606,66.343,69.698,42.099,74.0,1
2025-04-01 00:26:31,21.012,66.409,65.911,42.062,71.695,1
2025-04-01 00:26:32,20.537,66.027,67.986,40.328,98.531,1
2025-04-01 00:26:33,22.818,66.05,74.215,40.863,59.097,1
2025-04-01 00:26:34,21.127,67.506,62.653,41.392,97.246,1
2025-04-01 00:26:35,26.41,66.954,63.402,41.537,84.282,1
2025-04-01 00:26:36,22.882,65.136,69.996,40.929,31.806,1
2025-04-01 00:26:37,24.369,66.261,64.827,41.135,51.129,1
2025-04-01 00:26:38,22.165,65.979,63.239,40.971,73.876,1
2025-04-01 00:26:39,21.418,66.166,60.542,41.144,85.356,1
2025-04-01 00:26:40,23.7,65.524,66.472,41.507,70.903,1
2025-04-01 00:26:41,22.954,65.052,66.411,40.935,82.245,1
2025-04-01 00:26:42,23.667,65.179,63.097,41.818,73.723,1
2025-04-01 00:26:43,24.759,65.625,62.262,41.499,75.468,1
2025-04-01 00:26:44,21.41,65.349,60.457,41.565,76.473,1
2025-04-01 00:26:45,23.061,66.324,68.234,41.511,93.452,1
2025-04-01 00:26:46,24.052,64.458,67.384,42.136,82.514,1
2025-04-01 00:26:47,22.054,64.894,65.934,41.436,67.856,1
2025-04-01 00:26:48,25.122,65.069,61.414,42.264,69.433,1
2025-04-01 00:26:49,24.867,66.719,64.482,41.744,83.874,1
2025-04-01 00:26:50,23.242,66.474,64.118,42.26,78.151,1
2025-04-01 00:26:51,22.62,65.942,62.144,42.796,89.475,1
2025-04-01 00:26:52,25.811,65.28,62.742,41.764,87.551,1
2025-04-01 00:26:53,23.792,65.88,62.898,42.594,71.488,1
2025-04-01 00:26:54,23.853,66.762,68.133,42.959,96.851,1
2025-04-01 00:26:55,22.767,65.189,64.682,41.685,98.727,1
2025-04-01 00:26:56,22.519,65.71,64.072,42.174,79.486,1
2025-04-01 00:26:57,23.756,63.985,64.445,41.512,70.458,1
2025-04-01 00:26:58,38.045,64.847,61.998,42.359,78.279,1
2025-04-01 00:26:59,36.333,64.896,63.54,42.707,67.58,1
2025-04-01 00:27:00,34.218,65.745,62.783,42.24,75.848,1
2025-04-01 00:27:01,39.044,64.894,66.103,41.835,98.558,1
2025-04-01 00:27:02,40.157,45.187,62.335,42.309,69.804,1
2025-04-01 00:27:03,46.739,44.723,64.243,41.721,76.599,1
2025-04-01 00:27:04,50.545,44.715,60.443,43.337,80.919,1
2025-04-01 00:27:05,49.359,45.084,70.555,42.456,81.878,1
2025-04-01 00:27:06,48.401,45.179,70.04,42.347,70.389,1
2025-04-01 00:27:07,47.656,44.946,73.52,42.14,82.218,1
2025-04-01 00:27:08,49.186,45.279,65.372,22.657,69.119,1
2025-04-01 00:27:09,50.023,45.89,67.562,22.588,92.815,1
2025-04-01 00:27:10,46.575,45.081,62.534,22.27,77.811,1
2025-04-01 00:27:11,50.642,45.721,65.076,22.919,105.247,1
2025-04-01 00:27:12,45.019,46.477,66.65,22.532,93.78,1
2025-04-01 00:27:13,48.072,45.528,64.028,22.524,75.634,1
2025-04-01 00:27:14,50.111,45.48,66.846,22.593,64.363,1
2025-04-01 00:27:15,54.607,45.726,73.695,21.945,65.993,1
2025-04-01 00:27:16,48.103,45.809,65.089,22.397,78.572,1
2025-04-01 00:27:17,43.692,45.035,68.055,22.498,83.937,1
2025-04-01 00:27:18,46.746,45.333,63.079,22.535,74.729,1
2025-04-01 00:27:19,49.071,46.0,67.197,22.915,50.193,1
2025-04-01 00:27:20,68.387,46.89,60.815,22.775,80.597,1
2025-04-01 00:27:21,65.327,46.169,52.9,22.488,65.845,1
2025-04-01 00:27:22,63.716,46.324,62.92,22.78,89.312,1
2025-04-01 00:27:23,62.707,45.183,63.121,23.17,117.164,1
2025-04-01 00:27:24,61.055,45.896,70.836,22.66,79.056,1
2025-04-01 00:27:25,66.9,44.07,68.334,22.919,82.223,1
2025-04-01 00:27:26,63.669,47.493,81.801,22.619,62.754,1
2025-04-01 00:27:27,68.16,44.138,78.078,22.208,99.251,1
2025-04-01 00:27:28,60.023,46.106,77.523,22.942,82.81,1
2025-04-01 00:27:29,66.933,46.734,72.788,23.085,85.236,1
2025-04-01 00:27:30,65.241,46.041,79.024,22.551,87.874,1
2025-04-01 00:27:31,71.559,47.335,62.853,22.285,88.485,1
2025-04-01 00:27:32,65.604,46.583,72.908,22.262,76.948,1
2025-04-01 00:27:33,61.569,45.422,78.357,22.583,95.739,1
2025-04-01 00:27:34,66.271,45.808,82.753,22.579,98.342,1
2025-04-01 00:27:35,65.665,47.143,63.07,22.528,93.402,1
2025-04-01 00:27:36,60.968,46.681,65.072,22.679,97.4,1
2025-04-01 00:27:37,61.9,47.301,69.818,22.473,93.478,1
2025-04-01 00:27:38,66.397,46.471,62.648,22.606,88.196,1
2025-04-01 00:27:39,65.521,47.021,82.126,22.286,89.928,1
2025-04-01 00:27:40,60.394,44.799,67.142,22.429,75.313,1
2025-04-01 00:27:41,60.111,46.327,87.56,22.627,85.655,1
2025-04-01 00:27:42,63.848,48.103,82.783,21.971,77.663,1
2025-04-01 00:27:43,67.804,46.657,76.964,22.259,70.812,1
2025-04-01 00:27:44,54.913,47.0,82.185,22.189,73.933,1
2025-04-01 00:27:45,54.987,47.903,81.863,22.207,98.861,1
2025-04-01 00:27:46,34.181,48.048,81.6,10.785,102.597,1
2025-04-01 00:27:47,40.45,47.636,102.521,10.525,72.836,1
2025-04-01 00:27:48,33.796,47.756,85.182,10.565,81.306,1
2025-04-01 00:27:49,40.328,48.149,80.394,10.547,89.645,1
2025-04-01 00:27:50,38.443,47.697,97.141,10.343,73.078,1
2025-04-01 00:27:51,43.656,48.161,71.516,10.512,79.874,1
2025-04-01 00:27:52,36.096,47.633,69.879,10.199,105.104,1
2025-04-01 00:27:53,38.556,48.732,64.227,10.4,88.86,1
2025-04-01 00:27:54,38.316,47.289,76.136,10.698,54.951,1
2025-04-01 00:27:55,41.495,21.638,68.054,10.256,81.267,1
2025-04-01 00:27:56,41.291,20.684,72.561,10.42,79.193,1
2025-04-01 00:27:57,41.479,21.158,69.314,10.26,92.366,1
2025-04-01 00:27:58,38.502,20.427,60.255,10.134,95.511,1
2025-04-01 00:27:59,39.757,22.179,68.58,10.253,89.468,1
2025-04-01 00:28:00,38.852,23.06,75.436,10.231,100.832,1
2025-04-01 00:28:01,38.732,22.334,63.136,10.338,89.835,1
2025-04-01 00:28:02,38.079,20.728,81.913,10.23,95.474,1
2025-04-01 00:28:03,37.939,24.078,67.434,9.846,73.726,1
2025-04-01 00:28:04,34.981,23.638,68.044,10.252,93.427,1
2025-04-01 00:28:05,37.797,21.976,69.227,10.137,88.578,1
2025-04-01 00:28:06,38.97,24.043,72.012,10.511,95.928,1
2025-04-01 00:28:07,37.721,22.907,68.494,10.149,64.54,1
2025-04-01 00:28:08,40.502,24.144,78.33,10.117,62.384,1
2025-04-01 00:28:09,34.011,22.959,71.366,10.208,101.097,1
2025-04-01 00:28:10,40.702,23.371,72.823,10.133,83.254,1
2025-04-01 00:28:11,35.195,23.577,76.941,9.67,90.028,1
2025-04-01 00:28:12,40.853,24.172,76.007,9.987,97.998,1
2025-04-01 00:28:13,37.767,23.193,91.769,9.858,94.675,1
2025-04-01 00:28:14,42.132,23.918,80.538,9.962,69.239,1
2025-04-01 00:28:15,40.394,24.46,86.85,9.858,72.412,1
2025-04-01 00:28:16,28.705,22.348,81.485,9.99,84.375,1
2025-04-01 00:28:17,27.294,21.99,80.972,10.156,82.662,1
2025-04-01 00:28:18,21.49,23.781,79.503,9.665,75.09,1
2025-04-01 00:28:19,21.15,23.577,83.917,9.995,77.437,1
2025-04-01 00:28:20,26.44,43.592,75.111,9.624,71.7,1
2025-04-01 00:28:21,19.989,43.206,75.964,9.609,79.133,1
2025-04-01 00:28:22,26.783,43.453,72.12,9.795,85.036,1
2025-04-01 00:28:23,24.083,43.803,79.243,9.69,74.888,1
2025-04-01 00:28:24,24.737,42.704,80.813,9.767,82.641,1
2025-04-01 00:28:25,22.908,44.198,83.141,9.936,79.998,1
2025-04-01 00:28:26,24.905,45.839,76.44,9.633,82.371,1
2025-04-01 00:28:27,21.699,43.807,78.107,9.737,82.301,1
2025-04-01 00:28:28,23.786,43.851,81.421,9.556,84.357,1
2025-04-01 00:28:29,18.244,42.745,84.448,9.719,75.142,1
2025-04-01 00:28:30,25.086,45.342,81.231,9.721,72.12,1
2025-04-01 00:28:31,21.336,23.901,80.812,9.485,75.549,1
2025-04-01 00:28:32,24.806,23.459,79.111,9.795,68.29,1
2025-04-01 00:28:33,21.079,23.158,74.133,9.679,79.381,1
2025-04-01 00:28:34,26.7,-5.55,81.956,9.513,76.296,1
2025-04-01 00:28:35,26.286,-5.011,73.758,20.608,77.744,1
2025-04-01 00:28:36,39.134,-5.288,75.031,20.382,73.583,1
2025-04-01 00:28:37,37.526,-4.772,75.509,20.219,81.495,1
2025-04-01 00:28:38,38.705,-4.947,71.868,20.139,71.333,1
2025-04-01 00:28:39,37.89,-5.057,67.362,20.636,73.315,1
2025-04-01 00:28:40,35.84,-5.202,71.459,20.708,79.078,1
2025-04-01 00:28:41,40.17,-5.876,59.742,19.955,81.984,1
2025-04-01 00:28:42,42.28,-6.972,69.11,19.908,70.689,1
2025-04-01 00:28:43,36.434,-5.768,65.602,19.965,80.709,1
2025-04-01 00:28:44,34.074,-32.247,68.343,39.312,71.348,1
2025-04-01 00:28:45,36.959,-32.014,69.236,39.113,81.002,1
2025-04-01 00:28:46,38.348,-32.242,58.752,38.829,73.797,1
2025-04-01 00:28:47,34.998,-31.424,64.206,38.623,72.777,1
2025-04-01 00:28:48,35.294,-56.68,63.153,38.708,72.943,1
2025-04-01 00:28:49,36.481,-56.825,67.919,37.887,74.125,1
2025-04-01 00:28:50,39.511,-56.814,66.295,38.38,69.455,1
2025-04-01 00:28:51,34.506,-55.394,60.445,38.556,78.65,1
2025-04-01 00:28:52,40.161,-56.627,63.736,39.758,71.546,1
2025-04-01 00:28:53,38.509,-56.75,62.092,37.777,73.049,1
2025-04-01 00:28:54,33.739,-55.585,63.08,37.542,74.822,1
2025-04-01 00:28:55,36.183,-56.032,67.251,39.567,83.348,1
2025-04-01 00:28:56,37.025,-56.985,53.528,39.058,77.559,1
2025-04-01 00:28:57,31.367,-56.242,71.481,39.046,66.412,1
2025-04-01 00:28:58,36.832,-56.353,55.002,22.225,53.94,1
2025-04-01 00:28:59,28.945,-30.187,53.396,22.058,60.085,1
2025-04-01 00:29:00,39.889,-30.179,59.254,21.65,56.043,1
2025-04-01 00:29:01,37.39,-29.4,69.394,22.096,96.631,1
2025-04-01 00:29:02,40.18,-28.945,67.097,22.276,74.9,1
2025-04-01 00:29:03,37.691,-28.972,68.703,22.491,67.231,1
2025-04-01 00:29:04,34.666,-30.111,63.352,22.244,64.815,1
2025-04-01 00:29:05,34.038,-29.391,72.316,21.951,52.252,1
2025-04-01 00:29:06,34.922,-28.887,59.266,22.433,64.336,1
2025-04-01 00:29:07,37.89,-30.19,69.462,22.481,70.417,1
2025-04-01 00:29:08,41.938,-30.739,67.138,22.036,70.564,1
2025-04-01 00:29:09,46.096,-29.779,59.962,22.13,73.515,1
2025-04-01 00:29:10,49.298,-28.158,62.457,22.592,87.811,1
2025-04-01 00:29:11,43.999,-28.922,64.619,22.049,67.421,1
2025-04-01 00:29:12,49.117,-28.832,63.709,21.671,61.332,1
2025-04-01 00:29:13,45.15,-29.337,67.147,22.197,85.265,1
2025-04-01 00:29:14,45.005,-28.386,75.913,22.249,88.556,1
2025-04-01 00:29:15,44.184,-29.539,62.714,22.354,70.941,1
2025-04-01 00:29:16,42.771,-28.873,62.961,22.254,61.419,1
2025-04-01 00:29:17,43.82,-29.369,60.28,22.422,84.203,1
2025-04-01 00:29:18,48.829,-29.716,76.111,22.416,79.301,1
2025-04-01 00:29:19,47.799,-29.478,62.542,22.582,82.18,1
2025-04-01 00:29:20,46.932,-30.182,70.034,21.927,69.156,1
2025-04-01 00:29:21,46.125,-30.06,69.764,21.924,55.275,1
2025-04-01 00:29:22,48.373,-29.882,68.569,22.983,72.289,1
2025-04-01 00:29:23,50.286,-29.386,60.441,22.52,60.181,1
2025-04-01 00:29:24,47.429,-31.16,53.435,22.595,101.593,1
2025-04-01 00:29:25,47.651,-30.804,71.545,21.615,61.041,1
2025-04-01 00:29:26,42.078,-28.762,80.45,22.394,76.097,1
2025-04-01 00:29:27,46.198,-28.865,69.31,22.31,68.481,1
2025-04-01 00:29:28,46.591,-30.367,65.404,22.613,85.154,1
2025-04-01 00:29:29,47.394,-30.145,72.544,22.912,74.453,1
2025-04-01 00:29:30,46.389,-31.115,66.665,22.855,84.613,1
2025-04-01 00:29:31,51.282,-29.406,57.463,22.917,71.171,1
2025-04-01 00:29:32,51.109,-30.065,76.076,22.783,66.936,1
2025-04-01 00:29:33,45.296,-29.407,70.046,22.481,77.232,1
2025-04-01 00:29:34,47.679,-31.822,77.962,23.18,90.837,1
2025-04-01 00:29:35,55.547,-30.783,56.389,22.948,84.918,1
2025-04-01 00:29:36,52.779,-31.392,87.406,23.097,72.72,1
2025-04-01 00:29:37,41.913,-30.804,73.888,11.429,62.743,1
2025-04-01 00:29:38,49.497,-29.788,65.369,11.465,73.111,1
2025-04-01 00:29:39,53.913,-32.057,64.997,11.499,48.279,1
2025-04-01 00:29:40,47.49,-31.513,71.048,11.43,96.806,1
2025-04-01 00:29:41,50.464,-31.637,68.459,11.746,94.738,1
2025-04-01 00:29:42,41.795,-31.337,69.194,20.14,69.236,1
2025-04-01 00:29:43,46.22,-30.599,67.923,20.47,69.505,1
2025-04-01 00:29:44,50.489,-31.046,68.22,20.498,72.037,1
2025-04-01 00:29:45,49.849,-32.729,71.8,20.24,97.239,1
2025-04-01 00:29:46,49.092,-30.446,62.978,19.837,69.688,1
2025-04-01 00:29:47,46.813,-30.859,78.599,20.821,66.506,1
2025-04-01 00:29:48,50.84,-30.225,68.675,20.274,53.371,1
2025-04-01 00:29:49,50.718,-1.636,80.019,20.434,98.635,1
2025-04-01 00:29:50,32.389,-1.93,67.762,19.813,97.674,1
2025-04-01 00:29:51,28.398,-1.072,80.06,20.471,64.693,1
2025-04-01 00:29:52,33.956,-1.536,68.151,20.227,65.79,1
2025-04-01 00:29:53,31.434,-1.923,62.666,20.592,63.238,1
2025-04-01 00:29:54,36.382,25.28,69.763,20.7,91.857,1
2025-04-01 00:29:55,33.74,26.546,65.57,20.765,75.254,1
2025-04-01 00:29:56,33.636,26.63,60.294,20.312,90.714,1
2025-04-01 00:29:57,36.039,24.807,65.012,20.454,62.741,1
2025-04-01 00:29:58,29.676,24.398,65.886,20.763,64.485,1
2025-04-01 00:29:59,33.559,22.952,63.775,20.678,83.205,1
2025-04-01 00:30:00,23.586,26.17,75.977,20.417,86.285,1
2025-04-01 00:30:01,23.639,24.5,62.05,20.588,89.741,1
2025-04-01 00:30:02,24.982,1.264,65.16,20.494,66.793,1
2025-04-01 00:30:03,22.455,21.901,70.154,20.017,64.952,1
2025-04-01 00:30:04,19.877,47.35,72.533,20.694,114.004,1
2025-04-01 00:30:05,25.956,46.526,66.507,40.059,70.945,1
2025-04-01 00:30:06,26.328,45.887,70.414,41.283,90.203,1
2025-04-01 00:30:07,23.658,45.639,67.099,40.791,64.465,1
2025-04-01 00:30:08,18.034,45.931,69.979,39.324,84.398,1
2025-04-01 00:30:09,25.721,45.194,77.933,40.881,78.314,1
2025-04-01 00:30:10,21.702,45.734,76.149,40.457,81.092,1
2025-04-01 00:30:11,24.988,45.634,65.685,40.34,75.457,1
2025-04-01 00:30:12,23.535,46.194,66.858,39.192,88.858,1
2025-04-01 00:30:13,35.865,46.027,68.199,39.514,76.77,1
2025-04-01 00:30:14,38.264,45.616,69.211,40.972,88.947,1
2025-04-01 00:30:15,34.28,45.787,67.503,39.493,79.401,1
2025-04-01 00:30:16,38.679,46.227,65.866,39.862,91.832,1
2025-04-01 00:30:17,36.18,45.893,68.454,39.93,81.297,1
2025-04-01 00:30:18,39.27,46.303,66.665,39.929,65.363,1
2025-04-01 00:30:19,34.945,44.221,74.366,39.921,52.133,1
2025-04-01 00:30:20,35.47,44.625,72.99,40.282,63.724,1
2025-04-01 00:30:21,34.265,42.77,73.23,39.025,115.02,1
2025-04-01 00:30:22,40.911,45.406,71.852,38.934,98.993,1
2025-04-01 00:30:23,34.925,42.244,74.226,39.362,70.879,1
2025-04-01 00:30:24,35.469,43.419,71.236,39.661,101.24,1
2025-04-01 00:30:25,42.132,45.203,72.864,39.019,96.978,1
2025-04-01 00:30:26,32.119,44.953,69.699,39.039,87.895,1
2025-04-01 00:30:27,35.963,43.966,70.059,38.938,87.83,1
2025-04-01 00:30:28,39.223,45.168,73.59,39.577,79.393,1
2025-04-01 00:30:29,37.377,44.119,71.983,38.523,83.38,1
2025-04-01 00:30:30,39.795,44.52,68.927,39.196,84.988,1
2025-04-01 00:30:31,39.798,43.636,81.392,38.561,78.459,1
2025-04-01 00:30:32,33.366,44.452,72.756,37.826,86.207,1
2025-04-01 00:30:33,37.419,43.472,72.074,37.821,70.8,1
2025-04-01 00:30:34,38.523,43.063,79.647,38.748,89.942,1
2025-04-01 00:30:35,35.289,42.919,83.512,37.923,98.437,1
2025-04-01 00:30:36,35.838,43.076,67.637,39.437,85.567,1
2025-04-01 00:30:37,37.831,44.266,86.753,38.117,77.086,1
2025-04-01 00:30:38,37.412,44.744,66.458,38.826,87.223,1
2025-04-01 00:30:39,37.92,43.082,77.133,37.98,87.476,1
2025-04-01 00:30:40,35.74,43.245,73.352,38.004,88.781,1
2025-04-01 00:30:41,34.604,43.605,76.407,38.865,80.561,1
2025-04-01 00:30:42,38.096,42.542,79.511,37.716,84.04,1
2025-04-01 00:30:43,39.105,43.226,82.845,38.225,74.408,1
2025-04-01 00:30:44,38.974,44.937,73.448,38.002,71.709,1
2025-04-01 00:30:45,35.976,42.957,74.758,37.773,76.799,1
2025-04-01 00:30:46,36.57,41.652,76.889,38.006,85.165,1
2025-04-01 00:30:47,36.577,42.243,75.679,37.516,85.282,1
2025-04-01 00:30:48,35.854,18.064,77.351,37.521,86.151,1
2025-04-01 00:30:49,25.196,16.44,73.168,37.298,84.294,1
2025-04-01 00:30:50,23.906,17.291,74.708,37.611,85.676,1
2025-04-01 00:30:51,23.971,16.286,81.518,37.956,82.4,1
2025-04-01 00:30:52,27.755,18.494,78.436,37.486,84.728,1
2025-04-01 00:30:53,25.454,16.617,80.797,37.354,85.613,1
2025-04-01 00:30:54,26.541,16.758,77.444,37.139,83.693,1
2025-04-01 00:30:55,27.817,17.486,77.389,37.867,83.251,1
2025-04-01 00:30:56,23.796,17.893,79.782,36.162,83.556,1
2025-04-01 00:30:57,24.882,16.863,77.576,37.435,92.145,1
2025-04-01 00:30:58,25.929,16.554,84.935,37.74,86.932,1
2025-04-01 00:30:59,23.424,16.902,75.447,36.786,83.622,1
2025-04-01 00:31:00,27.194,17.34,81.83,36.187,97.105,1
2025-04-01 00:31:01,25.065,17.433,71.123,36.151,75.297,1
2025-04-01 00:31:02,26.849,16.811,80.759,37.146,76.492,1
2025-04-01 00:31:03,24.242,15.756,75.847,36.209,87.166,1
2025-04-01 00:31:04,25.774,16.668,78.145,36.842,102.086,1
2025-04-01 00:31:05,23.558,-3.292,83.714,36.186,95.288,1
2025-04-01 00:31:06,28.678,-3.942,78.553,36.102,75.372,1
2025-04-01 00:31:07,23.504,-3.478,88.212,36.019,92.449,1
2025-04-01 00:31:08,20.709,-3.98,82.516,37.376,77.974,1
2025-04-01 00:31:09,26.686,-4.231,88.751,35.937,80.06,1
2025-04-01 00:31:10,26.46,-4.86,82.782,37.078,85.756,1
2025-04-01 00:31:11,24.407,-4.209,90.432,35.994,92.17,1
2025-04-01 00:31:12,32.189,-4.298,81.039,37.223,80.604,1
2025-04-01 00:31:13,25.487,18.848,77.756,36.424,90.883,1
2025-04-01 00:31:14,24.257,19.512,83.977,36.944,90.288,1
2025-04-01 00:31:15,27.233,19.303,74.793,36.135,82.198,1
2025-04-01 00:31:16,26.165,18.681,83.84,19.494,71.817,1
2025-04-01 00:31:17,22.852,18.985,95.397,19.147,84.473,1
2025-04-01 00:31:18,23.723,18.62,93.6,19.549,67.586,1
2025-04-01 00:31:19,22.101,19.758,91.771,19.197,77.295,1
2025-04-01 00:31:20,29.146,19.583,98.221,19.517,76.979,1
2025-04-01 00:31:21,24.331,19.252,97.156,19.448,83.477,1
2025-04-01 00:31:22,25.589,19.145,95.472,19.406,91.344,1
2025-04-01 00:31:23,25.194,19.419,90.29,18.789,81.067,1
2025-04-01 00:31:24,21.835,19.082,108.047,18.876,84.619,1
2025-04-01 00:31:25,23.391,19.572,103.407,19.574,81.152,1
2025-04-01 00:31:26,27.115,19.461,97.08,19.52,82.198,1
2025-04-01 00:31:27,26.628,19.244,101.329,19.617,87.351,1
2025-04-01 00:31:28,21.91,19.12,109.992,19.095,67.556,1
2025-04-01 00:31:29,28.146,19.284,110.259,19.513,80.786,1
2025-04-01 00:31:30,27.227,19.973,109.847,19.061,77.624,1
2025-04-01 00:31:31,21.476,19.245,105.458,19.654,74.101,1
2025-04-01 00:31:32,23.378,18.516,116.971,19.132,71.469,1
2025-04-01 00:31:33,24.662,18.821,115.414,19.539,71.52,1
2025-04-01 00:31:34,23.179,19.239,116.457,19.157,86.8,1
2025-04-01 00:31:35,24.413,20.288,112.757,19.55,63.193,1
2025-04-01 00:31:36,19.169,19.08,112.116,19.468,75.416,1
2025-04-01 00:31:37,24.037,19.675,121.829,19.749,95.665,1
2025-04-01 00:31:38,26.27,19.508,80.641,19.661,67.328,1
2025-04-01 00:31:39,27.738,20.112,89.435,19.591,71.246,1
2025-04-01 00:31:40,23.814,19.583,84.839,19.534,76.566,1
2025-04-01 00:31:41,28.828,19.443,99.375,19.929,81.035,1
2025-04-01 00:31:42,27.495,21.713,93.302,19.575,69.363,1
2025-04-01 00:31:43,21.476,20.734,89.601,20.097,68.586,1
2025-04-01 00:31:44,24.44,21.262,94.729,19.816,75.669,1
2025-04-01 00:31:45,24.055,21.333,95.702,10.245,74.718,1
2025-04-01 00:31:46,23.661,21.496,89.684,10.165,84.523,1
2025-04-01 00:31:47,20.945,42.258,83.685,10.102,79.781,1
2025-04-01 00:31:48,23.152,40.249,91.407,10.145,62.723,1
2025-04-01 00:31:49,25.011,41.319,87.072,10.289,61.094,1
2025-04-01 00:31:50,22.177,41.546,94.036,9.92,65.034,1
2025-04-01 00:31:51,22.419,41.177,104.982,10.39,74.359,1
2025-04-01 00:31:52,23.091,41.22,94.466,10.32,82.649,1
2025-04-01 00:31:53,23.651,41.527,102.355,10.344,75.026,1
2025-04-01 00:31:54,33.214,41.742,94.061,10.542,81.016,1
2025-04-01 00:31:55,35.646,41.349,103.173,10.6,51.074,1
2025-04-01 00:31:56,36.871,67.374,95.542,10.497,56.041,1
2025-04-01 00:31:57,42.044,66.68,98.345,10.238,66.004,1
2025-04-01 00:31:58,36.622,67.25,99.183,10.277,73.861,1
2025-04-01 00:31:59,33.91,67.283,108.313,10.59,80.556,1
2025-04-01 00:32:00,36.534,67.296,101.716,10.478,75.648,1
2025-04-01 00:32:01,38.288,67.32,104.938,5.651,65.871,1
2025-04-01 00:32:02,33.653,67.905,115.255,5.695,71.65,1
2025-04-01 00:32:03,36.661,66.171,112.932,5.659,83.714,1
2025-04-01 00:32:04,34.327,66.757,110.606,5.804,64.442,1
2025-04-01 00:32:05,31.966,67.275,102.604,5.662,85.6,1
2025-04-01 00:32:06,35.336,67.491,109.797,5.664,72.26,1
2025-04-01 00:32:07,37.514,68.111,113.633,5.535,73.043,1
2025-04-01 00:32:08,33.293,67.477,117.114,5.646,74.263,1
2025-04-01 00:32:09,38.492,67.449,121.941,5.675,81.687,1
2025-04-01 00:32:10,32.29,68.42,118.786,5.76,70.051,1
2025-04-01 00:32:11,37.488,68.976,110.241,5.631,68.831,1
2025-04-01 00:32:12,34.126,67.816,119.299,5.8,76.759,1
2025-04-01 00:32:13,38.81,68.435,126.575,5.684,68.805,1
2025-04-01 00:32:14,31.683,68.345,112.441,5.706,49.068,1
2025-04-01 00:32:15,38.726,69.144,126.207,5.736,66.941,1
2025-04-01 00:32:16,30.637,67.748,123.199,5.766,64.206,1
2025-04-01 00:32:17,31.778,69.161,121.743,5.834,67.828,1
2025-04-01 00:32:18,34.717,67.56,123.173,5.923,78.124,1
2025-04-01 00:32:19,32.691,69.454,130.075,5.72,66.781,1
2025-04-01 00:32:20,33.857,69.541,124.956,5.783,77.132,1
2025-04-01 00:32:21,37.611,68.84,126.337,5.982,86.891,1
2025-04-01 00:32:22,29.879,69.277,117.859,5.804,57.187,1
2025-04-01 00:32:23,38.003,71.019,125.767,5.861,63.132,1
2025-04-01 00:32:24,33.935,70.612,129.264,5.865,51.168,1
2025-04-01 00:32:25,30.154,70.372,128.697,5.794,56.396,1
2025-04-01 00:32:26,38.241,70.527,125.467,5.752,63.956,1
2025-04-01 00:32:27,31.614,69.347,127.939,5.705,70.786,1
2025-04-01 00:32:28,33.25,69.686,127.681,5.751,58.361,1
2025-04-01 00:32:29,35.586,70.069,111.752,5.757,60.107,1
2025-04-01 00:32:30,32.199,70.509,110.915,5.722,82.19,1
2025-04-01 00:32:31,33.115,71.139,98.787,5.881,75.489,1
2025-04-01 00:32:32,35.999,70.518,108.408,5.836,75.366,1
2025-04-01 00:32:33,31.33,70.031,102.555,5.622,65.256,1
2025-04-01 00:32:34,32.694,70.237,96.41,5.864,89.284,1
2025-04-01 00:32:35,38.0,71.891,93.71,5.846,99.419,1
2025-04-01 00:32:36,36.569,70.653,88.361,5.817,67.602,1
2025-04-01 00:32:37,42.022,71.135,102.69,5.666,66.227,1
2025-04-01 00:32:38,38.862,70.946,97.678,5.72,68.173,1
2025-04-01 00:32:39,36.291,71.303,98.903,5.667,86.597,1
2025-04-01 00:32:40,37.7,70.659,98.64,5.848,75.252,1
2025-04-01 00:32:41,36.961,70.935,100.485,5.668,62.34,1
2025-04-01 00:32:42,32.589,71.456,112.667,5.828,72.564,1
2025-04-01 00:32:43,32.656,52.151,103.377,5.803,79.438,1
2025-04-01 00:32:44,33.072,53.028,101.105,5.74,76.643,1
2025-04-01 00:32:45,33.032,51.779,102.842,10.618,53.94,1
2025-04-01 00:32:46,36.442,52.476,106.011,10.833,71.34,1
2025-04-01 00:32:47,32.398,54.242,72.219,10.541,96.603,1
2025-04-01 00:32:48,33.101,52.426,64.402,10.679,57.816,1
2025-04-01 00:32:49,36.71,53.115,78.439,10.585,69.103,1
2025-04-01 00:32:50,36.571,54.529,72.273,10.47,65.127,1
2025-04-01 00:32:51,37.188,51.81,74.559,10.437,73.092,1
2025-04-01 00:32:52,30.77,53.068,72.485,10.508,92.002,1
2025-04-01 00:32:53,22.62,54.424,74.29,10.396,95.633,1
2025-04-01 00:32:54,24.015,53.398,72.859,10.432,57.011,1
2025-04-01 00:32:55,23.134,52.428,70.357,10.4,81.721,1
2025-04-01 00:32:56,20.2,54.358,82.362,10.357,78.939,1
2025-04-01 00:32:57,27.184,38.056,78.264,10.509,84.813,1
2025-04-01 00:32:58,27.743,38.247,80.346,10.571,72.783,1
2025-04-01 00:32:59,24.049,38.068,69.792,10.585,77.182,1
2025-04-01 00:33:00,25.2,38.281,69.497,10.265,83.529,1
2025-04-01 00:33:01,24.791,38.335,77.104,10.366,73.469,1
2025-04-01 00:33:02,22.805,38.966,68.739,10.347,81.302,1
2025-04-01 00:33:03,20.564,38.81,75.456,10.384,71.69,1
2025-04-01 00:33:04,26.774,38.295,68.399,10.334,71.157,1
2025-04-01 00:33:05,29.175,40.041,76.711,10.304,77.458,1
2025-04-01 00:33:06,24.886,38.814,76.745,10.408,64.744,1
2025-04-01 00:33:07,25.01,38.514,79.483,10.352,87.869,1
2025-04-01 00:33:08,20.773,38.759,73.582,10.162,83.027,1
2025-04-01 00:33:09,22.502,38.292,77.025,10.362,86.693,1
2025-04-01 00:33:10,25.185,38.615,69.151,10.439,84.365,1
2025-04-01 00:33:11,27.006,37.084,71.943,10.369,85.387,1
2025-04-01 00:33:12,22.531,40.076,68.502,10.193,89.44,1
2025-04-01 00:33:13,21.204,40.122,70.605,10.261,74.861,1
2025-04-01 00:33:14,22.471,37.756,73.44,10.028,87.023,1
2025-04-01 00:33:15,23.025,39.885,73.574,10.016,84.609,1
2025-04-01 00:33:16,22.094,39.001,71.091,10.131,80.685,1
2025-04-01 00:33:17,26.209,39.24,68.712,18.342,83.365,1
2025-04-01 00:33:18,25.34,39.215,76.531,17.682,90.993,1
2025-04-01 00:33:19,22.759,39.317,73.05,18.404,62.7,1
2025-04-01 00:33:20,22.029,37.896,76.811,18.168,98.06,1
2025-04-01 00:33:21,24.646,39.031,67.541,18.299,72.75,1
2025-04-01 00:33:22,23.469,38.078,68.77,18.332,86.886,1
2025-04-01 00:33:23,23.4,39.404,82.849,18.428,90.591,1
2025-04-01 00:33:24,30.773,38.852,77.35,34.343,96.612,1
2025-04-01 00:33:25,32.986,39.773,76.626,34.495,98.443,1
2025-04-01 00:33:26,31.251,38.953,78.578,34.641,85.279,1
2025-04-01 00:33:27,31.569,38.442,75.997,34.89,84.957,1
2025-04-01 00:33:28,31.707,37.443,84.204,34.845,77.806,1
2025-04-01 00:33:29,34.755,38.889,74.419,34.029,78.981,1
2025-04-01 00:33:30,31.564,37.827,71.713,33.929,82.93,1
2025-04-01 00:33:31,30.996,38.807,77.682,34.226,92.02,1
2025-04-01 00:33:32,31.095,38.378,73.956,34.444,97.264,1
2025-04-01 00:33:33,32.568,37.171,79.269,34.153,84.744,1
2025-04-01 00:33:34,30.821,38.955,76.629,34.507,76.667,1
2025-04-01 00:33:35,33.155,39.561,72.326,35.169,89.943,1
2025-04-01 00:33:36,33.57,38.118,77.8,33.723,88.449,1
2025-04-01 00:33:37,33.87,37.143,79.956,35.787,79.593,1
2025-04-01 00:33:38,35.543,37.832,73.865,34.23,87.104,1
2025-04-01 00:33:39,30.868,36.208,74.672,33.119,95.56,1
2025-04-01 00:33:40,35.484,37.816,72.683,35.378,82.124,1
2025-04-01 00:33:41,35.991,39.093,79.07,33.519,63.041,1
2025-04-01 00:33:42,31.568,38.244,83.246,34.111,88.656,1
2025-04-01 00:33:43,32.755,37.895,73.464,34.242,89.669,1
2025-04-01 00:33:44,30.049,39.477,78.828,35.083,75.389,1
2025-04-01 00:33:45,33.729,38.941,73.037,34.085,88.652,1
2025-04-01 00:33:46,33.849,39.221,69.156,34.132,95.883,1
2025-04-01 00:33:47,30.448,36.938,72.48,33.358,92.005,1
2025-04-01 00:33:48,31.598,37.148,65.693,33.993,85.754,1
2025-04-01 00:33:49,24.027,37.262,76.215,33.396,88.515,1
2025-04-01 00:33:50,22.998,52.982,70.014,34.002,86.678,1
2025-04-01 00:33:51,24.83,53.199,72.391,33.908,97.148,1
2025-04-01 00:33:52,26.235,54.416,73.049,34.452,90.912,1
2025-04-01 00:33:53,22.532,29.895,67.504,33.68,94.646,1
2025-04-01 00:33:54,24.264,29.658,72.558,34.137,91.331,1
2025-04-01 00:33:55,26.899,29.407,67.03,33.373,88.911,1
2025-04-01 00:33:56,24.206,29.654,68.08,34.003,84.046,1
2025-04-01 00:33:57,22.437,29.097,67.167,34.58,85.604,1
2025-04-01 00:33:58,22.928,29.237,66.322,34.257,84.266,1
2025-04-01 00:33:59,25.141,48.132,68.75,33.714,84.001,1
2025-04-01 00:34:00,24.966,47.803,71.794,34.332,83.397,1
2025-04-01 00:34:01,38.582,46.671,71.444,33.551,85.368,1
2025-04-01 00:34:02,36.946,47.13,67.515,34.418,84.457,1
2025-04-01 00:34:03,37.627,48.361,70.279,33.996,83.634,1
2025-04-01 00:34:04,38.738,48.168,75.121,34.052,84.486,1
2025-04-01 00:34:05,36.953,21.717,70.932,34.776,82.989,1
2025-04-01 00:34:06,34.097,20.899,75.059,33.818,83.594,1
2025-04-01 00:34:07,38.677,20.732,68.837,34.876,83.398,1
2025-04-01 00:34:08,36.754,22.799,69.564,34.928,83.467,1
2025-04-01 00:34:09,38.358,20.738,66.402,35.439,82.983,1
2025-04-01 00:34:10,39.699,20.556,68.485,35.205,81.793,1
2025-04-01 00:34:11,38.712,20.165,65.19,16.223,82.866,1
2025-04-01 00:34:12,38.04,19.698,72.5,16.009,82.558,1
2025-04-01 00:34:13,40.434,20.261,71.359,9.765,83.271,1
2025-04-01 00:34:14,39.473,19.486,66.863,9.358,81.266,1
2025-04-01 00:34:15,40.074,20.531,64.31,9.626,80.947,1
2025-04-01 00:34:16,38.198,20.181,69.675,9.559,81.161,1
2025-04-01 00:34:17,38.677,1.229,69.333,9.679,82.079,1
2025-04-01 00:34:18,35.338,1.279,66.096,9.594,80.81,1
2025-04-01 00:34:19,38.125,1.735,72.533,9.56,79.457,1
2025-04-01 00:34:20,37.151,2.607,75.467,9.634,80.154,1
2025-04-01 00:34:21,36.134,1.709,60.767,9.676,79.59,1
2025-04-01 00:34:22,36.63,2.666,62.154,9.654,92.957,1
2025-04-01 00:34:23,33.519,0.479,58.928,9.878,88.102,1
2025-04-01 00:34:24,37.039,-0.232,72.125,9.843,67.62,1
2025-04-01 00:34:25,43.476,-23.21,59.53,9.74,87.201,1
2025-04-01 00:34:26,40.63,-23.511,72.918,9.613,81.463,1
2025-04-01 00:34:27,53.227,-22.227,66.994,9.824,80.542,1
2025-04-01 00:34:28,43.964,-22.707,72.783,9.746,68.067,1
2025-04-01 00:34:29,46.453,-24.121,77.241,9.783,108.243,1
2025-04-01 00:34:30,46.974,-23.903,69.767,9.558,79.98,1
2025-04-01 00:34:31,46.365,-21.867,78.928,9.712,74.956,1
2025-04-01 00:34:32,46.386,-23.618,72.666,9.682,57.265,1
2025-04-01 00:34:33,56.643,-26.035,66.27,9.828,89.227,1
2025-04-01 00:34:34,50.249,-22.165,76.838,9.733,69.277,1
2025-04-01 00:34:35,45.785,-24.231,76.625,9.721,81.779,1
2025-04-01 00:34:36,51.278,-24.765,65.003,9.677,60.411,1
2025-04-01 00:34:37,49.988,-25.031,59.326,9.911,72.394,1
2025-04-01 00:34:38,49.231,-24.824,69.043,9.717,72.811,1
2025-04-01 00:34:39,48.339,-25.125,70.848,9.923,76.828,1
2025-04-01 00:34:40,44.006,-25.366,67.704,9.858,68.255,1
2025-04-01 00:34:41,48.36,-24.934,64.309,9.615,84.917,1
2025-04-01 00:34:42,47.37,-25.152,72.193,10.039,65.234,1
2025-04-01 00:34:43,46.434,-24.697,73.275,10.031,70.606,1
2025-04-01 00:34:44,44.01,-25.232,72.271,9.815,74.568,1
2025-04-01 00:34:45,46.287,-25.038,76.434,9.839,101.661,1
2025-04-01 00:34:46,46.581,-25.486,59.621,9.856,64.717,1
2025-04-01 00:34:47,44.54,-26.3,76.244,10.177,72.042,1
2025-04-01 00:34:48,46.553,-25.491,79.566,9.903,81.308,1
2025-04-01 00:34:49,41.926,-25.677,65.784,9.743,55.578,1
2025-04-01 00:34:50,46.835,-25.186,87.475,9.779,67.265,1
2025-04-01 00:34:51,41.387,-25.229,67.669,9.983,61.141,1
2025-04-01 00:34:52,36.253,-25.833,83.948,10.02,80.709,1
2025-04-01 00:34:53,28.804,-24.606,87.281,9.807,68.924,1
2025-04-01 00:34:54,33.399,-25.974,84.557,9.487,50.234,1
2025-04-01 00:34:55,33.59,-25.065,80.119,9.634,75.835,1
2025-04-01 00:34:56,30.514,-25.616,79.762,9.907,76.421,1
2025-04-01 00:34:57,34.837,-27.583,73.375,10.09,83.828,1
2025-04-01 00:34:58,32.505,-25.374,79.47,9.621,54.614,1
2025-04-01 00:34:59,36.029,-27.545,85.468,9.965,78.605,1
2025-04-01 00:35:00,35.368,-26.476,75.553,9.985,79.301,1
2025-04-01 00:35:01,31.389,-28.015,71.426,9.979,77.92,1
2025-04-01 00:35:02,32.347,-25.876,71.877,9.931,48.52,1
2025-04-01 00:35:03,29.217,-27.196,87.361,10.224,73.228,1
2025-04-01 00:35:04,33.903,-26.382,76.694,9.89,69.658,1
2025-04-01 00:35:05,30.787,-26.009,83.153,9.943,75.686,1
2025-04-01 00:35:06,32.987,-25.851,82.386,9.976,76.424,1
2025-04-01 00:35:07,33.563,-25.956,88.15,9.856,80.36,1
2025-04-01 00:35:08,33.263,-27.721,95.495,9.978,93.686,1
2025-04-01 00:35:09,30.649,-26.819,90.481,9.846,65.823,1
2025-04-01 00:35:10,35.241,-25.738,94.438,10.01,68.021,1
2025-04-01 00:35:11,32.206,-25.785,82.26,9.817,82.594,1
2025-04-01 00:35:12,35.848,-26.893,91.052,9.839,62.393,1
2025-04-01 00:35:13,33.773,-27.811,100.457,9.584,76.71,1
2025-04-01 00:35:14,32.069,-26.046,95.552,9.721,59.978,1
2025-04-01 00:35:15,25.549,-26.558,97.008,9.986,70.067,1
2025-04-01 00:35:16,36.774,-26.978,99.292,9.763,68.906,1
2025-04-01 00:35:17,29.226,-26.78,83.261,9.641,76.824,1
2025-04-01 00:35:18,31.584,-27.008,71.104,4.089,63.785,1
2025-04-01 00:35:19,37.932,-26.697,72.775,3.861,83.04,1
2025-04-01 00:35:20,28.724,-26.05,73.861,3.953,74.429,1
2025-04-01 00:35:21,29.174,-26.975,67.982,3.909,64.294,1
2025-04-01 00:35:22,33.05,-55.717,72.464,3.953,73.024,1
2025-04-01 00:35:23,30.166,-54.876,70.696,3.926,58.368,1
2025-04-01 00:35:24,33.404,-57.733,66.819,4.005,78.95,1
2025-04-01 00:35:25,28.936,-56.993,86.945,3.968,77.893,1
2025-04-01 00:35:26,34.644,-57.297,74.002,3.935,70.059,1
2025-04-01 00:35:27,36.731,-57.261,84.099,4.006,72.443,1
2025-04-01 00:35:28,29.489,-31.373,74.041,3.799,72.233,1
2025-04-01 00:35:29,28.954,-32.324,89.81,3.886,70.84,1
2025-04-01 00:35:30,27.756,-33.37,73.857,3.934,71.99,1
2025-04-01 00:35:31,23.6,-32.693,85.969,3.902,73.728,1
2025-04-01 00:35:32,19.175,-33.793,95.354,3.821,71.892,1
2025-04-01 00:35:33,19.593,-34.035,77.136,3.802,72.034,1
2025-04-01 00:35:34,22.211,-7.64,78.139,3.835,73.026,1
2025-04-01 00:35:35,16.545,-5.106,83.838,3.768,74.999,1
2025-04-01 00:35:36,22.788,-6.521,85.816,3.811,74.621,1
2025-04-01 00:35:37,15.916,-5.739,92.688,3.864,72.397,1
2025-04-01 00:35:38,19.949,-5.339,81.74,3.756,72.35,1
2025-04-01 00:35:39,21.194,-6.818,79.541,3.828,74.293,1
2025-04-01 00:35:40,26.026,-5.706,72.846,3.818,75.088,1
2025-04-01 00:35:41,22.184,12.289,80.277,3.806,74.116,1
2025-04-01 00:35:42,20.408,13.621,83.883,3.829,75.172,1
2025-04-01 00:35:43,20.762,13.59,78.693,3.834,74.065,1
2025-04-01 00:35:44,17.823,11.861,71.047,3.839,74.36,1
2025-04-01 00:35:45,20.994,13.397,75.427,8.252,75.52,1
2025-04-01 00:35:46,19.409,14.003,83.474,8.046,73.749,1
2025-04-01 00:35:47,21.71,12.295,77.788,7.89,74.944,1
2025-04-01 00:35:48,18.414,12.48,73.375,8.244,75.178,1
2025-04-01 00:35:49,21.831,37.27,72.729,8.024,74.741,1
2025-04-01 00:35:50,22.658,34.986,75.148,13.24,74.822,1
2025-04-01 00:35:51,23.64,36.828,76.331,13.511,74.528,1
2025-04-01 00:35:52,19.668,35.853,81.782,13.089,76.596,1
2025-04-01 00:35:53,20.436,36.492,74.886,32.585,75.93,1
2025-04-01 00:35:54,22.357,35.567,75.563,31.735,77.44,1
2025-04-01 00:35:55,22.21,36.039,83.348,32.714,77.663,1
2025-04-01 00:35:56,19.566,36.458,83.65,32.269,75.172,1
2025-04-01 00:35:57,23.391,36.937,83.15,31.353,77.36,1
2025-04-01 00:35:58,21.988,37.285,81.911,33.127,76.993,1
2025-04-01 00:35:59,19.866,37.347,83.457,33.192,80.722,1
2025-04-01 00:36:00,22.99,36.466,80.065,32.84,78.628,1
2025-04-01 00:36:01,23.175,36.469,82.729,33.081,77.742,1
2025-04-01 00:36:02,20.63,37.893,85.143,32.295,80.811,1
2025-04-01 00:36:03,19.828,35.998,85.916,33.229,79.425,1
2025-04-01 00:36:04,19.304,37.462,81.244,32.249,79.291,1
2025-04-01 00:36:05,23.191,38.066,81.427,33.512,79.603,1
2025-04-01 00:36:06,23.031,36.816,88.324,31.267,76.88,1
2025-04-01 00:36:07,21.763,36.351,81.488,32.577,79.197,1
2025-04-01 00:36:08,23.45,36.552,89.012,31.916,79.323,1
2025-04-01 00:36:09,23.445,37.88,83.28,32.494,79.317,1
2025-04-01 00:36:10,24.309,37.357,90.634,31.884,80.622,1
2025-04-01 00:36:11,20.223,38.784,89.227,32.575,80.854,1
2025-04-01 00:36:12,24.113,38.673,81.23,31.644,81.04,1
2025-04-01 00:36:13,22.022,38.583,84.298,31.793,81.007,1
2025-04-01 00:36:14,23.612,39.589,87.794,32.059,81.819,1
2025-04-01 00:36:15,23.126,37.099,87.962,32.301,82.213,1
2025-04-01 00:36:16,21.359,37.631,86.308,31.623,81.084,1
2025-04-01 00:36:17,23.327,36.951,86.866,31.956,82.996,1
2025-04-01 00:36:18,22.412,39.189,78.102,32.121,81.506,1
2025-04-01 00:36:19,23.83,37.783,77.569,31.902,81.926,1
2025-04-01 00:36:20,23.335,67.077,76.99,32.069,81.851,0
2025-04-01 00:36:21,22.842,69.401,77.171,31.842,82.735,0
2025-04-01 00:36:22,22.941,67.624,78.664,31.793,83.881,0
2025-04-01 00:36:23,22.866,68.364,77.5,31.369,83.787,0
2025-04-01 00:36:24,22.516,69.283,78.361,31.592,83.097,0
2025-04-01 00:36:25,22.662,67.447,78.058,31.353,84.853,0
2025-04-01 00:36:26,22.818,67.926,76.77,32.338,81.687,0
2025-04-01 00:36:27,23.118,68.146,75.626,32.411,84.019,0
2025-04-01 00:36:28,23.163,68.389,77.05,32.084,83.88,0
2025-04-01 00:36:29,23.309,68.462,77.193,32.031,86.005,0
2025-04-01 00:36:30,23.455,69.813,76.528,32.687,83.994,0
2025-04-01 00:36:31,23.566,70.023,77.318,31.381,83.317,0
2025-04-01 00:36:32,23.287,68.626,76.743,31.529,83.792,0
2025-04-01 00:36:33,23.671,69.31,76.974,32.116,84.89,0
2025-04-01 00:36:34,23.313,68.963,77.586,32.19,83.306,0
2025-04-01 00:36:35,23.447,69.995,78.055,31.785,83.642,0
2025-04-01 00:36:36,23.581,69.863,77.672,32.549,84.247,1
2025-04-01 00:36:37,25.223,68.676,75.659,31.487,86.427,1
2025-04-01 00:36:38,23.952,70.147,78.937,32.128,85.639,1
2025-04-01 00:36:39,22.802,70.652,80.084,32.966,86.21,1
2025-04-01 00:36:40,23.787,69.869,77.488,32.36,83.23,1
2025-04-01 00:36:41,24.935,69.791,77.51,32.755,85.006,1
2025-04-01 00:36:42,24.146,70.155,78.064,31.756,83.414,1
2025-04-01 00:36:43,25.049,69.639,79.953,32.319,84.273,1
2025-04-01 00:36:44,22.762,70.27,78.423,32.165,83.096,1
2025-04-01 00:36:45,22.585,71.345,76.848,31.908,83.484,1
2025-04-01 00:36:46,23.993,69.75,75.18,33.525,84.24,1
2025-04-01 00:36:47,22.051,69.927,77.285,32.206,83.678,1
2025-04-01 00:36:48,24.588,72.149,80.206,32.79,82.855,1
2025-04-01 00:36:49,23.932,70.672,78.373,32.977,85.249,1
2025-04-01 00:36:50,24.287,70.756,78.227,33.64,84.982,1
2025-04-01 00:36:51,22.868,71.241,80.943,32.47,84.544,1
2025-04-01 00:36:52,25.522,71.519,77.949,32.404,84.629,1
2025-04-01 00:36:53,26.264,70.911,79.711,33.791,84.115,1
2025-04-01 00:36:54,24.558,70.665,76.165,33.159,83.584,1
2025-04-01 00:36:55,26.401,71.894,77.525,32.856,84.273,1
2025-04-01 00:36:56,24.081,71.026,80.593,32.826,85.088,1
2025-04-01 00:36:57,22.535,70.814,80.755,33.7,83.988,1
2025-04-01 00:36:58,23.62,71.482,79.429,32.884,83.841,1
2025-04-01 00:36:59,25.572,71.379,80.482,32.808,84.118,1
2025-04-01 00:37:00,24.78,69.939,81.153,33.296,84.74,1
2025-04-01 00:37:01,25.704,69.766,84.525,34.893,88.397,1
2025-04-01 00:37:02,26.662,73.073,85.48,33.152,89.671,1
2025-04-01 00:37:03,25.771,71.216,81.001,18.741,90.026,1
2025-04-01 00:37:04,27.427,71.529,81.528,18.799,76.807,1
2025-04-01 00:37:05,23.217,70.526,78.413,18.321,81.547,1
2025-04-01 00:37:06,26.456,71.402,79.732,18.61,70.379,1
2025-04-01 00:37:07,25.874,71.964,86.37,18.722,77.007,1
2025-04-01 00:37:08,22.383,72.827,87.656,18.288,85.323,1
2025-04-01 00:37:09,26.819,71.684,90.278,18.693,84.823,1
2025-04-01 00:37:10,18.295,71.822,80.585,18.85,83.391,1
2025-04-01 00:37:11,26.652,72.315,90.67,18.735,84.412,1
2025-04-01 00:37:12,22.036,70.753,89.123,18.998,81.214,1
2025-04-01 00:37:13,25.694,72.708,87.592,18.872,94.256,1
2025-04-01 00:37:14,28.513,72.077,91.846,18.548,72.825,1
2025-04-01 00:37:15,28.134,73.038,98.756,18.743,75.165,1
2025-04-01 00:37:16,25.405,71.997,94.816,18.779,78.832,1
2025-04-01 00:37:17,23.687,73.547,97.73,19.081,78.541,1
2025-04-01 00:37:18,26.493,72.699,93.858,18.787,93.266,1
2025-04-01 00:37:19,28.746,72.724,95.629,19.208,83.282,1
2025-04-01 00:37:20,22.094,73.383,88.736,18.959,60.663,1
2025-04-01 00:37:21,26.32,73.14,93.532,19.549,84.589,1
2025-04-01 00:37:22,24.546,73.184,104.237,19.019,74.135,1
2025-04-01 00:37:23,22.985,72.68,100.065,18.797,77.727,1
2025-04-01 00:37:24,24.608,73.023,105.671,18.687,81.952,1
2025-04-01 00:37:25,24.63,73.017,99.158,18.88,76.522,1
2025-04-01 00:37:26,28.41,72.37,98.296,18.444,75.935,1
2025-04-01 00:37:27,23.58,72.777,104.757,18.854,87.586,1
2025-04-01 00:37:28,24.061,71.202,105.588,18.668,70.952,1
2025-04-01 00:37:29,23.932,73.573,104.332,19.11,88.431,1
2025-04-01 00:37:30,25.387,55.306,104.24,18.724,81.109,1
2025-04-01 00:37:31,27.209,55.489,99.968,19.04,89.115,1
2025-04-01 00:37:32,23.701,55.695,98.726,18.648,76.215,1
2025-04-01 00:37:33,26.792,54.663,100.017,18.363,80.976,1
2025-04-01 00:37:34,28.541,55.912,104.719,18.672,79.92,1
2025-04-01 00:37:35,26.341,54.039,104.169,19.094,74.062,1
2025-04-01 00:37:36,25.02,54.529,108.123,19.651,74.098,1
2025-04-01 00:37:37,25.844,54.239,105.402,18.83,72.329,1
2025-04-01 00:37:38,24.0,54.022,101.092,34.256,70.001,1
2025-04-01 00:37:39,25.629,55.922,100.988,33.935,74.279,1
2025-04-01 00:37:40,27.732,54.386,107.687,33.147,85.941,1
2025-04-01 00:37:41,26.882,55.84,109.706,33.78,81.377,1
2025-04-01 00:37:42,23.97,54.269,103.403,33.388,75.268,1
2025-04-01 00:37:43,27.388,55.008,116.504,33.896,86.197,1
2025-04-01 00:37:44,23.947,55.493,108.095,33.286,57.703,1
2025-04-01 00:37:45,24.256,56.359,109.655,33.383,75.185,1
2025-04-01 00:37:46,27.461,54.646,112.795,33.421,68.538,1
2025-04-01 00:37:47,24.245,55.506,108.474,33.675,67.345,1
2025-04-01 00:37:48,23.384,54.279,114.413,33.757,72.636,1
2025-04-01 00:37:49,29.25,53.579,111.909,32.78,82.899,1
2025-04-01 00:37:50,25.62,54.063,114.957,33.164,77.744,1
2025-04-01 00:37:51,21.811,54.521,108.779,33.182,83.11,1
2025-04-01 00:37:52,26.756,53.377,105.116,33.598,62.831,1
2025-04-01 00:37:53,26.454,54.334,112.375,33.069,73.303,1
2025-04-01 00:37:54,23.289,53.835,106.017,32.643,77.26,1
2025-04-01 00:37:55,23.191,54.717,101.707,32.787,63.889,1
2025-04-01 00:37:56,23.299,52.895,113.14,32.917,76.522,1
2025-04-01 00:37:57,24.573,52.577,110.46,21.419,75.002,1
2025-04-01 00:37:58,23.426,54.937,115.841,21.511,69.145,1
2025-04-01 00:37:59,21.337,53.293,112.71,21.339,67.961,1
2025-04-01 00:38:00,25.509,54.694,111.183,21.235,67.838,1
2025-04-01 00:38:01,20.936,54.635,116.191,21.437,74.445,1
2025-04-01 00:38:02,26.017,53.303,121.39,21.442,56.68,1
2025-04-01 00:38:03,25.187,52.959,112.558,21.315,44.06,1
2025-04-01 00:38:04,24.536,54.589,107.898,20.43,68.26,1
2025-04-01 00:38:05,21.214,54.248,105.009,20.927,71.811,1
2025-04-01 00:38:06,25.946,53.796,111.226,20.847,79.18,1
2025-04-01 00:38:07,22.891,53.447,111.928,21.014,75.631,1
2025-04-01 00:38:08,24.264,53.391,115.475,20.939,63.513,1
2025-04-01 00:38:09,20.633,52.484,119.644,20.669,69.881,1
2025-04-01 00:38:10,24.447,53.485,108.624,20.28,59.512,1
2025-04-01 00:38:11,20.287,52.285,97.773,20.385,76.979,1
2025-04-01 00:38:12,22.32,53.16,90.532,20.85,75.387,1
2025-04-01 00:38:13,24.329,52.576,87.826,20.233,77.939,1
2025-04-01 00:38:14,23.017,52.571,89.025,20.002,73.818,1
2025-04-01 00:38:15,23.689,52.655,95.339,20.238,77.361,1
2025-04-01 00:38:16,25.054,51.399,93.781,20.058,59.564,1
2025-04-01 00:38:17,27.087,53.406,96.87,20.84,79.042,1
2025-04-01 00:38:18,23.764,52.399,88.131,20.764,72.374,1
2025-04-01 00:38:19,23.123,51.191,93.216,20.383,74.555,1
2025-04-01 00:38:20,20.776,53.257,88.264,20.589,73.369,1
2025-04-01 00:38:21,23.87,52.243,72.791,19.857,71.832,1
2025-04-01 00:38:22,25.001,51.886,74.336,19.782,70.892,1
2025-04-01 00:38:23,24.199,50.893,67.459,19.795,70.586,1
2025-04-01 00:38:24,22.937,51.223,72.578,20.055,73.43,1
2025-04-01 00:38:25,23.569,52.028,73.956,19.362,84.741,1
2025-04-01 00:38:26,22.83,69.099,73.274,20.619,71.732,1
2025-04-01 00:38:27,21.353,68.999,72.572,19.399,65.147,1
2025-04-01 00:38:28,25.826,67.717,71.16,19.817,71.723,1
2025-04-01 00:38:29,24.819,69.737,73.305,20.186,82.478,1
2025-04-01 00:38:30,22.992,69.828,75.194,19.681,69.89,1
2025-04-01 00:38:31,24.89,70.253,72.152,19.742,78.843,1
2025-04-01 00:38:32,22.705,67.684,74.282,19.847,68.436,1
2025-04-01 00:38:33,23.585,67.903,77.631,19.595,75.41,1
2025-04-01 00:38:34,23.518,68.543,74.576,19.5,70.18,1
2025-04-01 00:38:35,22.953,68.261,75.529,20.138,80.729,1
2025-04-01 00:38:36,25.516,68.886,70.137,19.866,67.514,1
2025-04-01 00:38:37,21.091,69.038,74.208,19.04,62.311,1
2025-04-01 00:38:38,24.199,66.881,71.928,19.552,82.08,1
2025-04-01 00:38:39,23.829,67.11,74.831,19.46,65.591,1
2025-04-01 00:38:40,25.055,68.702,81.475,20.05,75.893,1
2025-04-01 00:38:41,21.298,67.904,74.677,19.38,70.316,1
2025-04-01 00:38:42,20.905,66.786,76.382,19.61,76.595,1
2025-04-01 00:38:43,22.382,67.783,75.24,19.461,77.027,1
2025-04-01 00:38:44,22.658,68.096,77.127,20.026,86.168,1
2025-04-01 00:38:45,24.123,65.454,81.909,18.977,54.143,1
2025-04-01 00:38:46,24.782,66.954,73.119,19.148,88.92,1
2025-04-01 00:38:47,22.718,67.021,80.079,19.923,65.14,1
2025-04-01 00:38:48,21.905,68.149,84.016,30.291,69.939,1
2025-04-01 00:38:49,21.996,67.107,80.296,30.382,76.289,1
2025-04-01 00:38:50,21.725,67.101,78.662,30.758,79.884,1
2025-04-01 00:38:51,23.202,65.61,80.136,29.685,81.389,1
2025-04-01 00:38:52,23.152,65.704,78.8,31.082,67.532,1
2025-04-01 00:38:53,21.594,67.352,76.721,29.441,84.514,1
2025-04-01 00:38:54,24.116,66.313,82.541,30.111,72.265,1
2025-04-01 00:38:55,21.78,67.584,82.916,30.616,84.358,1
2025-04-01 00:38:56,22.047,66.21,84.469,30.011,86.209,1
2025-04-01 00:38:57,20.238,66.151,81.785,29.846,78.578,1
2025-04-01 00:38:58,23.283,65.464,82.453,28.857,72.551,1
2025-04-01 00:38:59,23.099,66.027,84.23,29.554,78.889,1
2025-04-01 00:39:00,23.473,64.381,80.112,30.536,65.556,1
2025-04-01 00:39:01,21.392,65.949,83.758,29.631,70.81,1
2025-04-01 00:39:02,19.25,66.826,79.094,29.597,80.239,1
2025-04-01 00:39:03,22.095,66.136,82.581,30.571,67.405,1
2025-04-01 00:39:04,21.771,64.72,81.517,30.305,83.2,1
2025-04-01 00:39:05,20.235,38.503,76.228,30.732,61.146,1
2025-04-01 00:39:06,23.28,37.226,81.215,30.801,76.233,1
2025-04-01 00:39:07,24.79,36.458,79.462,30.0,78.707,1
2025-04-01 00:39:08,21.198,34.766,74.416,30.952,78.794,1
2025-04-01 00:39:09,19.896,34.833,73.633,17.948,76.921,1
2025-04-01 00:39:10,22.913,36.157,75.483,17.871,66.159,1
2025-04-01 00:39:11,23.542,36.523,78.929,17.661,83.111,1
2025-04-01 00:39:12,24.249,35.046,76.923,18.202,86.657,1
2025-04-01 00:39:13,20.914,35.746,76.364,18.504,77.143,1
2025-04-01 00:39:14,20.763,35.856,69.597,18.158,80.557,1
2025-04-01 00:39:15,21.941,35.353,72.763,18.144,85.212,1
2025-04-01 00:39:16,22.85,35.57,77.741,17.832,86.348,1
2025-04-01 00:39:17,24.111,36.549,82.7,18.351,80.485,1
2025-04-01 00:39:18,22.962,35.129,79.969,18.387,74.972,1
2025-04-01 00:39:19,23.304,35.25,78.695,18.953,80.506,1
2025-04-01 00:39:20,23.182,35.303,72.956,18.041,101.71,1
2025-04-01 00:39:21,18.752,35.244,72.96,18.948,81.949,1
2025-04-01 00:39:22,23.66,34.461,74.986,17.939,98.239,1
2025-04-01 00:39:23,23.057,36.9,80.594,18.285,83.944,1
2025-04-01 00:39:24,22.638,34.754,82.708,18.765,77.727,1
2025-04-01 00:39:25,22.364,35.14,80.736,18.41,81.476,1
2025-04-01 00:39:26,20.779,34.293,79.128,8.343,88.842,1
2025-04-01 00:39:27,18.798,34.231,75.789,8.643,74.166,1
2025-04-01 00:39:28,24.484,35.259,79.94,8.589,98.321,1
2025-04-01 00:39:29,25.857,36.218,68.291,8.662,95.848,1
2025-04-01 00:39:30,27.237,35.854,85.866,8.664,87.973,1
2025-04-01 00:39:31,34.218,36.148,73.416,8.649,88.016,1
2025-04-01 00:39:32,27.788,34.373,72.959,8.665,80.531,1
2025-04-01 00:39:33,29.02,64.136,83.433,8.419,87.878,1
2025-04-01 00:39:34,29.083,64.626,77.723,8.647,77.307,1
2025-04-01 00:39:35,31.22,65.482,77.172,8.797,104.613,1
2025-04-01 00:39:36,32.633,64.78,86.284,8.823,80.668,1
2025-04-01 00:39:37,31.069,64.862,85.043,8.684,91.188,1
2025-04-01 00:39:38,30.992,65.244,88.213,8.703,86.448,1
2025-04-01 00:39:39,33.171,38.542,94.992,9.013,71.282,1
2025-04-01 00:39:40,34.047,38.867,83.138,8.728,78.459,1
2025-04-01 00:39:41,25.956,38.608,83.417,8.858,94.057,1
2025-04-01 00:39:42,31.247,38.402,76.903,8.748,84.15,1
2025-04-01 00:39:43,45.649,38.918,86.164,8.995,72.532,1
2025-04-01 00:39:44,42.718,39.012,82.267,8.855,94.593,1
2025-04-01 00:39:45,45.979,38.338,92.426,8.689,86.299,1
2025-04-01 00:39:46,45.738,37.816,88.129,4.797,79.418,1
2025-04-01 00:39:47,44.258,38.143,89.676,4.974,89.648,1
2025-04-01 00:39:48,45.984,39.082,73.717,4.998,77.927,1
2025-04-01 00:39:49,41.487,38.642,97.238,4.956,97.745,1
2025-04-01 00:39:50,45.868,37.935,84.999,4.827,74.401,1
2025-04-01 00:39:51,47.376,37.25,81.285,5.036,79.123,1
2025-04-01 00:39:52,48.897,39.747,82.271,4.992,85.51,1
2025-04-01 00:39:53,45.317,38.526,98.188,4.894,91.023,1
2025-04-01 00:39:54,40.702,38.934,85.801,4.983,83.398,1
2025-04-01 00:39:55,48.463,39.049,89.532,4.794,84.375,1
2025-04-01 00:39:56,45.647,39.53,86.26,4.931,84.515,1
2025-04-01 00:39:57,43.263,37.692,84.927,4.924,84.286,1
2025-04-01 00:39:58,46.471,38.629,85.45,4.894,84.593,1
2025-04-01 00:39:59,41.019,39.935,103.024,4.834,84.349,1
2025-04-01 00:40:00,53.872,40.316,98.748,4.943,84.136,1
2025-04-01 00:40:01,45.268,38.894,98.828,4.896,84.22,1
2025-04-01 00:40:02,47.757,39.328,102.855,5.018,84.013,1
2025-04-01 00:40:03,44.759,39.157,99.668,10.502,83.238,1
2025-04-01 00:40:04,44.588,38.19,101.217,10.714,83.118,1
2025-04-01 00:40:05,45.564,38.213,103.874,10.511,83.111,1
2025-04-01 00:40:06,44.484,38.146,99.767,10.574,83.007,1
2025-04-01 00:40:07,40.695,39.49,104.034,10.348,83.677,1
2025-04-01 00:40:08,45.214,19.711,100.607,10.705,82.885,1
2025-04-01 00:40:09,51.782,18.516,108.067,10.629,81.375,1
2025-04-01 00:40:10,45.013,17.941,117.996,10.754,81.345,1
2025-04-01 00:40:11,46.051,18.293,103.603,10.544,82.862,1
2025-04-01 00:40:12,44.377,20.034,110.631,10.545,83.973,1
2025-04-01 00:40:13,45.524,19.576,105.837,10.406,82.742,1
2025-04-01 00:40:14,42.21,18.799,112.113,10.382,81.806,1
2025-04-01 00:40:15,43.688,19.061,102.985,10.345,71.728,1
2025-04-01 00:40:16,44.041,18.53,105.459,10.473,82.919,1
2025-04-01 00:40:17,39.593,18.869,106.326,10.328,83.294,1
2025-04-01 00:40:18,43.776,19.562,107.679,10.043,97.597,1
2025-04-01 00:40:19,45.786,19.918,119.121,10.259,87.873,1
2025-04-01 00:40:20,42.262,19.059,110.579,10.529,83.061,1
2025-04-01 00:40:21,49.189,-7.698,118.189,10.503,80.783,1
2025-04-01 00:40:22,41.079,-8.263,122.123,10.514,77.254,1
2025-04-01 00:40:23,49.231,-7.353,127.53,10.3,84.725,1
2025-04-01 00:40:24,53.613,-8.966,113.091,10.044,79.404,1
2025-04-01 00:40:25,61.531,-7.755,128.177,10.075,83.44,1
2025-04-01 00:40:26,53.644,-8.664,134.253,10.108,76.609,1
2025-04-01 00:40:27,51.664,-7.464,124.817,10.387,71.881,1
2025-04-01 00:40:28,53.521,-7.288,118.523,10.516,70.805,1
2025-04-01 00:40:29,48.358,12.336,126.448,10.303,88.758,1
2025-04-01 00:40:30,60.368,13.56,120.719,9.914,85.809,1
2025-04-01 00:40:31,61.897,14.816,120.125,10.01,80.334,1
2025-04-01 00:40:32,59.984,13.982,124.46,10.139,68.802,1
2025-04-01 00:40:33,54.057,11.846,122.124,10.081,80.969,1
2025-04-01 00:40:34,64.347,-3.876,122.117,17.898,81.221,1
2025-04-01 00:40:35,59.555,-3.657,120.308,17.961,60.974,1
2025-04-01 00:40:36,63.182,-3.355,121.09,10.488,88.597,1
2025-04-01 00:40:37,59.47,-3.22,118.019,10.422,76.733,1
2025-04-01 00:40:38,59.306,-1.965,112.403,10.5,89.705,1
2025-04-01 00:40:39,60.016,-5.556,110.193,10.135,75.107,1
2025-04-01 00:40:40,66.416,-4.278,112.213,10.377,70.111,1
2025-04-01 00:40:41,56.366,-1.97,83.268,17.27,70.549,1
2025-04-01 00:40:42,57.201,-4.472,74.291,17.969,72.177,1
2025-04-01 00:40:43,61.798,-4.03,83.333,17.335,80.172,1
2025-04-01 00:40:44,57.871,-2.915,83.292,17.146,67.104,1
2025-04-01 00:40:45,63.181,-4.043,71.383,17.315,62.06,1
2025-04-01 00:40:46,61.791,-4.086,84.776,17.456,86.617,1
2025-04-01 00:40:47,61.868,-1.826,88.995,16.859,78.325,1
2025-04-01 00:40:48,62.797,-4.284,80.152,16.926,71.884,1
2025-04-01 00:40:49,61.561,-3.05,83.349,17.122,62.466,1
2025-04-01 00:40:50,65.478,24.511,81.383,17.477,74.193,1
2025-04-01 00:40:51,61.013,24.628,68.722,8.473,73.731,1
2025-04-01 00:40:52,34.435,22.634,66.458,8.674,84.878,1
2025-04-01 00:40:53,34.427,22.466,79.243,8.581,74.752,1
2025-04-01 00:40:54,34.864,24.166,71.439,8.549,63.2,1
2025-04-01 00:40:55,30.233,23.103,72.852,8.744,70.402,1
2025-04-01 00:40:56,31.839,24.58,72.33,8.648,63.097,1
2025-04-01 00:40:57,33.182,23.216,84.106,8.278,78.318,1
2025-04-01 00:40:58,39.074,23.395,67.172,8.82,57.286,1
2025-04-01 00:40:59,45.881,24.842,68.63,8.55,73.107,1
2025-04-01 00:41:00,52.005,24.933,71.05,8.381,71.1,1
2025-04-01 00:41:01,48.073,24.655,71.761,4.482,67.307,1
2025-04-01 00:41:02,44.111,24.184,68.535,4.28,70.241,1
2025-04-01 00:41:03,52.357,22.881,75.355,4.357,81.767,1
2025-04-01 00:41:04,46.591,23.931,72.127,4.278,68.083,1
2025-04-01 00:41:05,44.034,25.91,80.694,4.412,83.687,1
2025-04-01 00:41:06,49.148,44.206,69.209,4.214,66.129,1
2025-04-01 00:41:07,47.648,43.606,77.878,2.715,67.873,1
2025-04-01 00:41:08,52.129,42.297,65.401,2.745,88.249,1
2025-04-01 00:41:09,45.02,44.042,70.226,2.744,96.059,1
2025-04-01 00:41:10,51.101,42.917,75.242,2.74,58.309,1
2025-04-01 00:41:11,43.51,43.461,65.948,5.464,76.345,1
2025-04-01 00:41:12,48.675,44.53,77.95,5.656,60.049,1
2025-04-01 00:41:13,46.74,43.371,80.089,5.406,95.672,1
2025-04-01 00:41:14,50.431,44.582,79.531,5.407,71.934,1
2025-04-01 00:41:15,48.759,43.735,86.075,5.279,62.587,1
2025-04-01 00:41:16,48.344,46.16,73.566,5.373,80.782,1
2025-04-01 00:41:17,44.157,43.722,76.739,5.504,84.808,1
2025-04-01 00:41:18,45.558,43.002,72.787,5.252,75.991,1
2025-04-01 00:41:19,43.835,44.483,81.437,5.347,57.131,1
2025-04-01 00:41:20,46.19,44.22,77.412,5.463,69.699,1
2025-04-01 00:41:21,50.802,45.05,78.738,5.594,77.523,1
2025-04-01 00:41:22,47.035,45.282,76.949,5.304,57.152,1
2025-04-01 00:41:23,47.874,44.989,72.145,5.478,76.403,1
2025-04-01 00:41:24,49.63,44.142,68.763,5.414,70.56,1
2025-04-01 00:41:25,49.769,44.599,78.095,5.493,68.721,1
2025-04-01 00:41:26,39.43,45.292,79.86,5.246,71.942,1
2025-04-01 00:41:27,25.236,43.951,75.35,10.573,81.026,1
2025-04-01 00:41:28,26.613,43.908,79.084,10.833,76.225,1
2025-04-01 00:41:29,23.143,43.716,70.975,10.677,62.579,1
2025-04-01 00:41:30,22.941,43.808,77.21,10.725,67.889,1
2025-04-01 00:41:31,22.302,43.25,77.456,10.93,75.793,1
2025-04-01 00:41:32,27.065,44.663,75.287,10.794,73.55,1
2025-04-01 00:41:33,34.703,44.809,80.543,10.899,74.428,1
2025-04-01 00:41:34,35.932,42.446,85.792,10.581,72.508,1
2025-04-01 00:41:35,37.774,43.508,80.077,11.012,74.51,1
2025-04-01 00:41:36,39.07,45.309,79.762,11.007,73.915,1
2025-04-01 00:41:37,33.204,44.009,80.392,10.857,73.213,1
2025-04-01 00:41:38,37.072,43.681,81.054,10.912,74.646,1
2025-04-01 00:41:39,39.534,45.292,83.358,11.026,76.26,1
2025-04-01 00:41:40,36.298,46.367,82.624,10.817,73.437,1
2025-04-01 00:41:41,37.927,45.951,79.275,10.613,75.612,1
2025-04-01 00:41:42,38.389,45.267,74.66,10.988,77.318,1
2025-04-01 00:41:43,35.792,44.686,75.361,11.171,75.273,1
2025-04-01 00:41:44,39.804,44.377,80.698,10.963,76.561,1
2025-04-01 00:41:45,35.064,47.048,78.754,11.266,67.793,1
2025-04-01 00:41:46,37.79,46.308,83.059,11.1,79.179,1
2025-04-01 00:41:47,33.158,45.654,78.461,10.816,81.707,1
2025-04-01 00:41:48,34.99,44.283,88.233,11.214,73.921,1
2025-04-01 00:41:49,34.126,44.557,82.263,10.521,77.845,1
2025-04-01 00:41:50,34.707,43.699,85.039,11.091,87.352,1
2025-04-01 00:41:51,30.941,44.446,85.948,10.967,93.811,1
2025-04-01 00:41:52,36.831,71.528,74.486,10.707,87.946,1
2025-04-01 00:41:53,30.27,70.841,78.891,11.293,73.022,1
2025-04-01 00:41:54,34.585,71.622,81.029,11.247,66.476,1
2025-04-01 00:41:55,35.477,71.529,83.239,11.194,91.285,1
2025-04-01 00:41:56,33.004,71.745,77.108,11.451,84.185,1
2025-04-01 00:41:57,34.499,71.342,86.303,10.984,83.625,1
2025-04-01 00:41:58,34.044,72.223,77.119,11.567,58.159,1
2025-04-01 00:41:59,32.759,71.778,72.434,11.39,75.404,1
2025-04-01 00:42:00,30.692,72.421,80.061,11.242,91.57,1
2025-04-01 00:42:01,39.545,72.448,90.078,11.312,80.36,1
2025-04-01 00:42:02,30.23,71.208,77.186,11.118,80.463,1
2025-04-01 00:42:03,34.655,72.019,86.101,11.183,85.005,1
2025-04-01 00:42:04,34.632,72.152,86.901,11.38,79.547,1
2025-04-01 00:42:05,34.571,71.997,83.151,11.181,83.143,1
2025-04-01 00:42:06,33.723,70.311,79.95,11.348,72.103,1
2025-04-01 00:42:07,30.406,71.735,83.207,19.113,83.211,1
2025-04-01 00:42:08,31.264,72.886,81.479,18.92,80.581,1
2025-04-01 00:42:09,33.007,71.047,89.856,19.69,72.134,1
2025-04-01 00:42:10,35.54,71.877,80.443,19.486,67.365,1
2025-04-01 00:42:11,32.654,71.575,82.758,19.832,80.905,1
2025-04-01 00:42:12,34.98,52.102,86.194,18.88,71.32,1
2025-04-01 00:42:13,33.783,53.917,83.667,19.284,78.65,1
2025-04-01 00:42:14,50.153,51.388,91.765,19.54,76.277,1
2025-04-01 00:42:15,46.203,52.568,85.221,19.38,88.298,1
2025-04-01 00:42:16,47.66,52.408,91.062,19.346,78.71,1
2025-04-01 00:42:17,47.994,52.248,81.422,19.401,72.289,1
2025-04-01 00:42:18,47.822,51.126,82.237,19.355,75.673,1
2025-04-01 00:42:19,49.378,52.235,81.715,19.221,85.018,1
2025-04-01 00:42:20,45.52,52.018,85.63,19.731,74.8,1
2025-04-01 00:42:21,48.433,50.542,90.528,18.815,96.217,1
2025-04-01 00:42:22,48.272,52.221,79.253,19.226,70.039,1
2025-04-01 00:42:23,44.627,52.143,78.513,19.652,98.143,1
2025-04-01 00:42:24,48.429,51.33,72.148,19.595,84.088,1
2025-04-01 00:42:25,48.543,53.134,93.687,19.355,74.962,1
2025-04-01 00:42:26,45.592,51.288,89.32,19.028,86.504,1
2025-04-01 00:42:27,45.701,51.893,99.038,19.322,93.826,1
2025-04-01 00:42:28,47.567,49.356,86.506,19.225,77.777,1
2025-04-01 00:42:29,41.593,49.596,88.232,19.084,83.863,1
2025-04-01 00:42:30,51.456,50.432,93.926,19.181,81.741,1
2025-04-01 00:42:31,44.664,50.723,85.121,19.517,75.029,1
2025-04-01 00:42:32,51.698,50.238,86.437,19.414,103.189,1
2025-04-01 00:42:33,48.355,50.111,82.194,19.744,99.632,1
2025-04-01 00:42:34,48.233,49.682,88.55,19.288,69.383,1
2025-04-01 00:42:35,48.581,50.437,94.98,19.257,83.395,1
2025-04-01 00:42:36,45.681,50.012,85.77,19.091,89.073,1
2025-04-01 00:42:37,48.269,51.139,89.64,18.845,75.823,1
2025-04-01 00:42:38,49.497,49.066,88.64,18.929,78.602,1
2025-04-01 00:42:39,51.631,49.393,91.253,18.917,101.149,1
2025-04-01 00:42:40,51.374,49.31,86.378,19.324,75.369,1
2025-04-01 00:42:41,46.065,20.677,87.239,18.836,87.093,1
2025-04-01 00:42:42,51.369,20.438,95.41,18.91,83.037,1
2025-04-01 00:42:43,48.669,21.85,92.734,18.402,82.438,1
2025-04-01 00:42:44,53.465,21.947,97.147,30.014,85.767,1
2025-04-01 00:42:45,46.996,20.335,94.134,29.866,81.728,1
2025-04-01 00:42:46,49.017,21.151,85.553,29.749,85.513,1
2025-04-01 00:42:47,45.312,20.943,99.754,28.954,85.054,1
2025-04-01 00:42:48,46.353,19.746,105.892,29.474,85.649,1
2025-04-01 00:42:49,44.511,21.201,97.622,29.275,84.029,1
2025-04-01 00:42:50,48.681,21.788,98.191,29.057,87.075,1
2025-04-01 00:42:51,47.919,19.895,101.043,29.847,85.527,1
2025-04-01 00:42:52,34.583,20.528,98.658,30.354,86.338,1
2025-04-01 00:42:53,36.428,18.244,93.827,29.634,83.606,1
2025-04-01 00:42:54,39.54,18.652,100.669,29.732,84.075,1
2025-04-01 00:42:55,38.524,20.57,96.279,14.766,84.907,1
2025-04-01 00:42:56,37.165,19.992,100.473,15.259,85.494,1
2025-04-01 00:42:57,36.247,18.905,110.427,14.998,83.531,1
2025-04-01 00:42:58,37.451,-4.248,105.206,15.307,83.469,1
2025-04-01 00:42:59,37.273,-3.914,99.348,14.985,85.41,1
2025-04-01 00:43:00,35.21,-3.917,77.782,14.989,83.571,1
2025-04-01 00:43:01,39.769,-4.934,74.928,14.755,83.427,1
2025-04-01 00:43:02,33.085,-6.254,79.151,14.326,82.534,1
2025-04-01 00:43:03,31.341,-5.845,79.08,14.886,82.428,1
2025-04-01 00:43:04,38.343,-5.708,80.482,14.541,74.655,1
2025-04-01 00:43:05,35.638,-5.526,87.166,14.488,76.926,1
2025-04-01 00:43:06,39.258,-4.429,71.481,14.668,73.48,1
2025-04-01 00:43:07,35.645,-6.325,69.817,14.985,80.312,1
2025-04-01 00:43:08,40.663,-6.696,77.788,7.023,90.666,1
2025-04-01 00:43:09,37.3,-5.078,80.18,6.875,70.454,1
2025-04-01 00:43:10,34.937,13.142,70.129,6.843,84.692,1
2025-04-01 00:43:11,37.274,-6.688,81.07,6.827,78.809,1
2025-04-01 00:43:12,33.434,-3.883,68.248,6.725,82.001,1
2025-04-01 00:43:13,37.244,-5.649,83.677,6.806,88.469,1
2025-04-01 00:43:14,40.322,-7.459,77.308,6.873,100.261,1
2025-04-01 00:43:15,34.189,-6.169,83.048,6.901,83.907,1
2025-04-01 00:43:16,42.781,-27.096,73.912,6.924,89.872,1
2025-04-01 00:43:17,35.629,-25.689,82.884,6.785,89.994,1
2025-04-01 00:43:18,36.11,-27.459,76.996,6.643,92.519,1
2025-04-01 00:43:19,38.411,-27.089,82.341,6.769,74.57,1
2025-04-01 00:43:20,37.956,-25.904,72.746,6.709,81.86,1
2025-04-01 00:43:21,37.724,-27.159,82.093,6.373,56.369,1
2025-04-01 00:43:22,36.643,-26.867,74.292,6.666,77.817,1
2025-04-01 00:43:23,34.05,-26.814,77.12,6.611,63.105,1
2025-04-01 00:43:24,38.103,1.065,81.379,6.694,84.367,1
2025-04-01 00:43:25,34.211,2.729,80.255,6.649,81.121,1
2025-04-01 00:43:26,38.608,3.419,79.925,6.821,84.058,1
2025-04-01 00:43:27,37.258,3.559,77.023,6.674,67.291,1
2025-04-01 00:43:28,36.866,0.862,77.607,6.833,89.881,1
2025-04-01 00:43:29,40.43,2.178,94.217,6.4,66.824,1
2025-04-01 00:43:30,40.312,2.065,74.026,6.608,77.055,1
2025-04-01 00:43:31,23.212,1.481,84.97,6.425,97.164,1
2025-04-01 00:43:32,24.388,2.356,76.634,6.7,99.329,1
2025-04-01 00:43:33,27.24,-28.426,79.724,6.463,97.364,1
2025-04-01 00:43:34,22.265,-26.402,78.13,6.49,80.342,1
2025-04-01 00:43:35,25.17,-27.736,75.033,6.513,81.212,1
2025-04-01 00:43:36,23.613,-28.354,76.764,6.216,66.901,1
2025-04-01 00:43:37,25.715,-27.396,80.909,6.562,75.14,1
2025-04-01 00:43:38,17.377,-27.146,86.958,6.317,70.008,1
2025-04-01 00:43:39,30.977,-28.064,93.717,6.561,80.033,1
2025-04-01 00:43:40,26.961,-28.632,87.223,6.473,54.348,1
2025-04-01 00:43:41,24.534,-27.727,82.124,6.603,87.591,1
2025-04-01 00:43:42,16.706,-28.884,77.233,6.631,84.973,1
2025-04-01 00:43:43,25.916,-27.665,91.155,6.479,89.348,1
2025-04-01 00:43:44,23.01,-27.399,84.433,6.454,71.947,1
2025-04-01 00:43:45,24.411,-27.716,76.815,6.558,74.874,1
2025-04-01 00:43:46,28.351,-29.429,97.7,6.295,65.928,1
2025-04-01 00:43:47,19.237,-27.912,90.051,6.397,74.937,1
2025-04-01 00:43:48,21.831,-27.56,83.97,6.465,74.804,1
2025-04-01 00:43:49,27.801,-27.862,94.666,6.453,75.049,1
2025-04-01 00:43:50,23.201,-28.251,86.294,6.51,73.469,1
2025-04-01 00:43:51,21.386,-27.98,88.196,6.329,73.057,1
2025-04-01 00:43:52,22.049,-28.226,90.79,6.747,74.467,1
2025-04-01 00:43:53,27.703,-26.222,105.575,6.506,74.068,1
2025-04-01 00:43:54,27.601,-27.279,93.247,6.416,74.217,1
2025-04-01 00:43:55,24.704,-28.667,102.199,6.413,72.978,1
2025-04-01 00:43:56,24.134,-8.66,94.895,6.467,75.371,1
2025-04-01 00:43:57,24.982,-9.541,102.096,6.471,73.945,1
2025-04-01 00:43:58,28.476,-7.513,103.994,4.173,73.012,1
2025-04-01 00:43:59,24.694,-9.238,92.255,4.191,75.57,1
2025-04-01 00:44:00,21.864,-7.991,97.913,4.35,73.747,1
2025-04-01 00:44:01,26.166,-7.273,100.512,4.229,74.653,1
2025-04-01 00:44:02,21.319,-7.044,107.964,8.446,73.768,1
2025-04-01 00:44:03,25.658,-9.449,102.088,7.972,74.724,1
2025-04-01 00:44:04,26.622,-9.274,107.652,8.089,72.514,1
2025-04-01 00:44:05,25.752,-7.056,100.765,7.992,74.538,1
2025-04-01 00:44:06,25.28,-8.943,104.187,8.25,73.666,1
2025-04-01 00:44:07,22.735,-7.999,105.483,8.048,72.943,1
2025-04-01 00:44:08,27.558,-8.335,109.801,8.376,72.985,1
2025-04-01 00:44:09,31.754,-8.186,109.536,8.225,73.551,1
2025-04-01 00:44:10,27.0,-7.083,107.83,8.258,73.267,1
2025-04-01 00:44:11,18.777,-8.389,103.206,8.583,72.088,1
2025-04-01 00:44:12,23.906,-7.172,111.815,8.182,73.275,1
2025-04-01 00:44:13,31.535,-8.107,113.689,8.344,73.904,1
2025-04-01 00:44:14,27.669,-7.666,115.408,17.102,72.792,1
2025-04-01 00:44:15,27.096,-7.076,111.627,17.694,71.534,1
2025-04-01 00:44:16,26.504,-8.8,122.063,17.806,71.882,1
2025-04-01 00:44:17,26.762,-7.046,111.394,18.059,74.003,1
2025-04-01 00:44:18,21.196,-7.069,113.045,17.573,72.841,1
2025-04-01 00:44:19,25.06,-8.076,113.561,18.113,71.779,1
2025-04-01 00:44:20,21.527,-6.02,86.371,17.97,73.317,1
2025-04-01 00:44:21,25.25,-7.845,87.325,11.22,72.016,1
2025-04-01 00:44:22,29.199,-6.831,95.228,11.178,72.582,1
2025-04-01 00:44:23,23.876,-7.864,89.228,11.092,73.278,1
2025-04-01 00:44:24,28.27,-7.253,89.487,11.238,74.344,1
2025-04-01 00:44:25,20.088,-6.949,83.399,11.282,78.418,1
2025-04-01 00:44:26,18.039,-7.37,64.583,11.415,69.389,1
2025-04-01 00:44:27,22.401,-6.395,62.328,11.341,69.121,1
2025-04-01 00:44:28,25.921,-8.167,74.189,11.118,73.148,1
2025-04-01 00:44:29,26.407,-5.584,83.56,11.045,81.65,1
2025-04-01 00:44:30,22.7,-5.139,69.469,11.478,75.199,1
2025-04-01 00:44:31,22.747,18.136,62.717,17.847,73.957,1
2025-04-01 00:44:32,22.383,16.934,69.043,17.142,95.123,1
2025-04-01 00:44:33,25.619,17.752,63.28,17.576,86.284,1
2025-04-01 00:44:34,26.203,17.908,66.89,16.827,76.232,1
2025-04-01 00:44:35,23.378,19.206,55.343,17.387,63.115,1
2025-04-01 00:44:36,26.975,18.377,64.023,17.92,89.158,1
2025-04-01 00:44:37,25.038,18.142,69.44,17.788,69.879,1
2025-04-01 00:44:38,24.625,18.164,62.895,17.595,67.216,1
2025-04-01 00:44:39,25.692,17.473,65.523,17.564,79.646,1
2025-04-01 00:44:40,25.719,17.73,69.836,17.577,64.552,1
2025-04-01 00:44:41,21.308,18.838,77.736,18.178,79.086,1
2025-04-01 00:44:42,23.257,18.727,66.819,17.831,67.781,1
2025-04-01 00:44:43,24.471,17.063,63.315,17.975,88.352,1
2025-04-01 00:44:44,28.493,20.568,63.499,17.949,63.238,1
2025-04-01 00:44:45,22.295,39.551,68.579,17.984,88.712,1
2025-04-01 00:44:46,36.715,39.373,72.712,17.857,81.209,1
2025-04-01 00:44:47,37.955,38.804,64.123,18.257,56.821,1
2025-04-01 00:44:48,34.533,67.479,68.763,17.807,51.962,1
2025-04-01 00:44:49,37.083,67.922,70.204,18.045,70.164,1
2025-04-01 00:44:50,36.124,68.319,68.659,18.304,72.934,1
2025-04-01 00:44:51,36.454,68.656,64.537,18.074,66.107,1
2025-04-01 00:44:52,34.704,69.56,65.249,17.561,89.334,1
2025-04-01 00:44:53,34.744,68.823,61.685,17.923,71.546,1
2025-04-01 00:44:54,33.921,70.407,59.368,18.312,72.582,1
2025-04-01 00:44:55,32.384,68.967,55.719,17.463,83.445,1
2025-04-01 00:44:56,35.904,67.487,66.51,9.214,72.361,1
2025-04-01 00:44:57,35.977,69.361,66.781,9.501,95.801,1
2025-04-01 00:44:58,37.036,69.798,53.502,9.233,79.495,1
2025-04-01 00:44:59,34.371,70.547,59.088,9.434,79.181,1
2025-04-01 00:45:00,33.418,70.071,70.505,9.296,63.126,1
2025-04-01 00:45:01,33.876,68.699,72.715,9.354,76.764,1
2025-04-01 00:45:02,35.584,50.412,55.752,9.435,79.507,1
2025-04-01 00:45:03,36.864,50.721,66.242,9.234,84.959,1
2025-04-01 00:45:04,34.096,49.515,63.176,9.337,91.101,1
2025-04-01 00:45:05,32.103,51.134,71.563,5.06,76.876,1
2025-04-01 00:45:06,29.509,50.353,62.087,5.219,67.974,1
2025-04-01 00:45:07,33.289,50.767,70.742,4.95,91.563,1
2025-04-01 00:45:08,30.594,50.438,72.195,2.687,80.842,1
2025-04-01 00:45:09,34.788,52.173,67.629,2.618,76.064,1
2025-04-01 00:45:10,32.79,51.318,61.968,2.56,81.236,1
2025-04-01 00:45:11,29.57,50.296,72.142,2.624,90.504,1
2025-04-01 00:45:12,32.828,50.757,70.464,2.593,103.795,1
2025-04-01 00:45:13,33.027,50.695,62.546,2.529,71.246,1
2025-04-01 00:45:14,29.719,50.93,71.079,2.629,105.735,1
2025-04-01 00:45:15,36.282,50.82,67.795,2.536,92.627,1
2025-04-01 00:45:16,33.378,51.274,73.856,2.644,72.571,1
2025-04-01 00:45:17,29.847,52.221,73.803,2.549,98.705,1
2025-04-01 00:45:18,39.481,52.837,60.558,2.514,94.481,1
2025-04-01 00:45:19,34.668,51.376,68.344,2.56,87.095,1
2025-04-01 00:45:20,36.866,53.588,66.722,2.529,64.063,1
2025-04-01 00:45:21,30.367,54.216,58.94,2.477,77.206,1
2025-04-01 00:45:22,33.415,52.258,82.84,2.546,103.219,1
2025-04-01 00:45:23,34.944,51.383,52.893,2.61,95.092,1
2025-04-01 00:45:24,35.968,52.393,63.735,2.477,63.683,1
2025-04-01 00:45:25,28.42,52.495,69.118,2.482,93.543,1
2025-04-01 00:45:26,32.977,53.744,62.575,2.47,98.255,1
2025-04-01 00:45:27,35.797,53.756,66.928,2.484,97.769,1
2025-04-01 00:45:28,38.231,72.001,79.271,2.547,105.776,1
2025-04-01 00:45:29,34.771,71.444,65.777,2.528,83.467,1
2025-04-01 00:45:30,40.684,71.952,65.377,2.508,100.281,1
2025-04-01 00:45:31,33.833,47.879,65.719,2.437,101.534,1
2025-04-01 00:45:32,34.146,45.355,66.353,2.52,75.949,1
2025-04-01 00:45:33,29.685,45.723,62.691,2.459,70.318,1
2025-04-01 00:45:34,28.877,45.412,70.533,2.475,88.007,1
2025-04-01 00:45:35,33.732,46.548,71.232,2.496,103.317,1
2025-04-01 00:45:36,33.994,45.975,69.346,2.466,90.448,1
2025-04-01 00:45:37,33.082,45.117,67.613,2.523,94.688,1
2025-04-01 00:45:38,31.064,44.674,63.168,2.485,59.858,1
2025-04-01 00:45:39,34.784,46.491,79.117,2.512,81.628,1
2025-04-01 00:45:40,30.385,45.705,73.201,2.409,107.241,1
2025-04-01 00:45:41,34.57,47.714,85.384,2.313,69.406,1
2025-04-01 00:45:42,33.923,46.366,71.241,2.409,87.294,1
2025-04-01 00:45:43,36.696,45.33,83.591,2.321,100.617,1
2025-04-01 00:45:44,31.454,46.583,91.974,2.369,70.187,1
2025-04-01 00:45:45,32.257,45.076,90.739,2.353,91.17,1
2025-04-01 00:45:46,31.663,46.231,80.582,2.428,115.841,1
2025-04-01 00:45:47,36.94,46.758,87.71,2.392,49.309,1
2025-04-01 00:45:48,33.968,47.055,84.539,4.586,119.586,1
2025-04-01 00:45:49,33.618,46.476,89.892,4.31,76.719,1
2025-04-01 00:45:50,32.34,46.024,89.952,4.474,76.456,1
2025-04-01 00:45:51,31.226,46.002,100.689,4.642,98.015,1
2025-04-01 00:45:52,32.629,46.05,79.822,4.48,111.18,1
2025-04-01 00:45:53,27.701,46.638,85.746,4.536,84.735,1
2025-04-01 00:45:54,32.588,47.245,87.211,4.42,77.702,1
2025-04-01 00:45:55,29.817,46.491,90.371,4.392,96.843,1
2025-04-01 00:45:56,29.084,47.396,87.637,7.061,81.876,1
2025-04-01 00:45:57,36.277,46.801,98.991,6.947,102.037,1
2025-04-01 00:45:58,31.202,46.679,81.594,7.199,88.734,1
2025-04-01 00:45:59,29.387,45.825,76.78,7.233,105.813,1
2025-04-01 00:46:00,34.025,47.0,79.916,7.109,75.189,1
2025-04-01 00:46:01,32.774,45.406,68.208,7.106,56.28,1
2025-04-01 00:46:02,35.716,46.86,78.178,6.897,79.112,1
2025-04-01 00:46:03,34.395,45.307,71.006,6.644,89.461,1
2025-04-01 00:46:04,34.139,46.559,81.699,7.058,101.34,1
2025-04-01 00:46:05,33.488,46.781,75.698,6.965,88.67,1
2025-04-01 00:46:06,35.378,45.745,86.682,7.095,81.847,1
2025-04-01 00:46:07,31.008,45.667,87.473,7.027,79.715,1
2025-04-01 00:46:08,32.862,46.866,81.666,13.784,76.344,1
2025-04-01 00:46:09,31.706,45.108,83.033,13.622,66.427,1
2025-04-01 00:46:10,34.935,46.128,80.356,13.388,64.716,1
2025-04-01 00:46:11,37.114,18.122,73.619,13.386,78.548,1
2025-04-01 00:46:12,33.488,45.733,84.255,13.394,80.473,1
2025-04-01 00:46:13,31.384,44.481,91.757,13.664,85.59,1
2025-04-01 00:46:14,31.61,44.012,89.278,13.447,100.917,1
2025-04-01 00:46:15,28.713,43.728,92.294,13.865,89.749,1
2025-04-01 00:46:16,38.227,44.431,89.561,13.357,76.095,1
2025-04-01 00:46:17,31.231,44.819,80.722,13.494,71.204,1
2025-04-01 00:46:18,34.645,43.878,89.3,13.881,76.14,1
2025-04-01 00:46:19,33.707,44.152,86.628,13.23,70.401,1
2025-04-01 00:46:20,32.609,43.787,93.043,13.653,78.907,1
2025-04-01 00:46:21,19.637,42.664,90.544,13.92,79.883,1
2025-04-01 00:46:22,24.365,42.958,86.614,13.636,64.996,1
2025-04-01 00:46:23,26.071,42.854,94.934,14.028,92.86,1
2025-04-01 00:46:24,24.698,43.47,88.51,13.821,91.772,1
2025-04-01 00:46:25,23.265,43.649,95.364,23.773,77.392,1
2025-04-01 00:46:26,21.76,43.563,92.154,24.687,81.528,1
2025-04-01 00:46:27,24.544,42.051,99.712,24.831,78.245,1
2025-04-01 00:46:28,22.661,42.64,94.796,24.498,70.229,1
2025-04-01 00:46:29,23.167,43.358,99.778,24.223,86.725,1
2025-04-01 00:46:30,22.926,42.551,94.122,25.103,72.429,1
2025-04-01 00:46:31,22.823,42.772,98.08,25.121,68.95,1
2025-04-01 00:46:32,21.647,43.354,99.085,24.588,94.221,1
2025-04-01 00:46:33,23.376,42.401,100.399,24.666,93.676,1
2025-04-01 00:46:34,25.976,43.202,98.606,25.823,77.961,1
2025-04-01 00:46:35,24.388,42.611,104.103,24.139,67.596,1
2025-04-01 00:46:36,24.145,43.089,99.69,25.13,74.552,1
2025-04-01 00:46:37,25.025,42.788,100.896,24.981,83.878,1
2025-04-01 00:46:38,21.854,42.607,107.239,25.76,88.181,1
2025-04-01 00:46:39,24.4,43.01,106.584,26.07,72.22,1
2025-04-01 00:46:40,22.608,42.268,106.226,24.579,79.167,1
2025-04-01 00:46:41,24.749,42.186,106.746,24.665,61.731,1
2025-04-01 00:46:42,26.555,42.404,112.395,26.133,83.184,1
2025-04-01 00:46:43,29.781,41.639,108.346,25.512,84.18,1
2025-04-01 00:46:44,26.459,40.185,114.854,25.408,76.566,1
2025-04-01 00:46:45,23.496,42.496,88.729,26.057,76.048,1
2025-04-01 00:46:46,23.71,40.805,81.825,25.229,83.26,1
2025-04-01 00:46:47,26.73,68.572,87.891,25.61,66.266,1
2025-04-01 00:46:48,25.709,68.515,87.11,25.322,63.905,1
2025-04-01 00:46:49,24.747,68.408,84.557,25.447,85.49,1
2025-04-01 00:46:50,26.779,68.498,90.086,25.266,67.14,1
2025-04-01 00:46:51,24.795,68.761,89.369,25.487,55.38,1
2025-04-01 00:46:52,26.082,69.127,94.042,25.296,86.488,1
2025-04-01 00:46:53,24.553,67.605,88.234,26.097,79.04,1
2025-04-01 00:46:54,25.468,69.187,88.073,25.671,61.083,1
2025-04-01 00:46:55,25.927,68.69,93.169,25.542,55.327,1
2025-04-01 00:46:56,23.83,69.625,94.965,26.195,77.802,1
2025-04-01 00:46:57,27.04,68.1,94.392,25.648,75.01,1
2025-04-01 00:46:58,24.628,68.392,92.504,26.845,74.261,1
2025-04-01 00:46:59,22.907,67.546,92.349,26.505,74.898,1
2025-04-01 00:47:00,24.285,65.702,97.589,25.706,76.206,1
2025-04-01 00:47:01,26.471,68.552,98.783,26.575,74.09,1
2025-04-01 00:47:02,24.171,66.999,98.985,27.309,73.168,1
2025-04-01 00:47:03,25.44,66.574,97.079,27.24,72.24,1
2025-04-01 00:47:04,26.541,67.631,99.466,26.269,73.413,1
2025-04-01 00:47:05,23.713,66.2,96.55,26.028,72.632,1
2025-04-01 00:47:06,24.02,66.864,97.422,25.732,73.593,1
2025-04-01 00:47:07,25.25,66.302,99.725,27.343,75.423,1
2025-04-01 00:47:08,34.994,65.627,102.385,25.946,73.826,1
2025-04-01 00:47:09,34.217,67.454,101.454,25.945,74.465,1
2025-04-01 00:47:10,35.686,67.335,103.752,26.708,72.852,1
2025-04-01 00:47:11,35.94,66.678,98.16,26.958,74.166,1
2025-04-01 00:47:12,35.731,65.313,107.269,26.349,73.522,1
2025-04-01 00:47:13,31.654,66.381,103.063,26.759,74.333,1
2025-04-01 00:47:14,35.623,66.213,102.459,26.826,73.785,1
2025-04-01 00:47:15,34.083,66.517,107.67,26.778,71.589,1
2025-04-01 00:47:16,37.854,47.892,110.858,26.875,73.017,1
2025-04-01 00:47:17,37.595,46.211,107.008,27.561,73.066,1
2025-04-01 00:47:18,36.422,45.672,76.106,25.89,72.51,1
2025-04-01 00:47:19,37.535,45.202,79.324,26.652,72.692,1
2025-04-01 00:47:20,37.566,46.254,75.892,27.013,73.462,1
2025-04-01 00:47:21,34.676,46.257,77.464,27.025,73.714,1
2025-04-01 00:47:22,39.496,46.099,73.737,26.001,72.973,1
2025-04-01 00:47:23,36.182,46.706,71.569,27.438,73.68,1
2025-04-01 00:47:24,36.699,44.846,78.405,27.659,74.373,1
2025-04-01 00:47:25,34.505,45.869,74.24,25.956,73.096,1
2025-04-01 00:47:26,37.919,45.642,80.249,26.184,75.339,1
2025-04-01 00:47:27,33.214,44.268,77.105,26.81,75.255,1
2025-04-01 00:47:28,33.071,45.608,76.506,26.76,75.273,1
2025-04-01 00:47:29,35.5,46.332,73.692,26.363,74.871,1
2025-04-01 00:47:30,34.733,46.198,72.684,27.046,72.035,1
2025-04-01 00:47:31,33.699,45.163,77.913,27.261,73.964,1
2025-04-01 00:47:32,33.682,46.081,75.217,27.719,73.424,1
2025-04-01 00:47:33,37.173,45.673,75.262,27.44,73.955,1
2025-04-01 00:47:34,36.186,44.837,71.019,26.351,75.149,1
2025-04-01 00:47:35,36.858,44.077,74.105,27.024,74.249,1
2025-04-01 00:47:36,37.159,43.054,76.056,26.626,73.565,1
2025-04-01 00:47:37,37.048,44.837,74.325,26.866,76.473,1
2025-04-01 00:47:38,36.408,44.529,79.777,25.707,75.817,1
2025-04-01 00:47:39,34.367,45.874,75.738,27.619,75.735,1
2025-04-01 00:47:40,35.69,45.876,74.955,27.014,78.72,1
2025-04-01 00:47:41,34.438,43.944,75.526,26.46,76.036,1
2025-04-01 00:47:42,33.557,43.819,81.172,26.25,77.569,1
2025-04-01 00:47:43,35.486,46.107,74.785,26.222,76.944,1
2025-04-01 00:47:44,43.165,44.407,81.363,26.662,76.618,1
2025-04-01 00:47:45,34.916,44.462,80.979,13.594,77.827,1
2025-04-01 00:47:46,35.564,44.343,80.3,13.732,77.425,1
2025-04-01 00:47:47,36.222,43.568,72.039,13.836,76.26,1
2025-04-01 00:47:48,33.27,44.943,75.511,14.061,76.474,1
2025-04-01 00:47:49,34.86,44.878,80.27,14.2,77.143,1
2025-04-01 00:47:50,34.47,43.255,78.446,13.823,77.435,1
2025-04-01 00:47:51,35.538,45.151,86.799,13.955,80.519,1
2025-04-01 00:47:52,39.015,44.158,84.866,14.018,76.64,1
2025-04-01 00:47:53,38.256,43.475,83.465,13.849,79.173,1
2025-04-01 00:47:54,36.757,45.291,84.352,13.872,79.057,1
2025-04-01 00:47:55,33.653,44.585,80.004,14.216,79.15,1
2025-04-01 00:47:56,37.794,43.975,79.936,13.463,78.63,1
2025-04-01 00:47:57,34.972,44.958,84.929,13.295,78.468,1
2025-04-01 00:47:58,35.744,44.81,83.554,13.535,78.13,1
2025-04-01 00:47:59,34.707,43.649,95.201,14.07,79.016,1
2025-04-01 00:48:00,34.559,43.502,86.197,8.892,78.876,1
2025-04-01 00:48:01,35.594,44.197,83.845,8.812,78.662,1
2025-04-01 00:48:02,33.658,45.612,84.089,8.811,78.894,1
2025-04-01 00:48:03,31.358,45.035,77.875,8.848,80.758,1
2025-04-01 00:48:04,36.82,45.669,80.573,8.565,79.853,1
2025-04-01 00:48:05,32.258,45.273,85.326,8.775,79.812,1
2025-04-01 00:48:06,32.04,44.677,94.547,8.651,78.971,1
2025-04-01 00:48:07,37.316,44.556,100.167,8.63,82.281,1
2025-04-01 00:48:08,35.208,44.004,99.769,8.723,81.09,1
2025-04-01 00:48:09,35.582,45.811,98.595,8.627,81.787,1
2025-04-01 00:48:10,33.893,45.245,88.179,8.656,80.32,1
2025-04-01 00:48:11,36.947,44.677,94.982,8.565,81.485,1
2025-04-01 00:48:12,31.131,46.495,95.087,8.243,81.403,1
2025-04-01 00:48:13,35.32,44.078,95.042,8.441,80.944,1
2025-04-01 00:48:14,34.609,43.904,104.208,8.119,81.265,1
2025-04-01 00:48:15,38.226,45.433,102.015,8.32,83.66,1
2025-04-01 00:48:16,36.955,44.872,93.677,8.386,82.88,1
2025-04-01 00:48:17,33.425,44.512,98.852,8.37,83.256,1
2025-04-01 00:48:18,33.846,44.639,86.244,8.572,86.564,1
2025-04-01 00:48:19,40.032,45.571,87.27,8.214,80.829,1
2025-04-01 00:48:20,38.244,45.406,102.402,8.356,77.229,1
2025-04-01 00:48:21,35.667,44.383,104.365,8.231,93.099,1
2025-04-01 00:48:22,29.368,45.948,91.074,8.112,91.743,1
2025-04-01 00:48:23,32.471,44.518,91.833,8.057,73.341,1
2025-04-01 00:48:24,32.525,46.195,101.384,8.128,91.9,1
2025-04-01 00:48:25,36.848,43.277,100.249,8.272,76.687,1
2025-04-01 00:48:26,32.769,45.151,99.682,8.177,82.53,1
2025-04-01 00:48:27,35.983,46.602,96.674,7.871,84.572,1
2025-04-01 00:48:28,38.899,23.566,110.787,8.335,84.788,1
2025-04-01 00:48:29,30.594,23.079,95.826,8.174,94.948,1
2025-04-01 00:48:30,34.679,24.685,102.677,8.135,70.275,1
2025-04-01 00:48:31,33.227,23.412,107.999,15.095,86.184,1
2025-04-01 00:48:32,31.594,22.991,104.205,15.522,109.992,1
2025-04-01 00:48:33,34.253,23.526,91.053,15.67,105.042,1
2025-04-01 00:48:34,37.362,23.028,105.267,14.923,66.94,1
2025-04-01 00:48:35,36.111,23.696,93.992,15.691,68.71,1
2025-04-01 00:48:36,33.245,21.215,119.299,15.783,62.523,1
2025-04-01 00:48:37,31.321,22.495,110.144,15.263,88.991,1
2025-04-01 00:48:38,34.491,24.245,109.776,15.166,94.428,1
2025-04-01 00:48:39,24.358,24.147,101.211,15.3,90.957,1
2025-04-01 00:48:40,22.724,23.695,103.199,15.249,84.603,1
2025-04-01 00:48:41,24.458,24.853,105.024,15.975,79.465,1
2025-04-01 00:48:42,22.388,24.558,110.848,6.432,86.587,1
2025-04-01 00:48:43,25.265,23.975,117.722,7.026,97.89,1
2025-04-01 00:48:44,20.937,24.552,114.028,6.864,88.643,1
2025-04-01 00:48:45,22.989,25.526,108.791,6.522,73.108,1
2025-04-01 00:48:46,18.738,24.392,114.127,6.568,80.134,1
2025-04-01 00:48:47,19.052,24.636,107.608,6.825,73.13,1
2025-04-01 00:48:48,36.787,23.706,112.007,7.102,81.96,1
2025-04-01 00:48:49,37.631,25.567,118.415,6.922,80.966,1
2025-04-01 00:48:50,37.906,44.576,121.736,6.69,95.905,1
2025-04-01 00:48:51,40.685,44.95,112.138,6.606,77.122,1
2025-04-01 00:48:52,37.34,45.746,104.389,6.541,80.462,1
2025-04-01 00:48:53,36.763,43.702,116.399,6.622,59.733,1
2025-04-01 00:48:54,39.827,44.017,117.171,6.767,88.617,1
2025-04-01 00:48:55,37.222,44.87,120.042,6.928,82.862,1
2025-04-01 00:48:56,41.497,44.963,105.526,7.114,85.0,1
2025-04-01 00:48:57,35.881,45.047,104.898,6.861,83.569,1
2025-04-01 00:48:58,37.684,45.161,101.546,6.625,80.737,1
2025-04-01 00:48:59,48.424,45.593,110.41,7.023,84.129,1
2025-04-01 00:49:00,46.131,44.787,96.593,6.846,85.321,1
2025-04-01 00:49:01,52.192,46.891,96.461,7.28,84.694,1
2025-04-01 00:49:02,52.901,29.725,89.622,6.798,84.289,1
2025-04-01 00:49:03,47.714,31.268,96.227,6.778,85.736,1
2025-04-01 00:49:04,47.225,30.763,100.031,6.859,82.409,1
2025-04-01 00:49:05,49.308,29.963,100.59,7.024,83.959,1
2025-04-01 00:49:06,48.579,32.333,88.075,6.895,82.517,1
2025-04-01 00:49:07,49.502,31.448,92.505,7.074,80.853,1
2025-04-01 00:49:08,48.636,29.433,83.452,7.11,83.679,1
2025-04-01 00:49:09,49.7,29.351,83.997,15.579,83.538,1
2025-04-01 00:49:10,47.205,31.175,85.235,15.558,83.779,1
2025-04-01 00:49:11,46.468,32.207,86.764,15.733,83.231,1
2025-04-01 00:49:12,50.133,30.833,91.258,16.186,83.498,1
2025-04-01 00:49:13,50.544,31.887,83.457,15.584,82.495,1
2025-04-01 00:49:14,51.82,32.198,85.731,16.122,82.901,1
2025-04-01 00:49:15,51.177,32.145,73.808,15.785,82.397,1
2025-04-01 00:49:16,52.288,31.502,81.301,16.27,81.133,1
2025-04-01 00:49:17,44.594,30.758,84.022,16.11,81.885,1
2025-04-01 00:49:18,51.864,31.922,85.651,15.64,82.039,1
2025-04-01 00:49:19,49.097,32.078,87.645,15.909,81.489,1
2025-04-01 00:49:20,50.203,31.797,91.279,15.844,80.486,1
2025-04-01 00:49:21,48.463,32.207,85.343,16.228,79.965,1
2025-04-01 00:49:22,47.897,31.821,85.844,15.744,80.032,1
2025-04-01 00:49:23,47.452,31.692,88.976,16.075,81.446,1
2025-04-01 00:49:24,48.983,33.752,89.328,16.367,80.833,1
2025-04-01 00:49:25,51.532,33.476,87.795,16.611,80.495,1
2025-04-01 00:49:26,54.093,32.481,87.535,16.695,80.4,1
2025-04-01 00:49:27,47.503,32.798,91.779,15.902,80.253,1
2025-04-01 00:49:28,50.676,33.316,86.78,16.252,80.049,1
2025-04-01 00:49:29,48.414,32.731,92.438,17.199,80.405,1
2025-04-01 00:49:30,51.395,32.303,85.198,16.48,82.07,1
2025-04-01 00:49:31,47.953,33.747,89.298,16.468,77.95,1
2025-04-01 00:49:32,53.177,31.724,88.445,16.27,78.03,1
2025-04-01 00:49:33,48.178,32.414,81.009,16.567,90.205,1
2025-04-01 00:49:34,51.713,34.724,91.553,16.767,72.739,1
2025-04-01 00:49:35,50.617,31.911,94.17,16.284,70.96,1
2025-04-01 00:49:36,52.898,32.307,91.384,16.678,78.736,1
2025-04-01 00:49:37,51.274,34.22,101.52,16.745,67.916,1
2025-04-01 00:49:38,52.287,33.554,96.184,16.406,83.72,1
2025-04-01 00:49:39,50.849,33.771,90.096,16.552,77.304,1
2025-04-01 00:49:40,50.288,33.285,89.208,16.363,78.952,1
2025-04-01 00:49:41,48.638,33.736,88.63,16.314,75.542,1
2025-04-01 00:49:42,47.488,34.817,93.714,16.946,84.913,1
2025-04-01 00:49:43,50.919,33.825,93.734,16.548,87.144,1
2025-04-01 00:49:44,46.272,34.329,93.899,17.44,83.339,1
2025-04-01 00:49:45,52.51,32.69,84.497,16.517,74.994,1
2025-04-01 00:49:46,50.059,34.305,94.866,16.87,100.337,1
2025-04-01 00:49:47,51.967,34.265,82.948,16.999,79.208,1
2025-04-01 00:49:48,44.799,34.555,85.124,17.085,75.411,1
2025-04-01 00:49:49,40.859,34.507,87.695,16.286,84.958,1
2025-04-01 00:49:50,39.029,33.665,89.723,16.554,89.688,1
2025-04-01 00:49:51,38.133,58.22,88.858,17.432,71.312,1
2025-04-01 00:49:52,36.694,56.282,89.605,16.809,61.8,1
2025-04-01 00:49:53,35.765,57.204,90.267,17.445,53.239,1
2025-04-01 00:49:54,37.643,55.422,84.059,16.346,75.408,1
2025-04-01 00:49:55,35.186,55.49,85.867,17.091,81.015,1
2025-04-01 00:49:56,35.833,56.292,90.193,17.16,82.076,1
2025-04-01 00:49:57,37.759,55.913,86.896,17.245,63.842,1
2025-04-01 00:49:58,36.989,57.07,85.829,25.347,50.525,1
2025-04-01 00:49:59,33.969,57.213,87.038,25.053,81.888,1
2025-04-01 00:50:00,34.818,56.295,92.38,25.929,79.407,1
2025-04-01 00:50:01,22.402,55.954,85.429,26.388,73.466,1
2025-04-01 00:50:02,25.498,56.08,94.23,25.477,79.041,1
2025-04-01 00:50:03,26.087,57.202,86.214,25.19,74.439,1
2025-04-01 00:50:04,28.842,55.924,87.202,25.523,60.577,1
2025-04-01 00:50:05,22.481,55.113,89.279,25.177,97.5,1
2025-04-01 00:50:06,22.372,29.977,84.056,25.215,72.136,1
2025-04-01 00:50:07,24.86,29.738,94.738,25.186,81.948,1
2025-04-01 00:50:08,23.686,29.587,91.076,14.689,68.783,1
2025-04-01 00:50:09,25.298,30.368,90.851,14.168,72.895,1
2025-04-01 00:50:10,25.713,29.164,90.847,14.56,87.629,1
2025-04-01 00:50:11,27.679,28.952,93.215,13.978,76.851,1
2025-04-01 00:50:12,26.497,14.995,89.926,14.445,72.478,1
2025-04-01 00:50:13,24.126,13.032,86.327,14.137,69.2,1
2025-04-01 00:50:14,25.325,13.768,92.281,14.354,87.755,1
2025-04-01 00:50:15,24.848,29.909,92.118,14.479,69.573,1
2025-04-01 00:50:16,24.714,31.406,89.08,14.15,77.149,1
2025-04-01 00:50:17,22.436,29.523,96.064,14.252,66.21,1
2025-04-01 00:50:18,25.358,29.279,85.847,14.284,74.2,1
2025-04-01 00:50:19,28.859,29.804,89.314,13.936,83.881,1
2025-04-01 00:50:20,25.388,29.431,89.825,14.58,71.766,1
2025-04-01 00:50:21,26.0,27.541,91.075,13.646,72.74,1
2025-04-01 00:50:22,23.104,29.546,90.044,13.693,70.978,1
2025-04-01 00:50:23,27.347,28.584,92.345,14.075,71.906,1
2025-04-01 00:50:24,26.108,29.506,84.92,13.715,77.621,1
2025-04-01 00:50:25,28.464,28.672,102.072,14.189,75.974,1
2025-04-01 00:50:26,21.737,28.637,98.253,8.807,74.647,1
2025-04-01 00:50:27,24.916,28.164,88.87,5.29,94.799,1
2025-04-01 00:50:28,26.672,29.502,97.979,4.977,59.608,1
2025-04-01 00:50:29,23.554,29.825,91.771,5.135,82.695,1
2025-04-01 00:50:30,26.342,27.931,87.065,5.079,67.469,1
2025-04-01 00:50:31,26.499,30.299,94.702,4.928,80.438,1
2025-04-01 00:50:32,23.173,26.955,103.051,5.028,74.795,1
2025-04-01 00:50:33,27.376,28.601,95.288,5.155,92.473,1
2025-04-01 00:50:34,28.229,29.119,95.165,5.038,89.101,1
2025-04-01 00:50:35,25.968,28.708,97.172,4.96,72.916,1
2025-04-01 00:50:36,26.288,28.259,90.055,5.033,71.874,1
2025-04-01 00:50:37,22.117,27.749,95.778,5.159,67.652,1
2025-04-01 00:50:38,27.251,27.479,99.926,5.103,71.307,1
2025-04-01 00:50:39,26.086,28.782,103.956,4.986,62.088,1
2025-04-01 00:50:40,20.122,28.427,102.582,4.97,87.343,1
2025-04-01 00:50:41,22.57,28.139,108.726,4.992,80.834,1
2025-04-01 00:50:42,26.321,28.087,99.236,5.065,75.194,1
2025-04-01 00:50:43,25.556,25.231,91.912,9.016,77.224,1
2025-04-01 00:50:44,27.713,27.654,110.003,8.977,74.218,1
2025-04-01 00:50:45,24.695,42.903,108.518,9.024,74.841,1
2025-04-01 00:50:46,27.093,43.944,97.103,8.435,78.705,1
2025-04-01 00:50:47,22.339,43.431,109.634,8.83,70.897,1
2025-04-01 00:50:48,23.326,43.826,85.165,8.494,73.464,1
2025-04-01 00:50:49,27.064,44.213,92.065,14.784,79.165,1
2025-04-01 00:50:50,26.527,41.928,85.288,14.365,45.345,1
2025-04-01 00:50:51,27.534,42.277,93.409,14.298,79.77,1
2025-04-01 00:50:52,25.858,42.944,90.095,14.372,85.985,1
2025-04-01 00:50:53,24.758,42.802,88.752,14.586,72.369,1
2025-04-01 00:50:54,24.126,43.135,82.216,14.558,64.007,1
2025-04-01 00:50:55,26.31,41.275,89.26,13.884,65.015,1
2025-04-01 00:50:56,28.81,41.168,83.058,13.75,89.615,1
2025-04-01 00:50:57,29.295,43.729,84.426,13.7,116.666,1
2025-04-01 00:50:58,26.331,42.238,89.139,14.384,83.159,1
2025-04-01 00:50:59,25.116,42.896,90.193,14.883,95.939,1
2025-04-01 00:51:00,25.155,41.357,95.555,13.794,89.192,1
2025-04-01 00:51:01,26.77,42.684,87.72,13.934,73.034,1
2025-04-01 00:51:02,22.838,41.778,86.194,14.338,75.806,1
2025-04-01 00:51:03,25.491,42.649,96.871,14.222,73.039,1
2025-04-01 00:51:04,24.686,42.065,90.52,14.036,84.809,1
2025-04-01 00:51:05,25.751,41.454,91.29,14.099,77.686,1
2025-04-01 00:51:06,28.507,40.732,87.291,13.894,64.493,1
2025-04-01 00:51:07,27.551,41.533,90.813,14.75,82.088,1
2025-04-01 00:51:08,25.843,41.564,81.721,13.638,76.671,1
2025-04-01 00:51:09,27.181,42.987,82.949,14.434,90.337,1
2025-04-01 00:51:10,23.387,39.901,87.076,14.406,64.764,1
2025-04-01 00:51:11,27.907,40.366,83.797,14.238,70.82,1
2025-04-01 00:51:12,26.352,40.106,83.577,14.112,79.608,1
2025-04-01 00:51:13,24.49,41.458,83.538,14.36,78.901,1
2025-04-01 00:51:14,25.154,40.362,85.411,13.816,88.622,1
2025-04-01 00:51:15,23.942,39.893,86.226,14.212,70.931,1
2025-04-01 00:51:16,27.205,40.157,80.128,14.112,90.451,1
2025-04-01 00:51:17,25.346,66.593,81.402,13.849,82.328,1
2025-04-01 00:51:18,24.807,67.945,84.87,14.007,101.903,1
2025-04-01 00:51:19,25.268,66.598,79.918,13.563,82.94,1
2025-04-01 00:51:20,24.659,66.971,86.12,13.924,81.462,1
2025-04-01 00:51:21,24.228,66.4,86.537,13.713,78.123,1
2025-04-01 00:51:22,26.966,65.576,86.158,14.206,78.911,1
2025-04-01 00:51:23,24.519,66.27,82.656,13.627,77.768,1
2025-04-01 00:51:24,41.579,66.397,87.715,13.641,86.423,1
2025-04-01 00:51:25,42.052,66.067,84.017,14.2,76.43,1
2025-04-01 00:51:26,42.103,66.316,86.693,13.574,93.121,1
2025-04-01 00:51:27,41.682,65.759,77.472,14.327,87.162,1
2025-04-01 00:51:28,39.134,65.728,80.604,14.203,84.203,1
2025-04-01 00:51:29,39.307,64.927,82.056,13.509,76.087,1
2025-04-01 00:51:30,42.317,64.965,79.201,14.437,90.847,1
2025-04-01 00:51:31,39.797,65.484,76.274,13.931,104.815,1
2025-04-01 00:51:32,40.159,65.326,78.65,22.825,92.4,1
2025-04-01 00:51:33,38.706,65.924,80.071,21.332,89.242,1
2025-04-01 00:51:34,38.904,64.8,81.039,23.182,81.891,1
2025-04-01 00:51:35,40.38,65.919,84.639,21.612,79.291,1
2025-04-01 00:51:36,39.588,65.453,79.205,21.967,81.116,1
2025-04-01 00:51:37,38.848,64.944,79.025,21.224,81.042,1
2025-04-01 00:51:38,40.615,64.042,80.402,22.68,76.842,1
2025-04-01 00:51:39,38.917,63.895,74.441,22.086,78.772,1
2025-04-01 00:51:40,42.814,35.351,79.225,22.666,79.942,1
2025-04-01 00:51:41,39.166,35.584,79.012,22.802,100.458,1
2025-04-01 00:51:42,40.422,35.315,73.673,22.394,90.139,1
2025-04-01 00:51:43,40.809,35.22,79.734,22.299,87.716,1
2025-04-01 00:51:44,40.473,35.375,81.913,22.491,88.639,1
2025-04-01 00:51:45,39.185,35.181,81.158,22.354,95.375,1
2025-04-01 00:51:46,38.435,35.659,78.576,23.198,73.263,1
2025-04-01 00:51:47,38.118,35.099,76.021,22.796,79.857,1
2025-04-01 00:51:48,42.882,32.936,79.398,22.578,92.194,1
2025-04-01 00:51:49,41.738,34.245,86.732,22.765,85.583,1
2025-04-01 00:51:50,37.798,34.442,78.495,22.812,98.155,1
2025-04-01 00:51:51,36.989,35.415,83.555,22.265,94.73,1
2025-04-01 00:51:52,42.151,34.377,76.565,22.618,93.375,1
2025-04-01 00:51:53,35.319,35.437,78.415,23.563,84.163,1
2025-04-01 00:51:54,40.785,34.376,84.712,23.855,91.227,1
2025-04-01 00:51:55,38.865,35.216,82.259,23.609,80.385,1
2025-04-01 00:51:56,39.215,36.145,76.465,24.203,85.103,1
2025-04-01 00:51:57,37.822,35.037,82.566,22.901,85.188,1
2025-04-01 00:51:58,39.844,34.761,82.876,23.483,84.45,1
2025-04-01 00:51:59,39.414,34.268,86.851,23.3,85.032,1
2025-04-01 00:52:00,40.715,35.26,89.232,23.019,84.939,1
2025-04-01 00:52:01,36.064,35.256,84.373,23.56,84.722,1
2025-04-01 00:52:02,37.854,34.592,83.063,24.306,84.594,1
2025-04-01 00:52:03,38.72,34.091,83.661,22.546,83.965,1
2025-04-01 00:52:04,35.669,35.742,86.084,23.204,83.409,1
2025-04-01 00:52:05,38.943,36.115,84.843,23.105,83.431,1
2025-04-01 00:52:06,39.308,34.55,89.151,24.636,82.679,1
2025-04-01 00:52:07,36.062,34.853,89.554,24.1,82.253,1
2025-04-01 00:52:08,39.376,33.633,87.942,23.251,81.847,1
2025-04-01 00:52:09,37.811,34.132,94.713,23.972,85.09,1
2025-04-01 00:52:10,37.126,35.368,91.142,23.533,81.166,1
2025-04-01 00:52:11,36.469,34.838,98.576,24.566,82.338,1
2025-04-01 00:52:12,37.297,34.629,95.772,23.394,83.624,1
2025-04-01 00:52:13,40.144,34.701,91.408,23.685,81.968,1
2025-04-01 00:52:14,38.237,34.628,101.214,24.121,84.015,1
2025-04-01 00:52:15,39.433,35.967,95.306,23.614,80.556,1
2025-04-01 00:52:16,37.109,35.558,91.834,24.483,83.953,1
2025-04-01 00:52:17,38.675,5.832,84.92,23.247,82.389,1
2025-04-01 00:52:18,40.828,-24.923,89.091,25.468,82.662,1
2025-04-01 00:52:19,37.142,-23.268,98.834,23.759,81.271,1
2025-04-01 00:52:20,41.852,-24.346,96.733,24.356,81.024,1
2025-04-01 00:52:21,39.606,-23.293,91.527,24.759,80.013,1
2025-04-01 00:52:22,42.724,-24.647,94.91,24.042,80.833,1
2025-04-01 00:52:23,36.963,-22.781,96.492,24.302,80.346,1
2025-04-01 00:52:24,40.111,-23.086,91.397,23.708,80.705,1
2025-04-01 00:52:25,42.341,-22.515,93.16,23.942,79.317,1
2025-04-01 00:52:26,36.054,-23.298,102.405,23.935,81.827,1
2025-04-01 00:52:27,41.346,-23.102,90.927,24.431,80.539,1
2025-04-01 00:52:28,42.029,-23.46,92.217,24.277,79.41,1
2025-04-01 00:52:29,38.098,-21.458,95.204,24.357,79.784,1
2025-04-01 00:52:30,39.885,-23.464,98.852,24.46,80.087,1
2025-04-01 00:52:31,33.792,-23.458,93.129,25.417,79.708,1
2025-04-01 00:52:32,38.245,-23.178,100.489,24.107,80.485,1
2025-04-01 00:52:33,39.099,-23.372,99.263,23.849,81.1,1
2025-04-01 00:52:34,31.844,-24.382,98.028,24.088,78.035,1
2025-04-01 00:52:35,36.786,-23.766,105.206,24.401,80.082,1
2025-04-01 00:52:36,38.469,-23.104,104.871,24.256,78.567,1
2025-04-01 00:52:37,35.005,-22.796,101.6,24.009,78.009,1
2025-04-01 00:52:38,40.782,-22.565,108.125,11.843,79.503,1
2025-04-01 00:52:39,41.763,-24.598,107.319,11.962,79.644,1
2025-04-01 00:52:40,36.77,6.726,110.016,12.465,77.798,1
2025-04-01 00:52:41,34.153,7.492,102.379,11.823,80.906,1
2025-04-01 00:52:42,38.695,7.644,119.391,11.939,78.284,1
2025-04-01 00:52:43,35.41,6.176,116.068,12.034,77.158,1
2025-04-01 00:52:44,36.232,6.795,113.051,12.184,78.042,1
2025-04-01 00:52:45,31.736,5.518,109.77,11.452,77.095,1
2025-04-01 00:52:46,35.567,7.089,113.848,12.034,78.299,1
2025-04-01 00:52:47,34.918,6.342,104.787,12.353,76.237,1
2025-04-01 00:52:48,41.462,7.762,104.782,12.091,74.571,1
2025-04-01 00:52:49,37.437,7.054,111.098,11.556,75.861,1
2025-04-01 00:52:50,38.781,7.414,106.771,12.296,78.114,1
2025-04-01 00:52:51,34.257,7.332,106.109,11.472,76.206,1
2025-04-01 00:52:52,32.207,7.58,109.063,11.765,74.799,1
2025-04-01 00:52:53,34.592,7.471,112.423,12.501,75.898,1
2025-04-01 00:52:54,38.768,6.497,119.179,11.978,75.806,1
2025-04-01 00:52:55,37.667,5.825,110.301,11.954,75.562,1
2025-04-01 00:52:56,39.358,7.839,120.468,12.071,75.27,1
2025-04-01 00:52:57,43.284,8.578,123.286,11.849,76.23,1
2025-04-01 00:52:58,40.231,8.201,125.045,11.376,74.92,1
2025-04-01 00:52:59,27.015,8.011,112.956,11.573,74.923,1
2025-04-01 00:53:00,21.029,6.495,127.214,11.359,74.481,1
2025-04-01 00:53:01,19.853,8.518,120.564,11.46,74.958,1
2025-04-01 00:53:02,23.977,7.613,128.484,12.088,74.851,1
2025-04-01 00:53:03,23.982,38.424,130.165,11.419,74.22,1
2025-04-01 00:53:04,25.92,38.443,125.478,11.444,75.534,1
2025-04-01 00:53:05,26.908,38.161,125.524,11.705,74.371,1
2025-04-01 00:53:06,21.916,39.116,125.085,11.365,75.076,1
2025-04-01 00:53:07,26.295,38.196,97.554,11.371,74.859,1
2025-04-01 00:53:08,26.214,38.091,100.508,11.399,75.765,1
2025-04-01 00:53:09,25.614,39.666,97.566,11.313,73.905,1
2025-04-01 00:53:10,26.729,39.33,98.048,11.504,74.637,1
2025-04-01 00:53:11,24.064,38.271,92.93,11.127,75.357,1
2025-04-01 00:53:12,24.127,39.456,101.147,10.711,73.822,1
2025-04-01 00:53:13,25.634,39.467,106.675,10.991,74.267,1
2025-04-01 00:53:14,24.858,40.231,104.381,11.056,73.877,1
2025-04-01 00:53:15,25.54,37.894,102.01,10.879,75.313,1
2025-04-01 00:53:16,22.989,39.151,101.759,11.071,74.733,1
2025-04-01 00:53:17,24.0,39.273,71.039,10.866,73.613,1
2025-04-01 00:53:18,24.014,39.395,75.693,10.495,74.626,1
2025-04-01 00:53:19,24.987,42.003,73.689,10.788,74.838,1
2025-04-01 00:53:20,25.354,39.054,71.762,10.858,74.197,1
2025-04-01 00:53:21,21.759,39.325,77.323,10.739,73.63,1
2025-04-01 00:53:22,24.778,20.589,76.001,10.633,75.635,1
2025-04-01 00:53:23,26.509,21.507,74.774,10.623,72.878,1
2025-04-01 00:53:24,26.086,22.563,77.003,10.91,74.705,1
2025-04-01 00:53:25,25.054,20.292,77.527,10.685,74.294,1
2025-04-01 00:53:26,27.361,22.336,76.181,10.17,74.988,1
2025-04-01 00:53:27,21.319,22.472,74.678,10.363,77.432,1
2025-04-01 00:53:28,24.716,20.977,75.827,10.491,75.554,1
2025-04-01 00:53:29,27.258,21.378,70.287,10.7,75.868,1
2025-04-01 00:53:30,40.947,20.979,77.333,20.887,76.096,1
2025-04-01 00:53:31,34.998,21.6,75.793,21.761,73.278,1
2025-04-01 00:53:32,39.534,20.682,81.514,20.843,76.148,1
2025-04-01 00:53:33,42.569,22.076,75.955,20.687,76.74,1
2025-04-01 00:53:34,39.192,22.449,77.639,21.329,78.157,1
2025-04-01 00:53:35,38.974,21.833,82.291,20.472,71.676,1
2025-04-01 00:53:36,37.885,23.246,67.36,20.689,72.993,1
2025-04-01 00:53:37,39.93,23.616,80.143,21.765,84.734,1
2025-04-01 00:53:38,38.951,21.241,78.084,13.302,89.085,1
2025-04-01 00:53:39,39.807,23.098,77.259,12.958,76.084,1
2025-04-01 00:53:40,42.509,23.118,78.138,13.287,80.791,1
2025-04-01 00:53:41,44.222,22.547,68.365,13.492,89.054,1
2025-04-01 00:53:42,43.841,21.986,70.375,12.978,80.847,1
2025-04-01 00:53:43,40.735,23.263,71.072,12.615,83.777,1
2025-04-01 00:53:44,37.022,23.109,69.115,12.375,62.447,1
2025-04-01 00:53:45,38.889,21.985,67.326,12.199,74.07,1
2025-04-01 00:53:46,37.945,22.808,74.2,13.245,79.375,1
2025-04-01 00:53:47,40.0,23.477,69.636,12.963,87.306,1
2025-04-01 00:53:48,42.347,23.074,71.944,13.072,80.417,1
2025-04-01 00:53:49,40.525,52.608,77.996,13.004,75.071,1
2025-04-01 00:53:50,40.154,53.515,72.782,13.054,75.269,1
2025-04-01 00:53:51,39.811,53.097,72.775,12.224,69.291,1
2025-04-01 00:53:52,34.788,51.635,65.205,13.151,84.931,1
2025-04-01 00:53:53,41.474,52.878,71.966,12.239,83.935,1
2025-04-01 00:53:54,38.821,53.46,71.725,12.931,71.922,1
2025-04-01 00:53:55,41.757,52.831,74.212,12.629,86.924,1
2025-04-01 00:53:56,44.578,51.253,71.81,13.682,91.446,1
2025-04-01 00:53:57,37.73,53.534,67.826,13.08,84.576,1
2025-04-01 00:53:58,41.151,52.91,66.827,12.902,84.061,1
2025-04-01 00:53:59,40.588,53.34,73.781,12.761,84.458,1
2025-04-01 00:54:00,38.819,52.874,68.806,12.136,66.53,1
2025-04-01 00:54:01,41.312,55.469,71.438,13.32,74.149,1
2025-04-01 00:54:02,44.11,52.258,71.576,12.866,65.342,1
2025-04-01 00:54:03,39.181,53.241,79.252,12.773,85.118,1
2025-04-01 00:54:04,42.645,53.353,77.45,13.185,71.219,1
2025-04-01 00:54:05,40.899,53.783,68.308,13.505,63.516,1
2025-04-01 00:54:06,42.102,54.565,72.777,13.067,69.556,1
2025-04-01 00:54:07,41.909,53.219,77.558,12.932,67.639,1
2025-04-01 00:54:08,41.928,52.522,73.429,13.361,72.948,1
2025-04-01 00:54:09,39.424,53.954,70.407,13.083,81.898,1
2025-04-01 00:54:10,39.834,52.53,72.718,20.458,84.737,1
2025-04-01 00:54:11,42.43,53.931,77.416,21.309,76.753,1
2025-04-01 00:54:12,40.668,53.83,72.3,20.775,97.786,1
2025-04-01 00:54:13,41.151,52.623,74.756,21.766,75.801,1
2025-04-01 00:54:14,40.549,52.385,72.457,20.889,91.097,1
2025-04-01 00:54:15,42.239,53.897,67.213,22.02,80.049,1
2025-04-01 00:54:16,40.211,53.398,83.542,21.291,65.704,1
2025-04-01 00:54:17,41.086,52.903,68.373,20.574,84.901,1
2025-04-01 00:54:18,41.566,53.26,71.404,21.48,75.037,1
2025-04-01 00:54:19,38.907,52.29,77.466,21.234,63.683,1
2025-04-01 00:54:20,52.33,71.148,78.668,21.537,85.866,1
2025-04-01 00:54:21,49.511,71.866,70.121,20.835,69.545,1
2025-04-01 00:54:22,54.617,45.324,76.937,22.664,96.26,1
2025-04-01 00:54:23,54.982,18.351,77.086,21.336,92.088,1
2025-04-01 00:54:24,51.707,18.28,76.51,20.532,90.18,1
2025-04-01 00:54:25,51.371,16.094,77.035,21.793,85.012,1
2025-04-01 00:54:26,46.998,18.113,70.991,21.736,96.314,1
2025-04-01 00:54:27,52.415,17.483,77.489,22.141,91.824,1
2025-04-01 00:54:28,49.996,16.532,80.521,22.264,77.365,1
2025-04-01 00:54:29,51.259,19.42,71.855,21.936,91.228,1
2025-04-01 00:54:30,51.916,18.075,72.974,22.194,98.85,1
2025-04-01 00:54:31,52.066,17.181,74.629,22.264,86.885,1
2025-04-01 00:54:32,47.354,-0.282,68.205,22.014,79.9,1
2025-04-01 00:54:33,50.901,1.682,86.186,22.601,92.233,1
2025-04-01 00:54:34,48.528,1.763,81.002,22.093,84.169,1
2025-04-01 00:54:35,52.969,-0.464,76.372,22.862,82.565,1
2025-04-01 00:54:36,49.008,0.286,76.277,22.092,84.94,1
2025-04-01 00:54:37,47.907,-1.107,76.008,22.491,100.672,1
2025-04-01 00:54:38,49.975,-1.162,77.478,22.314,84.711,1
2025-04-01 00:54:39,48.875,0.872,82.534,21.972,90.374,1
2025-04-01 00:54:40,47.606,-0.236,75.999,21.749,70.554,1
2025-04-01 00:54:41,52.291,0.699,71.136,22.311,86.893,1
2025-04-01 00:54:42,49.599,0.86,77.23,22.762,90.206,1
2025-04-01 00:54:43,50.064,-0.978,76.957,21.39,66.376,1
2025-04-01 00:54:44,51.81,-0.491,80.046,22.606,90.385,1
2025-04-01 00:54:45,51.849,-2.017,70.671,23.26,90.358,1
2025-04-01 00:54:46,47.309,27.045,82.882,22.476,85.915,1
2025-04-01 00:54:47,49.911,26.617,69.372,22.552,77.519,1
2025-04-01 00:54:48,50.121,25.046,82.591,23.795,105.032,1
2025-04-01 00:54:49,47.537,26.521,79.86,23.44,84.284,1
2025-04-01 00:54:50,39.084,26.156,82.467,22.805,84.44,1
2025-04-01 00:54:51,25.806,24.826,80.368,22.757,83.595,1
2025-04-01 00:54:52,28.535,27.208,89.831,22.834,81.528,1
2025-04-01 00:54:53,26.688,52.908,85.938,22.606,95.932,1
2025-04-01 00:54:54,24.348,52.004,91.099,22.942,77.401,1
2025-04-01 00:54:55,22.919,51.945,81.778,23.175,96.906,1
2025-04-01 00:54:56,25.736,52.548,82.007,23.222,91.574,1
2025-04-01 00:54:57,24.728,51.763,86.041,22.889,90.819,1
2025-04-01 00:54:58,26.689,51.92,95.627,22.523,79.85,1
2025-04-01 00:54:59,24.266,51.933,85.304,22.438,84.147,1
2025-04-01 00:55:00,25.335,52.962,84.756,22.698,83.736,1
2025-04-01 00:55:01,22.845,50.857,89.005,23.604,83.318,1
2025-04-01 00:55:02,26.053,51.083,88.857,22.0,83.326,1
2025-04-01 00:55:03,24.987,51.504,89.456,23.941,87.257,1
2025-04-01 00:55:04,23.633,51.583,89.903,22.705,92.877,1
2025-04-01 00:55:05,24.914,51.358,82.895,22.319,81.497,1
2025-04-01 00:55:06,21.839,51.386,86.495,22.688,89.293,1
2025-04-01 00:55:07,21.929,50.906,89.831,22.589,84.451,1
2025-04-01 00:55:08,22.152,51.186,88.933,22.685,71.772,1
2025-04-01 00:55:09,24.184,51.765,91.728,22.436,83.344,1
2025-04-01 00:55:10,24.766,49.807,85.12,22.932,81.158,1
2025-04-01 00:55:11,25.389,50.471,89.34,22.382,74.33,1
2025-04-01 00:55:12,23.623,51.049,93.706,23.014,72.084,1
2025-04-01 00:55:13,24.419,49.916,91.222,22.864,82.831,1
2025-04-01 00:55:14,22.683,49.759,86.905,22.287,77.377,1
2025-04-01 00:55:15,28.011,50.252,92.057,22.191,79.957,1
2025-04-01 00:55:16,23.501,50.566,94.077,22.244,97.877,1
2025-04-01 00:55:17,23.92,50.618,86.555,22.347,83.23,1
2025-04-01 00:55:18,21.573,50.885,89.645,22.817,65.072,1
2025-04-01 00:55:19,22.306,50.299,99.459,22.27,99.041,1
2025-04-01 00:55:20,23.765,49.057,92.565,22.641,88.906,1
2025-04-01 00:55:21,25.321,49.311,98.046,21.102,91.622,1
2025-04-01 00:55:22,23.357,50.081,93.227,21.944,81.462,1
2025-04-01 00:55:23,24.428,49.799,93.88,21.812,72.876,1
2025-04-01 00:55:24,22.347,48.922,92.634,21.117,73.154,1
2025-04-01 00:55:25,21.106,49.354,91.43,21.63,89.333,1
2025-04-01 00:55:26,25.177,48.922,104.56,21.564,73.553,1
2025-04-01 00:55:27,21.487,48.156,92.786,22.034,96.571,1
2025-04-01 00:55:28,22.203,48.1,95.047,22.213,72.01,1
2025-04-01 00:55:29,24.705,48.786,96.077,22.061,81.414,1
2025-04-01 00:55:30,25.882,48.552,93.29,22.775,88.673,1
2025-04-01 00:55:31,23.978,49.659,90.169,21.197,73.341,1
2025-04-01 00:55:32,23.514,49.325,99.379,21.433,80.072,1
2025-04-01 00:55:33,22.295,49.241,98.917,21.166,100.818,1
2025-04-01 00:55:34,27.29,48.503,107.124,21.839,78.011,1
2025-04-01 00:55:35,18.956,50.312,104.293,21.697,67.871,1
2025-04-01 00:55:36,23.875,47.961,103.248,21.854,74.229,1
2025-04-01 00:55:37,22.051,48.57,100.625,21.802,83.87,1
2025-04-01 00:55:38,21.675,46.132,98.352,21.3,74.186,1
2025-04-01 00:55:39,22.129,48.872,94.542,21.633,78.344,1
2025-04-01 00:55:40,23.899,48.55,102.017,21.732,78.177,1
2025-04-01 00:55:41,19.608,48.403,105.524,11.436,81.278,1
2025-04-01 00:55:42,19.77,48.543,93.555,11.29,67.451,1
2025-04-01 00:55:43,24.181,47.689,77.026,10.666,80.124,1
2025-04-01 00:55:44,26.68,47.438,72.901,10.902,77.364,1
2025-04-01 00:55:45,23.259,47.182,78.071,11.226,77.551,1
2025-04-01 00:55:46,22.598,47.254,77.088,11.063,78.385,1
2025-04-01 00:55:47,25.13,46.652,72.736,10.794,76.98,1
2025-04-01 00:55:48,25.978,46.474,82.28,10.8,76.67,1
2025-04-01 00:55:49,21.32,47.715,83.535,10.476,77.266,1
2025-04-01 00:55:50,21.58,48.033,82.397,10.882,77.221,1
2025-04-01 00:55:51,19.051,47.574,89.581,10.515,75.558,1
2025-04-01 00:55:52,23.379,48.35,79.874,10.648,75.998,1
2025-04-01 00:55:53,22.554,47.6,82.323,9.885,75.82,1
2025-04-01 00:55:54,21.998,46.842,83.512,10.543,76.824,1
2025-04-01 00:55:55,21.296,47.134,82.302,11.049,76.988,1
2025-04-01 00:55:56,25.07,45.777,86.619,10.501,76.399,1
2025-04-01 00:55:57,24.563,47.447,87.227,10.721,77.302,1
2025-04-01 00:55:58,21.567,46.888,85.031,10.291,75.162,1
2025-04-01 00:55:59,24.006,47.3,83.208,10.325,75.193,1
2025-04-01 00:56:00,23.687,47.594,85.67,10.22,75.804,1
2025-04-01 00:56:01,23.861,47.642,87.064,10.982,77.413,1
2025-04-01 00:56:02,22.713,46.509,87.838,10.138,76.206,1
2025-04-01 00:56:03,20.901,45.579,89.119,10.102,74.034,1
2025-04-01 00:56:04,21.919,46.277,86.05,10.239,74.864,1
2025-04-01 00:56:05,23.091,45.277,89.861,10.214,75.453,1
2025-04-01 00:56:06,22.299,46.658,92.35,6.77,75.82,1
2025-04-01 00:56:07,23.572,47.192,88.559,6.626,76.202,1
2025-04-01 00:56:08,27.062,46.316,92.848,6.496,73.759,1
2025-04-01 00:56:09,23.624,45.924,100.095,6.394,74.504,1
2025-04-01 00:56:10,23.062,64.316,91.028,6.367,74.968,1
2025-04-01 00:56:11,22.723,64.668,89.153,6.62,72.648,1
2025-04-01 00:56:12,25.64,65.176,91.721,3.619,74.445,1
2025-04-01 00:56:13,24.204,61.707,86.726,3.622,75.664,1
2025-04-01 00:56:14,25.95,63.748,92.411,3.659,73.997,1
2025-04-01 00:56:15,26.204,63.756,102.235,3.514,74.577,1
2025-04-01 00:56:16,23.134,63.937,98.84,3.534,73.883,1
2025-04-01 00:56:17,24.29,64.614,95.734,3.549,73.43,1
2025-04-01 00:56:18,25.895,64.036,100.195,3.504,74.438,1
2025-04-01 00:56:19,22.196,64.299,99.11,3.691,74.972,1
2025-04-01 00:56:20,22.116,63.406,100.853,3.473,75.647,1
2025-04-01 00:56:21,23.809,63.29,94.813,3.592,74.878,1
2025-04-01 00:56:22,23.145,63.932,96.771,3.575,75.256,1
2025-04-01 00:56:23,26.152,63.964,99.609,3.556,74.884,1
2025-04-01 00:56:24,26.761,63.776,97.181,3.537,75.212,1
2025-04-01 00:56:25,25.973,63.37,97.708,3.664,74.936,1
2025-04-01 00:56:26,21.375,62.07,103.495,3.52,74.257,1
2025-04-01 00:56:27,38.38,63.38,98.393,3.656,75.508,1
2025-04-01 00:56:28,39.957,64.186,100.248,3.464,77.548,1
2025-04-01 00:56:29,38.104,62.683,101.494,3.598,75.434,1
2025-04-01 00:56:30,37.421,64.442,99.89,3.605,76.258,1
2025-04-01 00:56:31,39.003,64.64,103.377,3.628,75.842,1
2025-04-01 00:56:32,40.736,65.52,110.069,3.682,75.908,1
2025-04-01 00:56:33,35.112,63.111,96.84,3.813,77.663,1
2025-04-01 00:56:34,40.806,64.142,104.028,3.665,77.631,1
2025-04-01 00:56:35,36.286,65.146,102.964,3.652,76.012,1
2025-04-01 00:56:36,40.437,63.095,99.814,3.657,76.234,1
2025-04-01 00:56:37,44.259,64.183,98.239,3.649,76.936,1
2025-04-01 00:56:38,36.19,62.644,104.765,3.745,78.89,1
2025-04-01 00:56:39,37.842,64.129,109.167,3.643,76.458,1
2025-04-01 00:56:40,37.889,63.754,102.403,3.85,76.101,1
2025-04-01 00:56:41,38.983,63.367,99.116,3.66,76.0,1
2025-04-01 00:56:42,41.266,64.225,108.206,11.735,77.32,1
2025-04-01 00:56:43,37.831,66.185,104.103,10.842,77.484,1
2025-04-01 00:56:44,42.076,66.657,108.259,11.306,77.623,1
2025-04-01 00:56:45,39.507,65.245,110.299,10.824,78.755,1
2025-04-01 00:56:46,41.888,65.718,103.24,11.34,80.177,1
2025-04-01 00:56:47,39.366,65.946,114.162,11.36,77.852,1
2025-04-01 00:56:48,41.594,65.398,120.136,10.915,79.703,1
2025-04-01 00:56:49,41.16,66.094,121.815,11.105,78.469,1
2025-04-01 00:56:50,37.93,65.214,114.71,11.089,77.731,1
2025-04-01 00:56:51,42.018,65.129,122.072,11.216,78.143,1
2025-04-01 00:56:52,40.805,66.925,114.97,11.23,77.314,1
2025-04-01 00:56:53,42.433,65.711,119.237,11.844,68.903,1
2025-04-01 00:56:54,37.786,65.479,108.371,11.802,83.09,1
2025-04-01 00:56:55,45.08,66.921,117.357,11.267,72.208,1
2025-04-01 00:56:56,42.297,65.792,103.671,11.28,79.175,1
2025-04-01 00:56:57,42.648,66.14,117.782,12.009,94.163,1
2025-04-01 00:56:58,52.167,67.272,90.709,11.481,85.632,1
2025-04-01 00:56:59,49.721,65.505,98.662,11.571,72.821,1
2025-04-01 00:57:00,52.251,66.686,97.448,11.374,81.647,1
2025-04-01 00:57:01,53.978,66.46,106.924,11.89,91.521,1
2025-04-01 00:57:02,50.106,65.009,106.524,11.763,79.037,1
2025-04-01 00:57:03,52.981,66.121,100.324,11.679,78.051,1
2025-04-01 00:57:04,51.817,67.423,98.712,11.996,99.321,1
2025-04-01 00:57:05,47.367,67.514,108.068,11.924,79.885,1
2025-04-01 00:57:06,50.209,65.855,106.684,11.816,78.453,1
2025-04-01 00:57:07,49.01,67.878,105.834,12.089,94.803,1
2025-04-01 00:57:08,50.533,68.636,107.401,12.016,83.576,1
2025-04-01 00:57:09,49.154,66.434,111.057,11.528,77.281,1
2025-04-01 00:57:10,47.37,68.841,106.111,12.075,70.193,1
2025-04-01 00:57:11,50.723,67.661,104.369,11.701,77.117,1
2025-04-01 00:57:12,50.72,68.502,104.79,12.008,92.606,1
2025-04-01 00:57:13,55.48,65.966,113.48,11.932,89.311,1
2025-04-01 00:57:14,50.199,66.278,109.151,11.775,73.104,1
2025-04-01 00:57:15,53.061,68.267,105.101,12.521,77.301,1
2025-04-01 00:57:16,50.183,43.604,109.62,21.7,79.631,1
2025-04-01 00:57:17,52.375,42.282,106.241,20.958,73.334,1
2025-04-01 00:57:18,51.371,42.748,109.768,21.7,83.423,1
2025-04-01 00:57:19,49.125,43.09,121.169,21.452,81.227,1
2025-04-01 00:57:20,54.527,41.892,121.59,21.471,89.149,1
2025-04-01 00:57:21,49.97,43.88,117.064,21.778,81.173,1
2025-04-01 00:57:22,66.235,42.458,118.461,22.242,78.301,1
2025-04-01 00:57:23,61.797,43.057,105.32,21.85,90.512,1
2025-04-01 00:57:24,60.466,44.897,113.888,21.553,76.553,1
2025-04-01 00:57:25,60.952,43.326,129.498,21.875,81.282,1
2025-04-01 00:57:26,63.635,44.339,128.032,22.169,84.587,1
2025-04-01 00:57:27,62.01,45.511,120.366,21.234,78.998,1
2025-04-01 00:57:28,64.221,43.935,113.571,22.27,78.103,1
2025-04-01 00:57:29,60.272,44.932,126.807,21.001,92.552,1
2025-04-01 00:57:30,63.073,45.68,113.165,21.782,68.955,1
2025-04-01 00:57:31,64.756,44.949,124.855,22.248,85.108,1
2025-04-01 00:57:32,63.601,45.521,122.46,21.301,70.436,1
2025-04-01 00:57:33,61.461,43.626,138.504,22.097,95.423,1
2025-04-01 00:57:34,59.859,44.864,120.686,21.967,54.456,1
2025-04-01 00:57:35,66.695,43.471,129.233,21.666,76.494,1
2025-04-01 00:57:36,64.176,44.96,118.121,20.807,71.757,1
2025-04-01 00:57:37,58.96,45.173,128.94,21.037,90.826,1
2025-04-01 00:57:38,59.899,46.414,126.784,20.75,84.994,1
2025-04-01 00:57:39,63.231,45.686,112.782,21.217,79.963,1
2025-04-01 00:57:40,61.104,43.862,129.265,22.274,86.601,1
2025-04-01 00:57:41,65.069,45.248,113.332,21.497,111.114,1
2025-04-01 00:57:42,52.423,44.523,127.003,21.646,81.212,1
2025-04-01 00:57:43,48.53,44.595,128.617,11.522,71.911,1
2025-04-01 00:57:44,47.367,45.289,132.64,12.037,89.459,1
2025-04-01 00:57:45,47.371,46.298,131.582,12.598,82.198,1
2025-04-01 00:57:46,53.857,45.181,127.498,11.708,83.645,1
2025-04-01 00:57:47,47.188,45.406,138.119,12.218,61.802,1
2025-04-01 00:57:48,51.434,46.381,133.629,11.919,83.392,1
2025-04-01 00:57:49,52.127,46.295,133.715,12.061,91.14,1
2025-04-01 00:57:50,55.867,45.656,135.278,11.364,83.501,1
2025-04-01 00:57:51,52.451,46.985,123.741,11.564,90.874,1
2025-04-01 00:57:52,46.596,45.806,135.467,11.129,65.05,1
2025-04-01 00:57:53,52.643,46.022,146.352,11.947,93.075,1
2025-04-01 00:57:54,53.097,45.729,136.194,11.973,83.704,1
2025-04-01 00:57:55,48.901,47.022,134.879,11.163,84.554,1
2025-04-01 00:57:56,50.997,47.593,138.934,11.489,87.392,1
2025-04-01 00:57:57,52.035,45.851,117.26,11.779,89.442,1
2025-04-01 00:57:58,36.916,46.506,114.796,11.418,77.909,1
2025-04-01 00:57:59,40.37,46.473,121.284,11.629,100.926,1
2025-04-01 00:58:00,39.541,46.943,125.752,12.163,73.777,1
2025-04-01 00:58:01,38.352,46.167,115.243,11.224,71.409,1
2025-04-01 00:58:02,41.18,47.164,126.483,11.328,78.458,1
2025-04-01 00:58:03,45.745,47.393,102.678,11.582,82.616,1
2025-04-01 00:58:04,42.402,45.632,98.362,11.478,92.698,1
2025-04-01 00:58:05,22.571,46.282,96.454,11.373,76.043,1
2025-04-01 00:58:06,25.232,47.594,101.034,11.674,91.975,1
2025-04-01 00:58:07,23.768,45.757,90.535,11.641,93.981,1
2025-04-01 00:58:08,25.464,47.742,102.819,11.672,71.959,1
2025-04-01 00:58:09,28.846,45.945,100.927,10.882,76.997,1
2025-04-01 00:58:10,23.323,47.489,100.336,4.499,85.583,1
2025-04-01 00:58:11,27.534,45.955,105.379,4.617,76.141,1
2025-04-01 00:58:12,24.912,47.299,105.009,4.822,96.468,1
2025-04-01 00:58:13,23.321,44.995,110.091,4.449,82.25,1
2025-04-01 00:58:14,26.518,45.885,102.018,4.7,78.994,1
2025-04-01 00:58:15,24.042,46.909,103.708,4.365,84.676,1
2025-04-01 00:58:16,29.327,46.554,115.878,4.621,85.85,1
2025-04-01 00:58:17,28.328,47.58,105.425,4.553,85.541,1
2025-04-01 00:58:18,26.054,47.732,113.985,4.564,81.365,1
2025-04-01 00:58:19,25.122,46.365,104.42,2.665,82.935,1
2025-04-01 00:58:20,25.558,47.38,109.711,2.736,80.778,1
2025-04-01 00:58:21,25.667,47.076,115.849,2.76,81.533,1
2025-04-01 00:58:22,25.668,45.669,105.401,2.849,83.211,1
2025-04-01 00:58:23,22.055,45.651,107.438,2.733,82.357,1
2025-04-01 00:58:24,24.58,46.699,116.051,2.575,81.203,1
2025-04-01 00:58:25,23.459,47.721,121.75,2.637,80.887,1
2025-04-01 00:58:26,27.478,48.12,121.99,2.819,79.629,1
2025-04-01 00:58:27,26.203,48.915,131.268,2.741,81.316,1
2025-04-01 00:58:28,23.444,47.695,109.428,2.757,79.777,1
2025-04-01 00:58:29,27.312,47.884,114.916,2.659,80.739,1
2025-04-01 00:58:30,25.389,48.047,104.993,2.78,78.87,1
2025-04-01 00:58:31,23.322,47.786,110.529,4.953,80.597,1
2025-04-01 00:58:32,25.08,46.94,116.369,5.03,80.339,1
2025-04-01 00:58:33,29.856,47.432,110.259,4.712,79.025,1
2025-04-01 00:58:34,23.931,46.283,108.692,4.567,79.555,1
2025-04-01 00:58:35,23.742,46.025,113.874,4.805,79.286,1
2025-04-01 00:58:36,27.859,48.053,117.696,4.461,79.963,1
2025-04-01 00:58:37,24.194,47.082,120.961,4.32,79.731,1
2025-04-01 00:58:38,27.145,47.864,114.202,4.552,77.052,1
2025-04-01 00:58:39,25.221,47.276,124.604,4.763,77.433,1
2025-04-01 00:58:40,20.243,45.232,122.792,4.587,79.836,1
2025-04-01 00:58:41,22.571,71.883,97.432,4.597,77.492,1
2025-04-01 00:58:42,24.229,56.275,99.794,4.793,79.932,1
2025-04-01 00:58:43,23.578,55.676,99.495,4.595,78.049,1
2025-04-01 00:58:44,24.118,56.039,100.624,4.827,77.619,1
2025-04-01 00:58:45,25.058,36.747,96.633,4.639,77.801,1
2025-04-01 00:58:46,23.839,36.831,87.195,4.703,79.536,1
2025-04-01 00:58:47,23.068,35.227,103.955,4.461,76.722,1
2025-04-01 00:58:48,25.061,36.945,106.188,4.49,76.625,1
2025-04-01 00:58:49,22.868,34.72,94.931,4.701,77.549,1
2025-04-01 00:58:50,24.083,36.536,100.899,4.428,78.244,1
2025-04-01 00:58:51,27.808,37.14,99.3,4.628,76.795,1
2025-04-01 00:58:52,25.392,35.691,100.472,4.487,77.001,1
2025-04-01 00:58:53,21.202,37.225,99.653,4.729,77.669,1
2025-04-01 00:58:54,26.627,36.79,96.235,4.391,77.012,1
2025-04-01 00:58:55,21.613,35.073,93.572,4.797,77.736,1
2025-04-01 00:58:56,25.421,36.485,103.219,4.685,76.99,1
2025-04-01 00:58:57,23.815,34.57,98.466,4.45,76.516,1
2025-04-01 00:58:58,22.485,35.634,96.502,4.551,75.458,1
2025-04-01 00:58:59,24.196,36.371,101.003,4.611,76.304,1
2025-04-01 00:59:00,25.222,35.522,95.63,4.731,75.978,1
2025-04-01 00:59:01,22.048,34.588,101.038,4.747,75.747,1
2025-04-01 00:59:02,27.32,34.342,102.69,4.529,76.769,1
2025-04-01 00:59:03,25.673,35.853,96.679,4.376,76.915,1
2025-04-01 00:59:04,19.597,35.076,101.702,4.771,76.359,1
2025-04-01 00:59:05,21.721,36.014,106.348,4.477,74.589,1
2025-04-01 00:59:06,23.783,35.191,101.71,4.478,75.31,1
2025-04-01 00:59:07,26.358,35.014,102.438,4.651,75.958,1
2025-04-01 00:59:08,19.252,35.707,110.056,4.553,77.43,1
2025-04-01 00:59:09,19.238,35.136,74.636,4.688,74.638,1
2025-04-01 00:59:10,23.574,34.338,89.892,4.667,74.641,1
2025-04-01 00:59:11,25.655,34.922,83.717,4.919,75.895,1
2025-04-01 00:59:12,22.269,34.983,87.533,4.61,75.763,1
2025-04-01 00:59:13,25.471,33.158,84.924,4.845,76.242,1
2025-04-01 00:59:14,20.01,33.967,80.103,4.739,74.203,1
2025-04-01 00:59:15,20.067,32.952,85.561,4.918,76.451,1
2025-04-01 00:59:16,20.839,34.58,80.324,4.9,75.657,1
2025-04-01 00:59:17,23.408,34.409,87.646,4.83,74.535,1
2025-04-01 00:59:18,23.475,33.425,77.058,4.934,73.095,1
2025-04-01 00:59:19,21.949,33.757,83.041,10.982,74.891,1
2025-04-01 00:59:20,24.242,33.982,74.998,11.38,75.842,1
2025-04-01 00:59:21,23.757,34.037,83.131,11.16,74.709,1
2025-04-01 00:59:22,24.401,33.612,76.228,12.099,75.053,1
2025-04-01 00:59:23,19.883,31.718,80.438,11.783,74.683,1
2025-04-01 00:59:24,24.692,32.824,83.962,11.446,75.486,1
2025-04-01 00:59:25,27.226,33.562,73.94,11.788,75.51,1
2025-04-01 00:59:26,21.653,32.562,77.563,11.765,74.39,1
2025-04-01 00:59:27,26.354,33.644,80.864,12.334,76.576,1
2025-04-01 00:59:28,21.676,32.757,81.183,12.38,74.686,1
2025-04-01 00:59:29,20.908,32.569,75.998,12.418,76.196,1
2025-04-01 00:59:30,26.976,33.757,74.859,12.71,76.335,1
2025-04-01 00:59:31,24.528,31.894,78.097,11.934,76.762,1
2025-04-01 00:59:32,23.716,30.917,73.555,12.077,77.271,1
2025-04-01 00:59:33,25.934,32.317,83.304,12.272,76.642,1
2025-04-01 00:59:34,22.577,32.847,75.881,6.371,75.959,1
2025-04-01 00:59:35,24.249,32.471,77.051,6.299,77.3,1
2025-04-01 00:59:36,25.987,31.625,76.259,6.082,77.676,1
2025-04-01 00:59:37,23.305,31.314,79.341,6.317,76.255,1
2025-04-01 00:59:38,22.486,31.154,78.799,6.61,76.358,1
2025-04-01 00:59:39,22.673,32.268,76.933,6.604,77.008,1
2025-04-01 00:59:40,24.118,50.281,82.157,6.81,76.377,1
2025-04-01 00:59:41,21.846,50.643,81.552,6.261,79.47,1
2025-04-01 00:59:42,26.45,50.977,81.941,6.586,78.178,1
2025-04-01 00:59:43,23.322,50.926,84.074,6.65,77.325,1
2025-04-01 00:59:44,22.024,50.696,75.893,6.691,78.987,1
2025-04-01 00:59:45,21.587,50.597,76.981,6.655,78.395,1
2025-04-01 00:59:46,24.712,49.791,79.926,6.702,78.049,1
2025-04-01 00:59:47,24.606,66.083,78.078,6.731,79.342,1
2025-04-01 00:59:48,27.073,64.895,83.529,6.595,80.396,1
2025-04-01 00:59:49,23.241,65.863,83.073,6.58,78.418,1
2025-04-01 00:59:50,24.07,65.814,81.472,6.681,80.451,1
2025-04-01 00:59:51,22.409,65.031,84.754,6.714,79.58,1
2025-04-01 00:59:52,24.806,64.693,80.775,11.091,78.883,1
2025-04-01 00:59:53,25.32,65.789,86.46,10.8,78.209,1
2025-04-01 00:59:54,24.51,64.361,81.113,10.51,79.602,1
2025-04-01 00:59:55,25.395,64.842,83.758,10.526,79.081,1
2025-04-01 00:59:56,23.277,66.402,83.46,11.271,78.301,1
2025-04-01 00:59:57,24.887,64.823,84.545,10.801,80.362,1
2025-04-01 00:59:58,26.413,63.954,80.501,10.556,77.932,1
2025-04-01 00:59:59,22.16,44.485,79.713,10.584,80.406,1
2025-04-01 01:00:00,24.243,45.958,83.324,11.086,80.47,1
2025-04-01 01:00:01,23.395,43.73,82.88,10.691,80.343,1
2025-04-01 01:00:02,24.048,44.653,78.615,10.479,80.586,1
2025-04-01 01:00:03,22.102,44.94,87.268,10.784,81.481,1
2025-04-01 01:00:04,24.047,44.002,79.686,10.547,81.882,1
2025-04-01 01:00:05,24.609,43.83,81.075,20.073,81.078,1
2025-04-01 01:00:06,25.45,44.941,83.386,20.317,82.843,1
2025-04-01 01:00:07,24.789,44.232,86.509,20.247,80.855,1
2025-04-01 01:00:08,23.32,43.95,82.644,19.938,81.386,1
2025-04-01 01:00:09,26.002,44.695,86.857,20.488,83.695,1
2025-04-01 01:00:10,24.791,44.185,84.519,20.461,81.9,1
2025-04-01 01:00:11,24.44,44.362,83.232,21.306,82.022,1
2025-04-01 01:00:12,24.195,44.543,82.641,20.262,81.931,1
2025-04-01 01:00:13,25.0,43.331,82.685,20.239,83.204,1
2025-04-01 01:00:14,24.07,44.302,86.299,19.965,84.244,1
2025-04-01 01:00:15,26.548,44.567,86.306,19.927,82.207,1
2025-04-01 01:00:16,26.734,44.202,86.489,18.778,82.033,1
2025-04-01 01:00:17,26.015,44.906,85.981,20.305,82.998,1
2025-04-01 01:00:18,24.468,45.003,86.547,18.968,83.307,1
2025-04-01 01:00:19,24.523,44.036,83.741,19.569,81.538,1
2025-04-01 01:00:20,27.556,43.218,82.898,20.16,81.399,1
2025-04-01 01:00:21,25.343,45.497,84.763,19.096,82.991,1
2025-04-01 01:00:22,25.761,42.593,82.772,18.877,83.091,1
2025-04-01 01:00:23,25.102,43.308,86.145,19.985,84.425,1
2025-04-01 01:00:24,27.36,44.619,89.552,18.975,83.129,1
2025-04-01 01:00:25,26.983,44.259,84.48,19.084,84.536,1
2025-04-01 01:00:26,25.0,45.398,92.524,19.551,82.427,1
2025-04-01 01:00:27,24.592,43.471,89.143,19.459,85.483,1
2025-04-01 01:00:28,24.762,45.049,85.275,19.803,84.972,1
2025-04-01 01:00:29,27.596,44.944,87.56,19.198,84.816,1
2025-04-01 01:00:30,25.937,44.114,85.222,18.715,86.006,1
2025-04-01 01:00:31,26.942,44.362,86.102,18.827,84.495,1
2025-04-01 01:00:32,25.703,43.973,87.528,18.706,83.246,1
2025-04-01 01:00:33,24.066,28.041,85.199,19.535,85.556,1
2025-04-01 01:00:34,26.566,27.598,88.476,18.976,83.768,1
2025-04-01 01:00:35,26.434,27.596,92.005,18.467,84.248,1
2025-04-01 01:00:36,26.239,27.5,88.929,18.408,84.345,1
2025-04-01 01:00:37,28.691,27.588,89.382,18.687,85.792,1
2025-04-01 01:00:38,28.973,27.282,91.64,18.581,85.761,1
2025-04-01 01:00:39,25.754,28.488,89.415,18.512,84.622,1
2025-04-01 01:00:40,28.575,29.115,89.299,17.861,85.464,1
2025-04-01 01:00:41,24.805,27.977,96.496,18.517,84.152,1
2025-04-01 01:00:42,27.636,27.746,86.985,17.441,85.208,1
2025-04-01 01:00:43,24.355,27.265,88.229,17.168,85.035,1
2025-04-01 01:00:44,27.214,27.329,97.534,18.062,84.689,1
2025-04-01 01:00:45,26.857,30.129,93.059,17.828,85.012,1
2025-04-01 01:00:46,26.658,28.984,90.336,18.823,84.15,1
2025-04-01 01:00:47,28.266,28.783,99.506,17.702,84.977,1
2025-04-01 01:00:48,25.725,29.71,90.431,17.701,84.622,1
2025-04-01 01:00:49,35.48,28.175,94.071,18.215,83.687,1
2025-04-01 01:00:50,37.128,27.812,92.589,18.255,84.3,1
2025-04-01 01:00:51,39.46,28.434,94.36,16.986,86.007,1
2025-04-01 01:00:52,33.274,29.381,88.81,17.424,85.77,1
2025-04-01 01:00:53,39.64,26.922,99.626,17.687,84.955,1
2025-04-01 01:00:54,35.421,27.53,85.371,17.675,85.711,1
2025-04-01 01:00:55,32.221,29.988,96.26,17.918,83.953,1
2025-04-01 01:00:56,38.731,27.812,94.232,16.563,85.539,1
2025-04-01 01:00:57,32.705,28.537,91.841,17.969,85.539,1
2025-04-01 01:00:58,36.17,30.145,97.769,17.499,84.54,1
2025-04-01 01:00:59,35.937,28.941,98.0,17.43,85.775,1
2025-04-01 01:01:00,33.013,30.319,93.122,17.827,83.509,1
2025-04-01 01:01:01,40.343,29.573,97.33,17.192,84.301,1
2025-04-01 01:01:02,33.847,29.929,100.454,17.11,83.581,1
2025-04-01 01:01:03,37.681,29.298,107.098,17.541,84.772,1
2025-04-01 01:01:04,32.708,29.884,94.235,17.101,84.916,1
2025-04-01 01:01:05,34.085,28.891,103.916,17.021,83.25,1
2025-04-01 01:01:06,35.678,29.148,98.293,17.092,82.81,1
2025-04-01 01:01:07,37.631,30.755,104.089,18.592,83.652,1
2025-04-01 01:01:08,37.086,29.046,109.566,17.046,83.762,1
2025-04-01 01:01:09,32.912,28.564,105.165,16.35,83.371,1
2025-04-01 01:01:10,38.477,29.795,107.05,17.284,83.484,1
2025-04-01 01:01:11,33.312,29.968,104.197,16.665,82.807,1
2025-04-01 01:01:12,29.674,31.184,108.057,16.987,81.094,1
2025-04-01 01:01:13,29.372,30.003,114.731,15.778,82.489,1
2025-04-01 01:01:14,27.636,30.515,111.245,16.371,83.701,1
2025-04-01 01:01:15,27.826,49.723,113.505,16.505,82.423,1
2025-04-01 01:01:16,23.083,49.646,114.309,17.092,83.837,1
2025-04-01 01:01:17,25.27,50.37,110.56,16.393,82.27,1
2025-04-01 01:01:18,27.606,50.556,113.881,16.621,80.054,1
2025-04-01 01:01:19,27.355,50.57,117.356,16.35,82.314,1
2025-04-01 01:01:20,25.871,50.701,118.522,16.787,82.23,1
2025-04-01 01:01:21,25.533,51.212,119.577,16.742,82.957,1
2025-04-01 01:01:22,26.636,51.253,119.27,16.493,80.163,1
2025-04-01 01:01:23,22.205,51.815,122.339,16.582,82.098,1
2025-04-01 01:01:24,25.231,51.165,123.573,16.255,82.626,1
2025-04-01 01:01:25,25.007,51.999,121.337,16.545,81.898,1
2025-04-01 01:01:26,26.829,51.486,124.27,16.421,81.947,1
2025-04-01 01:01:27,21.787,51.911,124.049,16.318,80.866,1
2025-04-01 01:01:28,22.661,50.55,120.493,17.073,79.581,1
2025-04-01 01:01:29,26.947,52.53,129.108,17.59,80.565,1
2025-04-01 01:01:30,24.653,52.023,129.743,18.126,81.435,1
2025-04-01 01:01:31,25.451,52.46,122.931,18.03,81.186,1
2025-04-01 01:01:32,25.402,51.167,135.261,16.589,79.578,1
2025-04-01 01:01:33,24.302,51.98,133.695,17.042,79.681,1
2025-04-01 01:01:34,30.247,51.055,130.944,16.403,80.533,1
2025-04-01 01:01:35,24.283,53.548,130.496,17.464,79.12,1
2025-04-01 01:01:36,22.472,52.619,125.405,17.164,79.2,1
2025-04-01 01:01:37,25.095,52.005,118.567,17.332,78.843,1
2025-04-01 01:01:38,24.654,52.12,124.085,17.259,78.958,1
2025-04-01 01:01:39,24.268,52.288,118.059,17.667,77.491,1
2025-04-01 01:01:40,24.187,52.962,126.978,18.708,79.293,1
2025-04-01 01:01:41,25.324,52.597,128.943,16.934,81.51,1
2025-04-01 01:01:42,28.475,52.895,129.518,16.883,79.632,1
2025-04-01 01:01:43,23.01,53.251,119.773,16.536,77.645,1
2025-04-01 01:01:44,21.888,52.799,119.508,17.234,78.644,1
2025-04-01 01:01:45,22.238,34.556,120.68,16.658,75.799,1
2025-04-01 01:01:46,22.374,37.137,126.951,17.008,76.54,1
2025-04-01 01:01:47,23.303,35.669,126.676,18.074,78.791,1
2025-04-01 01:01:48,22.75,36.538,119.37,18.485,76.054,1
2025-04-01 01:01:49,26.088,36.674,128.358,17.953,77.355,1
2025-04-01 01:01:50,22.698,35.394,122.883,18.528,78.486,1
2025-04-01 01:01:51,22.77,36.974,124.148,17.34,78.625,1
2025-04-01 01:01:52,21.342,35.216,130.915,17.681,76.931,1
2025-04-01 01:01:53,22.47,36.979,131.669,18.116,75.981,1
2025-04-01 01:01:54,23.45,36.388,125.438,17.439,76.7,1
2025-04-01 01:01:55,23.206,36.345,131.329,18.715,75.658,1
2025-04-01 01:01:56,24.788,37.092,131.446,18.212,76.993,1
2025-04-01 01:01:57,22.053,36.621,130.079,17.606,75.958,1
2025-04-01 01:01:58,26.756,39.207,132.085,18.155,75.755,1
2025-04-01 01:01:59,23.304,36.114,103.986,18.73,75.698,1
2025-04-01 01:02:00,24.823,35.919,99.933,18.537,77.241,1
2025-04-01 01:02:01,22.894,37.276,101.121,19.356,76.955,1
2025-04-01 01:02:02,26.693,37.044,99.388,18.904,77.015,1
2025-04-01 01:02:03,24.703,37.969,109.225,10.3,76.904,1
2025-04-01 01:02:04,24.999,36.912,102.635,9.945,75.621,1
2025-04-01 01:02:05,20.814,54.427,100.369,10.451,76.57,1
2025-04-01 01:02:06,21.298,54.769,106.995,10.269,70.417,1
2025-04-01 01:02:07,23.244,53.368,98.753,10.126,83.383,1
2025-04-01 01:02:08,21.262,54.038,101.419,10.603,69.191,1
2025-04-01 01:02:09,21.616,54.656,83.14,10.289,63.343,1
2025-04-01 01:02:10,22.738,54.407,81.742,10.565,80.26,1
2025-04-01 01:02:11,24.141,53.257,84.443,11.055,96.95,1
2025-04-01 01:02:12,23.363,54.446,78.1,10.418,66.296,1
2025-04-01 01:02:13,24.678,54.109,70.139,10.954,75.071,1
2025-04-01 01:02:14,25.769,52.81,88.785,10.225,79.471,1
2025-04-01 01:02:15,23.942,55.037,74.839,10.361,74.88,1
2025-04-01 01:02:16,25.005,54.379,85.209,10.423,76.966,1
2025-04-01 01:02:17,23.203,54.418,78.991,10.716,74.077,1
2025-04-01 01:02:18,23.021,53.884,73.201,10.422,80.643,1
2025-04-01 01:02:19,25.769,53.791,81.488,10.749,76.679,1
2025-04-01 01:02:20,21.609,53.777,86.738,10.302,67.509,1
2025-04-01 01:02:21,20.111,54.917,75.861,11.007,81.34,1
2025-04-01 01:02:22,21.635,53.722,77.526,10.148,88.272,1
2025-04-01 01:02:23,25.259,53.467,80.103,10.493,77.796,1
2025-04-01 01:02:24,24.449,53.373,77.972,10.307,64.098,1
2025-04-01 01:02:25,23.903,53.272,80.49,10.448,92.308,1
2025-04-01 01:02:26,24.349,54.617,84.127,10.737,65.441,1
2025-04-01 01:02:27,27.074,55.241,78.905,10.617,64.211,1
2025-04-01 01:02:28,25.586,53.594,77.716,10.896,77.215,1
2025-04-01 01:02:29,24.74,53.888,75.266,10.511,76.418,1
2025-04-01 01:02:30,22.457,52.993,83.836,10.393,72.31,1
2025-04-01 01:02:31,23.296,55.341,83.35,10.555,75.101,1
2025-04-01 01:02:32,22.909,54.715,80.245,10.876,56.082,1
2025-04-01 01:02:33,27.287,53.564,77.061,10.36,73.683,1
2025-04-01 01:02:34,23.158,55.48,77.272,10.453,70.657,1
2025-04-01 01:02:35,23.477,53.976,78.099,10.535,74.633,1
2025-04-01 01:02:36,26.115,52.89,81.273,10.612,75.083,1
2025-04-01 01:02:37,25.059,54.147,73.189,10.892,63.005,1
2025-04-01 01:02:38,26.661,53.044,72.111,10.806,89.488,1
2025-04-01 01:02:39,25.745,54.933,78.16,10.291,61.366,1
2025-04-01 01:02:40,20.965,53.583,77.319,11.161,76.758,1
2025-04-01 01:02:41,22.102,53.808,79.472,12.469,64.634,1
2025-04-01 01:02:42,22.194,53.561,81.007,12.833,66.802,1
2025-04-01 01:02:43,25.091,53.903,83.223,12.76,95.271,1
2025-04-01 01:02:44,23.28,53.85,89.179,12.519,89.021,1
2025-04-01 01:02:45,22.504,53.186,79.873,12.709,78.199,1
2025-04-01 01:02:46,27.423,55.486,79.941,12.41,87.302,1
2025-04-01 01:02:47,22.023,53.369,84.427,12.295,80.645,1
2025-04-01 01:02:48,19.984,54.196,80.247,12.802,91.707,1
2025-04-01 01:02:49,24.149,52.596,80.403,12.465,77.968,1
2025-04-01 01:02:50,23.738,53.105,78.955,12.541,64.043,1
2025-04-01 01:02:51,22.701,54.423,83.533,12.636,75.626,1
2025-04-01 01:02:52,26.504,50.937,74.717,12.689,66.576,1
2025-04-01 01:02:53,20.082,53.089,81.058,12.249,75.722,1
2025-04-01 01:02:54,24.292,53.291,85.202,12.602,64.606,1
2025-04-01 01:02:55,26.062,54.006,87.417,12.028,77.974,1
2025-04-01 01:02:56,24.286,54.647,74.995,12.134,72.139,1
2025-04-01 01:02:57,28.541,28.115,78.627,11.796,90.711,1
2025-04-01 01:02:58,23.231,29.762,83.191,11.94,70.082,1
2025-04-01 01:02:59,28.745,30.274,76.018,11.981,89.247,1
2025-04-01 01:03:00,25.838,31.026,77.377,11.999,77.968,1
2025-04-01 01:03:01,21.368,29.44,77.557,11.781,97.781,1
2025-04-01 01:03:02,26.311,28.303,77.246,12.125,80.914,1
2025-04-01 01:03:03,24.907,28.525,81.525,12.091,82.873,1
2025-04-01 01:03:04,24.773,29.003,85.382,12.085,81.497,1
2025-04-01 01:03:05,27.378,28.484,79.397,12.118,91.685,1
2025-04-01 01:03:06,25.629,29.397,83.781,12.667,75.889,1
2025-04-01 01:03:07,22.397,27.534,81.907,11.821,78.834,1
2025-04-01 01:03:08,23.051,28.544,83.548,11.669,76.209,1
2025-04-01 01:03:09,27.043,28.757,93.104,11.511,79.346,1
2025-04-01 01:03:10,26.155,27.256,79.757,11.852,79.868,1
2025-04-01 01:03:11,24.137,28.951,88.492,11.97,92.028,1
2025-04-01 01:03:12,25.165,28.381,80.479,17.446,86.56,1
2025-04-01 01:03:13,21.82,29.347,82.31,16.08,74.24,1
2025-04-01 01:03:14,24.825,30.753,82.728,17.133,89.541,1
2025-04-01 01:03:15,25.384,30.134,78.564,17.187,77.539,1
2025-04-01 01:03:16,24.786,30.138,86.704,17.727,65.784,1
2025-04-01 01:03:17,23.628,30.096,77.46,16.681,68.934,1
2025-04-01 01:03:18,25.021,30.406,80.331,16.908,78.495,1
2025-04-01 01:03:19,28.973,0.613,81.781,16.312,76.72,1
2025-04-01 01:03:20,24.33,0.084,83.489,16.309,86.221,1
2025-04-01 01:03:21,24.435,2.27,78.321,16.398,87.19,1
2025-04-01 01:03:22,22.279,0.198,82.985,16.272,75.997,1
2025-04-01 01:03:23,27.877,-1.027,80.239,16.418,89.78,1
2025-04-01 01:03:24,26.202,0.847,84.426,17.539,90.966,1
2025-04-01 01:03:25,28.185,0.226,76.442,16.725,79.7,1
2025-04-01 01:03:26,24.116,-1.493,79.337,17.006,78.137,1
2025-04-01 01:03:27,24.077,-0.686,81.952,16.948,90.576,1
2025-04-01 01:03:28,21.28,-1.296,86.419,15.808,91.484,1
2025-04-01 01:03:29,23.819,-1.428,81.075,15.694,94.535,1
2025-04-01 01:03:30,22.092,-0.426,77.747,16.546,84.877,1
2025-04-01 01:03:31,24.538,-1.441,82.59,15.823,81.406,1
2025-04-01 01:03:32,23.422,-1.146,86.807,16.703,79.29,1
2025-04-01 01:03:33,22.948,23.794,78.671,17.107,83.639,1
2025-04-01 01:03:34,26.739,20.892,82.8,15.246,93.659,1
2025-04-01 01:03:35,23.143,22.651,89.927,16.488,94.735,1
2025-04-01 01:03:36,24.796,20.987,86.89,15.468,65.793,1
2025-04-01 01:03:37,25.426,22.159,81.387,16.528,86.694,1
2025-04-01 01:03:38,28.859,22.724,84.809,15.656,85.623,1
2025-04-01 01:03:39,25.787,23.093,81.139,16.24,91.548,1
2025-04-01 01:03:40,36.898,20.593,82.465,15.454,76.417,1
2025-04-01 01:03:41,36.453,19.648,83.726,16.1,79.854,1
2025-04-01 01:03:42,35.385,23.009,82.689,16.552,90.06,1
2025-04-01 01:03:43,40.883,21.731,83.961,16.291,81.795,1
2025-04-01 01:03:44,34.712,20.937,88.615,16.442,87.057,1
2025-04-01 01:03:45,37.017,21.497,90.255,15.617,90.326,1
2025-04-01 01:03:46,35.401,22.444,82.751,14.924,78.749,1
2025-04-01 01:03:47,34.075,36.177,89.447,14.501,93.864,1
2025-04-01 01:03:48,38.35,36.489,87.541,10.082,71.691,1
2025-04-01 01:03:49,34.571,19.696,84.741,8.991,83.511,1
2025-04-01 01:03:50,37.284,20.08,87.333,9.856,75.195,1
2025-04-01 01:03:51,36.14,20.79,81.235,9.527,85.032,1
2025-04-01 01:03:52,36.697,18.934,81.204,10.004,86.56,1
2025-04-01 01:03:53,36.66,18.771,88.844,10.184,85.547,1
2025-04-01 01:03:54,38.229,18.84,81.017,9.962,86.221,1
2025-04-01 01:03:55,37.336,19.88,88.582,9.398,84.504,1
2025-04-01 01:03:56,39.821,20.483,81.978,9.588,84.823,1
2025-04-01 01:03:57,37.663,20.079,81.525,10.18,84.449,1
2025-04-01 01:03:58,38.184,20.322,79.709,9.747,85.281,1
2025-04-01 01:03:59,39.911,18.509,83.319,9.849,85.912,1
2025-04-01 01:04:00,39.333,19.548,75.32,10.069,84.133,1
2025-04-01 01:04:01,36.484,20.503,80.736,9.672,82.513,1
2025-04-01 01:04:02,36.782,19.25,87.839,9.839,85.302,1
2025-04-01 01:04:03,34.714,19.624,73.742,10.266,83.176,1
2025-04-01 01:04:04,33.923,18.904,93.264,9.72,83.483,1
2025-04-01 01:04:05,38.06,19.701,85.104,9.625,83.772,1
2025-04-01 01:04:06,34.374,19.278,80.136,9.475,83.952,1
2025-04-01 01:04:07,39.74,18.296,85.795,9.748,84.252,1
2025-04-01 01:04:08,39.699,-10.712,86.572,9.836,85.676,1
2025-04-01 01:04:09,34.441,-11.48,82.562,9.148,82.873,1
2025-04-01 01:04:10,38.631,-11.58,90.717,10.041,83.361,1
2025-04-01 01:04:11,35.596,-11.135,88.828,10.709,85.354,1
2025-04-01 01:04:12,38.575,-10.77,84.614,10.773,84.306,1
2025-04-01 01:04:13,39.9,-11.446,88.295,9.687,83.111,1
2025-04-01 01:04:14,37.865,-10.367,78.662,10.335,83.691,1
2025-04-01 01:04:15,35.27,-10.378,77.566,10.185,83.644,1
2025-04-01 01:04:16,35.11,-11.747,89.612,10.136,83.029,1
2025-04-01 01:04:17,34.338,-12.151,94.576,10.285,83.304,1
2025-04-01 01:04:18,33.161,-11.377,74.146,10.465,84.542,1
2025-04-01 01:04:19,37.83,-11.934,83.851,10.167,81.603,1
2025-04-01 01:04:20,37.585,-11.324,89.312,10.299,81.633,1
2025-04-01 01:04:21,36.67,-11.653,74.983,10.055,81.113,1
2025-04-01 01:04:22,36.95,-11.734,89.311,10.419,83.786,1
2025-04-01 01:04:23,37.825,-11.91,84.718,10.447,83.105,1
2025-04-01 01:04:24,37.916,-11.454,84.546,11.227,82.854,1
2025-04-01 01:04:25,34.479,-12.48,78.687,10.432,80.912,1
2025-04-01 01:04:26,39.267,-12.487,88.458,10.339,80.932,1
2025-04-01 01:04:27,36.015,-11.557,87.076,10.576,81.835,1
2025-04-01 01:04:28,37.054,-12.252,85.434,10.574,81.707,1
2025-04-01 01:04:29,37.083,-12.541,81.046,10.574,80.405,1
2025-04-01 01:04:30,33.262,-12.942,88.156,10.78,79.15,1
2025-04-01 01:04:31,39.529,-12.046,80.024,10.148,82.72,1
2025-04-01 01:04:32,36.361,-13.739,78.931,10.288,79.842,1
2025-04-01 01:04:33,34.708,-11.012,82.364,10.477,80.214,1
2025-04-01 01:04:34,37.189,-12.041,88.805,18.271,80.719,1
2025-04-01 01:04:35,47.372,17.389,88.762,17.522,80.007,1
2025-04-01 01:04:36,44.257,17.037,81.601,17.306,80.641,1
2025-04-01 01:04:37,48.369,17.837,85.078,18.113,80.166,1
2025-04-01 01:04:38,44.852,17.446,87.533,18.26,79.535,1
2025-04-01 01:04:39,44.783,18.418,84.241,8.281,79.928,1
2025-04-01 01:04:40,44.914,16.528,84.926,8.608,79.74,1
2025-04-01 01:04:41,46.085,17.947,97.276,8.103,78.743,1
2025-04-01 01:04:42,41.093,18.47,84.388,8.288,79.244,1
2025-04-01 01:04:43,48.885,17.727,85.656,8.452,79.447,1
2025-04-01 01:04:44,45.63,19.523,84.057,8.443,79.726,1
2025-04-01 01:04:45,48.736,18.067,85.432,8.354,79.823,1
2025-04-01 01:04:46,49.898,18.118,76.893,8.342,78.128,1
2025-04-01 01:04:47,45.225,15.746,89.207,8.5,76.772,1
2025-04-01 01:04:48,46.27,17.443,86.103,8.879,71.049,1
2025-04-01 01:04:49,48.685,18.834,93.559,8.405,72.082,1
2025-04-01 01:04:50,62.134,17.953,89.159,8.25,64.08,1
2025-04-01 01:04:51,60.109,17.604,81.378,8.659,73.923,1
2025-04-01 01:04:52,59.051,17.707,92.307,8.45,77.898,1
2025-04-01 01:04:53,61.42,18.211,83.977,9.143,83.668,1
2025-04-01 01:04:54,62.972,18.068,79.992,8.387,72.924,1
2025-04-01 01:04:55,61.86,16.488,91.427,8.777,88.71,1
2025-04-01 01:04:56,66.643,17.866,85.893,8.391,89.916,1
2025-04-01 01:04:57,62.491,34.822,94.348,8.972,76.33,1
2025-04-01 01:04:58,65.032,33.245,91.138,8.929,72.578,1
2025-04-01 01:04:59,64.007,35.113,94.928,8.937,83.038,1
2025-04-01 01:05:00,65.675,33.522,90.845,8.988,81.667,1
2025-04-01 01:05:01,63.103,35.066,88.95,8.536,84.294,1
2025-04-01 01:05:02,67.282,35.367,98.059,9.125,67.625,1
2025-04-01 01:05:03,66.383,34.784,87.974,8.938,96.209,1
2025-04-01 01:05:04,59.004,34.317,86.003,8.973,89.115,1
2025-04-01 01:05:05,58.686,35.28,98.196,8.135,71.778,1
2025-04-01 01:05:06,49.871,35.134,85.455,8.752,88.232,1
2025-04-01 01:05:07,56.592,33.786,88.024,8.282,66.087,1
2025-04-01 01:05:08,51.026,34.431,89.181,8.949,72.693,1
2025-04-01 01:05:09,58.545,11.134,92.135,8.64,65.997,1
2025-04-01 01:05:10,59.521,11.668,106.588,8.379,77.687,1
2025-04-01 01:05:11,54.764,12.108,85.234,8.689,75.749,1
2025-04-01 01:05:12,53.889,11.664,89.885,8.302,82.836,1
2025-04-01 01:05:13,56.032,11.507,96.329,8.311,72.506,1
2025-04-01 01:05:14,72.35,10.549,95.093,8.576,74.983,1
2025-04-01 01:05:15,61.33,11.284,91.529,8.706,76.735,1
2025-04-01 01:05:16,66.151,10.988,94.929,8.534,83.447,1
2025-04-01 01:05:17,64.772,10.393,86.873,8.637,76.59,1
2025-04-01 01:05:18,57.307,9.597,85.111,8.369,69.139,1
2025-04-01 01:05:19,66.388,11.871,83.496,8.489,81.947,1
2025-04-01 01:05:20,59.15,10.98,102.625,8.56,84.031,1
2025-04-01 01:05:21,47.487,11.596,98.856,8.466,81.486,1
2025-04-01 01:05:22,52.599,12.563,95.863,8.537,75.104,1
2025-04-01 01:05:23,44.039,12.509,85.004,8.074,71.23,1
2025-04-01 01:05:24,50.261,12.185,89.407,8.416,95.418,1
2025-04-01 01:05:25,48.192,11.978,87.331,7.866,69.935,1
2025-04-01 01:05:26,47.073,12.967,91.136,8.474,67.941,1
2025-04-01 01:05:27,47.135,13.774,91.111,8.236,57.14,1
2025-04-01 01:05:28,49.333,12.455,97.718,3.618,75.732,1
2025-04-01 01:05:29,43.075,12.446,91.246,3.538,69.648,1
2025-04-01 01:05:30,47.673,11.506,98.3,3.668,62.924,1
2025-04-01 01:05:31,49.558,13.093,103.785,3.516,79.886,1
2025-04-01 01:05:32,45.419,11.501,95.788,3.363,86.187,1
2025-04-01 01:05:33,47.906,13.248,93.438,3.617,72.498,1
2025-04-01 01:05:34,47.988,14.43,91.877,3.506,81.364,1
2025-04-01 01:05:35,48.29,43.045,89.428,3.374,79.82,1
2025-04-01 01:05:36,45.119,43.995,92.957,3.425,62.748,1
2025-04-01 01:05:37,43.454,41.535,101.188,3.451,83.488,1
2025-04-01 01:05:38,48.825,44.084,95.165,3.525,74.459,1
2025-04-01 01:05:39,46.36,42.965,98.43,3.429,69.228,1
2025-04-01 01:05:40,45.384,43.638,108.895,3.473,69.238,1
2025-04-01 01:05:41,47.194,17.671,105.816,3.454,85.058,1
2025-04-01 01:05:42,40.442,17.472,88.658,3.405,75.351,1
2025-04-01 01:05:43,52.493,19.482,87.343,3.349,75.48,1
2025-04-01 01:05:44,50.583,18.307,89.289,3.458,69.609,1
2025-04-01 01:05:45,48.363,18.103,87.371,3.483,89.278,1
2025-04-01 01:05:46,44.846,19.555,81.979,3.399,72.83,1
2025-04-01 01:05:47,42.458,43.866,97.682,3.13,75.047,1
2025-04-01 01:05:48,47.665,41.254,97.727,3.288,62.462,1
2025-04-01 01:05:49,42.274,42.125,88.97,3.302,84.801,1
2025-04-01 01:05:50,41.13,42.245,105.572,3.241,58.782,1
2025-04-01 01:05:51,49.424,43.675,95.266,3.146,97.56,1
2025-04-01 01:05:52,47.083,43.028,88.083,3.209,59.054,1
2025-04-01 01:05:53,46.437,43.507,98.406,3.278,100.232,1
2025-04-01 01:05:54,42.556,43.791,86.763,3.219,86.347,1
2025-04-01 01:05:55,43.296,43.35,91.572,3.4,85.665,1
2025-04-01 01:05:56,49.21,45.317,96.813,3.141,69.201,1
2025-04-01 01:05:57,47.811,44.574,108.058,3.17,91.036,1
2025-04-01 01:05:58,48.378,44.074,105.505,3.069,81.12,1
2025-04-01 01:05:59,48.064,42.517,100.757,6.484,71.548,1
2025-04-01 01:06:00,32.897,43.223,97.702,7.312,89.969,1
2025-04-01 01:06:01,52.486,44.332,94.639,6.299,49.765,1
2025-04-01 01:06:02,50.611,44.99,96.059,6.752,69.997,1
2025-04-01 01:06:03,50.331,44.318,101.904,6.686,86.119,1
2025-04-01 01:06:04,50.833,44.828,95.317,6.851,114.678,1
2025-04-01 01:06:05,45.772,45.515,104.455,6.48,91.573,1
2025-04-01 01:06:06,42.342,43.156,95.645,6.71,101.055,1
2025-04-01 01:06:07,58.26,44.905,88.559,6.522,87.566,1
2025-04-01 01:06:08,52.541,45.096,96.341,6.816,72.4,1
2025-04-01 01:06:09,46.983,44.716,102.959,6.791,100.989,1
2025-04-01 01:06:10,51.11,44.745,101.963,7.021,88.751,1
2025-04-01 01:06:11,55.331,45.969,101.01,6.774,84.789,1
2025-04-01 01:06:12,46.287,44.592,100.956,6.692,115.52,1
2025-04-01 01:06:13,45.997,45.057,95.877,6.701,83.387,1
2025-04-01 01:06:14,51.509,44.446,115.489,5.869,94.262,1
2025-04-01 01:06:15,44.737,46.059,96.23,6.319,96.094,1
2025-04-01 01:06:16,48.265,44.709,114.53,6.749,83.373,1
2025-04-01 01:06:17,35.179,46.217,105.891,6.429,84.061,1
2025-04-01 01:06:18,41.298,45.837,105.196,6.617,101.774,1
2025-04-01 01:06:19,38.382,44.24,100.55,6.568,63.253,1
2025-04-01 01:06:20,33.262,44.902,102.852,5.746,84.14,1
2025-04-01 01:06:21,30.609,45.944,101.425,5.988,71.567,1
2025-04-01 01:06:22,31.654,46.241,101.485,6.203,97.805,1
2025-04-01 01:06:23,37.271,47.036,115.993,6.469,93.863,1
2025-04-01 01:06:24,38.38,46.414,97.597,6.526,76.229,1
2025-04-01 01:06:25,41.787,46.333,103.132,6.398,80.895,1
2025-04-01 01:06:26,38.688,45.107,113.194,6.341,75.259,1
2025-04-01 01:06:27,38.325,45.369,122.031,6.74,97.258,1
2025-04-01 01:06:28,39.932,46.026,114.901,6.422,87.917,1
2025-04-01 01:06:29,37.852,47.145,118.076,6.264,66.724,1
2025-04-01 01:06:30,41.855,44.752,97.275,14.315,95.742,1
2025-04-01 01:06:31,40.521,47.6,93.974,15.873,67.564,1
2025-04-01 01:06:32,38.849,45.562,88.749,14.551,94.009,1
2025-04-01 01:06:33,32.822,44.857,100.076,15.362,96.677,1
2025-04-01 01:06:34,39.063,46.311,104.259,15.173,76.892,1
2025-04-01 01:06:35,29.414,45.697,98.109,16.092,67.349,1
2025-04-01 01:06:36,34.368,45.324,105.232,15.414,89.25,1
2025-04-01 01:06:37,35.616,46.747,98.484,15.313,54.22,1
2025-04-01 01:06:38,38.897,45.513,92.916,15.41,67.697,1
2025-04-01 01:06:39,35.681,45.915,100.899,15.656,83.013,1
2025-04-01 01:06:40,36.79,45.038,96.462,15.005,76.991,1
2025-04-01 01:06:41,40.359,46.678,95.001,16.089,84.772,1
2025-04-01 01:06:42,37.302,44.392,97.034,15.473,91.192,1
2025-04-01 01:06:43,38.654,46.934,98.591,14.626,117.819,1
2025-04-01 01:06:44,43.543,44.82,104.236,14.919,95.26,1
2025-04-01 01:06:45,34.18,45.742,98.987,16.223,88.259,1
2025-04-01 01:06:46,37.126,45.68,99.405,16.229,75.322,1
2025-04-01 01:06:47,42.159,72.161,83.483,15.539,72.718,1
2025-04-01 01:06:48,39.318,73.003,91.051,16.102,94.06,1
2025-04-01 01:06:49,37.914,72.259,86.066,16.088,75.896,1
2025-04-01 01:06:50,38.698,71.435,82.006,16.293,60.149,1
2025-04-01 01:06:51,34.51,70.443,87.081,15.485,111.623,1
2025-04-01 01:06:52,33.334,72.288,80.006,15.854,100.945,1
2025-04-01 01:06:53,40.143,70.678,90.118,16.484,72.866,1
2025-04-01 01:06:54,38.505,71.29,81.324,16.63,81.272,1
2025-04-01 01:06:55,37.961,70.562,78.901,15.578,91.098,1
2025-04-01 01:06:56,40.128,72.059,86.835,15.988,89.756,1
2025-04-01 01:06:57,41.191,71.816,90.502,16.301,106.381,1
2025-04-01 01:06:58,39.539,70.14,85.47,15.939,87.797,1
2025-04-01 01:06:59,27.956,71.023,93.334,17.177,102.911,1
2025-04-01 01:07:00,25.955,70.965,88.459,16.979,95.099,1
2025-04-01 01:07:01,24.596,72.031,86.754,17.013,88.388,1
2025-04-01 01:07:02,29.412,70.894,89.336,15.545,80.815,1
2025-04-01 01:07:03,25.946,71.111,85.845,15.722,77.049,1
2025-04-01 01:07:04,25.938,72.027,90.902,16.9,79.179,1
2025-04-01 01:07:05,23.737,71.651,89.443,16.831,82.808,1
2025-04-01 01:07:06,24.696,69.726,99.58,16.273,69.395,1
2025-04-01 01:07:07,26.739,72.242,95.827,16.913,80.452,1
2025-04-01 01:07:08,25.556,70.105,94.815,16.67,86.304,1
2025-04-01 01:07:09,26.873,69.76,94.977,17.107,80.606,1
2025-04-01 01:07:10,25.845,70.543,87.546,16.714,103.293,1
2025-04-01 01:07:11,27.768,70.962,96.348,18.039,89.103,1
2025-04-01 01:07:12,26.483,70.071,86.149,16.703,88.627,1
2025-04-01 01:07:13,26.606,71.021,98.742,17.486,81.798,1
2025-04-01 01:07:14,27.701,70.341,91.489,16.767,81.159,1
2025-04-01 01:07:15,33.229,70.602,90.772,16.435,83.969,1
2025-04-01 01:07:16,36.779,71.543,92.531,17.685,83.06,1
2025-04-01 01:07:17,34.412,69.965,92.787,17.408,83.623,1
2025-04-01 01:07:18,35.881,70.347,90.929,17.412,83.108,1
2025-04-01 01:07:19,33.765,71.014,94.269,18.268,83.348,1
2025-04-01 01:07:20,33.626,70.755,86.767,17.729,81.556,1
2025-04-01 01:07:21,35.565,70.717,100.295,17.036,82.689,1
2025-04-01 01:07:22,35.838,69.625,96.701,18.227,82.642,1
2025-04-01 01:07:23,34.548,69.767,88.167,17.313,81.323,1
2025-04-01 01:07:24,36.966,68.927,96.661,18.013,83.858,1
2025-04-01 01:07:25,37.224,68.498,100.368,17.058,83.015,1
2025-04-01 01:07:26,34.544,69.628,101.199,17.667,82.305,1
2025-04-01 01:07:27,36.376,67.979,99.518,17.609,82.232,1
2025-04-01 01:07:28,33.258,69.634,97.976,15.617,80.322,1
2025-04-01 01:07:29,32.894,68.944,97.838,16.876,81.443,1
2025-04-01 01:07:30,35.39,68.556,99.086,16.698,81.065,1
2025-04-01 01:07:31,36.713,68.657,98.133,16.654,81.471,1
2025-04-01 01:07:32,32.999,68.379,98.574,16.94,80.067,1
2025-04-01 01:07:33,33.722,68.978,105.651,17.074,80.486,1
2025-04-01 01:07:34,35.8,67.65,97.299,16.948,78.716,1
2025-04-01 01:07:35,32.834,68.099,111.717,17.4,82.223,1
2025-04-01 01:07:36,50.242,68.571,106.277,16.954,79.922,1
2025-04-01 01:07:37,45.143,68.542,98.919,16.969,79.807,1
2025-04-01 01:07:38,51.294,66.682,101.373,16.987,80.202,1
2025-04-01 01:07:39,47.879,69.059,113.018,16.76,77.7,1
2025-04-01 01:07:40,49.282,67.103,106.304,16.465,80.468,1
2025-04-01 01:07:41,50.542,66.662,97.827,16.645,78.562,1
2025-04-01 01:07:42,52.166,67.242,108.619,16.833,78.066,1
2025-04-01 01:07:43,44.724,67.315,101.917,17.709,79.743,1
2025-04-01 01:07:44,48.608,66.956,109.533,16.762,81.323,1
2025-04-01 01:07:45,47.516,67.962,101.712,16.58,77.73,1
2025-04-01 01:07:46,48.681,66.515,110.931,17.443,80.058,1
2025-04-01 01:07:47,50.832,66.666,108.891,16.606,78.699,1
2025-04-01 01:07:48,50.203,66.757,111.329,16.979,79.155,1
2025-04-01 01:07:49,52.48,66.042,118.976,16.545,79.979,1
2025-04-01 01:07:50,47.607,66.422,105.655,16.354,77.748,1
2025-04-01 01:07:51,46.997,67.67,108.284,16.041,79.37,1
2025-04-01 01:07:52,51.491,67.721,109.454,16.467,79.151,1
2025-04-01 01:07:53,49.371,67.097,113.95,16.982,77.183,1
2025-04-01 01:07:54,42.641,66.836,112.239,16.074,76.189,1
2025-04-01 01:07:55,48.024,65.691,113.014,17.088,77.51,1
2025-04-01 01:07:56,48.43,66.142,113.449,16.524,77.237,1
2025-04-01 01:07:57,52.748,67.403,113.512,16.567,76.95,1
2025-04-01 01:07:58,48.281,66.165,122.924,16.38,77.084,1
2025-04-01 01:07:59,48.459,66.406,121.762,15.91,75.317,1
2025-04-01 01:08:00,51.439,66.961,117.107,15.995,77.573,1
2025-04-01 01:08:01,46.528,65.505,118.18,15.408,75.977,1
2025-04-01 01:08:02,48.239,65.93,117.484,15.966,76.071,1
2025-04-01 01:08:03,48.646,65.681,115.935,16.049,76.717,1
2025-04-01 01:08:04,46.786,65.307,120.471,16.224,76.655,1
2025-04-01 01:08:05,50.45,64.035,131.752,16.176,78.459,1
2025-04-01 01:08:06,48.311,62.874,127.328,15.597,78.35,1
2025-04-01 01:08:07,50.452,64.457,124.084,15.683,77.105,1
2025-04-01 01:08:08,43.824,65.571,123.389,16.622,77.012,1
2025-04-01 01:08:09,49.919,63.357,126.919,15.941,75.212,1
2025-04-01 01:08:10,47.383,65.799,127.113,14.665,75.876,1
2025-04-01 01:08:11,43.713,65.762,128.067,15.863,76.941,1
2025-04-01 01:08:12,47.099,64.291,130.486,14.461,75.41,1
2025-04-01 01:08:13,48.525,64.541,115.64,15.015,77.097,1
2025-04-01 01:08:14,38.305,63.635,117.959,14.752,77.076,1
2025-04-01 01:08:15,39.775,65.443,117.259,15.216,77.048,1
2025-04-01 01:08:16,37.763,64.095,119.063,14.901,77.293,1
2025-04-01 01:08:17,39.422,63.692,123.515,15.554,75.363,1
2025-04-01 01:08:18,40.171,63.331,121.925,14.492,77.694,1
2025-04-01 01:08:19,41.352,64.779,122.866,15.049,75.935,1
2025-04-01 01:08:20,39.893,63.205,122.145,14.731,76.858,1
2025-04-01 01:08:21,26.119,63.148,122.322,13.82,76.503,1
2025-04-01 01:08:22,25.839,65.849,125.378,15.06,75.514,1
2025-04-01 01:08:23,25.596,64.103,123.827,14.34,78.063,1
2025-04-01 01:08:24,24.538,65.745,126.23,12.924,76.717,1
2025-04-01 01:08:25,24.666,64.316,121.567,14.39,76.524,1
2025-04-01 01:08:26,25.726,63.582,123.65,14.204,76.947,1
2025-04-01 01:08:27,22.116,63.53,122.467,15.049,77.228,1
2025-04-01 01:08:28,26.055,64.515,125.105,14.004,77.946,1
2025-04-01 01:08:29,25.127,64.564,124.853,14.215,76.39,1
2025-04-01 01:08:30,24.882,64.881,124.188,14.432,77.038,1
2025-04-01 01:08:31,24.987,65.183,121.217,13.787,78.805,1
2025-04-01 01:08:32,22.702,62.719,124.06,14.151,75.796,1
2025-04-01 01:08:33,25.24,64.005,121.298,14.259,77.537,1
2025-04-01 01:08:34,23.865,64.0,122.251,13.238,77.638,1
2025-04-01 01:08:35,25.21,62.85,120.343,13.65,77.203,1
2025-04-01 01:08:36,24.678,62.965,123.402,13.663,77.553,1
2025-04-01 01:08:37,25.154,62.34,119.73,14.195,76.669,1
2025-04-01 01:08:38,24.901,63.596,124.406,13.798,79.481,1
2025-04-01 01:08:39,25.452,62.564,123.657,14.208,79.655,1
2025-04-01 01:08:40,23.655,64.992,123.743,13.862,79.639,1
2025-04-01 01:08:41,25.064,63.767,123.782,13.65,79.611,1
2025-04-01 01:08:42,24.469,63.823,97.658,14.235,77.743,0
2025-04-01 01:08:43,24.276,63.538,97.098,14.279,77.759,0
2025-04-01 01:08:44,24.147,64.922,96.172,13.933,79.517,0
2025-04-01 01:08:45,24.601,63.496,95.511,14.839,80.604,0
2025-04-01 01:08:46,24.721,64.103,95.388,14.042,79.249,0
2025-04-01 01:08:47,24.241,63.83,94.181,8.621,80.785,1
2025-04-01 01:08:48,24.456,62.725,92.615,8.992,80.163,1
2025-04-01 01:08:49,26.045,63.513,95.114,9.023,81.009,1
2025-04-01 01:08:50,24.441,63.7,97.893,8.865,79.615,1
2025-04-01 01:08:51,24.683,63.863,95.113,8.791,81.088,1
2025-04-01 01:08:52,25.093,64.262,95.9,8.169,79.753,1
2025-04-01 01:08:53,24.887,63.824,96.212,8.539,64.856,1
2025-04-01 01:08:54,25.357,64.31,95.455,8.701,83.582,1
2025-04-01 01:08:55,26.257,63.388,90.153,8.951,82.913,1
2025-04-01 01:08:56,23.212,62.99,93.241,8.306,89.699,1
2025-04-01 01:08:57,21.44,62.924,95.437,8.171,102.381,1
2025-04-01 01:08:58,23.702,64.214,98.529,8.403,97.913,1
2025-04-01 01:08:59,24.308,46.386,95.033,8.994,88.594,1
2025-04-01 01:09:00,27.269,16.184,96.85,8.563,81.205,1
2025-04-01 01:09:01,27.061,15.191,97.928,8.413,88.367,1
2025-04-01 01:09:02,22.893,16.835,90.949,8.812,91.929,1
2025-04-01 01:09:03,24.787,16.202,89.71,8.921,83.86,1
2025-04-01 01:09:04,21.558,17.617,91.178,8.884,73.31,1
2025-04-01 01:09:05,26.236,16.996,96.382,8.482,88.774,1
2025-04-01 01:09:06,22.99,16.396,101.54,9.265,97.889,1
2025-04-01 01:09:07,25.446,17.378,96.565,14.158,99.24,1
2025-04-01 01:09:08,24.339,17.349,98.063,14.94,103.973,1
2025-04-01 01:09:09,24.418,17.455,98.201,14.538,90.913,1
2025-04-01 01:09:10,22.241,16.471,96.001,14.614,59.739,1
2025-04-01 01:09:11,24.61,18.95,99.591,14.791,100.23,1
2025-04-01 01:09:12,24.704,16.694,97.056,14.998,84.096,1
2025-04-01 01:09:13,22.053,17.698,109.184,14.664,91.758,1
2025-04-01 01:09:14,24.965,18.661,108.469,15.176,76.247,1
2025-04-01 01:09:15,23.546,19.277,104.365,14.308,84.446,1
2025-04-01 01:09:16,25.504,17.701,102.551,15.257,104.042,1
2025-04-01 01:09:17,22.356,18.465,102.178,14.873,66.767,1
2025-04-01 01:09:18,26.432,17.712,117.378,8.086,75.522,1
2025-04-01 01:09:19,22.93,17.604,106.48,8.162,85.563,1
2025-04-01 01:09:20,22.333,18.104,113.22,8.688,93.627,1
2025-04-01 01:09:21,25.042,17.167,110.905,8.805,72.73,1
2025-04-01 01:09:22,24.144,18.575,104.769,8.379,63.537,1
2025-04-01 01:09:23,26.685,16.785,104.91,7.879,90.603,1
2025-04-01 01:09:24,21.903,17.416,110.637,8.564,80.203,1
2025-04-01 01:09:25,27.378,18.579,122.563,8.431,82.959,1
2025-04-01 01:09:26,23.268,19.422,116.287,8.503,65.092,1
2025-04-01 01:09:27,30.821,18.308,118.487,8.507,88.257,1
2025-04-01 01:09:28,32.479,17.234,121.445,8.497,59.244,1
2025-04-01 01:09:29,34.465,19.382,113.577,8.484,78.663,1
2025-04-01 01:09:30,31.866,17.274,126.944,8.865,74.135,1
2025-04-01 01:09:31,38.172,17.345,131.577,8.912,76.871,1
2025-04-01 01:09:32,34.938,18.945,131.425,8.977,93.804,1
2025-04-01 01:09:33,38.204,18.967,128.421,9.512,96.942,1
2025-04-01 01:09:34,37.39,18.732,138.444,8.979,76.839,1
2025-04-01 01:09:35,33.141,18.789,127.496,8.721,80.013,1
2025-04-01 01:09:36,37.728,19.645,134.185,9.265,77.501,1
2025-04-01 01:09:37,36.16,19.67,148.043,9.785,79.879,1
2025-04-01 01:09:38,36.96,19.094,119.919,9.465,89.364,1
2025-04-01 01:09:39,34.347,18.527,115.953,9.336,98.088,1
2025-04-01 01:09:40,29.192,20.144,104.302,8.74,87.097,1
2025-04-01 01:09:41,32.867,19.888,114.472,9.409,103.706,1
2025-04-01 01:09:42,37.245,18.543,110.203,9.306,87.838,1
2025-04-01 01:09:43,43.477,21.686,113.067,9.088,80.151,1
2025-04-01 01:09:44,45.514,19.771,117.595,9.823,97.224,1
2025-04-01 01:09:45,43.184,18.506,114.5,8.777,89.72,1
2025-04-01 01:09:46,45.088,19.655,115.284,9.174,93.107,1
2025-04-01 01:09:47,45.572,19.449,113.56,9.166,80.826,1
2025-04-01 01:09:48,45.863,18.316,123.643,9.093,102.367,1
2025-04-01 01:09:49,45.557,21.077,109.882,8.976,68.905,1
2025-04-01 01:09:50,44.874,19.99,124.439,9.347,82.076,1
2025-04-01 01:09:51,47.93,20.056,118.161,9.185,100.273,1
2025-04-01 01:09:52,50.883,21.098,124.3,9.341,78.843,1
2025-04-01 01:09:53,50.99,21.078,126.347,8.797,88.485,1
2025-04-01 01:09:54,46.867,20.837,115.732,9.273,76.514,1
2025-04-01 01:09:55,43.133,22.003,123.09,8.971,97.376,1
2025-04-01 01:09:56,43.97,21.7,122.251,9.216,78.132,1
2025-04-01 01:09:57,40.785,20.356,109.986,16.97,81.745,1
2025-04-01 01:09:58,43.27,21.542,117.106,16.179,76.152,1
2025-04-01 01:09:59,45.409,20.952,118.861,16.085,83.993,1
2025-04-01 01:10:00,44.625,21.627,110.227,16.721,96.77,1
2025-04-01 01:10:01,50.255,22.076,128.765,16.189,78.358,1
2025-04-01 01:10:02,43.239,22.029,116.061,16.557,88.651,1
2025-04-01 01:10:03,43.691,22.184,119.455,16.22,66.472,1
2025-04-01 01:10:04,44.722,20.842,124.714,16.523,89.961,1
2025-04-01 01:10:05,45.977,21.754,129.584,16.52,97.42,1
2025-04-01 01:10:06,43.871,22.075,123.051,15.971,73.321,1
2025-04-01 01:10:07,39.961,21.48,125.255,16.909,73.612,1
2025-04-01 01:10:08,47.541,21.384,125.955,17.091,80.556,1
2025-04-01 01:10:09,42.091,21.072,119.786,16.773,90.115,1
2025-04-01 01:10:10,41.178,21.767,96.05,15.962,88.77,1
2025-04-01 01:10:11,43.572,22.863,97.896,16.221,88.314,1
2025-04-01 01:10:12,46.433,51.198,98.266,16.065,72.643,1
2025-04-01 01:10:13,45.424,50.934,98.482,16.18,83.661,1
2025-04-01 01:10:14,59.2,50.692,106.007,16.184,78.358,1
2025-04-01 01:10:15,58.447,51.913,93.996,15.758,84.784,1
2025-04-01 01:10:16,54.241,51.01,97.297,16.001,69.361,1
2025-04-01 01:10:17,59.959,29.828,95.617,15.877,69.332,1
2025-04-01 01:10:18,56.426,31.247,102.201,17.02,84.777,1
2025-04-01 01:10:19,58.332,30.843,96.841,15.708,86.464,1
2025-04-01 01:10:20,59.459,30.813,101.087,16.431,93.856,1
2025-04-01 01:10:21,55.231,31.127,105.515,14.896,82.845,1
2025-04-01 01:10:22,60.284,30.512,107.867,15.529,81.415,1
2025-04-01 01:10:23,48.623,32.022,109.557,15.508,79.968,1
2025-04-01 01:10:24,52.72,30.785,103.774,14.853,100.057,1
2025-04-01 01:10:25,49.223,31.935,101.847,15.866,83.895,1
2025-04-01 01:10:26,38.619,29.942,112.508,16.704,63.202,1
2025-04-01 01:10:27,31.571,31.594,107.912,15.711,82.209,1
2025-04-01 01:10:28,40.744,29.178,103.303,15.131,83.25,1
2025-04-01 01:10:29,37.366,31.107,103.971,16.629,80.765,1
2025-04-01 01:10:30,32.674,30.226,106.938,14.914,81.501,1
2025-04-01 01:10:31,39.613,49.103,104.249,14.938,81.439,1
2025-04-01 01:10:32,36.508,50.063,101.74,15.056,81.216,1
2025-04-01 01:10:33,36.355,49.832,106.116,14.174,80.944,1
2025-04-01 01:10:34,38.178,50.144,111.813,14.55,80.867,1
2025-04-01 01:10:35,35.404,50.04,98.925,15.274,79.882,1
2025-04-01 01:10:36,38.261,49.58,108.521,15.189,79.513,1
2025-04-01 01:10:37,39.303,50.185,116.785,14.343,81.008,1
2025-04-01 01:10:38,33.8,50.527,99.921,14.207,79.199,1
2025-04-01 01:10:39,38.025,50.72,112.448,14.818,78.763,1
2025-04-01 01:10:40,36.304,49.23,109.117,15.633,78.223,1
2025-04-01 01:10:41,37.197,51.164,114.0,14.571,79.764,1
2025-04-01 01:10:42,38.005,49.817,113.268,13.775,79.787,1
2025-04-01 01:10:43,34.192,50.307,113.511,13.991,78.531,1
2025-04-01 01:10:44,39.039,50.123,112.871,15.337,79.126,1
2025-04-01 01:10:45,40.281,51.228,115.619,14.34,80.135,1
2025-04-01 01:10:46,41.112,49.924,108.431,14.276,77.419,1
2025-04-01 01:10:47,40.274,50.111,117.072,14.86,81.591,1
2025-04-01 01:10:48,39.296,50.512,118.001,13.878,78.734,1
2025-04-01 01:10:49,38.608,50.063,113.004,14.018,78.687,1
2025-04-01 01:10:50,37.996,50.027,118.852,13.832,79.415,1
2025-04-01 01:10:51,37.133,50.049,118.279,13.635,78.607,1
2025-04-01 01:10:52,34.451,50.39,113.581,13.413,76.283,1
2025-04-01 01:10:53,38.426,51.959,112.583,13.465,77.213,1
2025-04-01 01:10:54,37.15,50.615,114.649,14.813,77.465,1
2025-04-01 01:10:55,40.238,49.772,118.846,13.202,78.214,1
2025-04-01 01:10:56,38.317,49.851,115.933,13.91,78.17,1
2025-04-01 01:10:57,40.716,50.054,123.29,13.008,78.409,1
2025-04-01 01:10:58,38.247,49.75,126.153,13.141,76.942,1
2025-04-01 01:10:59,26.094,47.515,116.705,13.583,77.728,1
2025-04-01 01:11:00,28.931,49.872,120.656,12.394,77.879,1
2025-04-01 01:11:01,28.087,50.038,121.977,12.535,76.927,1
2025-04-01 01:11:02,30.348,50.65,119.315,13.069,77.92,1
2025-04-01 01:11:03,26.229,49.278,122.984,12.116,77.556,1
2025-04-01 01:11:04,27.04,51.405,121.301,13.557,78.654,1
2025-04-01 01:11:05,26.023,48.827,127.79,13.854,76.546,1
2025-04-01 01:11:06,26.948,49.408,128.641,12.958,76.633,1
2025-04-01 01:11:07,28.458,50.311,126.139,14.04,76.594,1
2025-04-01 01:11:08,29.449,50.636,125.482,13.347,76.702,1
2025-04-01 01:11:09,26.434,49.631,132.562,13.451,77.173,1
2025-04-01 01:11:10,26.354,49.902,123.781,12.333,76.967,1
2025-04-01 01:11:11,27.113,50.112,126.976,12.606,76.97,1
2025-04-01 01:11:12,26.116,49.954,132.732,12.394,78.165,1
2025-04-01 01:11:13,30.88,50.069,135.079,13.781,77.894,1
2025-04-01 01:11:14,28.291,48.801,132.239,13.608,76.965,1
2025-04-01 01:11:15,27.816,48.138,133.865,11.861,77.915,1
2025-04-01 01:11:16,26.532,50.224,130.999,12.728,76.725,1
2025-04-01 01:11:17,27.91,49.137,132.063,13.296,75.804,1
2025-04-01 01:11:18,30.407,49.314,127.205,12.852,77.665,1
2025-04-01 01:11:19,27.48,47.482,133.494,11.925,76.272,1
2025-04-01 01:11:20,25.166,48.731,131.463,14.17,77.771,1
2025-04-01 01:11:21,24.936,49.282,133.434,13.215,77.92,1
2025-04-01 01:11:22,29.79,48.527,131.418,12.382,78.056,1
2025-04-01 01:11:23,28.419,47.964,138.437,12.679,77.996,1
2025-04-01 01:11:24,27.102,46.954,131.747,13.328,77.389,1
2025-04-01 01:11:25,27.473,49.492,135.015,12.206,77.762,1
2025-04-01 01:11:26,25.776,48.92,133.143,13.19,77.424,1
2025-04-01 01:11:27,25.932,48.353,134.06,12.77,76.2,1
2025-04-01 01:11:28,25.383,47.909,131.234,13.222,77.381,1
2025-04-01 01:11:29,25.561,49.846,114.973,6.832,77.698,1
2025-04-01 01:11:30,25.881,47.409,116.025,6.587,78.444,1
2025-04-01 01:11:31,27.41,47.942,119.256,6.449,78.045,1
2025-04-01 01:11:32,24.969,48.708,117.207,6.634,78.14,1
2025-04-01 01:11:33,28.216,47.245,121.234,6.711,80.298,1
2025-04-01 01:11:34,24.625,48.392,121.857,7.068,77.479,1
2025-04-01 01:11:35,25.9,46.716,125.487,7.243,78.254,1
2025-04-01 01:11:36,23.793,48.497,115.324,6.959,77.448,1
2025-04-01 01:11:37,25.057,47.865,116.261,6.912,77.203,1
2025-04-01 01:11:38,23.432,47.506,114.927,6.943,77.519,1
2025-04-01 01:11:39,29.404,47.192,117.562,6.346,77.985,1
2025-04-01 01:11:40,24.53,46.681,114.533,7.025,80.028,1
2025-04-01 01:11:41,22.941,47.638,116.717,6.994,78.816,1
2025-04-01 01:11:42,28.059,46.276,116.513,6.948,77.872,1
2025-04-01 01:11:43,23.558,46.092,114.138,7.226,79.639,1
2025-04-01 01:11:44,24.727,46.594,116.02,7.348,80.842,1
2025-04-01 01:11:45,23.397,47.706,121.047,7.319,79.21,1
2025-04-01 01:11:46,25.798,48.115,117.218,7.04,79.166,1
2025-04-01 01:11:47,27.897,47.18,122.961,7.012,81.429,1
2025-04-01 01:11:48,24.487,69.263,121.738,7.626,78.719,1
2025-04-01 01:11:49,28.128,67.579,119.02,13.014,79.84,1
2025-04-01 01:11:50,24.824,68.282,119.691,14.8,80.062,1
2025-04-01 01:11:51,24.849,68.795,123.884,14.349,79.812,1
2025-04-01 01:11:52,24.626,67.839,124.68,13.634,79.08,1
2025-04-01 01:11:53,24.803,66.981,122.433,14.071,80.647,1
2025-04-01 01:11:54,24.816,68.262,122.112,14.471,78.956,1
2025-04-01 01:11:55,26.525,66.584,123.417,14.879,81.326,1
2025-04-01 01:11:56,24.587,68.067,124.008,13.65,81.574,1
2025-04-01 01:11:57,26.293,65.926,122.46,14.285,83.448,1
2025-04-01 01:11:58,22.856,68.354,120.261,14.142,77.396,1
2025-04-01 01:11:59,25.068,66.021,121.866,14.317,90.052,1
2025-04-01 01:12:00,25.133,66.355,131.154,14.836,91.039,1
2025-04-01 01:12:01,24.718,67.912,129.615,15.27,83.637,1
2025-04-01 01:12:02,25.987,65.55,126.563,15.206,90.0,1
2025-04-01 01:12:03,24.54,66.426,127.668,14.703,80.502,1
2025-04-01 01:12:04,24.912,66.623,124.314,14.99,81.581,1
2025-04-01 01:12:05,25.671,66.712,124.818,14.545,93.268,1
2025-04-01 01:12:06,24.743,65.752,130.112,15.708,81.629,1
2025-04-01 01:12:07,24.989,65.383,124.448,15.042,80.395,1
2025-04-01 01:12:08,26.717,65.898,124.561,15.385,75.916,1
2025-04-01 01:12:09,27.285,65.244,128.421,15.548,84.247,1
2025-04-01 01:12:10,23.241,65.542,131.021,15.1,76.886,1
2025-04-01 01:12:11,21.753,65.425,129.889,14.661,69.043,1
2025-04-01 01:12:12,27.501,65.242,134.351,15.224,86.47,1
2025-04-01 01:12:13,26.577,66.728,131.228,15.355,84.156,1
2025-04-01 01:12:14,22.729,66.484,99.241,15.502,70.79,1
2025-04-01 01:12:15,24.184,64.977,100.57,15.451,75.819,1
2025-04-01 01:12:16,23.215,65.897,101.89,14.839,83.472,1
2025-04-01 01:12:17,22.82,65.454,102.585,14.857,73.81,1
2025-04-01 01:12:18,24.901,65.2,102.039,15.136,73.415,1
2025-04-01 01:12:19,23.803,64.992,100.01,16.494,82.727,1
2025-04-01 01:12:20,22.699,66.058,102.24,16.558,70.921,1
2025-04-01 01:12:21,23.598,62.93,102.781,15.166,92.517,1
2025-04-01 01:12:22,22.568,64.629,99.925,15.716,82.024,1
2025-04-01 01:12:23,23.981,65.179,97.205,14.497,79.357,1
2025-04-01 01:12:24,22.778,65.272,97.65,15.669,83.374,1
2025-04-01 01:12:25,25.755,64.476,101.173,15.768,86.008,1
2025-04-01 01:12:26,24.259,64.593,101.451,15.641,85.773,1
2025-04-01 01:12:27,24.929,64.131,100.714,15.304,82.342,1
2025-04-01 01:12:28,24.445,64.821,101.81,15.601,83.124,1
2025-04-01 01:12:29,25.832,63.459,97.966,15.303,74.772,1
2025-04-01 01:12:30,22.116,64.013,97.281,15.889,84.501,1
2025-04-01 01:12:31,24.627,63.69,97.871,15.491,79.602,1
2025-04-01 01:12:32,24.871,64.411,98.568,15.283,87.512,1
2025-04-01 01:12:33,23.897,63.127,96.807,16.583,88.07,1
2025-04-01 01:12:34,23.584,63.216,97.401,14.659,75.323,1
2025-04-01 01:12:35,24.222,64.162,97.273,14.811,78.605,1
2025-04-01 01:12:36,23.843,65.372,99.917,14.513,88.097,1
2025-04-01 01:12:37,21.515,62.745,100.94,16.284,87.803,1
2025-04-01 01:12:38,22.809,64.712,96.592,15.318,85.32,1
2025-04-01 01:12:39,23.544,64.285,97.448,15.565,85.627,1
2025-04-01 01:12:40,23.338,64.518,96.064,15.151,83.196,1
2025-04-01 01:12:41,25.633,64.569,100.471,14.21,85.003,1
2025-04-01 01:12:42,24.932,64.829,100.563,15.457,84.705,1
2025-04-01 01:12:43,23.764,62.183,96.243,15.991,79.841,1
2025-04-01 01:12:44,27.113,64.333,100.971,14.795,70.131,1
2025-04-01 01:12:45,22.64,62.7,109.874,14.608,103.898,1
2025-04-01 01:12:46,23.438,62.041,102.809,15.762,62.27,1
2025-04-01 01:12:47,24.665,64.532,94.913,8.622,83.928,1
2025-04-01 01:12:48,26.108,64.053,109.143,8.723,75.057,1
2025-04-01 01:12:49,26.914,63.707,109.024,8.119,71.456,1
2025-04-01 01:12:50,22.377,62.558,99.22,8.525,79.515,1
2025-04-01 01:12:51,26.728,63.632,104.961,8.472,91.402,1
2025-04-01 01:12:52,22.753,63.802,96.58,8.317,89.392,1
2025-04-01 01:12:53,24.742,62.422,108.862,8.672,77.753,1
2025-04-01 01:12:54,28.374,64.171,98.308,8.153,75.968,1
2025-04-01 01:12:55,24.55,62.795,111.281,8.357,75.078,1
2025-04-01 01:12:56,25.053,63.372,110.334,8.153,121.316,1
2025-04-01 01:12:57,26.842,62.953,108.192,8.227,76.053,1
2025-04-01 01:12:58,25.185,63.904,110.675,8.221,95.776,1
2025-04-01 01:12:59,24.676,62.0,107.599,8.154,75.03,1
2025-04-01 01:13:00,25.347,62.455,106.367,8.9,92.135,1
2025-04-01 01:13:01,25.555,62.218,107.587,8.124,83.574,1
2025-04-01 01:13:02,23.126,65.0,87.52,8.063,87.165,1
2025-04-01 01:13:03,23.764,63.858,98.965,7.786,77.465,1
2025-04-01 01:13:04,26.085,63.034,91.556,8.033,75.827,1
2025-04-01 01:13:05,24.536,62.655,90.1,8.536,74.815,1
2025-04-01 01:13:06,23.113,63.384,91.65,7.963,93.657,1
2025-04-01 01:13:07,26.136,64.328,96.06,8.266,105.134,1
2025-04-01 01:13:08,25.006,63.21,92.001,8.047,89.155,1
2025-04-01 01:13:09,23.719,63.417,98.531,7.972,95.506,1
2025-04-01 01:13:10,25.869,64.411,80.158,7.672,80.101,1
2025-04-01 01:13:11,22.382,63.909,88.201,8.034,89.782,1
2025-04-01 01:13:12,24.478,63.473,92.991,7.861,65.262,1
2025-04-01 01:13:13,26.165,64.734,93.486,7.721,97.001,1
2025-04-01 01:13:14,26.538,62.726,94.823,7.901,91.175,1
2025-04-01 01:13:15,20.973,64.003,89.014,7.28,72.566,1
2025-04-01 01:13:16,32.91,63.613,92.921,8.118,81.655,1
2025-04-01 01:13:17,22.539,61.961,91.428,7.473,77.48,1
2025-04-01 01:13:18,25.431,63.968,102.469,7.577,36.305,1
2025-04-01 01:13:19,26.749,62.996,95.106,7.779,87.604,1
2025-04-01 01:13:20,23.943,64.384,100.726,7.384,79.55,1
2025-04-01 01:13:21,23.756,64.865,98.433,7.55,48.944,1
2025-04-01 01:13:22,29.494,66.322,88.193,7.07,56.721,1
2025-04-01 01:13:23,27.21,64.914,96.707,7.654,105.75,1
2025-04-01 01:13:24,24.665,65.299,99.15,6.731,67.487,1
2025-04-01 01:13:25,27.343,65.331,101.134,7.295,83.626,1
2025-04-01 01:13:26,26.87,64.765,93.968,7.468,61.929,1
2025-04-01 01:13:27,27.066,64.393,87.972,7.566,63.076,1
2025-04-01 01:13:28,28.662,63.844,102.249,7.044,92.278,1
2025-04-01 01:13:29,24.548,65.954,94.143,7.01,82.456,1
2025-04-01 01:13:30,25.779,65.132,103.738,12.598,100.992,1
2025-04-01 01:13:31,24.997,64.728,97.881,11.452,84.7,1
2025-04-01 01:13:32,30.172,63.897,101.378,12.026,67.607,1
2025-04-01 01:13:33,30.048,65.107,103.525,12.972,84.156,1
2025-04-01 01:13:34,26.091,38.853,99.101,12.652,75.456,1
2025-04-01 01:13:35,23.199,39.96,97.375,12.307,95.771,1
2025-04-01 01:13:36,42.867,38.883,102.758,13.101,73.216,1
2025-04-01 01:13:37,42.583,40.18,96.704,12.092,94.083,1
2025-04-01 01:13:38,38.577,39.825,103.019,12.459,79.344,1
2025-04-01 01:13:39,36.202,41.012,98.309,11.401,84.503,1
2025-04-01 01:13:40,39.741,38.286,103.033,12.017,90.744,1
2025-04-01 01:13:41,41.857,39.104,100.062,10.967,60.749,1
2025-04-01 01:13:42,39.986,39.361,97.288,12.887,85.457,1
2025-04-01 01:13:43,41.139,40.005,102.144,11.403,98.056,1
2025-04-01 01:13:44,41.013,40.942,102.574,11.711,88.266,1
2025-04-01 01:13:45,42.802,40.738,98.841,12.841,94.627,1
2025-04-01 01:13:46,41.901,40.535,102.762,11.622,68.331,1
2025-04-01 01:13:47,38.674,40.212,100.06,11.362,70.948,1
2025-04-01 01:13:48,43.723,40.202,103.187,12.496,95.12,1
2025-04-01 01:13:49,41.598,40.128,108.44,11.859,89.157,1
2025-04-01 01:13:50,41.705,39.507,97.853,12.774,113.762,1
2025-04-01 01:13:51,40.943,41.766,104.077,12.698,100.535,1
2025-04-01 01:13:52,41.576,39.444,110.823,12.268,123.998,1
2025-04-01 01:13:53,42.217,40.026,101.369,12.279,67.894,1
2025-04-01 01:13:54,44.134,40.095,101.302,11.33,100.256,1
2025-04-01 01:13:55,36.395,41.797,106.277,11.623,69.792,1
2025-04-01 01:13:56,37.091,41.938,106.422,12.129,71.891,1
2025-04-01 01:13:57,38.89,41.5,109.225,12.629,82.26,1
2025-04-01 01:13:58,39.335,41.466,107.417,12.242,71.15,1
2025-04-01 01:13:59,45.441,42.515,102.862,12.182,92.714,1
2025-04-01 01:14:00,43.079,67.835,103.898,8.198,85.906,1
2025-04-01 01:14:01,37.589,67.869,102.435,8.476,51.668,1
2025-04-01 01:14:02,41.225,67.718,106.223,8.308,103.376,1
2025-04-01 01:14:03,42.77,68.316,103.461,9.034,70.632,1
2025-04-01 01:14:04,44.058,69.173,108.219,8.393,87.707,1
2025-04-01 01:14:05,40.187,67.739,109.942,7.765,60.337,1
2025-04-01 01:14:06,41.339,65.988,98.896,8.748,59.705,1
2025-04-01 01:14:07,39.972,68.546,106.549,8.648,62.012,1
2025-04-01 01:14:08,40.432,67.09,100.885,8.05,62.638,1
2025-04-01 01:14:09,42.938,67.19,108.785,8.531,61.935,1
2025-04-01 01:14:10,42.163,68.658,99.42,8.71,92.39,1
2025-04-01 01:14:11,43.668,68.255,100.688,7.971,67.63,1
2025-04-01 01:14:12,39.151,67.596,110.279,8.466,70.76,1
2025-04-01 01:14:13,39.379,68.752,104.157,9.053,85.847,1
2025-04-01 01:14:14,39.461,69.466,104.783,8.129,67.066,1
2025-04-01 01:14:15,37.928,69.98,105.786,8.403,54.951,1
2025-04-01 01:14:16,41.38,44.782,101.231,8.864,77.108,1
2025-04-01 01:14:17,39.856,44.691,100.54,8.16,84.018,1
2025-04-01 01:14:18,45.873,44.489,100.199,8.705,90.065,1
2025-04-01 01:14:19,36.713,43.139,102.501,8.195,75.815,1
2025-04-01 01:14:20,41.709,44.727,97.934,9.33,86.463,1
2025-04-01 01:14:21,40.913,45.051,102.01,9.268,77.143,1
2025-04-01 01:14:22,44.074,44.725,101.327,8.964,78.545,1
2025-04-01 01:14:23,37.342,44.118,100.022,8.472,51.519,1
2025-04-01 01:14:24,43.553,44.92,99.323,8.883,79.312,1
2025-04-01 01:14:25,43.622,43.431,97.983,9.329,78.411,1
2025-04-01 01:14:26,41.267,45.437,108.621,8.872,83.237,1
2025-04-01 01:14:27,41.013,45.414,97.357,8.967,82.361,1
2025-04-01 01:14:28,38.047,44.86,101.336,9.022,91.227,1
2025-04-01 01:14:29,39.864,44.14,100.058,8.75,64.849,1
2025-04-01 01:14:30,42.622,44.346,100.886,9.321,81.451,1
2025-04-01 01:14:31,43.83,45.227,101.527,8.957,70.253,1
2025-04-01 01:14:32,44.969,44.509,102.592,9.074,88.742,1
2025-04-01 01:14:33,38.317,45.201,102.815,8.948,72.698,1
2025-04-01 01:14:34,39.42,45.462,107.003,10.019,65.876,1
2025-04-01 01:14:35,41.563,45.31,105.104,9.686,94.089,1
2025-04-01 01:14:36,41.971,45.39,107.168,9.311,83.215,1
2025-04-01 01:14:37,37.605,44.743,110.352,9.587,53.949,1
2025-04-01 01:14:38,46.193,44.908,109.821,8.766,76.223,1
2025-04-01 01:14:39,44.434,46.288,114.562,9.79,77.644,1
2025-04-01 01:14:40,25.894,45.846,109.37,9.036,88.372,1
2025-04-01 01:14:41,26.079,45.217,114.586,9.566,80.479,1
2025-04-01 01:14:42,23.685,45.933,106.821,9.834,87.756,1
2025-04-01 01:14:43,26.087,46.967,107.418,9.834,92.262,1
2025-04-01 01:14:44,24.151,46.518,105.308,9.456,59.572,1
2025-04-01 01:14:45,25.688,44.957,106.834,9.615,70.84,1
2025-04-01 01:14:46,25.646,44.861,105.804,9.281,74.297,1
2025-04-01 01:14:47,29.533,47.107,113.13,6.495,89.092,1
2025-04-01 01:14:48,21.855,45.269,108.33,3.687,72.534,1
2025-04-01 01:14:49,23.086,45.225,104.682,3.62,81.75,1
2025-04-01 01:14:50,26.645,44.451,110.828,3.659,86.051,1
2025-04-01 01:14:51,27.548,45.906,116.028,3.799,70.327,1
2025-04-01 01:14:52,24.078,46.656,114.912,3.556,77.866,1
2025-04-01 01:14:53,37.453,45.649,102.491,3.663,97.939,1
2025-04-01 01:14:54,38.354,46.012,114.65,3.685,81.531,1
2025-04-01 01:14:55,39.13,45.255,109.349,3.959,87.421,1
2025-04-01 01:14:56,39.378,45.056,111.805,4.004,87.043,1
2025-04-01 01:14:57,41.445,46.806,112.133,3.74,89.723,1
2025-04-01 01:14:58,40.953,46.825,120.283,3.87,74.06,1
2025-04-01 01:14:59,36.335,44.594,104.557,3.918,75.166,1
2025-04-01 01:15:00,34.964,47.49,114.551,3.827,89.384,1
2025-04-01 01:15:01,39.213,44.549,111.204,3.889,125.523,1
2025-04-01 01:15:02,33.635,46.682,102.221,3.683,103.184,1
2025-04-01 01:15:03,35.882,47.762,110.121,3.735,73.555,1
2025-04-01 01:15:04,37.007,46.093,117.494,3.481,72.509,1
2025-04-01 01:15:05,36.57,45.06,107.451,3.685,104.443,1
2025-04-01 01:15:06,34.93,46.288,125.252,3.848,102.348,1
2025-04-01 01:15:07,32.859,45.695,108.144,3.641,74.408,1
2025-04-01 01:15:08,41.534,45.696,116.907,3.77,97.111,1
2025-04-01 01:15:09,34.88,47.062,119.441,3.609,84.153,1
2025-04-01 01:15:10,39.19,45.622,116.649,6.022,62.981,1
2025-04-01 01:15:11,38.696,45.694,117.928,5.484,69.66,1
2025-04-01 01:15:12,39.153,45.743,105.525,5.586,62.876,1
2025-04-01 01:15:13,33.166,45.138,114.22,5.599,78.268,1
2025-04-01 01:15:14,36.876,44.903,113.162,5.623,74.033,1
2025-04-01 01:15:15,34.849,45.674,107.139,5.761,96.451,1
2025-04-01 01:15:16,41.652,71.307,113.271,5.657,94.274,1
2025-04-01 01:15:17,35.779,72.429,100.981,5.651,66.028,1
2025-04-01 01:15:18,34.273,72.61,116.446,5.382,99.094,1
2025-04-01 01:15:19,34.946,70.685,109.771,5.727,88.863,1
2025-04-01 01:15:20,37.139,71.299,111.26,5.433,95.124,1
2025-04-01 01:15:21,38.071,69.168,108.9,5.515,84.27,1
2025-04-01 01:15:22,34.533,70.773,115.404,5.608,84.109,1
2025-04-01 01:15:23,38.883,70.533,97.61,5.406,104.09,1
2025-04-01 01:15:24,35.717,70.816,93.822,5.34,74.972,1
2025-04-01 01:15:25,36.855,71.096,100.958,5.261,70.324,1
2025-04-01 01:15:26,33.864,70.765,95.697,5.32,71.673,1
2025-04-01 01:15:27,38.244,70.652,95.895,5.094,83.456,1
2025-04-01 01:15:28,38.886,71.267,100.01,4.72,50.195,1
2025-04-01 01:15:29,36.235,69.604,99.485,5.445,68.696,1
2025-04-01 01:15:30,33.547,70.857,103.197,5.435,74.703,1
2025-04-01 01:15:31,39.063,70.694,93.561,5.351,79.968,1
2025-04-01 01:15:32,32.517,69.317,93.845,5.387,106.824,1
2025-04-01 01:15:33,32.867,42.315,101.72,5.187,67.155,1
2025-04-01 01:15:34,35.352,41.347,97.346,5.36,90.446,1
2025-04-01 01:15:35,39.61,39.995,99.705,4.905,98.597,1
2025-04-01 01:15:36,35.051,41.16,82.923,5.143,79.825,1
2025-04-01 01:15:37,35.072,41.888,92.229,5.333,89.122,1
2025-04-01 01:15:38,34.914,38.966,95.386,7.683,97.617,1
2025-04-01 01:15:39,40.95,40.418,99.532,7.845,83.591,1
2025-04-01 01:15:40,46.388,41.026,94.084,7.627,52.847,1
2025-04-01 01:15:41,47.096,40.975,107.825,8.145,86.571,1
2025-04-01 01:15:42,38.289,40.031,104.1,7.888,85.816,1
2025-04-01 01:15:43,33.181,39.185,106.316,7.473,109.486,1
2025-04-01 01:15:44,33.96,38.793,99.143,6.995,94.402,1
2025-04-01 01:15:45,35.595,41.54,98.721,7.691,84.489,1
2025-04-01 01:15:46,32.643,40.463,104.072,7.718,100.782,1
2025-04-01 01:15:47,28.475,39.52,103.63,7.696,64.352,1
2025-04-01 01:15:48,34.531,39.132,99.996,7.914,62.011,1
2025-04-01 01:15:49,31.397,39.785,97.223,7.061,100.808,1
2025-04-01 01:15:50,34.114,40.369,105.749,7.527,71.544,1
2025-04-01 01:15:51,30.604,39.675,101.522,12.306,81.939,1
2025-04-01 01:15:52,33.468,38.231,101.026,11.308,81.624,1
2025-04-01 01:15:53,32.942,39.878,103.537,11.793,69.513,1
2025-04-01 01:15:54,36.117,39.763,104.071,12.64,92.421,1
2025-04-01 01:15:55,32.93,38.321,112.09,12.433,109.346,1
2025-04-01 01:15:56,33.995,38.15,107.857,12.275,75.43,1
2025-04-01 01:15:57,35.027,39.802,100.548,12.186,81.904,1
2025-04-01 01:15:58,29.421,38.247,103.817,12.326,96.474,1
2025-04-01 01:15:59,26.134,38.618,99.623,10.916,89.081,1
2025-04-01 01:16:00,35.439,38.091,98.954,11.702,97.33,1
2025-04-01 01:16:01,38.091,39.352,94.271,12.112,62.11,1
2025-04-01 01:16:02,30.59,39.315,104.338,12.069,92.263,1
2025-04-01 01:16:03,32.561,39.629,109.073,11.106,82.213,1
2025-04-01 01:16:04,33.612,37.522,109.477,10.773,71.469,1
2025-04-01 01:16:05,32.074,38.479,100.103,11.848,67.185,1
2025-04-01 01:16:06,33.082,36.971,106.263,11.889,83.659,1
2025-04-01 01:16:07,25.938,39.398,103.606,10.979,79.201,1
2025-04-01 01:16:08,30.193,37.401,111.864,12.052,89.441,1
2025-04-01 01:16:09,34.126,36.762,108.869,12.193,75.974,1
2025-04-01 01:16:10,34.478,36.592,105.954,11.604,99.672,1
2025-04-01 01:16:11,33.254,37.877,114.433,12.139,100.051,1
2025-04-01 01:16:12,34.091,37.362,110.095,11.494,86.76,1
2025-04-01 01:16:13,35.442,37.156,103.564,11.395,40.576,1
2025-04-01 01:16:14,30.577,37.175,116.042,11.094,76.176,1
2025-04-01 01:16:15,25.591,36.598,109.358,11.209,95.834,1
2025-04-01 01:16:16,23.732,38.019,100.964,11.18,88.825,1
2025-04-01 01:16:17,27.795,35.94,107.19,11.457,87.47,1
2025-04-01 01:16:18,30.596,36.981,103.538,11.743,88.072,1
2025-04-01 01:16:19,23.243,37.167,115.483,11.565,91.902,1
2025-04-01 01:16:20,26.134,35.636,114.124,11.73,71.375,1
2025-04-01 01:16:21,23.586,34.695,112.836,11.27,77.27,1
2025-04-01 01:16:22,26.785,36.29,107.174,11.46,90.363,1
2025-04-01 01:16:23,26.037,35.912,112.499,10.686,109.731,1
2025-04-01 01:16:24,27.852,36.649,112.392,11.264,80.134,1
2025-04-01 01:16:25,25.61,35.132,108.551,11.549,91.799,1
2025-04-01 01:16:26,23.433,35.176,106.561,13.363,107.376,1
2025-04-01 01:16:27,27.566,37.344,108.1,11.95,91.659,1
2025-04-01 01:16:28,25.408,35.34,111.519,10.776,79.479,1
2025-04-01 01:16:29,26.976,63.923,108.198,11.591,70.937,1
2025-04-01 01:16:30,24.971,64.976,108.505,10.94,85.871,1
2025-04-01 01:16:31,26.176,64.909,107.02,12.315,98.159,1
2025-04-01 01:16:32,25.86,63.668,113.276,11.513,85.009,1
2025-04-01 01:16:33,27.038,64.28,107.348,11.288,58.751,1
2025-04-01 01:16:34,25.65,63.751,104.679,11.284,90.889,1
2025-04-01 01:16:35,22.771,65.278,108.717,11.563,82.32,1
2025-04-01 01:16:36,24.973,63.616,114.041,12.013,76.655,1
2025-04-01 01:16:37,24.306,64.845,113.684,12.002,70.27,1
2025-04-01 01:16:38,23.965,64.433,108.666,4.981,72.404,1
2025-04-01 01:16:39,22.503,64.181,108.065,5.136,80.369,1
2025-04-01 01:16:40,22.236,34.767,107.447,5.225,81.2,1
2025-04-01 01:16:41,26.064,35.059,108.905,4.665,80.768,1
2025-04-01 01:16:42,23.942,35.603,117.509,4.875,96.338,1
2025-04-01 01:16:43,40.782,35.412,103.253,4.817,88.564,1
2025-04-01 01:16:44,38.078,33.611,103.699,4.593,93.672,1
2025-04-01 01:16:45,39.492,35.972,97.563,5.185,107.305,1
2025-04-01 01:16:46,39.722,34.164,107.514,4.964,97.181,1
2025-04-01 01:16:47,42.649,34.444,106.997,4.87,64.027,1
2025-04-01 01:16:48,38.619,33.916,101.985,5.007,102.202,1
2025-04-01 01:16:49,41.203,33.863,111.074,4.752,86.989,1
2025-04-01 01:16:50,40.246,34.019,100.491,5.122,78.597,1
2025-04-01 01:16:51,41.142,32.846,100.47,5.257,92.395,1
2025-04-01 01:16:52,36.13,34.248,108.791,5.133,87.881,1
2025-04-01 01:16:53,39.962,33.44,101.059,5.193,81.874,1
2025-04-01 01:16:54,37.242,32.803,105.973,5.218,82.754,1
2025-04-01 01:16:55,33.2,34.498,110.0,2.966,85.662,1
2025-04-01 01:16:56,37.173,33.195,99.996,3.013,67.685,1
2025-04-01 01:16:57,35.848,35.129,102.001,3.106,86.577,1
2025-04-01 01:16:58,33.121,32.82,94.002,2.918,73.34,1
2025-04-01 01:16:59,37.437,33.568,98.51,2.984,78.313,1
2025-04-01 01:17:00,45.408,34.951,106.03,2.873,84.321,1
2025-04-01 01:17:01,36.693,34.022,104.134,2.844,69.366,1
2025-04-01 01:17:02,40.726,34.279,108.522,3.178,75.722,1
2025-04-01 01:17:03,40.506,32.115,105.086,3.11,57.916,1
2025-04-01 01:17:04,39.58,33.92,114.168,2.945,91.628,1
2025-04-01 01:17:05,35.28,33.276,105.666,3.052,80.905,1
2025-04-01 01:17:06,42.215,34.178,101.55,3.008,85.33,1
2025-04-01 01:17:07,37.536,32.538,102.462,2.997,76.984,1
2025-04-01 01:17:08,40.749,32.783,101.467,3.13,99.275,1
2025-04-01 01:17:09,37.869,34.262,105.763,3.133,78.097,1
2025-04-01 01:17:10,38.605,33.774,103.77,3.217,86.211,1
2025-04-01 01:17:11,40.779,33.847,105.31,3.12,74.198,1
2025-04-01 01:17:12,40.157,34.524,104.52,3.228,90.319,1
2025-04-01 01:17:13,32.976,32.885,107.0,3.107,92.839,1
2025-04-01 01:17:14,36.215,32.772,105.261,3.253,72.587,1
2025-04-01 01:17:15,38.79,33.466,106.447,3.049,79.549,1
2025-04-01 01:17:16,42.598,35.169,110.543,3.136,82.629,1
2025-04-01 01:17:17,43.852,34.165,100.369,3.366,80.139,1
2025-04-01 01:17:18,39.351,35.073,106.386,3.445,72.764,1
2025-04-01 01:17:19,36.932,33.653,104.305,3.223,81.268,1
2025-04-01 01:17:20,41.506,33.412,112.235,3.059,74.464,1
2025-04-01 01:17:21,36.78,35.68,109.694,3.26,72.317,1
2025-04-01 01:17:22,42.139,34.669,105.474,3.06,84.721,1
2025-04-01 01:17:23,46.006,33.324,103.27,3.427,81.625,1
2025-04-01 01:17:24,28.645,33.539,108.262,3.041,72.478,1
2025-04-01 01:17:25,23.916,34.487,106.7,3.214,84.509,1
2025-04-01 01:17:26,30.025,33.96,108.737,3.194,84.806,1
2025-04-01 01:17:27,25.569,34.696,105.387,3.19,73.772,1
2025-04-01 01:17:28,25.265,35.132,104.466,3.172,82.848,1
2025-04-01 01:17:29,22.073,34.564,97.518,3.286,82.083,1
2025-04-01 01:17:30,26.702,34.656,110.491,3.325,75.859,1
2025-04-01 01:17:31,28.208,34.371,104.945,3.331,77.469,1
2025-04-01 01:17:32,23.802,34.505,110.412,3.268,78.805,1
2025-04-01 01:17:33,28.82,34.829,118.239,3.328,79.804,1
2025-04-01 01:17:34,24.62,35.837,104.387,3.157,79.06,1
2025-04-01 01:17:35,31.314,34.84,110.761,3.15,79.645,1
2025-04-01 01:17:36,26.552,33.235,112.166,2.921,78.637,1
2025-04-01 01:17:37,28.958,34.595,116.588,3.234,77.492,1
2025-04-01 01:17:38,28.82,34.607,112.016,3.327,80.364,1
2025-04-01 01:17:39,29.191,36.691,118.438,3.272,78.644,1
2025-04-01 01:17:40,24.249,35.462,114.289,3.145,80.608,1
2025-04-01 01:17:41,26.75,65.127,122.42,3.378,79.74,1
2025-04-01 01:17:42,27.58,65.193,109.767,3.176,79.754,1
2025-04-01 01:17:43,26.756,65.428,120.065,5.395,81.001,1
2025-04-01 01:17:44,25.629,65.302,125.796,5.304,81.286,1
2025-04-01 01:17:45,26.042,64.717,122.905,13.597,79.262,1
2025-04-01 01:17:46,27.187,64.945,123.521,13.433,79.361,1
2025-04-01 01:17:47,27.157,64.481,124.818,12.858,81.137,1
2025-04-01 01:17:48,25.658,66.69,131.441,8.523,79.978,1
2025-04-01 01:17:49,26.935,67.121,129.377,9.061,79.408,1
2025-04-01 01:17:50,28.213,65.811,130.232,8.989,79.597,1
2025-04-01 01:17:51,28.444,65.845,133.558,8.898,89.576,1
2025-04-01 01:17:52,28.634,66.15,130.241,8.286,79.936,1
2025-04-01 01:17:53,26.404,66.476,133.484,8.738,86.452,1
2025-04-01 01:17:54,26.343,65.159,138.028,9.164,81.502,1
2025-04-01 01:17:55,29.944,67.993,137.755,8.36,80.582,1
2025-04-01 01:17:56,24.251,66.544,108.788,8.44,74.58,1
2025-04-01 01:17:57,29.389,49.858,101.414,8.697,82.965,1
2025-04-01 01:17:58,25.631,47.686,103.132,8.505,103.27,1
2025-04-01 01:17:59,29.939,49.275,103.901,8.349,73.608,1
2025-04-01 01:18:00,26.209,48.397,106.183,9.006,70.577,1
2025-04-01 01:18:01,25.866,49.88,107.719,8.639,77.233,1
2025-04-01 01:18:02,28.048,48.62,109.161,7.851,75.311,1
2025-04-01 01:18:03,24.959,32.39,105.711,8.0,68.862,1
2025-04-01 01:18:04,26.561,33.019,111.019,8.034,60.223,1
2025-04-01 01:18:05,26.28,31.087,101.988,8.262,77.9,1
2025-04-01 01:18:06,27.492,31.423,107.915,8.084,85.714,1
2025-04-01 01:18:07,30.064,31.857,106.297,7.857,74.552,1
2025-04-01 01:18:08,27.773,31.896,100.163,7.933,92.838,1
2025-04-01 01:18:09,26.058,32.676,97.276,7.91,89.436,1
2025-04-01 01:18:10,29.94,32.373,109.347,8.101,78.056,1
2025-04-01 01:18:11,26.741,31.935,116.107,8.036,85.731,1
2025-04-01 01:18:12,27.622,33.42,101.201,8.628,83.821,1
2025-04-01 01:18:13,26.862,32.954,103.197,8.31,90.511,1
2025-04-01 01:18:14,23.949,32.53,105.927,7.93,89.602,1
2025-04-01 01:18:15,26.707,32.655,109.227,7.556,71.788,1
2025-04-01 01:18:16,23.103,34.902,108.943,7.928,98.024,1
2025-04-01 01:18:17,25.658,34.14,107.227,7.733,70.559,1
2025-04-01 01:18:18,30.683,34.028,106.858,7.874,80.471,1
2025-04-01 01:18:19,25.844,33.662,113.615,7.131,79.956,1
2025-04-01 01:18:20,23.402,33.221,111.252,6.958,78.489,1
2025-04-01 01:18:21,32.173,34.428,107.516,7.724,77.327,1
2025-04-01 01:18:22,25.409,32.897,107.39,7.776,71.276,1
2025-04-01 01:18:23,24.219,32.619,117.525,7.646,78.95,1
2025-04-01 01:18:24,24.605,33.541,120.251,7.657,101.718,1
2025-04-01 01:18:25,23.359,34.639,109.131,7.6,83.089,1
2025-04-01 01:18:26,35.232,34.912,113.91,7.145,87.705,1
2025-04-01 01:18:27,31.013,34.539,122.175,6.878,78.763,1
2025-04-01 01:18:28,33.384,35.038,111.956,7.175,77.399,1
2025-04-01 01:18:29,35.938,34.341,115.566,7.368,96.951,1
2025-04-01 01:18:30,30.069,16.946,128.199,9.746,87.432,1
2025-04-01 01:18:31,34.976,17.319,126.581,10.421,76.348,1
2025-04-01 01:18:32,29.701,18.111,127.124,10.624,91.127,1
2025-04-01 01:18:33,33.161,17.819,127.531,10.65,88.621,1
2025-04-01 01:18:34,31.443,18.062,131.789,10.722,89.092,1
2025-04-01 01:18:35,32.284,17.701,129.721,10.562,87.045,1
2025-04-01 01:18:36,35.746,17.561,125.686,10.918,75.668,1
2025-04-01 01:18:37,31.096,-9.464,116.279,10.377,84.618,1
2025-04-01 01:18:38,31.535,-9.204,115.665,10.928,86.534,1
2025-04-01 01:18:39,33.156,-8.326,117.419,10.828,85.778,1
2025-04-01 01:18:40,34.525,-10.658,113.873,11.486,84.882,1
2025-04-01 01:18:41,30.07,-8.061,112.644,9.684,84.367,1
2025-04-01 01:18:42,34.704,-8.067,125.345,9.807,86.962,1
2025-04-01 01:18:43,34.225,-10.344,116.738,10.351,86.26,1
2025-04-01 01:18:44,33.138,-8.283,119.584,11.038,85.044,1
2025-04-01 01:18:45,39.163,-9.035,118.615,10.024,85.933,1
2025-04-01 01:18:46,29.066,-8.304,121.973,10.622,86.096,1
2025-04-01 01:18:47,33.727,-7.103,118.729,11.152,86.195,1
2025-04-01 01:18:48,36.603,-7.945,118.5,9.548,87.066,1
2025-04-01 01:18:49,34.959,-8.256,126.892,10.48,85.728,1
2025-04-01 01:18:50,35.869,-8.947,117.226,10.993,85.261,1
2025-04-01 01:18:51,31.813,-7.642,126.519,10.47,75.736,1
2025-04-01 01:18:52,30.125,9.672,131.915,9.992,91.543,1
2025-04-01 01:18:53,34.299,24.963,116.098,10.461,84.608,1
2025-04-01 01:18:54,34.527,27.014,124.527,10.802,96.076,1
2025-04-01 01:18:55,32.907,26.207,124.161,11.004,77.996,1
2025-04-01 01:18:56,30.209,26.724,127.953,10.062,77.265,1
2025-04-01 01:18:57,30.116,24.838,132.529,10.861,83.268,1
2025-04-01 01:18:58,32.763,44.507,131.906,10.324,84.209,1
2025-04-01 01:18:59,36.043,43.708,123.253,10.7,90.017,1
2025-04-01 01:19:00,34.306,44.481,132.285,10.665,86.536,1
2025-04-01 01:19:01,33.418,44.967,129.479,10.955,80.136,1
2025-04-01 01:19:02,41.587,45.201,135.044,9.881,74.458,1
2025-04-01 01:19:03,40.841,43.802,132.058,10.971,96.817,1
2025-04-01 01:19:04,40.635,44.5,137.337,10.613,85.5,1
2025-04-01 01:19:05,42.405,44.678,132.459,11.059,95.907,1
2025-04-01 01:19:06,42.071,42.418,128.807,11.366,79.142,1
2025-04-01 01:19:07,46.151,43.303,148.841,11.562,87.521,1
2025-04-01 01:19:08,41.38,42.901,140.792,10.781,100.927,1
2025-04-01 01:19:09,40.965,44.403,135.693,11.174,100.787,1
2025-04-01 01:19:10,41.731,43.952,140.652,10.531,78.546,1
2025-04-01 01:19:11,40.176,43.994,142.246,10.744,72.467,1
2025-04-01 01:19:12,44.405,42.607,114.957,11.18,88.829,1
2025-04-01 01:19:13,42.073,43.766,118.54,11.239,79.869,1
2025-04-01 01:19:14,42.763,43.412,114.077,11.584,89.753,1
2025-04-01 01:19:15,40.025,44.431,105.808,12.129,73.261,1
2025-04-01 01:19:16,43.979,44.75,111.456,11.414,94.161,1
2025-04-01 01:19:17,44.606,43.588,117.634,11.295,74.389,1
2025-04-01 01:19:18,44.284,44.029,105.061,11.158,83.659,1
2025-04-01 01:19:19,42.021,42.874,116.082,12.507,86.94,1
2025-04-01 01:19:20,41.6,44.731,112.349,10.877,78.268,1
2025-04-01 01:19:21,44.66,43.014,106.659,11.836,91.254,1
2025-04-01 01:19:22,42.994,44.412,117.891,12.389,88.131,1
2025-04-01 01:19:23,41.669,44.215,121.491,12.548,81.683,1
2025-04-01 01:19:24,44.216,44.007,105.703,12.323,84.219,1
2025-04-01 01:19:25,43.44,42.688,109.191,12.34,74.616,1
2025-04-01 01:19:26,32.135,41.998,110.89,11.34,89.105,1
2025-04-01 01:19:27,32.155,44.067,109.251,11.613,88.28,1
2025-04-01 01:19:28,37.5,43.294,102.319,11.184,91.398,1
2025-04-01 01:19:29,32.688,42.813,106.911,12.349,76.015,1
2025-04-01 01:19:30,35.7,43.768,108.087,12.51,77.961,1
2025-04-01 01:19:31,32.37,43.681,104.602,13.508,90.039,1
2025-04-01 01:19:32,36.334,42.907,104.865,12.489,79.784,1
2025-04-01 01:19:33,35.197,42.018,108.86,12.44,76.311,1
2025-04-01 01:19:34,34.082,42.697,111.083,13.366,61.728,1
2025-04-01 01:19:35,32.799,42.905,105.186,13.071,72.82,1
2025-04-01 01:19:36,35.16,42.256,102.04,12.47,90.514,1
2025-04-01 01:19:37,33.211,43.385,105.315,13.469,90.645,1
2025-04-01 01:19:38,34.928,42.095,106.39,13.808,89.194,1
2025-04-01 01:19:39,37.168,43.656,101.325,12.202,81.549,1
2025-04-01 01:19:40,37.239,44.014,109.173,12.431,78.472,1
2025-04-01 01:19:41,36.88,12.392,100.327,13.169,76.093,1
2025-04-01 01:19:42,38.043,12.561,108.643,14.12,86.677,1
2025-04-01 01:19:43,34.092,13.461,103.158,13.579,80.197,1
2025-04-01 01:19:44,36.67,13.382,110.061,12.771,93.381,1
2025-04-01 01:19:45,34.069,11.502,117.179,13.114,78.845,1
2025-04-01 01:19:46,32.928,11.496,110.737,13.195,79.115,1
2025-04-01 01:19:47,32.239,12.368,114.556,13.567,70.86,1
2025-04-01 01:19:48,34.178,10.187,111.126,13.684,95.652,1
2025-04-01 01:19:49,31.474,12.851,107.355,12.542,83.433,1
2025-04-01 01:19:50,32.295,12.189,103.034,13.492,72.624,1
2025-04-01 01:19:51,35.251,12.353,109.748,13.207,92.171,1
2025-04-01 01:19:52,36.503,13.652,106.658,14.685,81.963,1
2025-04-01 01:19:53,26.414,12.746,107.135,13.856,82.648,1
2025-04-01 01:19:54,24.043,11.042,109.495,13.239,69.096,1
2025-04-01 01:19:55,24.429,11.595,113.298,13.642,55.912,1
2025-04-01 01:19:56,24.467,11.18,108.782,12.665,65.342,1
2025-04-01 01:19:57,26.088,11.35,119.388,13.171,72.773,1
2025-04-01 01:19:58,35.636,11.537,115.067,13.523,95.616,1
2025-04-01 01:19:59,32.705,12.168,106.437,13.084,92.128,1
2025-04-01 01:20:00,34.406,13.867,113.27,12.632,80.572,1
2025-04-01 01:20:01,35.789,11.656,109.112,13.454,76.207,1
2025-04-01 01:20:02,33.732,10.797,116.57,13.201,66.638,1
2025-04-01 01:20:03,34.35,9.407,111.967,13.043,79.49,1
2025-04-01 01:20:04,35.684,11.565,117.28,13.457,74.19,1
2025-04-01 01:20:05,35.533,10.067,115.792,12.733,61.075,1
2025-04-01 01:20:06,36.597,-7.298,118.733,13.643,81.705,1
2025-04-01 01:20:07,36.761,19.954,120.443,13.457,80.37,1
2025-04-01 01:20:08,35.894,19.71,111.887,11.835,77.367,1
2025-04-01 01:20:09,36.574,20.335,115.862,12.984,81.457,1
2025-04-01 01:20:10,36.545,21.091,113.705,14.201,80.147,1
2025-04-01 01:20:11,39.902,21.228,116.546,13.668,76.764,1
2025-04-01 01:20:12,35.201,20.857,111.542,13.34,83.444,1
2025-04-01 01:20:13,38.394,19.834,110.512,13.429,85.89,1
2025-04-01 01:20:14,36.757,20.119,118.593,12.308,73.481,1
2025-04-01 01:20:15,40.732,19.887,113.297,12.177,62.566,1
2025-04-01 01:20:16,36.269,18.107,120.323,13.526,85.262,1
2025-04-01 01:20:17,36.757,18.056,120.795,12.61,70.31,1
2025-04-01 01:20:18,35.736,17.904,120.588,12.909,82.976,1
2025-04-01 01:20:19,39.845,19.282,122.407,11.565,75.956,1
2025-04-01 01:20:20,37.37,19.035,121.643,12.091,75.854,1
2025-04-01 01:20:21,40.943,18.218,120.834,12.199,78.584,1
2025-04-01 01:20:22,36.988,17.985,121.744,12.903,78.624,1
2025-04-01 01:20:23,34.514,18.108,127.361,12.27,78.205,1
2025-04-01 01:20:24,34.825,17.958,120.646,12.451,78.876,1
2025-04-01 01:20:25,35.67,20.081,112.137,12.208,80.991,1
2025-04-01 01:20:26,37.016,18.171,118.01,11.582,78.677,1
2025-04-01 01:20:27,35.823,1.359,126.429,12.109,79.122,1
2025-04-01 01:20:28,38.006,2.573,122.223,11.986,78.115,1
2025-04-01 01:20:29,38.854,2.214,124.854,12.653,79.908,1
2025-04-01 01:20:30,33.329,0.529,114.245,11.549,79.354,1
2025-04-01 01:20:31,37.112,0.768,121.558,12.118,78.684,1
2025-04-01 01:20:32,35.223,1.673,125.658,11.557,79.748,1
2025-04-01 01:20:33,32.268,1.888,122.814,11.913,80.148,1
2025-04-01 01:20:34,38.415,0.201,127.701,12.359,78.983,1
2025-04-01 01:20:35,36.228,1.094,128.971,11.908,78.484,1
2025-04-01 01:20:36,37.215,2.097,121.121,11.52,78.96,1
2025-04-01 01:20:37,37.562,0.071,118.092,12.092,78.392,1
2025-04-01 01:20:38,34.579,0.698,133.877,12.294,79.387,1
2025-04-01 01:20:39,34.542,18.036,119.009,11.387,79.489,1
2025-04-01 01:20:40,34.209,17.011,122.288,12.244,80.477,1
2025-04-01 01:20:41,34.401,17.951,119.228,11.627,80.577,1
2025-04-01 01:20:42,35.976,18.813,119.493,11.751,80.973,1
2025-04-01 01:20:43,38.666,18.385,114.846,12.103,82.171,1
2025-04-01 01:20:44,34.982,17.681,127.384,10.817,81.67,1
2025-04-01 01:20:45,37.971,19.244,120.052,10.18,79.231,1
2025-04-01 01:20:46,34.715,18.878,127.984,10.946,81.303,1
2025-04-01 01:20:47,31.418,18.352,120.371,12.001,79.617,1
2025-04-01 01:20:48,35.941,16.988,114.696,11.461,81.175,1
2025-04-01 01:20:49,37.984,18.1,114.953,11.262,80.53,1
2025-04-01 01:20:50,37.765,18.322,126.369,11.071,80.669,1
2025-04-01 01:20:51,34.549,47.344,118.576,10.668,81.145,1
2025-04-01 01:20:52,36.137,48.167,127.871,10.183,81.909,1
2025-04-01 01:20:53,37.643,65.256,121.684,10.542,83.293,1
2025-04-01 01:20:54,36.272,65.632,122.181,9.582,82.031,1
2025-04-01 01:20:55,27.516,62.352,121.404,11.214,82.917,1
2025-04-01 01:20:56,25.731,64.328,125.603,4.847,82.831,1
2025-04-01 01:20:57,30.063,63.435,124.899,4.814,82.239,1
2025-04-01 01:20:58,26.88,64.729,127.312,4.829,83.062,1
2025-04-01 01:20:59,27.185,65.087,126.404,4.811,82.629,1
2025-04-01 01:21:00,27.495,62.368,124.833,4.373,81.793,1
2025-04-01 01:21:01,26.627,61.686,126.902,4.798,82.229,1
2025-04-01 01:21:02,26.073,63.467,125.701,4.942,83.827,1
2025-04-01 01:21:03,26.979,62.845,127.737,4.269,83.495,1
2025-04-01 01:21:04,25.11,63.062,128.834,4.462,83.246,1
2025-04-01 01:21:05,29.981,64.439,123.754,3.038,82.93,1
2025-04-01 01:21:06,24.995,62.303,129.524,3.183,83.01,1
2025-04-01 01:21:07,28.655,63.135,127.315,3.432,83.047,1
2025-04-01 01:21:08,28.361,64.348,128.525,3.437,81.908,1
2025-04-01 01:21:09,29.824,34.512,118.267,3.044,84.466,1
2025-04-01 01:21:10,25.278,35.915,128.765,3.219,84.174,1
2025-04-01 01:21:11,29.235,35.215,130.308,3.316,84.196,1
2025-04-01 01:21:12,21.942,34.803,128.636,3.187,85.361,1
2025-04-01 01:21:13,26.805,7.759,135.224,3.293,83.667,1
2025-04-01 01:21:14,29.337,9.472,134.934,3.354,83.875,1
2025-04-01 01:21:15,26.282,7.676,123.521,3.208,84.085,1
2025-04-01 01:21:16,23.194,6.665,125.869,3.38,83.312,1
2025-04-01 01:21:17,26.086,8.064,129.794,3.322,84.466,1
2025-04-01 01:21:18,25.508,6.399,124.14,3.099,83.26,1
2025-04-01 01:21:19,23.684,8.711,122.665,3.122,84.93,1
2025-04-01 01:21:20,27.996,7.76,129.197,3.326,85.442,1
2025-04-01 01:21:21,29.97,7.753,130.648,3.142,85.096,1
2025-04-01 01:21:22,27.444,10.401,138.177,3.162,84.67,1
2025-04-01 01:21:23,29.203,7.176,110.821,3.144,84.566,1
2025-04-01 01:21:24,27.245,9.319,110.713,3.12,83.518,1
2025-04-01 01:21:25,25.926,7.608,109.912,3.303,85.167,1
2025-04-01 01:21:26,28.608,8.173,119.469,3.202,83.657,1
2025-04-01 01:21:27,26.512,6.843,112.829,3.334,85.685,1
2025-04-01 01:21:28,24.145,8.985,113.144,3.017,86.035,1
2025-04-01 01:21:29,29.276,9.278,107.327,2.85,85.692,1
2025-04-01 01:21:30,24.335,7.441,119.98,3.079,83.464,1
2025-04-01 01:21:31,25.978,8.027,108.972,3.578,85.544,1
2025-04-01 01:21:32,25.216,8.481,108.087,2.974,84.921,1
2025-04-01 01:21:33,27.503,6.99,119.693,7.126,87.22,1
2025-04-01 01:21:34,25.208,9.326,111.283,7.523,86.705,1
2025-04-01 01:21:35,27.133,34.779,120.875,7.148,84.597,1
2025-04-01 01:21:36,26.195,35.256,103.753,7.458,83.641,1
2025-04-01 01:21:37,27.113,35.559,113.092,7.358,85.361,1
2025-04-01 01:21:38,25.211,36.077,114.184,7.14,100.431,1
2025-04-01 01:21:39,25.909,37.424,118.93,7.488,78.356,1
2025-04-01 01:21:40,30.836,36.728,109.237,7.214,92.318,1
2025-04-01 01:21:41,25.917,36.445,105.356,7.191,103.918,1
2025-04-01 01:21:42,36.197,37.836,120.829,7.463,77.038,1
2025-04-01 01:21:43,35.589,36.109,119.219,7.429,87.392,1
2025-04-01 01:21:44,36.551,36.641,105.381,4.306,98.965,1
2025-04-01 01:21:45,36.669,38.213,116.132,4.793,79.349,1
2025-04-01 01:21:46,33.209,35.996,102.673,4.669,83.841,1
2025-04-01 01:21:47,33.204,37.413,111.871,4.816,89.936,1
2025-04-01 01:21:48,31.732,36.384,112.804,4.476,79.369,1
2025-04-01 01:21:49,36.099,36.68,113.022,4.832,93.323,1
2025-04-01 01:21:50,36.325,37.241,115.706,4.747,80.578,1
2025-04-01 01:21:51,34.516,37.056,121.425,4.816,82.738,1
2025-04-01 01:21:52,36.35,38.288,115.5,4.465,92.012,1
2025-04-01 01:21:53,36.146,37.484,116.454,4.621,81.332,1
2025-04-01 01:21:54,36.817,37.188,119.686,7.181,82.598,1
2025-04-01 01:21:55,34.125,37.192,119.791,6.829,83.676,1
2025-04-01 01:21:56,33.398,39.124,115.617,6.981,89.071,1
2025-04-01 01:21:57,35.092,18.485,123.606,7.113,91.051,1
2025-04-01 01:21:58,35.108,19.887,111.49,6.414,99.067,1
2025-04-01 01:21:59,36.811,20.894,120.537,7.007,82.313,1
2025-04-01 01:22:00,37.595,18.389,105.158,7.49,79.78,1
2025-04-01 01:22:01,30.166,20.019,121.851,6.319,90.93,1
2025-04-01 01:22:02,37.131,20.263,119.292,6.726,89.003,1
2025-04-01 01:22:03,33.297,20.246,109.809,7.21,85.654,1
2025-04-01 01:22:04,37.735,20.331,115.153,7.271,103.511,1
2025-04-01 01:22:05,37.958,20.658,108.412,7.166,77.366,1
2025-04-01 01:22:06,33.765,21.778,108.696,7.077,84.521,1
2025-04-01 01:22:07,31.347,20.699,115.613,7.263,88.382,1
2025-04-01 01:22:08,32.517,21.786,113.369,7.194,91.755,1
2025-04-01 01:22:09,36.577,0.781,108.094,7.483,78.941,1
2025-04-01 01:22:10,32.631,-0.986,119.137,7.514,89.785,1
2025-04-01 01:22:11,38.907,-1.165,111.048,7.775,73.868,1
2025-04-01 01:22:12,34.956,0.535,116.468,7.322,86.61,1
2025-04-01 01:22:13,29.84,-0.148,108.636,7.57,99.244,1
2025-04-01 01:22:14,34.645,1.007,103.936,7.579,66.786,1
2025-04-01 01:22:15,33.639,0.562,109.364,7.907,100.099,1
2025-04-01 01:22:16,35.499,2.123,110.899,7.787,87.436,1
2025-04-01 01:22:17,37.422,1.441,99.853,7.58,96.787,1
2025-04-01 01:22:18,36.231,2.424,96.415,7.938,80.73,1
2025-04-01 01:22:19,31.847,0.537,99.189,8.029,89.34,1
2025-04-01 01:22:20,33.833,1.455,93.597,7.759,74.299,1
2025-04-01 01:22:21,36.308,1.651,92.164,7.524,98.374,1
2025-04-01 01:22:22,34.404,1.202,104.843,7.683,110.202,1
2025-04-01 01:22:23,31.821,0.984,89.909,7.292,83.232,1
2025-04-01 01:22:24,35.869,0.436,92.549,7.366,89.329,1
2025-04-01 01:22:25,32.807,1.068,98.219,7.77,72.43,1
2025-04-01 01:22:26,33.354,1.246,93.584,8.001,86.005,1
2025-04-01 01:22:27,32.486,0.867,104.249,7.665,90.335,1
2025-04-01 01:22:28,32.951,2.245,99.876,7.574,70.925,1
2025-04-01 01:22:29,33.993,1.948,99.198,7.983,106.104,1
2025-04-01 01:22:30,35.169,2.311,96.065,7.53,83.871,1
2025-04-01 01:22:31,34.194,2.101,98.717,7.753,101.781,1
2025-04-01 01:22:32,37.544,2.495,108.389,7.999,81.339,1
2025-04-01 01:22:33,34.962,1.046,100.497,7.678,89.898,1
2025-04-01 01:22:34,34.574,3.06,97.255,7.669,80.871,1
2025-04-01 01:22:35,34.542,2.05,103.052,7.895,68.486,1
2025-04-01 01:22:36,34.722,2.64,101.654,7.469,76.197,1
2025-04-01 01:22:37,33.068,30.474,103.543,7.739,75.225,1
2025-04-01 01:22:38,31.527,29.55,98.411,7.924,81.556,1
2025-04-01 01:22:39,36.001,31.156,105.526,7.998,71.561,1
2025-04-01 01:22:40,34.426,29.229,102.315,7.346,99.417,1
2025-04-01 01:22:41,37.234,30.027,93.932,7.416,63.198,1
2025-04-01 01:22:42,31.818,30.209,98.565,7.329,67.523,1
2025-04-01 01:22:43,32.664,31.335,97.021,7.336,80.79,1
2025-04-01 01:22:44,36.78,30.294,105.019,7.246,81.526,1
2025-04-01 01:22:45,35.541,31.612,100.92,7.321,87.67,1
2025-04-01 01:22:46,37.217,30.042,110.146,7.424,83.704,1
2025-04-01 01:22:47,35.43,31.127,101.231,7.556,71.099,1
2025-04-01 01:22:48,30.798,30.162,94.671,7.202,98.973,1
2025-04-01 01:22:49,35.552,32.37,104.942,7.434,79.666,1
2025-04-01 01:22:50,31.771,30.409,109.714,6.794,96.897,1
2025-04-01 01:22:51,22.151,30.354,107.44,7.328,88.92,1
2025-04-01 01:22:52,28.986,32.337,89.005,7.425,90.273,1
2025-04-01 01:22:53,24.243,31.098,105.191,7.545,75.869,1
2025-04-01 01:22:54,27.192,31.988,100.027,7.142,89.153,1
2025-04-01 01:22:55,18.424,30.386,99.22,6.888,89.399,1
2025-04-01 01:22:56,27.283,30.506,107.573,6.8,76.702,1
2025-04-01 01:22:57,26.519,31.422,101.562,7.25,69.713,1
2025-04-01 01:22:58,21.557,31.256,99.917,7.1,47.932,1
2025-04-01 01:22:59,26.852,30.719,108.333,4.476,56.944,1
2025-04-01 01:23:00,17.471,31.539,116.089,4.197,76.362,1
2025-04-01 01:23:01,24.508,31.1,113.4,4.287,109.225,1
2025-04-01 01:23:02,23.547,31.625,109.157,4.378,87.994,1
2025-04-01 01:23:03,21.612,32.206,107.002,4.517,72.995,1
2025-04-01 01:23:04,23.282,32.026,100.432,4.038,109.14,1
2025-04-01 01:23:05,39.5,33.095,106.435,3.803,77.883,1
2025-04-01 01:23:06,38.649,32.752,118.027,3.878,73.751,1
2025-04-01 01:23:07,35.28,51.576,111.833,3.898,76.52,1
2025-04-01 01:23:08,36.198,52.095,108.467,4.264,78.175,1
2025-04-01 01:23:09,37.287,52.822,112.078,3.862,77.913,1
2025-04-01 01:23:10,36.888,53.262,118.344,3.996,80.156,1
2025-04-01 01:23:11,38.865,53.154,111.29,4.008,84.812,1
2025-04-01 01:23:12,37.2,52.295,112.802,3.925,80.284,1
2025-04-01 01:23:13,35.154,52.316,119.256,3.874,77.082,1
2025-04-01 01:23:14,40.735,70.839,113.517,3.935,76.377,1
2025-04-01 01:23:15,33.614,70.589,114.777,6.591,69.199,1
2025-04-01 01:23:16,40.336,69.281,120.801,6.139,63.7,1
2025-04-01 01:23:17,38.156,70.027,111.964,6.23,84.91,1
2025-04-01 01:23:18,38.491,70.701,118.584,6.099,73.389,1
2025-04-01 01:23:19,37.756,72.031,114.974,9.665,81.509,1
2025-04-01 01:23:20,39.206,70.163,114.386,10.428,98.687,1
2025-04-01 01:23:21,35.594,71.414,107.073,10.055,76.626,1
2025-04-01 01:23:22,36.518,70.905,118.949,9.359,78.234,1
2025-04-01 01:23:23,36.775,71.95,117.905,9.327,84.988,1
2025-04-01 01:23:24,40.087,71.414,118.235,9.886,82.762,1
2025-04-01 01:23:25,39.835,71.486,118.595,9.88,89.789,1
2025-04-01 01:23:26,38.02,71.462,117.801,9.576,68.763,1
2025-04-01 01:23:27,39.809,70.892,113.971,10.038,73.895,1
2025-04-01 01:23:28,37.071,70.393,115.879,9.227,70.748,1
2025-04-01 01:23:29,27.577,71.109,116.601,9.278,69.42,1
2025-04-01 01:23:30,28.118,70.355,118.021,9.761,85.364,1
2025-04-01 01:23:31,26.723,70.604,119.524,8.863,73.862,1
2025-04-01 01:23:32,25.546,71.941,118.971,9.187,79.625,1
2025-04-01 01:23:33,28.004,69.828,98.884,8.839,81.941,1
2025-04-01 01:23:34,28.84,71.335,103.422,9.626,97.401,1
2025-04-01 01:23:35,28.836,71.307,103.206,9.407,84.353,1
2025-04-01 01:23:36,26.826,70.722,105.366,9.021,73.76,1
2025-04-01 01:23:37,28.174,71.156,99.69,9.7,79.323,1
2025-04-01 01:23:38,23.525,71.649,101.037,8.78,68.568,1
2025-04-01 01:23:39,26.044,69.336,104.261,9.772,88.776,1
2025-04-01 01:23:40,29.3,71.291,103.67,8.829,83.694,1
2025-04-01 01:23:41,25.567,70.467,98.842,10.065,82.565,1
2025-04-01 01:23:42,27.278,71.264,99.665,9.671,70.095,1
2025-04-01 01:23:43,25.973,70.924,98.661,9.04,43.309,1
2025-04-01 01:23:44,24.983,71.092,98.205,9.594,87.434,1
2025-04-01 01:23:45,26.26,70.724,101.115,8.833,89.514,1
2025-04-01 01:23:46,28.688,69.694,99.409,9.832,84.722,1
2025-04-01 01:23:47,27.303,70.878,99.39,9.289,82.106,1
2025-04-01 01:23:48,27.513,70.447,95.605,8.866,73.787,1
2025-04-01 01:23:49,28.15,70.202,99.299,9.332,87.804,1
2025-04-01 01:23:50,28.781,69.87,100.374,8.56,76.577,1
2025-04-01 01:23:51,25.478,69.843,94.986,9.193,61.262,1
2025-04-01 01:23:52,26.41,69.882,103.465,10.112,77.434,1
2025-04-01 01:23:53,26.103,69.216,98.005,9.203,76.136,1
2025-04-01 01:23:54,28.353,69.212,103.788,9.291,79.002,1
2025-04-01 01:23:55,26.44,69.718,98.636,8.963,81.893,1
2025-04-01 01:23:56,25.203,69.465,99.704,9.237,54.502,1
2025-04-01 01:23:57,27.586,69.542,98.254,9.577,80.355,1
2025-04-01 01:23:58,43.52,69.175,100.239,8.674,69.457,1
2025-04-01 01:23:59,43.314,70.432,96.774,9.913,63.546,1
2025-04-01 01:24:00,39.657,68.183,107.388,9.262,98.174,1
2025-04-01 01:24:01,44.599,69.311,102.536,9.509,84.706,1
2025-04-01 01:24:02,44.266,68.158,103.862,9.754,84.844,1
2025-04-01 01:24:03,44.774,67.22,98.673,8.937,79.778,1
2025-04-01 01:24:04,51.475,68.241,100.156,8.719,75.458,1
2025-04-01 01:24:05,54.837,68.972,107.975,9.867,98.249,1
2025-04-01 01:24:06,52.659,67.164,101.766,10.167,91.461,1
2025-04-01 01:24:07,50.116,67.644,103.947,10.713,102.135,1
2025-04-01 01:24:08,52.428,68.856,100.169,9.414,87.7,1
2025-04-01 01:24:09,54.581,68.55,108.138,9.613,83.782,1
2025-04-01 01:24:10,55.797,68.384,100.485,10.287,65.075,1
2025-04-01 01:24:11,50.935,68.552,106.695,10.458,69.546,1
2025-04-01 01:24:12,57.277,69.378,108.417,10.338,77.09,1
2025-04-01 01:24:13,55.011,68.031,102.101,9.131,87.369,1
2025-04-01 01:24:14,53.465,67.161,108.905,10.538,89.78,1
2025-04-01 01:24:15,56.551,67.261,102.654,10.247,83.548,1
2025-04-01 01:24:16,55.616,67.507,106.573,9.943,81.534,1
2025-04-01 01:24:17,52.202,67.745,108.541,10.699,78.799,1
2025-04-01 01:24:18,54.183,67.776,107.151,10.342,86.16,1
2025-04-01 01:24:19,53.455,66.892,109.209,10.586,84.701,1
2025-04-01 01:24:20,53.888,67.852,100.353,9.976,83.771,1
2025-04-01 01:24:21,54.72,67.056,108.962,10.891,92.003,1
2025-04-01 01:24:22,53.534,67.171,105.66,11.001,92.211,1
2025-04-01 01:24:23,63.18,67.406,106.018,11.066,78.407,1
2025-04-01 01:24:24,68.978,66.421,105.008,10.378,83.016,1
2025-04-01 01:24:25,63.99,66.641,111.382,11.141,84.033,1
2025-04-01 01:24:26,68.552,66.123,103.274,12.484,85.011,1
2025-04-01 01:24:27,60.736,65.166,105.409,10.237,85.117,1
2025-04-01 01:24:28,62.86,66.94,105.169,11.82,87.162,1
2025-04-01 01:24:29,62.731,66.657,103.836,11.731,86.723,1
2025-04-01 01:24:30,64.939,45.844,106.429,9.821,85.899,1
2025-04-01 01:24:31,61.746,44.361,110.829,10.566,85.326,1
2025-04-01 01:24:32,63.098,46.359,108.626,11.318,86.915,1
2025-04-01 01:24:33,67.003,44.901,108.358,10.213,86.885,1
2025-04-01 01:24:34,63.087,44.129,104.188,10.407,86.225,1
2025-04-01 01:24:35,64.732,45.574,106.442,11.235,86.184,1
2025-04-01 01:24:36,61.364,44.429,107.605,11.943,85.902,1
2025-04-01 01:24:37,59.452,44.405,112.217,11.734,74.612,1
2025-04-01 01:24:38,69.544,44.514,109.858,11.57,99.902,1
2025-04-01 01:24:39,71.423,44.509,106.731,11.635,94.946,1
2025-04-01 01:24:40,68.2,44.715,104.274,11.301,76.916,1
2025-04-01 01:24:41,76.909,43.878,106.123,10.04,91.164,1
2025-04-01 01:24:42,69.236,44.75,94.578,11.029,81.838,1
2025-04-01 01:24:43,75.32,42.508,108.894,11.808,87.754,1
2025-04-01 01:24:44,69.493,43.277,102.792,12.166,80.259,1
2025-04-01 01:24:45,68.349,25.996,88.687,11.595,84.861,1
2025-04-01 01:24:46,66.77,25.089,110.392,12.324,96.656,1
2025-04-01 01:24:47,68.09,25.161,103.446,10.984,106.072,1
2025-04-01 01:24:48,73.108,25.176,107.789,11.211,87.077,1
2025-04-01 01:24:49,73.805,23.848,98.757,12.361,85.719,1
2025-04-01 01:24:50,71.071,25.607,100.377,11.421,86.243,1
2025-04-01 01:24:51,55.259,25.59,110.117,11.937,81.169,1
2025-04-01 01:24:52,53.979,24.629,92.947,12.26,78.05,1
2025-04-01 01:24:53,57.333,24.528,99.371,12.745,74.67,1
2025-04-01 01:24:54,58.061,26.088,85.591,12.355,85.394,1
2025-04-01 01:24:55,58.809,25.697,98.737,12.135,71.991,1
2025-04-01 01:24:56,56.702,24.771,95.45,12.218,96.329,1
2025-04-01 01:24:57,59.594,24.081,85.353,12.122,83.799,1
2025-04-01 01:24:58,56.986,24.933,98.502,11.177,92.652,1
2025-04-01 01:24:59,58.245,24.201,92.927,12.236,82.831,1
2025-04-01 01:25:00,55.548,24.795,92.936,11.577,85.262,1
2025-04-01 01:25:01,57.866,25.293,90.525,12.046,86.237,1
2025-04-01 01:25:02,52.138,25.444,101.939,11.573,102.002,1
2025-04-01 01:25:03,58.742,27.07,92.439,12.019,70.593,1
2025-04-01 01:25:04,56.967,24.426,101.232,11.62,75.514,1
2025-04-01 01:25:05,54.266,25.79,91.064,12.314,84.681,1
2025-04-01 01:25:06,55.068,24.265,88.097,10.784,93.159,1
2025-04-01 01:25:07,54.274,43.415,96.73,11.566,73.98,1
2025-04-01 01:25:08,58.324,19.855,87.717,11.558,94.089,1
2025-04-01 01:25:09,55.588,20.764,90.238,11.404,68.03,1
2025-04-01 01:25:10,37.846,19.989,92.827,11.373,85.129,1
2025-04-01 01:25:11,42.142,19.554,91.811,11.944,82.567,1
2025-04-01 01:25:12,40.775,18.593,92.589,11.717,86.854,1
2025-04-01 01:25:13,44.499,19.55,96.361,11.118,94.678,1
2025-04-01 01:25:14,45.07,18.662,92.049,11.567,88.606,1
2025-04-01 01:25:15,46.458,20.321,94.604,11.629,75.503,1
2025-04-01 01:25:16,41.25,19.734,94.151,11.217,84.466,1
2025-04-01 01:25:17,44.549,19.773,98.906,11.425,67.216,1
2025-04-01 01:25:18,43.427,18.017,98.873,11.104,85.108,1
2025-04-01 01:25:19,42.79,18.965,99.137,11.257,88.62,1
2025-04-01 01:25:20,43.456,17.946,101.42,11.452,87.093,1
2025-04-01 01:25:21,44.335,18.984,102.699,11.082,84.266,1
2025-04-01 01:25:22,42.335,18.411,96.726,11.846,94.504,1
2025-04-01 01:25:23,41.084,19.626,90.397,10.186,75.795,1
2025-04-01 01:25:24,55.545,20.088,95.64,11.155,77.188,1
2025-04-01 01:25:25,57.495,19.521,95.255,10.396,97.414,1
2025-04-01 01:25:26,57.842,19.75,91.35,11.407,77.974,1
2025-04-01 01:25:27,52.206,20.048,103.706,11.233,81.145,1
2025-04-01 01:25:28,59.676,19.067,93.347,9.969,83.59,1
2025-04-01 01:25:29,54.671,17.453,97.393,11.156,74.865,1
2025-04-01 01:25:30,57.748,18.607,99.809,11.076,72.102,1
2025-04-01 01:25:31,56.801,19.569,93.559,9.925,89.757,1
2025-04-01 01:25:32,53.374,19.838,90.653,10.665,82.448,1
2025-04-01 01:25:33,59.217,22.144,92.473,10.062,84.46,1
2025-04-01 01:25:34,58.426,19.847,96.225,10.177,86.483,1
2025-04-01 01:25:35,56.37,18.322,97.828,10.631,78.441,1
2025-04-01 01:25:36,61.956,19.103,101.964,10.293,79.161,1
2025-04-01 01:25:37,54.324,18.302,99.22,9.851,75.959,1
2025-04-01 01:25:38,52.447,19.935,102.977,10.593,80.087,1
2025-04-01 01:25:39,47.089,18.58,99.233,9.502,77.94,1
2025-04-01 01:25:40,45.8,19.361,99.065,9.517,87.208,1
2025-04-01 01:25:41,49.254,20.208,102.063,9.632,81.226,1
2025-04-01 01:25:42,45.71,19.694,100.513,10.375,81.52,1
2025-04-01 01:25:43,47.151,19.9,89.37,9.67,81.007,1
2025-04-01 01:25:44,29.151,19.678,100.87,9.912,81.0,1
2025-04-01 01:25:45,35.482,-7.136,101.406,10.021,83.11,1
2025-04-01 01:25:46,34.976,-5.06,104.471,9.929,81.803,1
2025-04-01 01:25:47,35.581,-4.798,91.785,5.479,81.135,1
2025-04-01 01:25:48,32.032,-6.333,102.576,4.549,81.047,1
2025-04-01 01:25:49,32.574,-4.096,101.126,5.182,80.416,1
2025-04-01 01:25:50,35.686,-5.431,93.877,4.793,79.957,1
2025-04-01 01:25:51,34.318,-6.534,107.847,3.136,80.842,1
2025-04-01 01:25:52,35.761,-5.833,100.999,3.553,81.159,1
2025-04-01 01:25:53,34.98,15.844,97.723,3.605,78.689,1
2025-04-01 01:25:54,24.437,16.317,100.432,3.201,78.887,1
2025-04-01 01:25:55,26.743,16.9,102.436,3.121,81.422,1
2025-04-01 01:25:56,26.154,17.921,93.017,3.212,80.762,1
2025-04-01 01:25:57,25.006,16.538,96.235,3.285,79.589,1
2025-04-01 01:25:58,25.915,15.885,98.165,3.33,78.986,1
2025-04-01 01:25:59,24.093,15.879,93.165,3.598,77.894,1
2025-04-01 01:26:00,26.796,17.266,97.046,3.221,78.92,1
2025-04-01 01:26:01,25.355,15.623,98.571,3.212,79.962,1
2025-04-01 01:26:02,28.385,17.322,97.387,3.171,79.55,1
2025-04-01 01:26:03,25.847,18.606,102.592,3.34,80.356,1
2025-04-01 01:26:04,25.982,16.04,98.263,3.263,79.5,1
2025-04-01 01:26:05,23.131,17.169,100.671,3.309,80.346,1
2025-04-01 01:26:06,26.507,15.638,98.134,3.194,79.013,1
2025-04-01 01:26:07,21.519,17.763,96.223,3.448,80.251,1
2025-04-01 01:26:08,28.646,-7.516,101.219,3.048,77.542,1
2025-04-01 01:26:09,23.139,-7.943,94.033,3.165,80.272,1
2025-04-01 01:26:10,26.224,-8.844,98.606,3.142,80.347,1
2025-04-01 01:26:11,23.409,-8.054,87.312,2.975,78.68,1
2025-04-01 01:26:12,19.644,-8.55,95.198,3.073,79.054,1
2025-04-01 01:26:13,29.286,-9.761,97.566,3.218,78.129,1
2025-04-01 01:26:14,23.971,-6.635,94.553,3.195,76.974,1
2025-04-01 01:26:15,28.491,-6.25,96.126,3.134,80.26,1
2025-04-01 01:26:16,22.454,-6.878,91.52,3.009,79.346,1
2025-04-01 01:26:17,26.093,-7.632,92.09,3.24,79.54,1
2025-04-01 01:26:18,24.259,-8.478,88.827,3.352,78.894,1
2025-04-01 01:26:19,27.289,-8.056,95.978,2.961,79.292,1
2025-04-01 01:26:20,37.625,-6.647,90.249,2.983,80.568,1
2025-04-01 01:26:21,39.441,-7.91,105.305,3.382,79.113,1
2025-04-01 01:26:22,35.172,-6.971,89.862,2.769,79.647,1
2025-04-01 01:26:23,41.26,-6.385,94.855,2.965,79.668,1
2025-04-01 01:26:24,36.501,-7.354,96.051,3.095,78.194,1
2025-04-01 01:26:25,40.824,-7.239,93.031,5.752,79.434,1
2025-04-01 01:26:26,42.607,-6.468,97.465,5.461,79.108,1
2025-04-01 01:26:27,35.577,-5.275,97.146,5.308,78.986,1
2025-04-01 01:26:28,39.344,-7.838,89.646,5.634,81.719,1
2025-04-01 01:26:29,42.521,-4.837,94.377,5.711,80.181,1
2025-04-01 01:26:30,40.475,-6.218,94.623,6.155,79.034,1
2025-04-01 01:26:31,38.778,-7.114,96.039,5.567,79.724,1
2025-04-01 01:26:32,37.885,-5.134,94.381,5.932,81.076,1
2025-04-01 01:26:33,41.827,-6.001,94.667,5.793,81.229,1
2025-04-01 01:26:34,41.174,-5.19,98.567,6.07,79.854,1
2025-04-01 01:26:35,36.492,19.282,101.711,5.979,79.453,1
2025-04-01 01:26:36,39.505,18.765,100.981,9.203,79.769,1
2025-04-01 01:26:37,37.635,19.057,94.388,9.307,80.837,1
2025-04-01 01:26:38,37.583,19.857,96.975,9.512,81.577,1
2025-04-01 01:26:39,38.698,19.39,96.481,8.751,79.529,1
2025-04-01 01:26:40,38.657,21.075,102.097,9.838,78.672,1
2025-04-01 01:26:41,38.628,44.758,102.068,9.332,80.971,1
2025-04-01 01:26:42,38.867,43.65,101.969,9.721,82.553,1
2025-04-01 01:26:43,40.298,43.431,98.147,9.535,80.546,1
2025-04-01 01:26:44,25.231,42.765,101.183,8.45,80.121,1
2025-04-01 01:26:45,24.875,43.627,102.731,9.328,80.665,1
2025-04-01 01:26:46,25.624,42.54,100.844,9.231,81.47,1
2025-04-01 01:26:47,27.122,42.271,103.882,10.412,82.127,1
2025-04-01 01:26:48,28.224,44.192,103.503,10.09,80.804,1
2025-04-01 01:26:49,28.072,42.801,102.72,9.676,79.907,1
2025-04-01 01:26:50,26.763,42.826,100.338,10.333,81.645,1
2025-04-01 01:26:51,27.058,43.542,103.689,9.882,82.397,1
2025-04-01 01:26:52,25.637,43.77,102.398,9.125,83.527,1
2025-04-01 01:26:53,26.581,44.128,105.467,10.495,80.732,1
2025-04-01 01:26:54,25.337,43.737,106.596,10.606,81.933,1
2025-04-01 01:26:55,28.105,42.839,108.079,10.191,81.931,1
2025-04-01 01:26:56,27.559,43.497,105.818,10.422,81.466,1
2025-04-01 01:26:57,28.601,43.952,104.571,9.227,85.066,1
2025-04-01 01:26:58,27.077,43.91,103.051,10.484,83.049,1
2025-04-01 01:26:59,37.349,43.672,105.897,9.916,82.933,1
2025-04-01 01:27:00,35.319,45.665,101.386,10.103,82.033,1
2025-04-01 01:27:01,37.996,70.062,103.196,11.44,82.858,1
2025-04-01 01:27:02,36.144,69.463,106.426,10.498,82.106,1
2025-04-01 01:27:03,38.155,69.079,102.546,10.323,81.881,1
2025-04-01 01:27:04,37.522,69.722,103.188,10.074,83.389,1
2025-04-01 01:27:05,37.738,70.399,104.908,10.566,84.091,1
2025-04-01 01:27:06,36.89,70.353,107.301,10.364,83.897,1
2025-04-01 01:27:07,36.87,69.513,101.231,11.372,83.325,1
2025-04-01 01:27:08,39.127,68.994,104.081,10.831,84.897,1
2025-04-01 01:27:09,38.614,68.825,108.295,10.467,83.109,1
2025-04-01 01:27:10,37.125,70.66,101.871,11.05,84.348,1
2025-04-01 01:27:11,37.448,71.258,104.315,9.868,84.543,1
2025-04-01 01:27:12,38.658,69.378,101.457,11.494,82.74,1
2025-04-01 01:27:13,38.8,71.134,104.901,10.496,84.188,1
2025-04-01 01:27:14,35.68,69.078,105.721,6.392,82.462,1
2025-04-01 01:27:15,36.977,69.893,105.058,7.414,85.028,1
2025-04-01 01:27:16,36.985,70.46,103.081,6.977,84.957,1
2025-04-01 01:27:17,38.968,70.782,102.432,6.717,85.682,1
2025-04-01 01:27:18,38.9,71.356,100.274,7.426,84.628,1
2025-04-01 01:27:19,40.033,71.1,104.53,7.268,85.118,1
2025-04-01 01:27:20,36.205,71.657,101.907,6.602,86.207,1
2025-04-01 01:27:21,38.841,71.417,105.522,7.088,85.131,1
2025-04-01 01:27:22,37.324,70.442,106.528,6.627,87.008,1
2025-04-01 01:27:23,38.56,69.471,106.591,7.827,85.605,1
2025-04-01 01:27:24,37.409,71.385,100.853,6.743,85.948,1
2025-04-01 01:27:25,37.827,70.559,103.968,7.325,84.329,1
2025-04-01 01:27:26,39.299,71.234,99.239,7.193,84.916,1
2025-04-01 01:27:27,39.606,70.43,102.691,6.99,74.634,1
2025-04-01 01:27:28,40.982,72.671,98.857,7.34,91.257,1
2025-04-01 01:27:29,39.091,70.179,104.791,7.091,74.757,1
2025-04-01 01:27:30,38.388,71.618,98.451,7.173,88.667,1
2025-04-01 01:27:31,37.475,71.386,103.783,7.17,81.483,1
2025-04-01 01:27:32,36.973,70.548,98.327,7.562,78.78,1
2025-04-01 01:27:33,29.2,70.696,101.84,6.763,91.946,1
2025-04-01 01:27:34,27.852,70.301,99.947,7.562,89.521,1
2025-04-01 01:27:35,29.782,70.803,104.147,7.489,83.131,1
2025-04-01 01:27:36,28.178,69.907,105.919,4.675,84.969,1
2025-04-01 01:27:37,29.564,72.052,102.389,4.337,85.71,1
2025-04-01 01:27:38,28.392,73.018,102.492,2.159,92.401,1
2025-04-01 01:27:39,28.525,71.294,96.987,2.435,86.161,1
2025-04-01 01:27:40,26.338,70.772,103.492,2.275,69.987,1
2025-04-01 01:27:41,25.08,70.169,94.639,2.174,89.887,1
2025-04-01 01:27:42,29.283,70.102,104.294,2.051,97.065,1
2025-04-01 01:27:43,27.373,70.608,97.122,2.184,92.522,1
2025-04-01 01:27:44,29.385,70.666,99.373,2.243,88.64,1
2025-04-01 01:27:45,23.877,70.242,100.382,2.182,84.678,1
2025-04-01 01:27:46,27.04,71.293,102.614,2.226,81.188,1
2025-04-01 01:27:47,27.48,71.61,98.909,2.343,91.559,1
2025-04-01 01:27:48,29.771,71.069,102.262,2.128,96.696,1
2025-04-01 01:27:49,28.946,70.151,105.532,1.983,92.443,1
2025-04-01 01:27:50,28.035,70.934,104.785,2.198,87.458,1
2025-04-01 01:27:51,27.599,69.564,106.566,2.151,77.517,1
2025-04-01 01:27:52,27.48,71.877,108.054,2.103,86.811,1
2025-04-01 01:27:53,25.821,70.478,105.692,2.031,85.858,1
2025-04-01 01:27:54,26.934,71.502,112.784,2.119,78.207,1
2025-04-01 01:27:55,26.223,71.482,104.91,2.019,83.357,1
2025-04-01 01:27:56,30.252,71.525,110.998,2.027,79.501,1
2025-04-01 01:27:57,24.513,70.763,99.814,2.078,74.753,1
2025-04-01 01:27:58,25.287,70.138,106.946,2.23,76.116,1
2025-04-01 01:27:59,28.977,69.255,107.239,1.957,86.416,1
2025-04-01 01:28:00,21.996,69.417,104.757,2.082,82.745,1
2025-04-01 01:28:01,23.996,70.642,108.446,2.055,81.136,1
2025-04-01 01:28:02,28.674,69.291,109.166,1.883,82.864,1
2025-04-01 01:28:03,29.91,51.693,109.623,1.899,94.901,1
2025-04-01 01:28:04,27.665,52.896,107.285,1.975,102.994,1
2025-04-01 01:28:05,28.698,52.872,106.545,1.915,90.37,1
2025-04-01 01:28:06,32.64,53.921,96.241,2.056,81.924,1
2025-04-01 01:28:07,23.91,52.415,109.772,1.97,97.008,1
2025-04-01 01:28:08,24.727,52.659,108.589,1.763,87.785,1
2025-04-01 01:28:09,24.571,53.513,100.904,1.969,92.558,1
2025-04-01 01:28:10,24.516,53.146,101.86,1.803,87.585,1
2025-04-01 01:28:11,29.052,53.772,103.885,1.799,81.057,1
2025-04-01 01:28:12,29.388,53.282,104.075,1.794,68.551,1
2025-04-01 01:28:13,24.98,52.848,106.601,1.786,87.294,1
2025-04-01 01:28:14,24.57,53.077,109.77,1.887,96.132,1
2025-04-01 01:28:15,29.565,52.151,116.445,5.682,80.274,1
2025-04-01 01:28:16,23.616,53.218,107.322,5.508,83.6,1
2025-04-01 01:28:17,25.09,52.348,107.896,5.31,80.442,1
2025-04-01 01:28:18,27.549,52.29,107.177,5.847,87.308,1
2025-04-01 01:28:19,27.792,50.713,111.736,5.963,93.157,1
2025-04-01 01:28:20,26.336,51.91,102.763,5.707,82.127,1
2025-04-01 01:28:21,27.442,51.675,120.059,5.484,78.135,1
2025-04-01 01:28:22,28.724,51.884,117.73,5.63,97.47,1
2025-04-01 01:28:23,29.116,51.354,122.668,5.533,83.793,1
2025-04-01 01:28:24,25.836,51.847,115.229,5.539,88.857,1
2025-04-01 01:28:25,27.065,51.974,120.501,5.804,78.724,1
2025-04-01 01:28:26,22.472,52.573,121.071,5.425,97.881,1
2025-04-01 01:28:27,24.956,51.93,120.604,6.003,82.349,1
2025-04-01 01:28:28,25.703,50.75,110.414,4.953,62.144,1
2025-04-01 01:28:29,22.47,52.058,123.174,5.313,86.338,1
2025-04-01 01:28:30,29.26,49.592,123.287,5.811,80.959,1
2025-04-01 01:28:31,28.319,50.81,130.714,5.221,77.066,1
2025-04-01 01:28:32,23.502,52.455,117.964,5.364,80.605,1
2025-04-01 01:28:33,26.113,51.437,122.865,5.44,71.863,1
2025-04-01 01:28:34,23.864,50.732,128.671,5.519,87.017,1
2025-04-01 01:28:35,23.887,50.328,128.183,5.302,96.219,1
2025-04-01 01:28:36,27.859,50.394,141.909,3.046,91.233,1
2025-04-01 01:28:37,26.049,50.398,138.212,2.433,79.336,1
2025-04-01 01:28:38,23.365,50.105,127.325,2.833,77.231,1
2025-04-01 01:28:39,27.852,49.65,135.146,2.838,73.92,1
2025-04-01 01:28:40,21.107,49.354,138.252,3.041,105.602,1
2025-04-01 01:28:41,28.224,50.259,133.772,3.008,96.634,1
2025-04-01 01:28:42,28.72,49.161,144.373,2.866,78.133,1
2025-04-01 01:28:43,29.555,50.769,141.771,2.601,86.833,1
2025-04-01 01:28:44,28.932,49.252,136.07,2.726,82.642,1
2025-04-01 01:28:45,28.898,49.133,131.56,2.672,80.064,1
2025-04-01 01:28:46,32.116,49.423,139.037,2.948,92.99,1
2025-04-01 01:28:47,27.037,49.727,150.504,2.92,74.455,1
2025-04-01 01:28:48,27.771,64.761,140.121,2.764,82.609,1
2025-04-01 01:28:49,27.051,63.65,150.46,2.986,70.394,1
2025-04-01 01:28:50,27.666,65.995,145.834,3.068,83.325,1
2025-04-01 01:28:51,23.74,64.143,145.103,2.829,95.451,1
2025-04-01 01:28:52,26.032,64.24,152.56,2.826,87.309,1
2025-04-01 01:28:53,19.69,63.465,151.301,3.261,78.482,1
2025-04-01 01:28:54,27.285,65.061,153.887,2.927,64.416,1
2025-04-01 01:28:55,23.326,64.044,126.363,2.934,95.543,1
2025-04-01 01:28:56,23.367,64.654,132.727,3.273,66.708,1
2025-04-01 01:28:57,20.733,63.537,133.036,2.706,64.813,1
2025-04-01 01:28:58,22.165,65.45,133.157,2.865,82.984,1
2025-04-01 01:28:59,21.58,64.296,138.311,3.094,101.3,1
2025-04-01 01:29:00,25.597,64.066,105.759,3.236,76.177,1
2025-04-01 01:29:01,25.512,63.013,108.213,2.996,79.947,1
2025-04-01 01:29:02,20.776,63.28,123.109,2.933,96.65,1
2025-04-01 01:29:03,27.02,65.117,115.683,3.056,57.484,1
2025-04-01 01:29:04,28.712,64.022,114.791,2.205,79.961,1
2025-04-01 01:29:05,25.094,63.567,112.384,2.453,100.344,1
2025-04-01 01:29:06,21.264,64.419,121.571,2.544,77.216,1
2025-04-01 01:29:07,19.723,63.255,115.207,2.602,86.216,1
2025-04-01 01:29:08,26.756,63.745,122.026,2.719,70.882,1
2025-04-01 01:29:09,24.244,62.813,111.95,2.458,87.45,1
2025-04-01 01:29:10,21.348,61.795,120.866,2.295,87.612,1
2025-04-01 01:29:11,28.18,64.181,122.515,2.4,68.903,1
2025-04-01 01:29:12,24.992,63.914,112.671,2.608,79.086,1
2025-04-01 01:29:13,24.574,62.705,117.765,2.541,83.287,1
2025-04-01 01:29:14,26.837,64.538,119.738,2.459,81.113,1
2025-04-01 01:29:15,24.556,63.104,114.119,2.439,77.774,1
2025-04-01 01:29:16,23.54,64.327,120.04,2.435,95.243,1
2025-04-01 01:29:17,26.496,62.829,120.202,2.598,79.094,1
2025-04-01 01:29:18,25.311,63.043,104.285,2.494,81.306,1
2025-04-01 01:29:19,22.335,65.317,104.268,2.831,83.854,1
2025-04-01 01:29:20,22.364,63.344,103.318,2.686,90.64,1
2025-04-01 01:29:21,22.887,64.147,115.302,2.737,86.081,1
2025-04-01 01:29:22,24.763,62.45,101.606,2.906,63.685,1
2025-04-01 01:29:23,26.646,63.192,108.216,2.738,74.181,1
2025-04-01 01:29:24,27.05,62.793,107.936,2.821,79.631,1
2025-04-01 01:29:25,23.897,63.516,108.491,2.711,74.269,1
2025-04-01 01:29:26,23.738,62.653,108.605,2.676,81.972,1
2025-04-01 01:29:27,21.135,63.01,108.367,2.832,84.289,1
2025-04-01 01:29:28,22.919,63.961,107.361,2.583,82.623,1
2025-04-01 01:29:29,28.158,61.775,110.894,2.623,71.767,1
2025-04-01 01:29:30,24.359,62.041,107.846,2.8,81.678,1
2025-04-01 01:29:31,29.108,64.761,114.204,2.673,75.029,1
2025-04-01 01:29:32,26.21,62.85,105.992,2.667,83.252,1
2025-04-01 01:29:33,26.04,63.548,110.045,2.915,74.65,1
2025-04-01 01:29:34,24.562,62.861,107.498,2.983,81.579,1
2025-04-01 01:29:35,23.796,62.592,100.546,3.056,72.192,1
2025-04-01 01:29:36,25.277,61.176,107.993,3.033,76.656,1
2025-04-01 01:29:37,25.819,64.359,99.952,3.015,78.703,1
2025-04-01 01:29:38,27.689,60.862,101.303,2.924,75.002,1
2025-04-01 01:29:39,24.871,62.864,105.755,2.902,87.579,1
2025-04-01 01:29:40,30.003,61.706,104.893,2.806,86.77,1
2025-04-01 01:29:41,27.042,62.921,99.686,3.067,88.809,1
2025-04-01 01:29:42,26.38,62.826,103.631,2.926,86.992,1
2025-04-01 01:29:43,25.097,63.133,107.79,3.124,85.145,1
2025-04-01 01:29:44,24.865,62.654,102.352,3.126,72.592,1
2025-04-01 01:29:45,25.831,63.164,107.674,2.919,84.422,1
2025-04-01 01:29:46,23.615,62.953,99.979,3.086,85.612,1
2025-04-01 01:29:47,24.954,62.475,101.185,2.924,70.066,1
2025-04-01 01:29:48,21.794,61.718,105.934,2.907,73.873,1
2025-04-01 01:29:49,26.259,63.1,99.666,3.071,93.296,1
2025-04-01 01:29:50,24.05,61.233,105.849,2.816,82.331,1
2025-04-01 01:29:51,23.101,62.462,112.61,2.979,57.965,1
2025-04-01 01:29:52,24.247,62.941,105.232,3.101,91.878,1
2025-04-01 01:29:53,40.049,62.96,98.949,3.17,74.907,1
2025-04-01 01:29:54,39.23,63.604,103.31,2.969,59.063,1
2025-04-01 01:29:55,40.957,64.429,98.039,2.987,78.071,1
2025-04-01 01:29:56,40.227,62.998,106.428,9.985,97.874,1
2025-04-01 01:29:57,40.648,63.37,108.96,11.171,85.302,1
2025-04-01 01:29:58,41.264,62.441,103.66,4.766,88.825,1
2025-04-01 01:29:59,40.266,62.214,104.326,5.157,75.862,1
2025-04-01 01:30:00,43.203,64.296,106.423,5.194,88.577,1
2025-04-01 01:30:01,42.401,64.173,102.007,5.058,86.595,1
2025-04-01 01:30:02,39.827,38.786,105.593,5.177,79.173,1
2025-04-01 01:30:03,41.895,40.053,104.925,5.285,86.825,1
2025-04-01 01:30:04,42.945,38.617,99.037,5.289,71.517,1
2025-04-01 01:30:05,53.266,39.005,101.821,5.616,82.96,1
2025-04-01 01:30:06,56.805,40.793,104.058,5.857,89.227,1
2025-04-01 01:30:07,56.017,40.057,100.887,5.006,117.418,1
2025-04-01 01:30:08,53.197,39.456,99.637,4.876,98.435,1
2025-04-01 01:30:09,54.743,39.732,99.28,4.877,102.329,1
2025-04-01 01:30:10,61.406,38.728,109.383,5.302,74.297,1
2025-04-01 01:30:11,57.288,40.152,104.966,5.325,73.488,1
2025-04-01 01:30:12,59.076,38.854,111.196,4.912,71.941,1
2025-04-01 01:30:13,53.51,39.895,107.588,5.024,87.2,1
2025-04-01 01:30:14,56.489,38.883,98.157,5.154,93.585,1
2025-04-01 01:30:15,57.742,39.572,105.818,4.889,102.204,1
2025-04-01 01:30:16,52.857,39.978,101.496,4.99,98.956,1
2025-04-01 01:30:17,55.768,40.713,99.515,5.059,92.596,1
2025-04-01 01:30:18,51.062,39.258,108.278,5.056,51.527,1
2025-04-01 01:30:19,55.024,41.406,95.884,4.836,79.14,1
2025-04-01 01:30:20,53.631,40.299,104.835,5.488,86.126,1
2025-04-01 01:30:21,55.922,39.785,104.007,4.795,92.617,1
2025-04-01 01:30:22,56.176,40.54,112.172,4.621,94.594,1
2025-04-01 01:30:23,54.757,40.072,105.386,5.123,82.202,1
2025-04-01 01:30:24,57.439,42.126,108.791,4.666,83.259,1
2025-04-01 01:30:25,54.373,40.748,110.461,4.538,83.901,1
2025-04-01 01:30:26,54.984,41.472,93.854,4.596,80.669,1
2025-04-01 01:30:27,55.083,41.556,108.563,4.772,82.328,1
2025-04-01 01:30:28,54.852,41.61,105.223,4.789,86.031,1
2025-04-01 01:30:29,53.755,40.849,107.218,4.88,95.776,1
2025-04-01 01:30:30,55.843,41.76,105.952,4.79,91.665,1
2025-04-01 01:30:31,59.023,42.116,108.737,4.731,85.73,1
2025-04-01 01:30:32,57.275,40.598,107.558,4.471,78.477,1
2025-04-01 01:30:33,57.571,41.8,107.141,4.595,90.399,1
2025-04-01 01:30:34,54.36,41.64,103.359,4.279,87.657,1
2025-04-01 01:30:35,56.379,42.756,109.287,4.654,91.153,1
2025-04-01 01:30:36,57.725,42.743,100.829,4.311,88.41,1
2025-04-01 01:30:37,51.529,41.679,106.936,4.668,81.857,1
2025-04-01 01:30:38,58.081,42.278,109.713,4.403,99.182,1
2025-04-01 01:30:39,52.489,41.925,113.792,4.435,82.459,1
2025-04-01 01:30:40,58.82,42.53,105.908,4.459,95.25,1
2025-04-01 01:30:41,54.149,40.842,100.228,4.045,89.36,1
2025-04-01 01:30:42,58.392,42.758,113.417,4.359,81.111,1
2025-04-01 01:30:43,55.045,44.048,114.938,4.367,94.997,1
2025-04-01 01:30:44,58.441,43.43,108.581,3.921,100.718,1
2025-04-01 01:30:45,58.964,42.614,103.415,4.201,87.879,1
2025-04-01 01:30:46,56.511,43.938,108.791,4.091,83.502,1
2025-04-01 01:30:47,60.372,42.415,105.902,4.09,81.498,1
2025-04-01 01:30:48,53.629,42.835,101.781,4.308,92.924,1
2025-04-01 01:30:49,53.348,42.633,101.242,9.807,86.013,1
2025-04-01 01:30:50,54.885,42.553,106.745,7.525,87.24,1
2025-04-01 01:30:51,54.111,43.953,106.061,8.429,86.596,1
2025-04-01 01:30:52,59.57,42.785,107.337,8.324,87.169,1
2025-04-01 01:30:53,57.563,45.365,110.324,7.757,86.059,1
2025-04-01 01:30:54,56.46,44.724,117.776,7.461,87.245,1
2025-04-01 01:30:55,58.736,43.469,109.481,8.604,83.679,1
2025-04-01 01:30:56,56.366,43.699,122.717,7.168,85.918,1
2025-04-01 01:30:57,56.513,44.314,118.595,7.591,84.512,1
2025-04-01 01:30:58,56.02,44.187,110.065,7.715,88.482,1
2025-04-01 01:30:59,56.016,43.466,117.612,6.982,86.35,1
2025-04-01 01:31:00,39.936,43.24,115.242,8.217,83.469,1
2025-04-01 01:31:01,42.534,42.933,114.866,7.216,86.354,1
2025-04-01 01:31:02,39.599,45.43,115.465,8.265,86.702,1
2025-04-01 01:31:03,39.064,44.57,116.707,7.371,88.299,1
2025-04-01 01:31:04,43.358,46.189,121.011,7.614,84.143,1
2025-04-01 01:31:05,37.714,45.763,118.911,7.673,86.204,1
2025-04-01 01:31:06,40.018,44.363,125.591,8.103,85.833,1
2025-04-01 01:31:07,41.689,43.754,131.003,7.718,86.153,1
2025-04-01 01:31:08,41.341,44.617,106.344,7.093,86.046,1
2025-04-01 01:31:09,41.541,45.569,109.455,6.926,84.886,1
2025-04-01 01:31:10,40.941,44.932,109.17,6.708,104.896,1
2025-04-01 01:31:11,42.407,45.367,102.85,7.708,80.552,1
2025-04-01 01:31:12,40.978,45.118,102.598,7.194,75.823,1
2025-04-01 01:31:13,40.152,43.142,109.104,7.107,96.715,1
2025-04-01 01:31:14,36.787,45.706,109.009,7.616,92.049,1
2025-04-01 01:31:15,38.588,46.438,107.508,7.771,78.627,1
2025-04-01 01:31:16,38.823,46.136,101.017,7.353,98.07,1
2025-04-01 01:31:17,38.633,44.375,108.239,7.044,80.326,1
2025-04-01 01:31:18,41.184,47.816,110.816,6.401,88.147,1
2025-04-01 01:31:19,40.191,45.146,109.584,7.459,74.917,1
2025-04-01 01:31:20,39.645,45.335,99.76,6.786,93.249,1
2025-04-01 01:31:21,44.019,45.483,110.131,8.13,95.401,1
2025-04-01 01:31:22,43.36,45.071,109.244,6.134,91.516,1
2025-04-01 01:31:23,40.989,46.01,112.371,8.399,84.817,1
2025-04-01 01:31:24,41.414,47.868,105.665,7.26,73.831,1
2025-04-01 01:31:25,39.726,45.206,110.48,7.777,90.604,1
2025-04-01 01:31:26,25.598,29.709,108.242,7.965,83.769,1
2025-04-01 01:31:27,28.198,30.659,111.867,8.107,78.058,1
2025-04-01 01:31:28,28.613,30.02,113.147,7.785,103.14,1
2025-04-01 01:31:29,25.855,29.444,106.811,7.625,91.48,1
2025-04-01 01:31:30,19.975,53.976,114.694,5.934,89.99,1
2025-04-01 01:31:31,27.87,53.916,108.965,5.769,81.522,1
2025-04-01 01:31:32,26.541,54.165,106.315,5.08,76.848,1
2025-04-01 01:31:33,30.143,54.48,117.081,5.614,89.705,1
2025-04-01 01:31:34,25.59,54.766,103.063,4.964,89.515,1
2025-04-01 01:31:35,23.708,54.708,104.697,5.602,74.901,1
2025-04-01 01:31:36,28.688,54.698,110.513,5.349,71.061,1
2025-04-01 01:31:37,23.827,53.273,115.541,5.62,104.236,1
2025-04-01 01:31:38,29.481,54.68,114.028,5.737,90.351,1
2025-04-01 01:31:39,27.949,53.615,119.544,5.835,82.065,1
2025-04-01 01:31:40,25.014,54.047,116.632,5.479,71.0,1
2025-04-01 01:31:41,29.126,54.939,117.485,5.45,99.178,1
2025-04-01 01:31:42,21.612,54.005,111.025,5.819,73.543,1
2025-04-01 01:31:43,22.104,53.459,112.65,5.673,92.171,1
2025-04-01 01:31:44,25.77,54.195,118.534,5.641,84.554,1
2025-04-01 01:31:45,27.078,54.795,114.123,5.499,94.203,1
2025-04-01 01:31:46,23.633,54.937,118.568,5.837,74.915,1
2025-04-01 01:31:47,25.243,55.044,118.612,5.478,75.003,1
2025-04-01 01:31:48,29.789,55.635,115.353,6.121,88.714,1
2025-04-01 01:31:49,27.639,53.613,120.274,6.244,76.654,1
2025-04-01 01:31:50,23.642,55.096,118.507,6.27,91.16,1
2025-04-01 01:31:51,25.108,51.984,115.926,6.361,89.004,1
2025-04-01 01:31:52,23.858,69.974,114.216,6.315,82.158,1
2025-04-01 01:31:53,24.655,70.097,124.111,6.124,78.698,1
2025-04-01 01:31:54,23.888,69.849,119.792,6.076,79.102,1
2025-04-01 01:31:55,25.316,69.631,121.482,6.139,80.993,1
2025-04-01 01:31:56,25.258,70.071,122.219,6.437,81.383,1
2025-04-01 01:31:57,25.878,68.618,122.998,6.236,82.321,1
2025-04-01 01:31:58,24.522,69.883,112.559,5.869,80.821,1
2025-04-01 01:31:59,23.573,70.653,121.17,6.538,79.531,1
2025-04-01 01:32:00,24.917,70.347,119.977,6.517,81.675,1
2025-04-01 01:32:01,26.539,70.073,119.968,6.772,81.41,1
2025-04-01 01:32:02,26.036,69.579,117.225,6.667,79.47,1
2025-04-01 01:32:03,24.936,69.242,116.041,3.414,80.553,1
2025-04-01 01:32:04,25.729,70.48,126.149,3.487,80.089,1
2025-04-01 01:32:05,26.429,70.049,126.641,3.324,80.368,1
2025-04-01 01:32:06,27.453,70.058,118.821,3.698,80.515,1
2025-04-01 01:32:07,28.889,70.348,124.448,3.609,72.715,1
2025-04-01 01:32:08,23.294,69.799,125.766,3.735,77.749,1
2025-04-01 01:32:09,26.541,70.335,122.003,3.537,82.039,1
2025-04-01 01:32:10,25.277,69.765,125.937,3.685,81.686,1
2025-04-01 01:32:11,29.46,69.155,116.987,3.66,70.68,1
2025-04-01 01:32:12,29.083,68.265,122.584,3.492,68.604,1
2025-04-01 01:32:13,25.848,68.655,123.811,3.569,84.503,1
2025-04-01 01:32:14,25.092,69.292,127.865,3.682,74.063,1
2025-04-01 01:32:15,25.905,70.233,128.603,3.704,84.148,1
2025-04-01 01:32:16,23.359,69.474,125.244,3.911,76.485,1
2025-04-01 01:32:17,26.164,69.567,124.443,3.541,82.682,1
2025-04-01 01:32:18,29.447,68.623,116.158,3.486,98.974,1
2025-04-01 01:32:19,25.707,68.355,128.425,2.305,67.47,1
2025-04-01 01:32:20,27.352,67.546,129.351,2.376,82.554,1
2025-04-01 01:32:21,22.06,67.525,124.298,2.467,68.511,1
2025-04-01 01:32:22,25.156,69.059,130.076,2.61,74.23,1
2025-04-01 01:32:23,25.03,70.363,125.956,2.498,82.22,1
2025-04-01 01:32:24,26.454,69.137,120.229,2.35,82.167,1
2025-04-01 01:32:25,24.323,68.728,124.643,2.375,88.181,1
2025-04-01 01:32:26,26.67,67.646,122.085,2.355,73.098,1
2025-04-01 01:32:27,27.343,68.335,123.413,2.571,93.044,1
2025-04-01 01:32:28,27.59,67.685,137.673,2.426,75.743,1
2025-04-01 01:32:29,23.205,66.767,128.332,2.305,80.488,1
2025-04-01 01:32:30,26.686,70.565,133.66,2.317,57.203,1
2025-04-01 01:32:31,25.623,66.782,130.384,2.517,83.228,1
2025-04-01 01:32:32,24.085,67.933,125.343,2.286,57.016,1
2025-04-01 01:32:33,27.259,67.717,126.51,2.303,94.087,1
2025-04-01 01:32:34,22.156,67.403,134.34,3.369,85.038,1
2025-04-01 01:32:35,23.533,66.766,126.561,3.461,92.885,1
2025-04-01 01:32:36,25.134,66.681,138.534,3.216,86.094,1
2025-04-01 01:32:37,22.841,67.249,124.268,3.638,68.645,1
2025-04-01 01:32:38,24.475,66.416,128.301,3.561,88.189,1
2025-04-01 01:32:39,26.844,66.68,109.068,3.248,102.107,1
2025-04-01 01:32:40,24.74,65.762,102.488,3.608,82.698,1
2025-04-01 01:32:41,21.263,66.434,107.566,3.351,86.135,1
2025-04-01 01:32:42,24.852,66.174,103.642,3.347,82.471,1
2025-04-01 01:32:43,25.609,66.484,106.835,3.028,77.331,1
2025-04-01 01:32:44,23.207,66.633,102.023,5.97,91.556,1
2025-04-01 01:32:45,26.099,65.322,103.336,6.792,102.708,1
2025-04-01 01:32:46,22.422,67.089,108.747,6.069,89.882,1
2025-04-01 01:32:47,28.243,66.399,105.524,6.266,87.485,1
2025-04-01 01:32:48,25.172,65.242,106.545,5.709,83.895,1
2025-04-01 01:32:49,25.461,65.734,101.767,6.406,85.826,1
2025-04-01 01:32:50,23.419,65.305,101.936,5.918,87.559,1
2025-04-01 01:32:51,24.36,65.597,98.51,5.764,83.889,1
2025-04-01 01:32:52,26.621,66.003,105.313,5.854,74.236,1
2025-04-01 01:32:53,27.157,66.032,107.012,6.5,78.407,1
2025-04-01 01:32:54,24.916,66.217,104.56,6.17,88.28,1
2025-04-01 01:32:55,27.003,63.53,105.014,5.543,94.6,1
2025-04-01 01:32:56,27.324,64.835,101.382,6.146,88.094,1
2025-04-01 01:32:57,23.358,64.517,105.542,5.672,85.466,1
2025-04-01 01:32:58,26.293,67.362,103.589,5.836,77.75,1
2025-04-01 01:32:59,25.295,65.601,106.527,6.339,98.004,1
2025-04-01 01:33:00,24.679,64.698,101.278,3.772,85.358,1
2025-04-01 01:33:01,22.245,65.815,108.942,3.08,96.779,1
2025-04-01 01:33:02,25.51,62.966,104.601,3.197,95.873,1
2025-04-01 01:33:03,21.652,65.361,104.94,3.215,83.404,1
2025-04-01 01:33:04,26.268,63.938,102.8,3.712,87.529,1
2025-04-01 01:33:05,26.761,63.916,105.936,3.408,89.706,1
2025-04-01 01:33:06,23.127,64.241,103.832,3.66,99.071,1
2025-04-01 01:33:07,22.735,63.327,106.283,3.504,93.351,1
2025-04-01 01:33:08,24.744,64.151,110.66,3.339,77.907,1
2025-04-01 01:33:09,24.408,63.927,105.864,3.612,80.606,1
2025-04-01 01:33:10,28.282,62.982,109.085,3.34,96.275,1
2025-04-01 01:33:11,27.052,63.341,116.842,3.162,75.292,1
2025-04-01 01:33:12,25.707,65.406,110.371,2.933,80.477,1
2025-04-01 01:33:13,29.372,64.821,108.033,3.17,80.658,1
2025-04-01 01:33:14,27.394,65.127,105.261,3.431,75.058,1
2025-04-01 01:33:15,29.216,63.366,105.335,3.316,75.077,1
2025-04-01 01:33:16,28.254,64.105,106.011,3.059,69.157,1
2025-04-01 01:33:17,30.831,62.993,104.723,2.844,85.839,1
2025-04-01 01:33:18,22.53,64.114,104.775,3.119,85.209,1
2025-04-01 01:33:19,27.292,64.456,107.262,3.038,84.131,1
2025-04-01 01:33:20,23.075,64.35,102.506,3.15,84.574,1
2025-04-01 01:33:21,24.571,34.097,105.196,2.826,86.284,1
2025-04-01 01:33:22,25.854,33.984,107.949,2.977,86.115,1
2025-04-01 01:33:23,25.861,32.399,107.956,2.672,87.301,1
2025-04-01 01:33:24,26.516,34.128,113.3,2.841,86.619,1
2025-04-01 01:33:25,24.95,33.785,110.445,2.834,87.363,1
2025-04-01 01:33:26,23.995,33.759,108.369,3.24,86.015,1
2025-04-01 01:33:27,27.879,33.468,108.59,2.911,85.973,1
2025-04-01 01:33:28,25.772,34.024,114.253,2.623,86.876,1
2025-04-01 01:33:29,24.585,33.491,106.406,2.881,87.124,1
2025-04-01 01:33:30,25.067,32.581,107.264,5.014,86.788,1
2025-04-01 01:33:31,25.539,32.839,110.177,4.688,85.075,1
2025-04-01 01:33:32,28.37,32.73,107.168,4.273,87.976,1
2025-04-01 01:33:33,28.662,32.34,110.305,4.616,84.973,1
2025-04-01 01:33:34,26.016,32.758,104.598,4.401,86.575,1
2025-04-01 01:33:35,25.496,33.576,110.146,4.363,86.442,1
2025-04-01 01:33:36,28.142,35.279,110.303,4.388,85.863,1
2025-04-01 01:33:37,29.021,33.444,110.224,4.453,86.847,1
2025-04-01 01:33:38,26.764,32.374,107.87,4.323,86.324,1
2025-04-01 01:33:39,27.091,31.995,115.143,4.821,87.087,1
2025-04-01 01:33:40,27.179,32.595,110.646,4.743,88.152,1
2025-04-01 01:33:41,32.08,31.756,106.68,4.711,90.296,1
2025-04-01 01:33:42,28.355,35.03,107.106,6.662,82.459,1
2025-04-01 01:33:43,25.393,32.22,107.887,6.782,91.65,1
2025-04-01 01:33:44,27.741,32.803,108.19,7.482,95.569,1
2025-04-01 01:33:45,28.313,33.277,108.762,6.634,97.94,1
2025-04-01 01:33:46,28.186,32.254,112.741,4.129,76.984,1
2025-04-01 01:33:47,27.671,33.566,103.094,3.763,94.5,1
2025-04-01 01:33:48,25.789,9.751,104.031,4.333,93.412,1
2025-04-01 01:33:49,27.194,9.135,116.116,4.56,96.624,1
2025-04-01 01:33:50,25.444,9.207,114.427,4.09,97.267,1
2025-04-01 01:33:51,28.747,8.217,112.463,2.428,85.144,1
2025-04-01 01:33:52,29.352,8.394,103.31,2.459,96.552,1
2025-04-01 01:33:53,30.099,8.612,111.557,2.793,74.539,1
2025-04-01 01:33:54,31.73,8.079,99.112,2.788,86.172,1
2025-04-01 01:33:55,27.751,10.696,102.78,2.545,86.567,1
2025-04-01 01:33:56,29.412,7.877,104.533,2.539,79.177,1
2025-04-01 01:33:57,27.961,10.153,107.123,2.77,90.393,1
2025-04-01 01:33:58,26.338,10.554,100.243,2.729,85.929,1
2025-04-01 01:33:59,27.246,9.051,116.964,3.085,93.365,1
2025-04-01 01:34:00,30.047,-10.935,104.817,3.015,93.929,1
2025-04-01 01:34:01,26.002,-11.178,101.304,3.066,80.149,1
2025-04-01 01:34:02,24.704,-9.079,99.119,2.968,85.68,1
2025-04-01 01:34:03,28.904,-11.39,109.71,2.591,89.828,1
2025-04-01 01:34:04,25.294,-10.39,114.408,2.861,81.227,1
2025-04-01 01:34:05,29.813,-10.495,113.503,2.857,84.642,1
2025-04-01 01:34:06,24.615,-11.437,103.01,3.272,87.735,1
2025-04-01 01:34:07,28.69,-9.715,114.539,3.248,67.53,1
2025-04-01 01:34:08,29.729,-11.247,119.133,2.454,79.021,1
2025-04-01 01:34:09,32.902,-9.83,123.071,3.068,80.86,1
2025-04-01 01:34:10,28.283,-10.461,131.273,3.375,95.196,1
2025-04-01 01:34:11,28.714,-10.203,127.789,2.948,85.461,1
2025-04-01 01:34:12,26.408,-8.665,133.265,3.266,85.905,1
2025-04-01 01:34:13,25.179,-9.339,105.733,3.437,93.113,1
2025-04-01 01:34:14,30.214,-9.244,116.993,3.071,83.123,1
2025-04-01 01:34:15,31.256,-11.494,130.916,3.327,86.172,1
2025-04-01 01:34:16,22.818,-8.798,119.299,3.022,67.122,1
2025-04-01 01:34:17,27.379,-9.422,108.551,3.322,87.845,1
2025-04-01 01:34:18,29.755,-10.356,105.076,3.367,89.07,1
2025-04-01 01:34:19,26.059,-10.011,108.146,3.323,90.833,1
2025-04-01 01:34:20,26.48,-8.835,103.608,3.166,97.068,1
2025-04-01 01:34:21,23.448,-9.712,109.448,5.59,92.484,1
2025-04-01 01:34:22,29.738,-9.021,99.978,5.448,71.516,1
2025-04-01 01:34:23,21.479,-9.009,102.183,5.364,74.386,1
2025-04-01 01:34:24,26.599,-8.842,98.896,4.599,84.053,1
2025-04-01 01:34:25,28.428,-9.336,112.501,5.802,75.193,1
2025-04-01 01:34:26,25.344,-9.078,111.22,5.173,65.075,1
2025-04-01 01:34:27,31.861,-9.528,106.12,5.727,80.805,1
2025-04-01 01:34:28,30.571,-9.069,104.902,5.232,83.231,1
2025-04-01 01:34:29,25.153,-8.517,102.712,5.539,79.055,1
2025-04-01 01:34:30,23.518,-8.394,107.448,5.661,80.656,1
2025-04-01 01:34:31,28.41,-7.091,103.697,5.845,96.794,1
2025-04-01 01:34:32,24.22,-8.575,97.77,5.406,92.996,1
2025-04-01 01:34:33,30.541,-7.977,106.41,5.656,91.172,1
2025-04-01 01:34:34,31.698,-9.179,118.325,5.944,78.324,1
2025-04-01 01:34:35,28.429,-8.022,109.166,5.549,65.073,1
2025-04-01 01:34:36,21.558,-6.943,112.101,5.216,102.314,1
2025-04-01 01:34:37,28.953,-7.746,111.338,5.896,79.986,1
2025-04-01 01:34:38,31.813,-9.001,113.975,5.779,109.752,1
2025-04-01 01:34:39,34.948,-6.714,115.607,5.343,79.997,1
2025-04-01 01:34:40,32.835,-6.915,102.791,6.254,91.164,1
2025-04-01 01:34:41,34.864,-6.854,107.793,6.463,95.11,1
2025-04-01 01:34:42,32.365,-7.125,117.661,5.813,89.098,1
2025-04-01 01:34:43,36.796,-8.241,105.824,6.197,71.299,1
2025-04-01 01:34:44,38.54,22.812,105.163,5.695,97.085,1
2025-04-01 01:34:45,37.548,22.127,102.88,5.925,103.115,1
2025-04-01 01:34:46,32.432,21.607,115.034,5.556,56.838,1
2025-04-01 01:34:47,35.348,21.825,106.159,6.341,96.212,1
2025-04-01 01:34:48,36.142,20.923,103.344,6.371,67.098,1
2025-04-01 01:34:49,38.601,22.439,113.479,6.042,60.972,1
2025-04-01 01:34:50,37.081,22.771,114.451,10.19,64.97,1
2025-04-01 01:34:51,34.32,23.618,99.992,10.682,75.325,1
2025-04-01 01:34:52,36.788,23.314,116.173,9.781,87.078,1
2025-04-01 01:34:53,35.559,23.466,115.061,9.516,78.39,1
2025-04-01 01:34:54,32.006,23.166,116.705,9.343,63.729,1
2025-04-01 01:34:55,36.213,23.633,109.566,9.228,74.435,1
2025-04-01 01:34:56,31.111,24.414,110.177,8.824,66.122,1
2025-04-01 01:34:57,33.451,46.942,106.653,5.804,84.524,1
2025-04-01 01:34:58,35.477,48.633,106.588,6.286,76.574,1
2025-04-01 01:34:59,37.094,49.515,107.571,5.765,86.513,1
2025-04-01 01:35:00,33.267,49.47,109.456,5.368,90.977,1
2025-04-01 01:35:01,35.567,48.087,104.011,5.908,76.326,1
2025-04-01 01:35:02,34.54,48.705,108.914,6.23,78.853,1
2025-04-01 01:35:03,35.969,49.476,105.491,6.479,77.01,1
2025-04-01 01:35:04,36.336,48.29,108.973,5.713,80.22,1
2025-04-01 01:35:05,33.884,49.84,112.811,5.906,71.962,1
2025-04-01 01:35:06,32.346,49.758,110.745,6.012,82.152,1
2025-04-01 01:35:07,34.055,50.448,105.955,5.555,93.524,1
2025-04-01 01:35:08,36.665,48.242,103.465,5.162,70.901,1
2025-04-01 01:35:09,28.698,50.669,115.388,5.566,77.621,1
2025-04-01 01:35:10,37.114,68.581,107.031,5.684,77.356,1
2025-04-01 01:35:11,46.936,69.489,111.887,5.404,80.615,1
2025-04-01 01:35:12,48.201,68.29,112.39,6.2,79.232,1
2025-04-01 01:35:13,43.986,69.805,102.391,6.051,81.314,1
2025-04-01 01:35:14,48.187,70.05,105.96,6.177,79.402,1
2025-04-01 01:35:15,47.859,68.488,109.058,5.831,79.297,1
2025-04-01 01:35:16,44.144,68.634,109.995,5.813,78.847,1
2025-04-01 01:35:17,45.925,70.068,108.641,5.594,80.178,1
2025-04-01 01:35:18,47.856,69.303,104.345,5.379,81.308,1
2025-04-01 01:35:19,46.771,68.613,104.555,5.62,80.018,1
2025-04-01 01:35:20,47.788,69.134,107.067,5.548,80.972,1
2025-04-01 01:35:21,50.405,69.792,102.413,5.367,81.316,1
2025-04-01 01:35:22,45.584,70.963,119.288,5.527,82.653,1
2025-04-01 01:35:23,43.86,69.642,106.208,5.521,80.719,1
2025-04-01 01:35:24,48.797,69.566,110.446,5.343,82.112,1
2025-04-01 01:35:25,44.316,68.203,109.7,5.498,80.957,1
2025-04-01 01:35:26,47.969,70.008,110.147,5.116,80.508,1
2025-04-01 01:35:27,48.341,71.971,116.29,5.28,79.665,1
2025-04-01 01:35:28,50.775,70.166,109.066,5.618,81.14,1
2025-04-01 01:35:29,49.231,69.739,110.732,5.649,79.493,1
2025-04-01 01:35:30,47.013,70.491,110.82,5.655,80.288,1
2025-04-01 01:35:31,47.312,69.409,120.57,4.924,79.138,1
2025-04-01 01:35:32,47.419,69.464,106.003,5.081,80.872,1
2025-04-01 01:35:33,42.283,69.623,124.077,8.092,81.72,1
2025-04-01 01:35:34,43.384,69.628,118.357,9.101,81.814,1
2025-04-01 01:35:35,45.324,70.283,114.742,8.965,79.886,1
2025-04-01 01:35:36,45.166,70.289,120.245,8.602,80.247,1
2025-04-01 01:35:37,45.721,70.096,114.549,8.584,80.291,1
2025-04-01 01:35:38,42.808,70.809,113.553,8.739,80.184,1
2025-04-01 01:35:39,45.553,71.527,122.705,8.243,82.321,1
2025-04-01 01:35:40,45.856,70.507,116.174,6.616,83.012,1
2025-04-01 01:35:41,47.55,70.55,122.485,7.559,81.809,1
2025-04-01 01:35:42,45.182,68.729,107.489,7.701,81.411,1
2025-04-01 01:35:43,46.534,69.433,117.594,8.186,82.304,1
2025-04-01 01:35:44,47.513,70.316,118.651,7.469,80.235,1
2025-04-01 01:35:45,43.508,69.654,122.756,7.15,81.592,1
2025-04-01 01:35:46,46.196,69.264,124.42,6.921,81.98,1
2025-04-01 01:35:47,44.711,69.567,121.955,7.486,81.863,1
2025-04-01 01:35:48,44.56,70.394,119.62,7.091,83.534,1
2025-04-01 01:35:49,45.845,70.821,120.863,7.082,80.968,1
2025-04-01 01:35:50,43.855,71.477,123.284,7.53,81.928,1
2025-04-01 01:35:51,45.844,70.646,115.606,6.913,82.426,1
2025-04-01 01:35:52,45.042,71.458,126.092,7.595,83.001,1
2025-04-01 01:35:53,44.708,69.877,129.391,7.829,83.073,1
2025-04-01 01:35:54,60.987,71.56,123.549,6.682,81.368,1
2025-04-01 01:35:55,58.138,70.244,131.081,7.03,84.429,1
2025-04-01 01:35:56,60.806,69.782,125.921,7.366,82.34,1
2025-04-01 01:35:57,60.691,69.982,119.746,7.255,82.365,1
2025-04-01 01:35:58,60.083,70.481,126.284,7.014,82.672,1
2025-04-01 01:35:59,55.643,69.778,120.975,6.631,83.433,1
2025-04-01 01:36:00,60.933,69.934,123.08,6.768,83.819,1
2025-04-01 01:36:01,60.525,71.753,128.883,6.029,84.283,1
2025-04-01 01:36:02,56.486,70.337,133.946,6.321,82.457,1
2025-04-01 01:36:03,59.376,70.026,130.718,7.129,84.409,1
2025-04-01 01:36:04,61.195,70.892,128.851,6.553,82.144,1
2025-04-01 01:36:05,53.454,70.241,130.9,7.091,84.005,1
2025-04-01 01:36:06,57.442,70.971,122.006,7.4,85.342,1
2025-04-01 01:36:07,59.472,70.763,136.974,6.549,86.158,1
2025-04-01 01:36:08,58.703,70.128,135.232,7.232,85.145,1
2025-04-01 01:36:09,56.331,69.687,119.899,6.662,82.837,1
2025-04-01 01:36:10,64.833,69.202,118.1,7.47,88.809,1
2025-04-01 01:36:11,57.176,68.94,119.661,6.945,97.74,1
2025-04-01 01:36:12,58.565,69.478,115.458,6.507,79.093,1
2025-04-01 01:36:13,63.074,69.145,120.852,7.373,73.524,1
2025-04-01 01:36:14,59.611,69.17,127.362,6.226,89.091,1
2025-04-01 01:36:15,57.244,69.737,109.585,6.902,96.16,1
2025-04-01 01:36:16,56.987,69.701,113.418,6.501,91.094,1
2025-04-01 01:36:17,52.213,70.478,125.929,6.527,79.8,1
2025-04-01 01:36:18,50.691,68.754,126.705,5.741,88.476,1
2025-04-01 01:36:19,53.505,69.31,126.678,5.837,82.91,1
2025-04-01 01:36:20,54.546,69.825,127.248,6.326,99.102,1
2025-04-01 01:36:21,40.694,69.84,122.567,5.8,65.976,1
2025-04-01 01:36:22,36.403,68.305,122.778,5.481,97.681,1
2025-04-01 01:36:23,37.989,68.328,113.968,7.347,92.176,1
2025-04-01 01:36:24,41.465,68.496,122.746,5.944,84.883,1
2025-04-01 01:36:25,39.747,68.906,122.262,5.748,85.722,1
2025-04-01 01:36:26,37.336,67.342,124.444,7.473,92.443,1
2025-04-01 01:36:27,35.458,69.137,121.221,7.013,94.124,1
2025-04-01 01:36:28,37.608,67.916,128.891,6.565,87.223,1
2025-04-01 01:36:29,37.212,68.225,120.475,6.589,75.283,1
2025-04-01 01:36:30,37.135,68.972,125.832,7.124,106.855,1
2025-04-01 01:36:31,38.799,69.182,132.189,6.401,97.45,1
2025-04-01 01:36:32,40.597,68.237,110.118,7.029,82.99,1
2025-04-01 01:36:33,39.432,69.308,112.807,5.885,87.641,1
2025-04-01 01:36:34,38.428,67.499,114.889,6.965,82.695,1
2025-04-01 01:36:35,39.947,67.432,113.365,7.455,65.702,1
2025-04-01 01:36:36,38.344,67.665,110.907,7.357,84.518,1
2025-04-01 01:36:37,40.666,68.252,108.971,7.832,83.099,1
2025-04-01 01:36:38,42.208,67.731,111.983,7.01,81.512,1
2025-04-01 01:36:39,43.839,67.802,112.914,6.666,86.642,1
2025-04-01 01:36:40,40.617,67.976,121.825,7.166,75.849,1
2025-04-01 01:36:41,40.84,67.336,107.341,7.081,86.924,1
2025-04-01 01:36:42,44.499,69.13,105.243,7.249,93.41,1
2025-04-01 01:36:43,42.181,67.481,115.232,7.308,59.42,1
2025-04-01 01:36:44,41.102,67.277,120.236,7.501,89.967,1
2025-04-01 01:36:45,42.862,69.541,102.117,6.798,88.459,1
2025-04-01 01:36:46,42.998,65.653,96.048,8.457,85.573,1
2025-04-01 01:36:47,44.661,66.997,103.135,6.99,85.899,1
2025-04-01 01:36:48,43.811,66.603,101.287,7.287,95.23,1
2025-04-01 01:36:49,39.003,65.753,103.805,8.564,110.097,1
2025-04-01 01:36:50,43.272,66.503,101.998,7.165,103.02,1
2025-04-01 01:36:51,40.373,67.494,98.954,8.601,79.507,1
2025-04-01 01:36:52,42.267,67.085,104.101,7.894,84.38,1
2025-04-01 01:36:53,42.306,66.322,104.19,7.619,91.103,1
2025-04-01 01:36:54,43.027,66.582,107.64,8.652,95.313,1
2025-04-01 01:36:55,41.16,67.128,107.713,7.538,82.2,1
2025-04-01 01:36:56,39.426,66.96,97.704,7.21,84.776,1
2025-04-01 01:36:57,40.185,65.872,102.791,7.962,87.485,1
2025-04-01 01:36:58,42.273,66.31,115.525,8.873,89.213,1
2025-04-01 01:36:59,39.46,65.729,110.674,8.288,77.114,1
2025-04-01 01:37:00,39.86,65.797,112.915,8.369,85.148,1
2025-04-01 01:37:01,40.478,66.328,112.874,8.299,83.386,1
2025-04-01 01:37:02,40.223,65.804,109.106,8.748,87.973,1
2025-04-01 01:37:03,42.945,63.633,111.604,7.742,75.536,1
2025-04-01 01:37:04,43.469,65.054,107.294,7.798,79.506,1
2025-04-01 01:37:05,44.351,64.7,111.968,8.515,86.392,1
2025-04-01 01:37:06,43.116,65.302,110.3,8.921,90.23,1
2025-04-01 01:37:07,41.135,64.888,112.409,8.098,90.921,1
2025-04-01 01:37:08,26.545,65.134,114.156,8.26,90.321,1
2025-04-01 01:37:09,29.098,64.774,115.969,8.566,104.243,1
2025-04-01 01:37:10,27.633,64.585,113.485,10.004,93.066,1
2025-04-01 01:37:11,28.56,65.606,116.549,7.6,88.593,1
2025-04-01 01:37:12,28.389,65.465,116.9,9.64,82.741,1
2025-04-01 01:37:13,27.643,65.801,120.528,9.17,78.055,1
2025-04-01 01:37:14,30.677,41.155,116.371,9.041,90.164,1
2025-04-01 01:37:15,27.815,42.823,97.043,9.696,81.755,1
2025-04-01 01:37:16,27.74,43.146,95.312,8.969,81.441,1
2025-04-01 01:37:17,26.585,43.378,98.496,9.261,88.922,1
2025-04-01 01:37:18,27.191,42.218,99.644,8.844,89.661,1
2025-04-01 01:37:19,28.498,12.884,96.136,9.092,78.688,1
2025-04-01 01:37:20,26.74,14.393,96.827,9.585,76.262,1
2025-04-01 01:37:21,28.038,13.282,105.935,8.967,91.915,1
2025-04-01 01:37:22,27.448,12.722,100.432,8.915,97.974,1
2025-04-01 01:37:23,28.26,12.066,104.979,8.674,83.586,1
2025-04-01 01:37:24,31.629,12.416,103.331,9.274,76.337,1
2025-04-01 01:37:25,27.77,12.098,102.09,9.351,77.729,1
2025-04-01 01:37:26,29.068,12.322,95.599,9.014,78.026,1
2025-04-01 01:37:27,25.609,12.412,91.887,9.502,83.175,1
2025-04-01 01:37:28,29.084,14.443,104.762,9.386,84.972,1
2025-04-01 01:37:29,25.97,12.894,95.865,10.057,84.648,1
2025-04-01 01:37:30,38.116,12.412,102.029,9.401,75.43,1
2025-04-01 01:37:31,41.549,12.805,102.039,9.152,80.179,1
2025-04-01 01:37:32,42.868,13.049,98.025,9.658,71.531,1
2025-04-01 01:37:33,42.022,12.64,104.648,8.95,70.032,1
2025-04-01 01:37:34,38.067,12.425,96.338,9.11,87.904,1
2025-04-01 01:37:35,39.653,14.26,104.966,9.86,81.549,1
2025-04-01 01:37:36,37.315,11.982,104.065,9.838,81.823,1
2025-04-01 01:37:37,42.091,12.605,98.644,8.541,82.329,1
2025-04-01 01:37:38,39.461,12.124,103.103,9.266,80.001,1
2025-04-01 01:37:39,36.106,12.762,102.85,9.004,76.087,1
2025-04-01 01:37:40,40.511,12.796,103.64,10.18,60.549,1
2025-04-01 01:37:41,40.167,11.229,100.357,9.173,77.141,1
2025-04-01 01:37:42,41.581,11.783,104.614,9.333,84.214,1
2025-04-01 01:37:43,37.736,11.811,102.014,8.199,83.818,1
2025-04-01 01:37:44,39.137,11.99,108.118,8.652,87.532,1
2025-04-01 01:37:45,38.5,12.448,112.353,7.807,78.023,1
2025-04-01 01:37:46,41.032,10.659,102.582,8.411,71.727,1
2025-04-01 01:37:47,39.978,10.969,103.652,9.288,76.045,1
2025-04-01 01:37:48,38.481,11.394,104.256,8.334,79.89,1
2025-04-01 01:37:49,39.335,12.244,107.013,9.17,87.014,1
2025-04-01 01:37:50,39.391,-15.964,104.695,8.281,85.612,1
2025-04-01 01:37:51,42.056,13.528,106.144,8.708,83.216,1
2025-04-01 01:37:52,39.46,13.081,103.941,9.317,73.884,1
2025-04-01 01:37:53,38.519,12.573,97.132,8.655,76.399,1
2025-04-01 01:37:54,38.818,13.054,106.368,8.749,78.314,1
2025-04-01 01:37:55,39.337,11.392,108.191,8.174,65.99,1
2025-04-01 01:37:56,38.065,13.682,104.469,7.86,71.403,1
2025-04-01 01:37:57,41.137,12.57,100.764,8.355,69.012,1
2025-04-01 01:37:58,38.479,34.327,103.716,8.28,83.266,1
2025-04-01 01:37:59,40.85,34.753,102.055,8.28,82.668,1
2025-04-01 01:38:00,40.972,33.403,98.822,7.98,75.436,1
2025-04-01 01:38:01,42.256,32.815,105.505,8.079,76.434,1
2025-04-01 01:38:02,43.207,34.718,104.598,7.441,75.933,1
2025-04-01 01:38:03,40.325,33.232,105.592,7.608,58.643,1
2025-04-01 01:38:04,51.481,32.329,95.258,8.095,91.009,1
2025-04-01 01:38:05,50.863,35.37,102.037,8.274,68.829,1
2025-04-01 01:38:06,51.186,35.598,105.79,7.534,72.754,1
2025-04-01 01:38:07,46.897,34.316,112.903,6.471,84.693,1
2025-04-01 01:38:08,49.259,34.873,96.435,8.406,75.283,1
2025-04-01 01:38:09,47.412,34.152,101.708,6.893,93.938,1
2025-04-01 01:38:10,46.779,36.588,95.089,7.767,92.114,1
2025-04-01 01:38:11,52.059,34.473,106.228,7.091,72.164,1
2025-04-01 01:38:12,52.841,5.293,99.475,6.856,75.661,1
2025-04-01 01:38:13,43.388,5.818,103.811,6.499,63.077,1
2025-04-01 01:38:14,52.125,5.262,105.199,6.708,81.929,1
2025-04-01 01:38:15,47.864,6.424,114.207,6.713,71.992,1
2025-04-01 01:38:16,49.977,6.594,109.176,7.17,79.649,1
2025-04-01 01:38:17,50.717,5.031,110.137,7.016,83.375,1
2025-04-01 01:38:18,50.374,6.135,110.936,7.47,75.32,1
2025-04-01 01:38:19,48.758,5.777,102.107,6.431,88.934,1
2025-04-01 01:38:20,46.673,6.542,102.38,7.193,80.698,1
2025-04-01 01:38:21,50.669,6.78,105.146,5.929,96.156,1
2025-04-01 01:38:22,47.066,6.175,106.666,7.572,66.082,1
2025-04-01 01:38:23,49.763,8.125,120.67,4.018,88.298,1
2025-04-01 01:38:24,49.004,7.089,107.895,2.624,86.714,1
2025-04-01 01:38:25,49.127,6.145,106.87,2.615,86.266,1
2025-04-01 01:38:26,44.668,7.424,110.826,2.227,79.831,1
2025-04-01 01:38:27,57.183,4.741,108.648,2.143,70.688,1
2025-04-01 01:38:28,51.988,5.128,109.67,2.375,95.976,1
2025-04-01 01:38:29,49.535,6.97,110.041,2.376,76.106,1
2025-04-01 01:38:30,36.221,5.777,112.55,2.291,80.773,1
2025-04-01 01:38:31,36.162,7.678,111.306,2.53,64.749,1
2025-04-01 01:38:32,33.191,7.128,108.696,1.255,87.772,1
2025-04-01 01:38:33,36.467,7.069,114.825,1.175,80.11,1
2025-04-01 01:38:34,34.052,7.664,117.669,1.17,73.045,1
2025-04-01 01:38:35,31.31,35.531,119.351,1.262,88.126,1
2025-04-01 01:38:36,37.676,35.486,108.349,1.113,74.752,1
2025-04-01 01:38:37,39.102,36.994,116.807,0.904,80.199,1
2025-04-01 01:38:38,39.66,35.874,117.25,1.055,84.179,1
2025-04-01 01:38:39,37.327,35.749,126.014,1.073,100.253,1
2025-04-01 01:38:40,34.486,36.616,114.125,1.126,86.564,1
2025-04-01 01:38:41,42.586,36.585,112.71,1.138,76.433,1
2025-04-01 01:38:42,36.29,35.538,112.101,1.192,84.277,1
2025-04-01 01:38:43,35.362,35.596,118.635,1.102,88.175,1
2025-04-01 01:38:44,39.368,38.445,131.452,1.317,84.937,1
2025-04-01 01:38:45,37.624,37.111,129.71,1.327,74.482,1
2025-04-01 01:38:46,34.999,37.13,129.273,1.151,82.852,1
2025-04-01 01:38:47,39.561,37.273,114.752,1.149,76.362,1
2025-04-01 01:38:48,37.149,36.57,136.665,1.159,70.694,1
2025-04-01 01:38:49,35.789,36.269,129.684,1.211,82.836,1
2025-04-01 01:38:50,34.632,37.294,128.889,1.115,86.676,1
2025-04-01 01:38:51,41.039,37.406,125.596,1.045,85.884,1
2025-04-01 01:38:52,34.314,38.245,133.544,1.174,87.0,1
2025-04-01 01:38:53,35.395,37.498,135.444,1.123,82.755,1
2025-04-01 01:38:54,35.887,36.979,142.161,1.075,92.536,1
2025-04-01 01:38:55,36.637,38.121,136.14,1.223,83.877,1
2025-04-01 01:38:56,34.647,38.061,128.899,1.255,82.774,1
2025-04-01 01:38:57,36.766,38.264,128.401,1.185,75.974,1
2025-04-01 01:38:58,36.762,37.648,134.044,1.083,80.304,1
2025-04-01 01:38:59,39.672,38.807,131.697,1.213,88.225,1
2025-04-01 01:39:00,42.082,11.852,143.955,1.202,91.089,1
2025-04-01 01:39:01,35.849,11.586,116.782,1.285,58.569,1
2025-04-01 01:39:02,30.25,11.5,118.202,1.2,86.635,1
2025-04-01 01:39:03,31.174,12.582,115.754,1.283,70.319,1
2025-04-01 01:39:04,40.175,12.872,111.527,1.062,78.079,1
2025-04-01 01:39:05,30.572,13.2,108.992,1.125,78.011,1
2025-04-01 01:39:06,36.684,11.333,105.496,1.242,74.067,1
2025-04-01 01:39:07,37.608,13.478,118.301,1.261,79.903,1
2025-04-01 01:39:08,40.611,13.309,113.471,1.263,82.014,1
2025-04-01 01:39:09,40.991,12.509,106.528,1.174,78.393,1
2025-04-01 01:39:10,34.967,13.048,119.811,1.197,90.517,1
2025-04-01 01:39:11,38.975,12.82,118.795,1.219,82.098,1
2025-04-01 01:39:12,38.607,12.603,114.632,1.243,89.242,1
2025-04-01 01:39:13,38.62,11.979,110.343,1.28,78.982,1
2025-04-01 01:39:14,37.628,13.534,121.44,1.442,91.075,1
2025-04-01 01:39:15,40.208,13.302,120.629,1.231,67.492,1
2025-04-01 01:39:16,28.831,14.167,110.551,1.757,100.329,1
2025-04-01 01:39:17,34.136,12.57,104.978,1.975,92.581,1
2025-04-01 01:39:18,35.499,13.117,120.481,2.048,88.008,1
2025-04-01 01:39:19,37.307,20.917,105.914,1.987,78.447,1
2025-04-01 01:39:20,33.556,20.41,111.622,1.817,77.428,1
2025-04-01 01:39:21,50.522,21.038,115.082,2.322,82.653,1
2025-04-01 01:39:22,54.368,20.78,120.77,1.867,89.119,1
2025-04-01 01:39:23,41.607,21.793,114.093,1.858,74.064,1
2025-04-01 01:39:24,37.583,21.901,121.251,2.22,86.375,1
2025-04-01 01:39:25,38.446,22.267,115.241,2.028,92.181,1
2025-04-01 01:39:26,37.84,20.177,126.296,2.006,83.884,1
2025-04-01 01:39:27,43.171,22.523,115.228,2.278,76.372,1
2025-04-01 01:39:28,42.7,21.681,122.362,1.964,91.071,1
2025-04-01 01:39:29,38.303,22.361,125.712,2.15,82.615,1
2025-04-01 01:39:30,41.291,22.357,117.907,2.258,89.291,1
2025-04-01 01:39:31,40.938,21.809,108.983,2.181,102.187,1
2025-04-01 01:39:32,39.235,21.872,122.391,1.983,77.987,1
2025-04-01 01:39:33,39.802,22.003,117.828,2.058,90.148,1
2025-04-01 01:39:34,39.741,22.548,121.458,2.315,85.768,1
2025-04-01 01:39:35,42.0,23.059,115.752,2.291,75.168,1
2025-04-01 01:39:36,35.587,21.542,120.967,2.198,94.196,1
2025-04-01 01:39:37,41.363,23.494,118.777,2.14,97.659,1
2025-04-01 01:39:38,40.837,21.897,120.303,2.348,70.657,1
2025-04-01 01:39:39,40.266,22.825,123.098,3.826,84.705,1
2025-04-01 01:39:40,44.745,23.0,95.488,4.395,85.526,1
2025-04-01 01:39:41,43.975,22.176,95.2,4.105,79.166,1
2025-04-01 01:39:42,38.969,22.688,99.146,4.238,81.394,1
2025-04-01 01:39:43,40.472,23.145,101.296,4.362,78.85,1
2025-04-01 01:39:44,40.676,21.504,100.526,4.3,82.368,1
2025-04-01 01:39:45,42.231,21.74,101.345,4.492,92.232,1
2025-04-01 01:39:46,40.199,22.883,94.992,4.216,98.236,1
2025-04-01 01:39:47,43.203,23.645,96.019,4.037,92.145,1
2025-04-01 01:39:48,36.942,23.269,98.533,4.46,97.371,1
2025-04-01 01:39:49,41.785,23.307,102.355,4.342,77.657,1
2025-04-01 01:39:50,43.196,21.587,107.017,4.46,74.165,1
2025-04-01 01:39:51,39.691,24.073,100.528,4.449,87.44,1
2025-04-01 01:39:52,39.363,22.505,97.226,4.458,98.544,1
2025-04-01 01:39:53,42.233,22.034,107.438,4.264,80.246,1
2025-04-01 01:39:54,39.508,23.993,92.457,4.22,93.747,1
2025-04-01 01:39:55,35.731,22.877,107.67,4.631,79.85,1
2025-04-01 01:39:56,41.769,24.343,100.078,4.62,89.79,1
2025-04-01 01:39:57,41.303,23.226,102.881,4.351,74.607,1
2025-04-01 01:39:58,42.753,23.698,106.97,4.589,83.226,1
2025-04-01 01:39:59,43.96,22.73,93.76,4.454,84.626,1
2025-04-01 01:40:00,42.121,22.396,101.697,4.127,107.393,1
2025-04-01 01:40:01,40.431,24.478,96.873,4.263,83.886,1
2025-04-01 01:40:02,42.419,23.201,105.417,4.252,91.415,1
2025-04-01 01:40:03,45.503,23.222,99.932,4.569,76.923,1
2025-04-01 01:40:04,42.832,23.197,102.251,4.16,82.56,1
2025-04-01 01:40:05,46.489,23.595,100.594,3.837,97.407,1
2025-04-01 01:40:06,40.938,23.762,96.325,4.655,71.892,1
2025-04-01 01:40:07,46.356,25.155,105.837,4.406,72.886,1
2025-04-01 01:40:08,39.515,22.453,94.457,9.017,80.67,1
2025-04-01 01:40:09,44.08,23.153,92.289,9.065,91.379,1
2025-04-01 01:40:10,38.48,23.413,101.937,8.574,79.898,1
2025-04-01 01:40:11,40.88,23.588,108.384,7.954,81.011,1
2025-04-01 01:40:12,51.794,21.634,101.52,7.922,77.55,1
2025-04-01 01:40:13,51.087,23.286,106.916,9.199,93.109,1
2025-04-01 01:40:14,48.871,23.371,101.965,8.181,82.317,1
2025-04-01 01:40:15,50.671,21.548,106.598,8.826,83.733,1
2025-04-01 01:40:16,48.658,23.863,108.456,8.5,93.392,1
2025-04-01 01:40:17,53.49,21.858,90.411,7.976,85.778,1
2025-04-01 01:40:18,47.639,23.706,96.58,8.347,73.4,1
2025-04-01 01:40:19,46.178,22.625,87.691,8.196,75.825,1
2025-04-01 01:40:20,49.499,21.352,100.684,8.366,89.409,1
2025-04-01 01:40:21,62.07,22.806,97.306,8.214,91.921,1
2025-04-01 01:40:22,61.09,22.195,93.508,8.891,84.773,1
2025-04-01 01:40:23,62.262,21.977,109.141,8.809,98.292,1
2025-04-01 01:40:24,60.342,22.812,102.874,7.711,90.403,1
2025-04-01 01:40:25,59.284,21.422,107.735,7.277,81.593,1
2025-04-01 01:40:26,60.559,22.143,102.277,7.752,66.618,1
2025-04-01 01:40:27,63.16,47.628,102.848,8.112,104.151,1
2025-04-01 01:40:28,59.623,47.578,116.311,7.695,98.272,1
2025-04-01 01:40:29,62.975,47.537,93.984,7.591,85.222,1
2025-04-01 01:40:30,60.805,49.917,102.548,8.084,85.358,1
2025-04-01 01:40:31,61.697,70.317,94.927,7.582,107.025,1
2025-04-01 01:40:32,63.219,67.887,96.116,7.802,74.882,1
2025-04-01 01:40:33,62.202,69.181,101.107,7.338,68.837,1
2025-04-01 01:40:34,62.787,68.791,98.565,8.1,76.741,1
2025-04-01 01:40:35,63.343,67.947,102.553,7.646,76.969,1
2025-04-01 01:40:36,65.878,68.218,99.292,6.855,86.139,1
2025-04-01 01:40:37,64.211,70.373,106.632,6.989,79.494,1
2025-04-01 01:40:38,65.919,68.631,105.373,6.863,93.365,1
2025-04-01 01:40:39,58.793,69.664,99.188,6.488,85.173,1
2025-04-01 01:40:40,59.668,67.727,104.148,2.633,92.116,1
2025-04-01 01:40:41,54.641,67.858,98.291,3.389,76.429,1
2025-04-01 01:40:42,50.323,68.196,94.471,2.771,90.5,1
2025-04-01 01:40:43,57.393,68.404,99.946,3.185,93.822,1
2025-04-01 01:40:44,56.055,67.97,93.883,2.795,81.605,1
2025-04-01 01:40:45,58.115,67.898,99.543,3.256,75.488,1
2025-04-01 01:40:46,51.23,70.124,90.629,2.823,81.912,1
2025-04-01 01:40:47,54.426,67.132,94.188,2.933,75.572,1
2025-04-01 01:40:48,55.892,68.617,97.28,2.861,98.879,1
2025-04-01 01:40:49,40.081,68.056,92.538,2.856,83.112,1
2025-04-01 01:40:50,38.845,67.479,90.026,3.028,85.112,1
2025-04-01 01:40:51,38.997,68.651,97.795,2.788,99.607,1
2025-04-01 01:40:52,39.236,66.763,100.014,2.528,78.879,1
2025-04-01 01:40:53,41.902,67.8,92.791,3.061,80.143,1
2025-04-01 01:40:54,38.072,67.845,94.342,2.408,77.638,1
2025-04-01 01:40:55,40.707,67.156,95.555,2.918,84.145,1
2025-04-01 01:40:56,42.323,67.52,91.465,2.938,88.608,1
2025-04-01 01:40:57,38.196,66.167,91.335,2.478,87.019,1
2025-04-01 01:40:58,40.173,67.526,98.232,2.644,73.794,1
2025-04-01 01:40:59,41.492,66.651,90.349,2.841,87.501,1
2025-04-01 01:41:00,40.684,65.633,96.963,2.279,67.513,1
2025-04-01 01:41:01,38.9,67.456,93.947,2.567,88.124,1
2025-04-01 01:41:02,41.9,65.644,95.09,2.318,81.329,1
2025-04-01 01:41:03,40.604,65.497,95.396,2.463,80.814,1
2025-04-01 01:41:04,36.749,67.399,96.522,2.675,81.221,1
2025-04-01 01:41:05,40.552,66.423,95.523,2.41,82.728,1
2025-04-01 01:41:06,41.451,66.305,99.406,2.691,83.318,1
2025-04-01 01:41:07,41.442,65.089,99.767,2.516,79.9,1
2025-04-01 01:41:08,42.419,64.963,101.369,2.682,81.688,1
2025-04-01 01:41:09,40.614,64.184,100.912,2.389,80.404,1
2025-04-01 01:41:10,38.455,66.163,93.322,5.503,80.169,1
2025-04-01 01:41:11,38.198,65.221,96.105,5.325,82.544,1
2025-04-01 01:41:12,39.962,66.196,96.118,5.411,81.284,1
2025-04-01 01:41:13,39.127,63.909,95.116,6.116,82.397,1
2025-04-01 01:41:14,38.282,65.123,97.698,4.695,81.458,1
2025-04-01 01:41:15,41.118,66.975,97.137,6.026,81.295,1
2025-04-01 01:41:16,40.854,64.695,101.177,4.699,79.271,1
2025-04-01 01:41:17,39.444,63.702,96.708,5.381,82.276,1
2025-04-01 01:41:18,38.756,64.974,96.417,5.625,81.617,1
2025-04-01 01:41:19,40.183,64.673,100.194,6.206,81.155,1
2025-04-01 01:41:20,39.3,64.18,97.884,5.819,79.488,1
2025-04-01 01:41:21,39.983,62.623,98.522,4.876,82.536,1
2025-04-01 01:41:22,38.716,64.577,102.219,5.403,81.19,1
2025-04-01 01:41:23,39.589,36.841,100.803,4.665,79.442,1
2025-04-01 01:41:24,38.935,37.546,103.177,5.596,81.842,1
2025-04-01 01:41:25,37.983,36.902,96.095,5.186,82.101,1
2025-04-01 01:41:26,40.217,37.332,101.975,5.898,80.993,1
2025-04-01 01:41:27,37.994,36.198,96.865,6.033,81.891,1
2025-04-01 01:41:28,39.16,36.237,103.67,5.496,81.366,1
2025-04-01 01:41:29,38.147,34.704,95.277,5.538,81.053,1
2025-04-01 01:41:30,40.925,35.868,92.649,5.499,81.453,1
2025-04-01 01:41:31,39.238,36.159,97.107,5.85,81.113,1
2025-04-01 01:41:32,38.22,35.764,98.611,6.096,82.051,1
2025-04-01 01:41:33,39.988,37.273,97.578,5.315,80.815,1
2025-04-01 01:41:34,47.416,36.376,101.59,5.795,83.313,1
2025-04-01 01:41:35,36.578,36.546,103.962,5.804,82.2,1
2025-04-01 01:41:36,35.407,35.877,107.026,7.155,81.793,1
2025-04-01 01:41:37,34.729,34.766,109.968,6.778,83.24,1
2025-04-01 01:41:38,34.431,35.653,104.053,6.367,81.324,1
2025-04-01 01:41:39,35.237,35.885,105.838,5.863,85.001,1
2025-04-01 01:41:40,34.753,36.622,110.704,6.716,82.574,1
2025-04-01 01:41:41,35.687,34.131,114.309,6.195,82.346,1
2025-04-01 01:41:42,37.124,34.573,99.88,6.852,81.953,1
2025-04-01 01:41:43,37.259,36.287,111.286,6.46,86.146,1
2025-04-01 01:41:44,36.851,35.791,116.661,6.093,86.705,1
2025-04-01 01:41:45,36.15,34.886,111.694,7.632,72.576,1
2025-04-01 01:41:46,32.34,34.744,108.759,7.214,80.863,1
2025-04-01 01:41:47,34.141,36.06,114.171,6.682,75.458,1
2025-04-01 01:41:48,34.915,35.512,106.116,6.017,86.085,1
2025-04-01 01:41:49,34.597,35.238,115.288,7.435,80.361,1
2025-04-01 01:41:50,35.418,35.985,115.988,7.591,79.154,1
2025-04-01 01:41:51,35.02,35.62,114.296,7.399,81.591,1
2025-04-01 01:41:52,38.681,35.045,123.758,6.592,91.219,1
2025-04-01 01:41:53,35.322,34.339,114.952,4.451,81.509,1
2025-04-01 01:41:54,39.135,34.493,118.182,4.491,79.803,1
2025-04-01 01:41:55,34.038,36.479,124.015,4.863,93.646,1
2025-04-01 01:41:56,36.703,33.926,118.549,5.382,100.488,1
2025-04-01 01:41:57,31.989,35.135,125.477,5.044,100.012,1
2025-04-01 01:41:58,34.757,34.261,128.558,5.387,79.501,1
2025-04-01 01:41:59,34.26,34.816,95.701,5.14,101.718,1
2025-04-01 01:42:00,33.744,37.308,100.066,5.282,111.25,1
2025-04-01 01:42:01,35.583,34.687,100.654,5.589,77.469,1
2025-04-01 01:42:02,30.928,35.138,90.855,5.374,69.241,1
2025-04-01 01:42:03,35.843,35.526,98.798,5.081,83.216,1
2025-04-01 01:42:04,34.408,34.989,89.776,5.087,73.967,1
2025-04-01 01:42:05,33.713,34.452,97.751,4.852,77.393,1
2025-04-01 01:42:06,35.975,33.863,96.629,4.987,102.133,1
2025-04-01 01:42:07,36.407,34.192,90.665,5.304,68.327,1
2025-04-01 01:42:08,33.927,35.849,95.588,5.077,76.717,1
2025-04-01 01:42:09,38.115,36.351,90.397,5.168,76.419,1
2025-04-01 01:42:10,33.033,35.731,98.47,5.077,71.683,1
2025-04-01 01:42:11,40.463,33.018,93.21,3.414,89.404,1
2025-04-01 01:42:12,31.385,35.458,99.212,3.309,87.743,1
2025-04-01 01:42:13,35.522,34.647,91.569,3.432,81.602,1
2025-04-01 01:42:14,33.922,34.986,91.588,3.264,99.117,1
2025-04-01 01:42:15,33.984,34.721,96.903,3.979,83.227,1
2025-04-01 01:42:16,31.61,34.713,92.608,3.383,97.466,1
2025-04-01 01:42:17,42.748,34.992,93.687,3.43,77.823,1
2025-04-01 01:42:18,47.515,34.942,89.236,3.377,91.894,1
2025-04-01 01:42:19,51.088,35.131,92.105,3.501,86.205,1
2025-04-01 01:42:20,42.945,35.553,86.758,3.77,83.697,1
2025-04-01 01:42:21,48.701,35.364,94.686,3.811,80.154,1
2025-04-01 01:42:22,48.846,34.219,91.804,3.822,73.468,1
2025-04-01 01:42:23,59.957,34.485,97.678,3.367,70.068,1
2025-04-01 01:42:24,60.578,35.953,88.23,3.638,74.155,1
2025-04-01 01:42:25,56.786,34.446,87.461,3.753,85.3,1
2025-04-01 01:42:26,62.939,35.337,87.395,3.776,80.355,1
2025-04-01 01:42:27,61.902,35.483,90.753,3.772,83.29,1
2025-04-01 01:42:28,62.221,36.141,89.455,3.709,101.418,1
2025-04-01 01:42:29,51.189,35.391,91.919,3.762,81.257,1
2025-04-01 01:42:30,56.838,35.638,87.519,3.401,84.148,1
2025-04-01 01:42:31,57.668,36.563,88.888,3.268,96.61,1
2025-04-01 01:42:32,60.84,36.915,90.575,3.567,86.038,1
2025-04-01 01:42:33,60.515,36.995,103.734,3.832,81.565,1
2025-04-01 01:42:34,59.381,34.634,91.683,3.757,101.328,1
2025-04-01 01:42:35,61.333,36.656,101.578,3.276,111.925,1
2025-04-01 01:42:36,56.615,36.132,91.532,3.712,77.745,1
2025-04-01 01:42:37,60.789,36.355,94.8,3.503,70.789,1
2025-04-01 01:42:38,51.097,37.102,88.86,3.42,74.382,1
2025-04-01 01:42:39,41.303,36.399,93.952,3.752,74.051,1
2025-04-01 01:42:40,42.325,35.505,93.95,3.643,91.868,1
2025-04-01 01:42:41,35.853,61.577,92.771,3.185,83.185,1
2025-04-01 01:42:42,33.749,64.448,94.049,3.697,88.261,1
2025-04-01 01:42:43,33.152,64.221,94.625,3.007,86.522,1
2025-04-01 01:42:44,35.801,63.4,93.57,5.526,110.488,1
2025-04-01 01:42:45,36.312,64.924,93.803,5.149,93.837,1
2025-04-01 01:42:46,37.424,63.982,97.685,5.018,120.728,1
2025-04-01 01:42:47,38.454,64.109,95.811,5.318,88.514,1
2025-04-01 01:42:48,40.33,65.106,87.945,4.545,80.948,1
2025-04-01 01:42:49,43.098,65.153,97.6,4.754,83.441,1
2025-04-01 01:42:50,36.334,64.497,96.975,5.017,97.402,1
2025-04-01 01:42:51,40.566,65.615,95.871,4.744,88.029,1
2025-04-01 01:42:52,39.547,63.824,93.086,4.948,92.863,1
2025-04-01 01:42:53,41.608,64.054,97.501,5.225,69.323,1
2025-04-01 01:42:54,42.319,64.952,96.481,4.493,80.086,1
2025-04-01 01:42:55,38.23,65.737,98.343,4.114,85.137,1
2025-04-01 01:42:56,42.444,65.026,100.971,4.369,104.409,1
2025-04-01 01:42:57,42.516,65.566,99.81,4.947,101.889,1
2025-04-01 01:42:58,38.57,64.264,91.51,4.604,97.094,1
2025-04-01 01:42:59,40.112,65.547,102.542,4.171,110.175,1
2025-04-01 01:43:00,39.579,65.782,95.451,4.494,87.473,1
2025-04-01 01:43:01,33.89,66.552,98.662,4.599,93.618,1
2025-04-01 01:43:02,41.852,67.106,94.464,4.041,97.149,1
2025-04-01 01:43:03,38.81,66.302,97.084,3.938,80.474,1
2025-04-01 01:43:04,39.262,67.038,84.766,3.759,93.105,1
2025-04-01 01:43:05,36.786,65.871,88.846,4.501,72.855,1
2025-04-01 01:43:06,46.569,66.265,89.092,4.263,76.976,1
2025-04-01 01:43:07,34.712,65.503,93.566,4.257,92.158,1
2025-04-01 01:43:08,43.854,66.192,94.265,4.573,101.271,1
2025-04-01 01:43:09,37.687,65.939,96.277,3.733,86.72,1
2025-04-01 01:43:10,38.091,65.835,92.829,4.347,79.281,1
2025-04-01 01:43:11,41.368,67.117,97.455,4.035,95.606,1
2025-04-01 01:43:12,38.457,66.739,94.742,3.96,92.492,1
2025-04-01 01:43:13,40.628,67.051,87.715,3.849,87.992,1
2025-04-01 01:43:14,38.63,67.833,91.51,3.732,87.479,1
2025-04-01 01:43:15,39.488,67.917,93.554,4.232,76.412,1
2025-04-01 01:43:16,40.155,67.579,92.757,3.554,81.417,1
2025-04-01 01:43:17,39.742,67.067,91.07,4.28,78.006,1
2025-04-01 01:43:18,38.43,66.848,83.453,3.763,72.334,1
2025-04-01 01:43:19,40.065,67.861,99.671,4.063,83.918,1
2025-04-01 01:43:20,26.604,67.75,94.209,3.816,86.765,1
2025-04-01 01:43:21,26.228,68.096,94.739,3.975,85.506,1
2025-04-01 01:43:22,27.977,67.359,90.175,3.571,85.028,1
2025-04-01 01:43:23,26.934,66.874,87.248,3.781,83.681,1
2025-04-01 01:43:24,26.713,68.155,90.273,3.68,85.403,1
2025-04-01 01:43:25,27.064,67.169,90.059,3.652,84.842,1
2025-04-01 01:43:26,29.41,67.282,92.864,3.163,85.895,1
2025-04-01 01:43:27,28.66,69.047,91.419,3.894,85.484,1
2025-04-01 01:43:28,30.617,69.711,89.309,3.243,84.773,1
2025-04-01 01:43:29,26.166,69.673,89.528,3.399,86.475,1
2025-04-01 01:43:30,26.731,68.195,87.666,2.625,82.854,1
2025-04-01 01:43:31,28.089,68.487,90.272,3.162,84.907,1
2025-04-01 01:43:32,29.252,68.161,87.96,3.275,84.387,1
2025-04-01 01:43:33,29.109,67.479,90.966,3.238,99.479,1
2025-04-01 01:43:34,22.661,68.871,86.925,2.141,72.217,1
2025-04-01 01:43:35,26.069,68.522,90.025,2.137,70.266,1
2025-04-01 01:43:36,26.539,70.433,91.69,1.834,87.954,1
2025-04-01 01:43:37,27.979,68.092,92.219,2.383,70.951,1
2025-04-01 01:43:38,26.729,69.764,88.322,2.366,67.996,1
2025-04-01 01:43:39,27.332,68.534,83.759,2.388,86.392,1
2025-04-01 01:43:40,29.654,69.716,90.952,1.457,76.024,1
2025-04-01 01:43:41,29.262,70.125,85.642,1.389,85.664,1
2025-04-01 01:43:42,27.826,69.609,92.694,1.348,89.366,1
2025-04-01 01:43:43,32.143,69.478,86.564,1.203,76.621,1
2025-04-01 01:43:44,30.106,69.853,92.587,1.362,87.563,1
2025-04-01 01:43:45,25.306,70.796,94.185,1.333,71.424,1
2025-04-01 01:43:46,29.219,69.777,92.173,1.59,76.092,1
2025-04-01 01:43:47,28.924,70.993,90.915,1.344,89.284,1
2025-04-01 01:43:48,28.441,70.209,91.806,0.525,88.656,1
2025-04-01 01:43:49,25.321,70.264,95.442,0.572,80.013,1
2025-04-01 01:43:50,30.773,70.285,89.425,0.544,91.365,1
2025-04-01 01:43:51,27.989,69.479,87.402,0.521,85.239,1
2025-04-01 01:43:52,29.678,69.42,96.704,0.513,91.731,1
2025-04-01 01:43:53,25.664,69.742,93.323,0.58,79.529,1
2025-04-01 01:43:54,36.83,68.899,102.557,0.523,74.701,1
2025-04-01 01:43:55,37.337,70.687,90.727,0.573,96.221,1
2025-04-01 01:43:56,36.207,70.563,97.287,0.519,86.782,1
2025-04-01 01:43:57,33.765,70.205,103.184,0.606,76.086,1
2025-04-01 01:43:58,40.284,68.132,102.392,0.477,81.836,1
2025-04-01 01:43:59,38.489,70.085,113.764,0.501,74.573,1
2025-04-01 01:44:00,38.717,69.518,104.499,0.546,84.098,1
2025-04-01 01:44:01,36.714,70.744,111.592,0.5,82.617,1
2025-04-01 01:44:02,42.138,70.701,116.263,0.616,78.668,1
2025-04-01 01:44:03,39.555,69.262,120.726,0.559,81.854,1
2025-04-01 01:44:04,37.16,70.308,123.115,0.566,71.632,1
2025-04-01 01:44:05,43.456,70.984,119.423,0.528,81.207,1
2025-04-01 01:44:06,38.25,70.026,123.587,0.616,86.204,1
2025-04-01 01:44:07,40.699,70.398,137.501,0.522,95.169,1
2025-04-01 01:44:08,43.787,69.198,129.902,0.541,80.223,1
2025-04-01 01:44:09,34.086,69.975,135.362,0.617,82.212,1
2025-04-01 01:44:10,43.391,69.641,140.647,0.575,81.664,1
2025-04-01 01:44:11,39.273,70.211,144.243,1.58,79.597,1
2025-04-01 01:44:12,37.901,71.035,136.071,1.309,80.965,1
2025-04-01 01:44:13,46.817,69.941,138.939,1.409,80.87,1
2025-04-01 01:44:14,49.642,68.525,141.352,1.472,80.988,1
2025-04-01 01:44:15,47.828,68.841,144.307,1.599,83.035,1
2025-04-01 01:44:16,50.614,69.444,152.061,1.426,80.541,1
2025-04-01 01:44:17,53.591,70.275,127.808,1.648,82.431,1
2025-04-01 01:44:18,40.425,69.864,125.267,1.54,83.355,1
2025-04-01 01:44:19,37.054,69.853,132.697,1.909,82.53,1
2025-04-01 01:44:20,38.824,70.77,123.896,1.702,81.097,1
2025-04-01 01:44:21,40.626,69.746,135.784,1.486,82.538,1
2025-04-01 01:44:22,38.261,69.35,134.325,1.503,80.202,1
2025-04-01 01:44:23,39.269,40.83,127.805,1.589,80.63,1
2025-04-01 01:44:24,37.272,41.16,132.238,1.548,81.625,1
2025-04-01 01:44:25,38.945,41.901,127.118,2.031,80.507,1
2025-04-01 01:44:26,52.991,39.945,137.772,1.549,81.119,1
2025-04-01 01:44:27,48.701,41.009,151.502,1.646,83.216,1
2025-04-01 01:44:28,47.445,41.306,120.603,1.724,82.147,1
2025-04-01 01:44:29,65.193,42.035,113.946,1.621,82.048,1
2025-04-01 01:44:30,61.701,41.087,118.163,1.848,81.456,1
2025-04-01 01:44:31,61.146,41.515,126.948,0.862,81.421,1
2025-04-01 01:44:32,68.202,42.403,113.786,0.757,82.942,1
2025-04-01 01:44:33,65.702,41.655,123.692,0.801,80.552,1
2025-04-01 01:44:34,62.36,40.411,121.555,0.835,82.436,1
2025-04-01 01:44:35,58.487,41.741,126.959,0.722,83.269,1
2025-04-01 01:44:36,60.898,41.415,124.771,0.806,82.775,1
2025-04-01 01:44:37,57.821,40.687,124.112,0.879,82.816,1
2025-04-01 01:44:38,65.263,39.299,97.353,0.864,82.488,1
2025-04-01 01:44:39,67.099,41.97,98.58,0.894,84.141,1
2025-04-01 01:44:40,63.912,40.411,90.727,0.871,82.969,1
2025-04-01 01:44:41,60.529,40.683,98.565,0.772,82.484,1
2025-04-01 01:44:42,60.079,40.496,100.351,0.86,82.36,1
2025-04-01 01:44:43,62.228,41.867,100.245,0.837,81.925,1
2025-04-01 01:44:44,62.543,40.204,95.432,0.872,83.228,1
2025-04-01 01:44:45,64.898,39.248,105.367,0.713,82.818,1
2025-04-01 01:44:46,61.41,40.551,104.53,0.85,83.175,1
2025-04-01 01:44:47,64.094,39.683,94.366,0.854,84.059,1
2025-04-01 01:44:48,62.066,41.296,93.202,0.796,83.17,1
2025-04-01 01:44:49,59.058,39.803,103.835,0.809,82.811,1
2025-04-01 01:44:50,64.505,39.389,98.602,0.776,83.417,1
2025-04-01 01:44:51,62.514,40.221,95.919,0.813,82.671,1
2025-04-01 01:44:52,66.755,40.284,100.525,0.974,83.85,1
2025-04-01 01:44:53,61.368,39.99,92.303,0.928,84.449,1
2025-04-01 01:44:54,59.748,40.21,99.842,0.92,83.928,1
2025-04-01 01:44:55,63.34,40.574,101.687,0.909,84.12,1
2025-04-01 01:44:56,64.269,40.257,91.43,0.925,83.969,1
2025-04-01 01:44:57,62.354,11.282,101.188,0.915,83.253,1
2025-04-01 01:44:58,64.123,11.015,92.544,0.843,83.851,1
2025-04-01 01:44:59,62.285,11.31,99.235,0.842,70.226,1
2025-04-01 01:45:00,62.875,11.906,100.703,0.835,86.441,1
2025-04-01 01:45:01,63.509,-4.675,99.485,0.954,90.647,1
2025-04-01 01:45:02,62.314,-4.867,94.045,0.982,86.577,1
2025-04-01 01:45:03,61.17,-5.058,104.537,0.627,94.816,1
2025-04-01 01:45:04,62.38,-3.788,98.414,0.615,103.587,1
2025-04-01 01:45:05,59.983,-4.709,87.124,0.601,89.049,1
2025-04-01 01:45:06,54.441,-5.533,95.944,0.582,84.693,1
2025-04-01 01:45:07,58.299,-4.466,100.096,0.644,81.709,1
2025-04-01 01:45:08,60.969,-5.274,97.515,1.012,82.412,1
2025-04-01 01:45:09,62.245,-5.694,91.165,2.191,99.135,1
2025-04-01 01:45:10,62.451,-4.855,96.265,2.581,68.442,1
2025-04-01 01:45:11,62.637,-3.951,114.01,2.478,74.471,1
2025-04-01 01:45:12,62.305,22.843,103.97,2.423,77.74,1
2025-04-01 01:45:13,61.709,22.645,98.152,2.538,98.149,1
2025-04-01 01:45:14,64.363,22.117,92.701,2.231,83.075,1
2025-04-01 01:45:15,62.498,21.957,100.101,2.093,100.049,1
2025-04-01 01:45:16,65.997,22.369,97.527,2.846,84.263,1
2025-04-01 01:45:17,63.544,21.605,108.499,2.617,78.724,1
2025-04-01 01:45:18,61.331,23.14,102.016,2.047,82.097,1
2025-04-01 01:45:19,57.479,-4.885,95.175,2.35,76.824,1
2025-04-01 01:45:20,63.536,-4.583,101.433,2.26,85.705,1
2025-04-01 01:45:21,63.892,-5.841,98.085,2.404,82.337,1
2025-04-01 01:45:22,47.172,-6.156,109.809,2.046,91.865,1
2025-04-01 01:45:23,52.098,-4.103,97.935,2.325,86.017,1
2025-04-01 01:45:24,50.256,-4.658,95.447,2.155,92.795,1
2025-04-01 01:45:25,56.708,-6.512,102.807,1.936,74.349,1
2025-04-01 01:45:26,47.824,-5.345,98.68,2.022,74.56,1
2025-04-01 01:45:27,44.591,-5.871,97.122,2.292,80.012,1
2025-04-01 01:45:28,52.701,-5.339,104.215,2.004,95.011,1
2025-04-01 01:45:29,58.276,-6.739,103.729,2.22,79.931,1
2025-04-01 01:45:30,48.032,-6.873,109.39,1.719,89.362,1
2025-04-01 01:45:31,47.743,-5.611,108.564,2.256,77.798,1
2025-04-01 01:45:32,49.232,-5.176,109.651,2.126,82.879,1
2025-04-01 01:45:33,46.112,-5.426,100.219,2.216,83.128,1
2025-04-01 01:45:34,46.912,-5.933,97.46,1.991,97.787,1
2025-04-01 01:45:35,44.178,-6.655,101.296,1.944,78.093,1
2025-04-01 01:45:36,50.251,-6.72,93.358,0.967,92.512,1
2025-04-01 01:45:37,48.04,-6.264,90.664,0.789,74.856,1
2025-04-01 01:45:38,51.335,-5.445,112.321,0.954,89.465,1
2025-04-01 01:45:39,48.712,-7.92,95.404,0.948,102.048,1
2025-04-01 01:45:40,44.923,-6.723,93.282,0.887,96.575,1
2025-04-01 01:45:41,47.781,-8.1,96.091,0.955,66.877,1
2025-04-01 01:45:42,49.983,-8.807,102.807,0.925,96.258,1
2025-04-01 01:45:43,52.427,-7.185,92.464,0.808,98.377,1
2025-04-01 01:45:44,51.939,-8.347,108.089,0.798,100.107,1
2025-04-01 01:45:45,48.226,-7.855,104.223,0.805,106.174,1
2025-04-01 01:45:46,46.971,-7.843,94.44,0.807,123.364,1
2025-04-01 01:45:47,35.541,-7.852,100.512,0.927,97.504,1
2025-04-01 01:45:48,23.238,-7.327,96.44,0.763,94.945,1
2025-04-01 01:45:49,28.414,-8.499,108.547,0.716,91.977,1
2025-04-01 01:45:50,23.182,-7.308,99.778,0.912,81.001,1
2025-04-01 01:45:51,22.241,20.602,97.541,0.838,85.777,1
2025-04-01 01:45:52,25.451,20.299,103.108,0.899,75.412,1
2025-04-01 01:45:53,28.643,20.656,93.23,0.79,80.145,1
2025-04-01 01:45:54,20.275,18.658,104.86,0.729,86.999,1
2025-04-01 01:45:55,27.774,20.408,101.376,0.878,94.867,1
2025-04-01 01:45:56,23.325,19.591,110.129,1.592,92.308,1
2025-04-01 01:45:57,25.704,20.422,98.063,1.866,65.586,1
2025-04-01 01:45:58,27.574,21.853,105.339,1.815,91.756,1
2025-04-01 01:45:59,25.932,18.967,106.959,1.881,73.03,1
2025-04-01 01:46:00,28.164,19.202,102.657,1.791,76.706,1
2025-04-01 01:46:01,28.866,20.265,113.994,1.721,90.943,1
2025-04-01 01:46:02,25.925,19.065,106.112,1.624,58.832,1
2025-04-01 01:46:03,26.213,21.424,106.956,1.817,76.33,1
2025-04-01 01:46:04,25.497,19.581,101.959,1.842,83.352,1
2025-04-01 01:46:05,22.489,19.818,100.178,1.603,107.845,1
2025-04-01 01:46:06,25.143,46.807,99.995,1.593,80.691,1
2025-04-01 01:46:07,26.902,45.652,109.079,1.572,103.185,1
2025-04-01 01:46:08,31.117,46.469,93.94,1.461,100.642,1
2025-04-01 01:46:09,26.033,63.687,99.846,1.592,88.924,1
2025-04-01 01:46:10,28.548,63.683,106.767,1.488,85.44,1
2025-04-01 01:46:11,22.337,61.778,103.479,1.607,81.892,1
2025-04-01 01:46:12,24.41,62.327,104.397,1.662,84.445,1
2025-04-01 01:46:13,24.308,62.619,100.72,1.547,86.335,1
2025-04-01 01:46:14,30.327,63.01,105.247,1.448,74.874,1
2025-04-01 01:46:15,29.575,61.599,93.638,1.507,92.246,1
2025-04-01 01:46:16,26.666,61.845,100.504,1.449,94.596,1
2025-04-01 01:46:17,38.141,61.051,100.679,1.637,82.533,1
2025-04-01 01:46:18,40.821,62.786,111.598,1.345,85.504,1
2025-04-01 01:46:19,31.683,62.166,107.88,1.577,80.937,1
2025-04-01 01:46:20,37.901,62.357,101.952,1.555,98.643,1
2025-04-01 01:46:21,41.417,64.086,100.427,1.508,83.435,1
2025-04-01 01:46:22,42.686,62.762,107.82,1.462,86.578,1
2025-04-01 01:46:23,40.403,62.283,101.437,1.916,94.719,1
2025-04-01 01:46:24,45.952,60.522,102.271,2.387,87.23,1
2025-04-01 01:46:25,40.093,62.638,101.898,2.421,91.971,1
2025-04-01 01:46:26,39.343,62.955,97.571,2.156,87.619,1
2025-04-01 01:46:27,44.563,63.042,98.091,2.344,77.313,1
2025-04-01 01:46:28,38.668,62.69,110.09,2.649,76.635,1
2025-04-01 01:46:29,42.753,62.804,104.744,2.555,79.674,1
2025-04-01 01:46:30,36.406,62.635,98.993,2.319,82.795,1
2025-04-01 01:46:31,37.915,63.138,104.862,2.252,88.466,1
2025-04-01 01:46:32,38.926,63.05,100.777,2.619,73.881,1
2025-04-01 01:46:33,41.157,62.279,104.384,2.513,98.178,1
2025-04-01 01:46:34,41.445,62.515,106.138,1.203,82.517,1
2025-04-01 01:46:35,39.713,63.221,102.952,1.08,83.176,1
2025-04-01 01:46:36,38.565,62.903,114.056,1.233,71.385,1
2025-04-01 01:46:37,35.122,64.096,104.683,0.576,89.155,1
2025-04-01 01:46:38,36.482,61.578,106.662,0.602,83.835,1
2025-04-01 01:46:39,39.196,62.946,94.204,0.614,72.409,1
2025-04-01 01:46:40,41.537,63.562,98.385,0.631,82.651,1
2025-04-01 01:46:41,37.123,62.879,97.214,0.643,86.503,1
2025-04-01 01:46:42,42.848,63.2,101.951,0.615,80.339,1
2025-04-01 01:46:43,42.253,61.535,93.995,0.617,83.591,1
2025-04-01 01:46:44,40.632,61.68,95.843,0.71,85.257,1
2025-04-01 01:46:45,40.546,63.164,102.961,0.692,70.986,1
2025-04-01 01:46:46,39.488,64.996,103.831,0.645,67.818,1
2025-04-01 01:46:47,42.312,62.585,98.163,0.644,89.176,1
2025-04-01 01:46:48,44.793,63.437,101.9,0.758,82.653,1
2025-04-01 01:46:49,37.834,64.816,95.124,0.711,79.529,1
2025-04-01 01:46:50,43.413,64.188,103.541,0.837,94.214,1
2025-04-01 01:46:51,42.379,64.522,97.378,0.783,74.534,1
2025-04-01 01:46:52,37.501,64.612,101.53,1.566,89.172,1
2025-04-01 01:46:53,43.294,63.921,102.239,1.937,82.733,1
2025-04-01 01:46:54,44.195,65.379,103.663,1.683,82.036,1
2025-04-01 01:46:55,41.006,64.033,101.328,1.52,87.908,1
2025-04-01 01:46:56,38.995,63.597,88.46,1.681,72.945,1
2025-04-01 01:46:57,41.187,63.932,86.139,1.425,73.266,1
2025-04-01 01:46:58,42.028,63.147,95.743,1.725,74.304,1
2025-04-01 01:46:59,38.784,65.081,87.61,1.649,81.593,1
2025-04-01 01:47:00,44.685,63.554,101.138,1.648,88.941,1
2025-04-01 01:47:01,41.516,64.657,95.898,1.634,68.909,1
2025-04-01 01:47:02,41.301,65.858,90.608,1.43,72.122,1
2025-04-01 01:47:03,41.482,64.901,93.509,1.621,80.614,1
2025-04-01 01:47:04,41.521,66.131,96.035,1.748,72.595,1
2025-04-01 01:47:05,43.068,65.349,91.294,1.507,75.427,1
2025-04-01 01:47:06,40.599,64.557,87.644,1.91,78.329,1
2025-04-01 01:47:07,46.165,65.007,98.691,1.778,87.42,1
2025-04-01 01:47:08,42.754,65.361,94.2,1.55,81.194,1
2025-04-01 01:47:09,39.938,65.243,96.517,1.561,79.072,1
2025-04-01 01:47:10,44.628,65.91,98.68,1.799,83.571,1
2025-04-01 01:47:11,48.375,63.925,99.673,1.798,68.485,1
2025-04-01 01:47:12,44.858,65.148,97.387,1.67,77.827,1
2025-04-01 01:47:13,40.066,64.492,104.426,1.81,72.867,1
2025-04-01 01:47:14,42.197,67.266,96.187,1.95,95.776,1
2025-04-01 01:47:15,44.657,39.758,100.331,1.705,74.713,1
2025-04-01 01:47:16,39.95,39.291,97.909,1.797,89.782,1
2025-04-01 01:47:17,41.038,40.945,100.887,1.675,67.189,1
2025-04-01 01:47:18,43.431,39.774,99.853,2.116,80.852,1
2025-04-01 01:47:19,41.219,40.446,104.218,1.831,81.763,1
2025-04-01 01:47:20,44.511,40.26,100.392,1.763,82.81,1
2025-04-01 01:47:21,45.449,38.312,107.766,1.847,81.865,1
2025-04-01 01:47:22,42.157,40.936,109.75,1.882,82.96,1
2025-04-01 01:47:23,38.639,40.131,109.316,1.701,81.921,1
2025-04-01 01:47:24,39.946,39.66,111.604,1.931,82.69,1
2025-04-01 01:47:25,40.87,41.048,105.992,0.804,81.525,1
2025-04-01 01:47:26,39.115,41.289,111.792,0.804,82.195,1
2025-04-01 01:47:27,41.903,42.493,111.248,0.764,90.949,1
2025-04-01 01:47:28,27.037,40.034,112.967,0.685,86.263,1
2025-04-01 01:47:29,30.09,41.484,104.536,0.824,84.696,1
2025-04-01 01:47:30,26.336,41.62,119.845,0.759,76.431,1
2025-04-01 01:47:31,27.463,42.046,107.559,0.778,77.289,1
2025-04-01 01:47:32,28.695,40.786,112.792,1.276,90.765,1
2025-04-01 01:47:33,32.024,40.792,112.901,1.549,69.993,1
2025-04-01 01:47:34,26.386,41.413,108.901,1.295,76.976,1
2025-04-01 01:47:35,30.863,42.148,123.077,1.316,70.186,1
2025-04-01 01:47:36,27.264,42.771,117.052,1.382,98.673,1
2025-04-01 01:47:37,31.542,14.95,116.331,1.451,95.5,1
2025-04-01 01:47:38,29.334,16.741,123.706,1.374,91.209,1
2025-04-01 01:47:39,26.378,16.24,121.207,1.213,92.8,1
2025-04-01 01:47:40,27.809,16.173,116.796,1.427,81.453,1
2025-04-01 01:47:41,25.254,14.767,132.138,1.275,104.668,1
2025-04-01 01:47:42,25.028,15.222,120.151,1.135,86.701,1
2025-04-01 01:47:43,21.872,14.596,133.68,1.233,76.225,1
2025-04-01 01:47:44,25.538,16.095,125.093,1.339,78.111,1
2025-04-01 01:47:45,31.844,14.641,109.776,1.323,75.519,1
2025-04-01 01:47:46,22.261,15.926,103.856,1.416,71.987,1
2025-04-01 01:47:47,38.094,16.4,102.448,1.222,91.953,1
2025-04-01 01:47:48,42.955,16.752,100.808,1.272,89.47,1
2025-04-01 01:47:49,36.202,17.247,108.021,1.28,83.051,1
2025-04-01 01:47:50,37.353,16.785,96.365,1.225,96.249,1
2025-04-01 01:47:51,37.825,15.99,96.668,1.409,69.497,1
2025-04-01 01:47:52,34.849,17.692,101.612,1.194,78.27,1
2025-04-01 01:47:53,36.106,17.772,99.987,1.301,82.278,1
2025-04-01 01:47:54,38.73,16.438,109.226,2.681,64.499,1
2025-04-01 01:47:55,34.836,16.195,113.754,2.748,99.88,1
2025-04-01 01:47:56,40.933,16.054,106.402,3.061,103.031,1
2025-04-01 01:47:57,34.502,16.693,96.499,3.103,83.224,1
2025-04-01 01:47:58,37.102,17.348,109.958,2.772,82.686,1
2025-04-01 01:47:59,36.278,16.802,107.682,2.785,102.215,1
2025-04-01 01:48:00,34.9,16.714,115.315,2.493,84.576,1
2025-04-01 01:48:01,35.875,17.38,112.037,2.641,88.045,1
2025-04-01 01:48:02,44.22,16.703,110.855,2.157,99.291,1
2025-04-01 01:48:03,37.868,16.549,117.526,6.579,80.02,1
2025-04-01 01:48:04,35.806,17.246,117.716,5.628,102.327,1
2025-04-01 01:48:05,33.427,16.198,114.676,6.37,70.477,1
2025-04-01 01:48:06,37.467,17.52,112.946,6.896,101.718,1
2025-04-01 01:48:07,40.439,17.262,113.133,6.663,72.281,1
2025-04-01 01:48:08,38.156,17.165,117.595,5.783,83.71,1
2025-04-01 01:48:09,33.748,16.46,119.715,6.095,103.542,1
2025-04-01 01:48:10,38.507,17.025,114.078,5.614,84.343,1
2025-04-01 01:48:11,39.621,16.323,119.589,6.595,87.213,1
2025-04-01 01:48:12,51.685,17.26,118.397,4.855,79.71,1
2025-04-01 01:48:13,51.192,18.539,121.969,5.427,80.594,1
2025-04-01 01:48:14,48.043,44.183,121.877,5.11,80.364,1
2025-04-01 01:48:15,47.459,43.935,118.416,5.297,85.102,1
2025-04-01 01:48:16,50.857,42.558,130.411,4.996,72.637,1
2025-04-01 01:48:17,52.695,42.877,122.928,5.32,70.815,1
2025-04-01 01:48:18,52.835,43.476,128.545,4.444,93.278,1
2025-04-01 01:48:19,52.888,43.603,125.683,5.242,88.072,1
2025-04-01 01:48:20,53.437,43.937,121.441,5.776,96.035,1
2025-04-01 01:48:21,51.548,43.345,121.655,6.141,87.252,1
2025-04-01 01:48:22,52.376,43.542,132.249,6.17,94.541,1
2025-04-01 01:48:23,52.962,43.634,134.603,5.23,83.408,1
2025-04-01 01:48:24,50.262,43.21,137.315,5.189,86.961,1
2025-04-01 01:48:25,50.758,43.85,127.8,4.893,97.421,1
2025-04-01 01:48:26,39.645,42.08,138.044,5.139,73.577,1
2025-04-01 01:48:27,39.97,43.473,124.088,4.723,91.928,1
2025-04-01 01:48:28,41.626,43.891,117.852,5.179,77.06,1
2025-04-01 01:48:29,40.526,43.639,129.259,4.577,90.135,1
2025-04-01 01:48:30,40.945,42.828,114.38,4.741,86.583,1
2025-04-01 01:48:31,39.818,43.952,122.256,5.026,78.082,1
2025-04-01 01:48:32,40.764,43.323,115.029,4.86,82.982,1
2025-04-01 01:48:33,39.351,43.128,117.003,4.455,96.657,1
2025-04-01 01:48:34,43.004,42.21,114.95,3.55,86.864,1
2025-04-01 01:48:35,44.995,42.432,122.849,4.705,86.266,1
2025-04-01 01:48:36,35.623,43.156,114.571,4.396,88.564,1
2025-04-01 01:48:37,39.893,42.162,120.132,5.554,86.656,1
2025-04-01 01:48:38,41.053,25.566,113.822,4.802,86.783,1
2025-04-01 01:48:39,41.08,25.475,116.903,2.245,87.485,1
2025-04-01 01:48:40,43.75,25.996,119.026,1.097,87.677,1
2025-04-01 01:48:41,41.758,26.817,120.621,1.087,87.53,1
2025-04-01 01:48:42,42.604,25.227,84.214,1.25,88.135,1
2025-04-01 01:48:43,39.208,26.221,99.367,1.377,87.477,1
2025-04-01 01:48:44,36.818,25.175,90.437,1.176,88.612,1
2025-04-01 01:48:45,42.931,25.872,96.786,1.537,86.066,1
2025-04-01 01:48:46,37.509,25.336,94.986,1.127,87.198,1
2025-04-01 01:48:47,39.376,24.429,86.119,1.165,88.544,1
2025-04-01 01:48:48,42.999,27.299,87.718,1.279,88.082,1
2025-04-01 01:48:49,38.372,24.872,89.751,1.203,87.724,1
2025-04-01 01:48:50,39.466,25.315,87.824,1.345,87.596,1
2025-04-01 01:48:51,41.185,25.387,87.077,0.892,88.105,1
2025-04-01 01:48:52,36.437,25.155,86.837,1.535,86.84,1
2025-04-01 01:48:53,43.332,24.787,92.256,1.312,88.674,1
2025-04-01 01:48:54,37.358,23.986,86.762,1.249,86.616,1
2025-04-01 01:48:55,41.677,25.654,101.794,1.125,87.694,1
2025-04-01 01:48:56,39.48,25.712,89.946,1.081,87.447,1
2025-04-01 01:48:57,41.341,24.374,92.173,1.362,88.003,1
2025-04-01 01:48:58,40.806,24.237,88.891,1.082,86.162,1
2025-04-01 01:48:59,35.305,25.095,101.953,1.342,89.293,1
2025-04-01 01:49:00,40.959,23.912,89.481,1.293,86.425,1
2025-04-01 01:49:01,40.741,25.129,91.729,1.13,85.729,1
2025-04-01 01:49:02,40.382,24.841,92.02,1.463,86.531,1
2025-04-01 01:49:03,36.703,23.733,96.61,1.54,86.911,1
2025-04-01 01:49:04,40.404,22.281,98.606,1.235,88.444,1
2025-04-01 01:49:05,38.37,23.141,88.034,1.213,86.864,1
2025-04-01 01:49:06,38.949,23.636,90.762,1.36,86.286,1
2025-04-01 01:49:07,38.37,49.868,90.001,1.395,85.166,1
2025-04-01 01:49:08,43.873,50.76,94.706,1.136,88.814,1
2025-04-01 01:49:09,39.101,51.323,89.872,1.413,87.19,1
2025-04-01 01:49:10,41.421,50.75,98.04,1.309,86.621,1
2025-04-01 01:49:11,36.381,52.208,92.357,1.775,86.913,1
2025-04-01 01:49:12,37.622,51.787,98.622,1.588,86.972,1
2025-04-01 01:49:13,39.332,49.387,97.889,3.114,86.826,1
2025-04-01 01:49:14,39.789,49.575,98.35,2.96,87.095,1
2025-04-01 01:49:15,36.941,50.049,93.997,2.482,86.768,1
2025-04-01 01:49:16,39.713,48.967,101.642,2.633,86.753,1
2025-04-01 01:49:17,39.903,49.393,97.647,2.598,86.238,1
2025-04-01 01:49:18,24.41,49.517,99.882,2.989,84.927,1
2025-04-01 01:49:19,26.68,49.935,99.238,2.324,84.891,1
2025-04-01 01:49:20,28.556,49.557,97.912,3.431,86.734,1
2025-04-01 01:49:21,25.644,50.039,100.384,2.917,87.099,1
2025-04-01 01:49:22,23.699,32.622,103.5,2.978,84.207,1
2025-04-01 01:49:23,27.831,33.726,101.586,2.75,85.402,1
2025-04-01 01:49:24,25.54,33.363,107.131,2.874,85.498,1
2025-04-01 01:49:25,26.359,33.847,105.48,3.136,84.273,1
2025-04-01 01:49:26,26.432,33.234,104.267,2.941,84.009,1
2025-04-01 01:49:27,25.008,32.742,110.141,3.125,84.258,1
2025-04-01 01:49:28,23.887,33.742,105.75,3.202,85.843,1
2025-04-01 01:49:29,24.252,33.135,103.418,2.934,82.726,1
2025-04-01 01:49:30,26.827,32.839,101.326,3.286,85.344,1
2025-04-01 01:49:31,26.101,31.896,109.388,3.453,85.604,1
2025-04-01 01:49:32,25.566,32.549,110.43,2.964,85.186,1
2025-04-01 01:49:33,28.245,33.513,104.654,3.148,84.278,1
2025-04-01 01:49:34,25.903,33.574,94.867,3.592,83.46,1
2025-04-01 01:49:35,28.693,32.945,93.8,3.184,84.839,1
2025-04-01 01:49:36,24.762,32.513,99.151,1.479,84.242,1
2025-04-01 01:49:37,24.528,33.364,95.497,1.442,82.77,1
2025-04-01 01:49:38,22.139,31.581,103.359,1.247,83.806,1
2025-04-01 01:49:39,27.363,31.551,100.646,1.304,83.057,1
2025-04-01 01:49:40,26.747,31.346,94.587,1.337,84.589,1
2025-04-01 01:49:41,27.33,31.679,99.469,1.564,82.548,1
2025-04-01 01:49:42,30.962,32.97,98.332,1.437,83.067,1
2025-04-01 01:49:43,26.662,46.225,87.632,0.727,84.434,1
2025-04-01 01:49:44,20.274,48.78,94.647,0.719,81.331,1
2025-04-01 01:49:45,23.004,45.973,100.903,0.723,83.865,1
2025-04-01 01:49:46,27.089,46.699,97.422,0.727,82.865,1
2025-04-01 01:49:47,25.367,46.948,94.637,0.764,83.785,1
2025-04-01 01:49:48,24.908,47.953,93.294,0.746,84.174,1
2025-04-01 01:49:49,26.447,48.238,96.898,0.745,82.292,1
2025-04-01 01:49:50,28.027,45.838,104.007,0.773,84.16,1
2025-04-01 01:49:51,27.432,46.091,98.462,0.754,84.784,1
2025-04-01 01:49:52,28.991,46.228,95.483,0.483,83.845,1
2025-04-01 01:49:53,25.108,47.191,89.891,0.483,83.262,1
2025-04-01 01:49:54,27.107,63.021,98.667,0.492,83.202,1
2025-04-01 01:49:55,24.753,62.883,92.877,0.555,83.307,1
2025-04-01 01:49:56,24.502,64.025,100.661,0.49,82.165,1
2025-04-01 01:49:57,28.23,62.162,88.003,0.505,81.846,1
2025-04-01 01:49:58,27.492,61.89,99.09,0.51,83.554,1
2025-04-01 01:49:59,27.849,62.992,90.32,0.452,83.056,1
2025-04-01 01:50:00,28.093,62.072,97.363,0.508,83.318,1
2025-04-01 01:50:01,28.479,62.186,92.76,0.496,81.123,1
2025-04-01 01:50:02,24.934,63.007,93.286,0.539,82.184,1
2025-04-01 01:50:03,26.296,63.587,89.36,0.587,83.261,1
2025-04-01 01:50:04,27.222,62.078,82.611,0.485,83.571,1
2025-04-01 01:50:05,42.678,63.622,95.157,0.523,83.225,1
2025-04-01 01:50:06,37.528,61.317,92.819,0.492,81.493,1
2025-04-01 01:50:07,44.167,64.286,92.669,0.512,82.499,1
2025-04-01 01:50:08,37.336,62.08,95.234,0.89,81.928,1
2025-04-01 01:50:09,39.405,62.607,94.805,1.064,80.322,1
2025-04-01 01:50:10,39.294,62.145,97.675,0.982,80.445,1
2025-04-01 01:50:11,41.877,62.564,88.552,0.97,80.931,1
2025-04-01 01:50:12,38.696,62.556,86.222,1.015,82.182,1
2025-04-01 01:50:13,43.206,61.229,85.173,0.995,81.408,1
2025-04-01 01:50:14,39.169,62.04,87.792,0.915,83.793,1
2025-04-01 01:50:15,39.974,62.44,86.626,0.856,80.512,1
2025-04-01 01:50:16,42.47,61.871,93.655,0.975,80.399,1
2025-04-01 01:50:17,39.516,62.224,89.76,0.853,82.226,1
2025-04-01 01:50:18,43.043,61.87,87.121,0.767,82.403,1
2025-04-01 01:50:19,41.695,62.146,96.35,0.807,82.143,1
2025-04-01 01:50:20,43.981,63.344,90.646,1.046,83.995,1
2025-04-01 01:50:21,44.017,62.052,93.738,1.014,92.386,1
2025-04-01 01:50:22,37.553,62.337,87.029,1.038,85.003,1
2025-04-01 01:50:23,37.804,61.029,82.153,0.837,82.573,1
2025-04-01 01:50:24,38.87,62.397,88.236,1.049,76.201,1
2025-04-01 01:50:25,43.502,62.136,89.956,0.911,86.869,1
2025-04-01 01:50:26,41.727,62.27,88.024,0.947,78.705,1
2025-04-01 01:50:27,39.193,62.31,84.655,0.915,86.377,1
2025-04-01 01:50:28,37.186,62.492,88.021,1.009,91.529,1
2025-04-01 01:50:29,42.12,62.607,91.7,1.006,81.121,1
2025-04-01 01:50:30,40.277,61.682,89.06,0.793,84.485,1
2025-04-01 01:50:31,40.324,61.3,93.701,0.984,88.512,1
2025-04-01 01:50:32,43.999,62.639,80.858,0.887,87.502,1
2025-04-01 01:50:33,42.306,60.802,87.718,2.202,84.413,1
2025-04-01 01:50:34,40.3,61.86,90.427,2.132,80.413,1
2025-04-01 01:50:35,41.173,62.351,90.663,2.212,91.434,1
2025-04-01 01:50:36,40.56,62.491,84.713,1.786,71.538,1
2025-04-01 01:50:37,42.261,62.537,88.984,1.979,96.756,1
2025-04-01 01:50:38,38.352,62.197,89.602,1.839,74.907,1
2025-04-01 01:50:39,40.1,60.813,96.522,2.225,79.759,1
2025-04-01 01:50:40,41.571,61.294,85.912,2.134,93.61,1
2025-04-01 01:50:41,40.197,61.462,101.471,2.103,73.896,1
2025-04-01 01:50:42,43.788,62.965,88.118,2.137,83.812,1
2025-04-01 01:50:43,41.461,62.869,89.983,1.603,79.707,1
2025-04-01 01:50:44,37.512,61.32,86.202,1.96,91.883,1
2025-04-01 01:50:45,38.76,62.295,86.852,2.098,68.048,1
2025-04-01 01:50:46,40.783,62.749,89.666,1.891,82.759,1
2025-04-01 01:50:47,42.098,62.881,87.611,2.037,93.111,1
2025-04-01 01:50:48,42.854,62.671,100.253,1.782,82.586,1
2025-04-01 01:50:49,39.622,63.484,101.089,1.83,95.555,1
2025-04-01 01:50:50,42.957,63.032,95.289,1.552,83.384,1
2025-04-01 01:50:51,44.985,62.838,103.792,1.821,71.943,1
2025-04-01 01:50:52,41.835,63.468,98.386,1.899,81.625,1
2025-04-01 01:50:53,26.617,61.947,101.643,2.111,89.123,1
2025-04-01 01:50:54,28.675,63.651,100.621,1.623,85.152,1
2025-04-01 01:50:55,25.639,64.355,95.252,1.633,78.26,1
2025-04-01 01:50:56,30.306,62.498,95.141,1.831,74.757,1
2025-04-01 01:50:57,30.101,61.385,100.784,1.737,90.253,1
2025-04-01 01:50:58,28.847,64.298,92.669,1.817,69.46,1
2025-04-01 01:50:59,29.433,63.636,93.177,2.702,74.315,1
2025-04-01 01:51:00,26.071,63.878,94.111,2.731,95.427,1
2025-04-01 01:51:01,28.97,63.566,93.959,2.748,93.57,1
2025-04-01 01:51:02,28.803,63.242,94.178,2.837,66.07,1
2025-04-01 01:51:03,30.879,43.217,98.537,2.623,87.541,1
2025-04-01 01:51:04,25.203,42.573,89.025,2.998,82.118,1
2025-04-01 01:51:05,29.801,40.771,97.937,2.903,96.415,1
2025-04-01 01:51:06,35.485,42.669,93.834,3.23,82.694,1
2025-04-01 01:51:07,32.403,45.144,95.108,2.764,76.41,1
2025-04-01 01:51:08,31.228,42.7,90.829,2.714,89.46,1
2025-04-01 01:51:09,26.898,42.341,92.11,2.135,95.284,1
2025-04-01 01:51:10,36.825,42.762,90.957,2.588,63.279,1
2025-04-01 01:51:11,45.367,44.194,92.314,2.523,66.295,1
2025-04-01 01:51:12,40.389,43.309,96.581,2.727,78.92,1
2025-04-01 01:51:13,37.497,44.63,83.354,2.348,90.918,1
2025-04-01 01:51:14,39.14,42.305,96.197,2.681,93.969,1
2025-04-01 01:51:15,38.596,43.917,87.153,2.576,75.377,1
2025-04-01 01:51:16,37.901,43.84,94.9,2.846,89.234,1
2025-04-01 01:51:17,43.769,41.789,100.86,2.518,98.61,1
2025-04-01 01:51:18,43.17,42.413,95.232,2.899,87.723,1
2025-04-01 01:51:19,38.632,42.718,96.14,2.559,84.952,1
2025-04-01 01:51:20,37.884,43.127,89.255,1.99,79.203,1
2025-04-01 01:51:21,44.631,43.256,91.254,2.428,79.055,1
2025-04-01 01:51:22,36.185,43.861,89.398,3.022,80.157,1
2025-04-01 01:51:23,39.264,44.761,91.56,2.486,98.96,1
2025-04-01 01:51:24,40.46,44.188,95.163,2.4,64.612,1
2025-04-01 01:51:25,40.431,43.234,94.658,2.803,73.986,1
2025-04-01 01:51:26,43.532,44.392,80.015,0.981,115.291,1
2025-04-01 01:51:27,38.257,44.934,87.382,1.153,60.022,1
2025-04-01 01:51:28,40.186,26.031,98.312,1.694,93.887,1
2025-04-01 01:51:29,40.78,25.094,92.154,1.722,72.329,1
2025-04-01 01:51:30,40.841,26.442,93.748,2.22,92.648,1
2025-04-01 01:51:31,39.879,8.686,83.064,2.095,76.862,1
2025-04-01 01:51:32,37.568,8.824,89.849,2.24,87.599,1
2025-04-01 01:51:33,32.839,9.176,88.059,1.896,68.402,1
2025-04-01 01:51:34,38.594,7.672,102.137,1.845,83.072,1
2025-04-01 01:51:35,40.391,9.057,91.898,1.97,93.916,1
2025-04-01 01:51:36,40.421,7.821,100.552,2.491,69.34,1
2025-04-01 01:51:37,43.211,7.926,90.289,1.118,96.916,1
2025-04-01 01:51:38,39.139,8.026,98.902,1.357,89.36,1
2025-04-01 01:51:39,40.731,7.528,84.457,0.729,79.116,1
2025-04-01 01:51:40,38.017,6.714,92.396,0.632,70.402,1
2025-04-01 01:51:41,38.404,7.909,92.348,0.635,83.818,1
2025-04-01 01:51:42,39.385,8.766,87.106,0.738,89.139,1
2025-04-01 01:51:43,41.918,10.246,95.74,0.697,102.849,1
2025-04-01 01:51:44,40.682,8.62,101.622,0.652,66.139,1
2025-04-01 01:51:45,40.906,7.996,95.386,0.576,82.085,1
2025-04-01 01:51:46,43.346,10.532,108.352,0.73,107.356,1
2025-04-01 01:51:47,41.497,8.605,99.886,0.659,86.711,1
2025-04-01 01:51:48,37.994,10.199,98.636,0.639,95.508,1
2025-04-01 01:51:49,40.926,9.339,108.225,0.666,100.43,1
2025-04-01 01:51:50,33.188,11.044,106.965,0.731,86.133,1
2025-04-01 01:51:51,41.51,9.508,95.685,0.646,82.508,1
2025-04-01 01:51:52,40.975,10.62,106.262,0.758,102.041,1
2025-04-01 01:51:53,36.995,8.616,94.836,0.756,83.93,1
2025-04-01 01:51:54,38.625,10.02,104.174,0.724,76.652,1
2025-04-01 01:51:55,42.648,10.413,91.044,0.819,86.134,1
2025-04-01 01:51:56,36.49,11.594,112.295,1.015,86.955,1
2025-04-01 01:51:57,35.644,10.318,88.597,0.706,87.738,1
2025-04-01 01:51:58,45.501,10.491,95.387,0.757,88.154,1
2025-04-01 01:51:59,45.829,11.42,100.565,0.771,86.765,1
2025-04-01 01:52:00,45.446,11.288,89.046,0.791,87.585,1
2025-04-01 01:52:01,48.109,10.301,88.414,0.823,88.585,1
2025-04-01 01:52:02,44.249,9.673,86.905,0.835,87.878,1
2025-04-01 01:52:03,52.004,11.841,95.27,0.897,87.742,1
2025-04-01 01:52:04,45.039,10.053,89.716,0.846,88.303,1
2025-04-01 01:52:05,45.559,11.132,92.374,1.001,87.448,1
2025-04-01 01:52:06,47.004,10.209,86.6,0.886,86.675,1
2025-04-01 01:52:07,50.72,33.947,97.979,0.991,86.589,1
2025-04-01 01:52:08,50.074,33.017,91.977,0.896,87.159,1
2025-04-01 01:52:09,44.852,32.536,86.992,0.918,87.867,1
2025-04-01 01:52:10,50.377,50.526,97.482,0.862,85.821,1
2025-04-01 01:52:11,47.329,49.815,96.988,0.885,86.185,1
2025-04-01 01:52:12,50.538,35.941,97.325,0.791,85.983,1
2025-04-01 01:52:13,46.638,33.971,94.352,0.848,86.556,1
2025-04-01 01:52:14,49.421,33.428,95.33,0.91,87.21,1
2025-04-01 01:52:15,46.898,33.333,93.516,0.929,88.143,1
2025-04-01 01:52:16,47.59,33.24,102.039,0.853,87.21,1
2025-04-01 01:52:17,37.922,34.487,96.29,0.887,86.885,1
2025-04-01 01:52:18,36.011,32.367,94.407,0.948,86.106,1
2025-04-01 01:52:19,37.202,32.724,86.51,0.977,86.906,1
2025-04-01 01:52:20,35.668,34.699,93.654,1.009,86.206,1
2025-04-01 01:52:21,36.179,33.292,94.96,0.927,85.978,1
2025-04-01 01:52:22,35.942,33.489,104.143,1.038,86.054,1
2025-04-01 01:52:23,36.366,33.541,101.115,0.916,84.538,1
2025-04-01 01:52:24,39.75,34.293,91.372,0.922,84.609,1
2025-04-01 01:52:25,33.96,34.474,97.341,0.952,86.799,1
2025-04-01 01:52:26,51.688,34.306,97.211,0.956,85.772,1
2025-04-01 01:52:27,44.036,35.092,80.579,1.067,86.001,1
2025-04-01 01:52:28,47.915,33.746,83.892,0.95,85.253,1
2025-04-01 01:52:29,46.792,33.832,91.976,0.876,84.674,1
2025-04-01 01:52:30,48.938,34.675,93.896,1.026,85.938,1
2025-04-01 01:52:31,46.945,34.147,91.115,1.082,84.865,1
2025-04-01 01:52:32,47.726,32.726,88.252,1.087,84.709,1
2025-04-01 01:52:33,47.513,35.288,103.902,0.452,84.063,1
2025-04-01 01:52:34,50.635,34.325,99.785,0.547,84.22,1
2025-04-01 01:52:35,51.673,33.629,90.249,0.469,83.114,1
2025-04-01 01:52:36,52.68,34.088,88.033,0.497,84.997,1
2025-04-01 01:52:37,44.611,34.191,97.601,0.379,83.362,1
2025-04-01 01:52:38,51.656,34.135,94.358,0.497,84.632,1
2025-04-01 01:52:39,47.731,32.831,97.001,0.539,85.584,1
2025-04-01 01:52:40,48.539,33.893,98.392,0.498,81.546,1
2025-04-01 01:52:41,48.731,35.315,90.009,0.488,83.114,1
2025-04-01 01:52:42,44.379,34.022,79.864,0.475,83.669,1
2025-04-01 01:52:43,50.627,33.898,89.401,0.482,83.401,1
2025-04-01 01:52:44,48.06,33.501,102.936,0.491,84.299,1
2025-04-01 01:52:45,44.622,34.254,92.689,0.475,86.281,1
2025-04-01 01:52:46,47.158,33.341,82.544,0.477,83.948,1
2025-04-01 01:52:47,50.174,32.364,96.635,0.456,85.492,1
2025-04-01 01:52:48,47.869,32.025,90.122,0.534,83.493,1
2025-04-01 01:52:49,43.206,32.524,89.075,0.401,83.193,1
2025-04-01 01:52:50,46.221,33.335,90.868,0.412,84.189,1
2025-04-01 01:52:51,45.394,33.097,84.363,0.459,84.066,1
2025-04-01 01:52:52,49.63,33.977,86.867,0.496,82.917,1
2025-04-01 01:52:53,42.775,33.481,99.471,0.5,84.147,1
2025-04-01 01:52:54,50.847,34.63,98.265,0.446,82.134,1
2025-04-01 01:52:55,44.768,33.756,103.022,0.393,82.017,1
2025-04-01 01:52:56,45.167,32.041,87.786,1.209,83.379,1
2025-04-01 01:52:57,51.112,32.138,83.851,3.189,82.536,1
2025-04-01 01:52:58,47.18,32.992,96.58,3.273,85.081,1
2025-04-01 01:52:59,51.183,34.417,92.214,2.902,81.612,1
2025-04-01 01:53:00,45.846,31.983,97.406,2.821,84.365,1
2025-04-01 01:53:01,47.789,31.561,89.102,3.21,76.21,1
2025-04-01 01:53:02,48.922,33.055,92.038,3.189,70.983,1
2025-04-01 01:53:03,51.539,33.825,91.436,2.694,85.123,1
2025-04-01 01:53:04,48.186,33.861,87.052,2.708,67.254,1
2025-04-01 01:53:05,46.263,52.095,83.552,2.866,80.412,1
2025-04-01 01:53:06,48.614,52.53,92.817,2.481,84.708,1
2025-04-01 01:53:07,51.547,51.63,88.467,2.736,70.497,1
2025-04-01 01:53:08,52.096,53.079,92.607,2.647,80.137,1
2025-04-01 01:53:09,48.359,52.734,92.259,2.723,88.377,1
2025-04-01 01:53:10,49.082,50.96,80.657,2.77,96.659,1
2025-04-01 01:53:11,50.34,51.231,98.594,2.73,84.456,1
2025-04-01 01:53:12,50.23,51.815,96.767,2.665,91.945,1
2025-04-01 01:53:13,38.002,50.904,92.219,2.671,90.045,1
2025-04-01 01:53:14,38.735,51.278,91.222,2.645,92.131,1
2025-04-01 01:53:15,35.813,50.606,93.554,2.544,79.487,1
2025-04-01 01:53:16,42.127,35.154,90.485,2.518,76.239,1
2025-04-01 01:53:17,38.187,34.531,91.306,2.332,74.071,1
2025-04-01 01:53:18,37.313,34.168,89.926,2.025,85.364,1
2025-04-01 01:53:19,39.922,34.944,96.724,1.869,69.686,1
2025-04-01 01:53:20,38.389,12.573,98.365,2.477,86.326,1
2025-04-01 01:53:21,35.262,29.848,91.927,2.235,75.743,1
2025-04-01 01:53:22,36.659,29.176,90.232,2.297,83.875,1
2025-04-01 01:53:23,36.813,30.653,98.097,1.655,88.578,1
2025-04-01 01:53:24,37.776,29.889,90.53,2.07,81.799,1
2025-04-01 01:53:25,38.177,28.816,99.044,2.522,77.044,1
2025-04-01 01:53:26,38.016,29.132,90.865,2.353,91.519,1
2025-04-01 01:53:27,28.312,28.741,98.401,2.36,81.704,1
2025-04-01 01:53:28,27.386,29.975,96.581,1.027,73.123,1
2025-04-01 01:53:29,27.332,28.593,87.443,0.964,77.04,1
2025-04-01 01:53:30,24.747,27.986,95.394,1.19,88.924,1
2025-04-01 01:53:31,30.001,27.485,90.794,1.903,76.496,1
2025-04-01 01:53:32,30.472,26.373,93.765,1.707,85.521,1
2025-04-01 01:53:33,27.281,29.025,92.4,1.993,91.51,1
2025-04-01 01:53:34,25.29,25.941,90.473,2.048,83.444,1
2025-04-01 01:53:35,24.218,-0.956,93.032,2.338,76.682,1
2025-04-01 01:53:36,23.407,-0.904,93.233,1.729,70.2,1
2025-04-01 01:53:37,27.05,-1.17,96.009,1.361,85.716,1
2025-04-01 01:53:38,25.511,-0.906,93.007,1.902,85.183,1
2025-04-01 01:53:39,30.56,-2.201,98.924,1.613,86.648,1
2025-04-01 01:53:40,28.543,-1.553,96.288,1.646,74.675,1
2025-04-01 01:53:41,28.06,-2.298,96.911,1.617,92.729,1
2025-04-01 01:53:42,29.405,-2.361,97.293,1.95,79.612,1
2025-04-01 01:53:43,29.342,-2.122,98.227,1.347,89.636,1
2025-04-01 01:53:44,30.398,-1.846,96.561,1.818,87.855,1
2025-04-01 01:53:45,29.386,-1.882,96.292,2.091,95.703,1
2025-04-01 01:53:46,28.485,-3.219,96.554,1.599,86.759,1
2025-04-01 01:53:47,29.343,-2.849,94.762,2.007,91.77,1
2025-04-01 01:53:48,30.84,-4.006,98.271,1.821,92.446,1
2025-04-01 01:53:49,25.865,-2.529,100.453,1.69,91.419,1
2025-04-01 01:53:50,29.894,-2.273,112.763,1.432,86.74,1
2025-04-01 01:53:51,32.83,-3.114,90.403,1.854,73.923,1
2025-04-01 01:53:52,26.141,-3.451,95.573,1.9,92.878,1
2025-04-01 01:53:53,28.375,-3.509,95.527,1.794,86.535,1
2025-04-01 01:53:54,27.447,-2.782,98.198,1.925,95.305,1
2025-04-01 01:53:55,30.654,-1.974,92.307,1.85,90.774,1
2025-04-01 01:53:56,30.951,-4.677,89.622,2.092,85.046,1
2025-04-01 01:53:57,30.851,-2.962,100.25,1.761,107.565,1
2025-04-01 01:53:58,25.791,-3.124,86.318,1.653,82.316,1
2025-04-01 01:53:59,29.883,12.906,93.683,2.011,79.749,1
2025-04-01 01:54:00,29.348,11.684,95.951,1.774,83.765,1
2025-04-01 01:54:01,29.003,12.389,93.349,1.867,81.899,1
2025-04-01 01:54:02,24.221,11.162,91.096,2.05,69.089,1
2025-04-01 01:54:03,28.242,12.712,99.449,1.655,82.31,1
2025-04-01 01:54:04,28.589,11.732,99.141,1.627,69.498,1
2025-04-01 01:54:05,24.341,11.85,99.376,3.955,74.113,1
2025-04-01 01:54:06,26.379,11.842,96.015,4.339,83.864,1
2025-04-01 01:54:07,24.796,11.502,94.52,3.861,80.215,1
2025-04-01 01:54:08,28.203,12.309,96.507,5.163,61.091,1
2025-04-01 01:54:09,27.847,-8.206,96.867,3.709,83.404,1
2025-04-01 01:54:10,28.091,-9.97,99.176,4.072,78.053,1
2025-04-01 01:54:11,27.932,-8.655,103.21,4.688,84.549,1
2025-04-01 01:54:12,27.337,-9.897,107.262,4.328,86.396,1
2025-04-01 01:54:13,28.797,-7.822,99.237,4.742,89.239,1
2025-04-01 01:54:14,32.079,-8.738,101.43,4.873,93.372,1
2025-04-01 01:54:15,28.948,-10.048,101.174,5.104,80.186,1
2025-04-01 01:54:16,30.998,-9.296,104.516,4.896,85.699,1
2025-04-01 01:54:17,30.868,-9.995,106.082,5.004,76.721,1
2025-04-01 01:54:18,30.105,-8.766,102.753,4.731,73.436,1
2025-04-01 01:54:19,31.761,-9.722,115.328,4.496,77.555,1
2025-04-01 01:54:20,30.965,-9.421,107.804,4.353,87.44,1
2025-04-01 01:54:21,28.684,-8.626,97.82,4.672,76.757,1
2025-04-01 01:54:22,31.734,-9.596,103.144,3.991,87.267,1
2025-04-01 01:54:23,29.918,-9.236,111.793,5.085,88.752,1
2025-04-01 01:54:24,30.126,-9.282,114.266,5.581,91.018,1
2025-04-01 01:54:25,24.81,-9.197,103.61,4.476,109.808,1
2025-04-01 01:54:26,29.209,-10.362,101.309,5.191,84.548,1
2025-04-01 01:54:27,28.835,-8.798,108.101,5.512,90.616,1
2025-04-01 01:54:28,29.457,-9.84,107.389,5.493,78.613,1
2025-04-01 01:54:29,30.916,-9.138,117.063,5.802,100.466,1
2025-04-01 01:54:30,28.37,-8.457,121.625,5.695,84.996,1
2025-04-01 01:54:31,30.361,-10.539,110.68,4.662,94.278,1
2025-04-01 01:54:32,22.728,-9.988,106.975,5.626,93.917,1
2025-04-01 01:54:33,40.149,-8.823,114.141,6.135,80.722,1
2025-04-01 01:54:34,35.122,-9.628,105.449,4.929,93.431,1
2025-04-01 01:54:35,43.249,-9.88,110.721,5.833,81.584,1
2025-04-01 01:54:36,44.271,-9.598,124.051,5.696,95.585,1
2025-04-01 01:54:37,41.865,-9.822,115.91,5.973,79.317,1
2025-04-01 01:54:38,47.381,-9.626,120.245,5.885,67.231,1
2025-04-01 01:54:39,50.233,-8.833,123.186,6.163,87.21,1
2025-04-01 01:54:40,47.186,-8.496,119.118,6.388,98.81,1
2025-04-01 01:54:41,42.99,-9.297,133.155,5.483,91.952,1
2025-04-01 01:54:42,49.676,13.58,119.165,6.121,96.005,1
2025-04-01 01:54:43,45.287,12.865,95.731,6.054,88.327,1
2025-04-01 01:54:44,49.29,13.864,92.716,6.852,93.191,1
2025-04-01 01:54:45,41.616,13.97,93.604,6.807,69.317,1
2025-04-01 01:54:46,49.584,13.264,100.114,6.251,89.767,1
2025-04-01 01:54:47,57.511,12.808,78.817,7.116,78.514,1
2025-04-01 01:54:48,58.57,12.959,91.887,6.159,77.933,1
2025-04-01 01:54:49,59.841,-12.69,89.099,5.952,87.935,1
2025-04-01 01:54:50,60.543,-9.13,99.875,6.447,98.098,1
2025-04-01 01:54:51,57.176,-10.564,92.369,6.974,104.063,1
2025-04-01 01:54:52,62.33,-11.923,99.609,6.999,100.663,1
2025-04-01 01:54:53,57.548,-11.869,89.37,6.84,93.027,1
2025-04-01 01:54:54,53.894,-11.969,111.493,6.575,88.013,1
2025-04-01 01:54:55,53.391,-10.974,107.265,5.768,89.865,1
2025-04-01 01:54:56,65.948,-10.935,112.628,7.109,86.496,1
2025-04-01 01:54:57,59.34,-11.154,107.211,7.262,83.981,1
2025-04-01 01:54:58,58.101,-11.373,100.941,6.996,76.032,1
2025-04-01 01:54:59,54.796,-10.163,107.875,7.259,87.711,1
2025-04-01 01:55:00,60.909,-10.177,101.944,7.302,86.447,1
2025-04-01 01:55:01,56.148,-11.139,100.655,6.767,74.124,1
2025-04-01 01:55:02,62.065,17.136,103.256,6.334,87.459,1
2025-04-01 01:55:03,59.182,18.158,110.833,6.226,101.139,1
2025-04-01 01:55:04,60.195,18.698,109.18,7.002,97.256,1
2025-04-01 01:55:05,60.618,18.425,104.336,6.387,81.013,1
2025-04-01 01:55:06,57.069,39.169,102.114,6.893,91.189,1
2025-04-01 01:55:07,56.489,38.542,116.894,6.545,81.978,1
2025-04-01 01:55:08,55.826,39.127,112.324,6.196,97.785,1
2025-04-01 01:55:09,56.937,38.6,104.928,6.211,94.251,1
2025-04-01 01:55:10,57.047,38.934,106.152,7.145,81.199,1
2025-04-01 01:55:11,58.346,39.832,117.87,6.063,85.423,1
2025-04-01 01:55:12,57.175,39.525,107.472,5.65,80.958,1
2025-04-01 01:55:13,60.835,40.444,116.231,6.502,76.321,1
2025-04-01 01:55:14,57.297,39.239,103.682,6.004,79.574,1
2025-04-01 01:55:15,63.974,39.672,108.099,7.119,75.899,1
2025-04-01 01:55:16,55.628,39.942,108.022,6.201,74.159,1
2025-04-01 01:55:17,57.335,39.11,101.213,5.831,83.313,1
2025-04-01 01:55:18,59.554,39.344,115.089,5.235,84.94,1
2025-04-01 01:55:19,53.805,38.645,108.629,6.449,101.315,1
2025-04-01 01:55:20,61.564,39.209,94.43,7.16,75.771,1
2025-04-01 01:55:21,55.646,38.896,109.858,5.875,76.961,1
2025-04-01 01:55:22,54.485,39.621,100.572,5.238,84.851,1
2025-04-01 01:55:23,59.291,41.099,113.266,5.31,90.897,1
2025-04-01 01:55:24,50.88,41.234,103.642,5.605,81.912,1
2025-04-01 01:55:25,55.372,40.846,109.768,5.639,82.37,1
2025-04-01 01:55:26,60.189,42.892,105.729,6.204,91.074,1
2025-04-01 01:55:27,52.261,41.124,105.278,4.991,88.397,1
2025-04-01 01:55:28,58.254,41.005,97.99,6.0,86.604,1
2025-04-01 01:55:29,56.639,41.148,116.697,5.007,83.876,1
2025-04-01 01:55:30,57.364,40.081,113.532,5.236,84.938,1
2025-04-01 01:55:31,57.193,40.978,112.693,4.504,84.673,1
2025-04-01 01:55:32,52.903,41.791,110.377,4.72,84.156,1
2025-04-01 01:55:33,57.122,40.714,111.674,4.473,85.6,1
2025-04-01 01:55:34,59.17,41.137,115.694,5.287,85.653,1
2025-04-01 01:55:35,58.059,41.6,114.128,4.776,83.474,1
2025-04-01 01:55:36,54.218,42.229,117.361,4.05,85.785,1
2025-04-01 01:55:37,56.513,41.803,112.83,4.604,85.416,1
2025-04-01 01:55:38,59.77,42.66,107.168,4.76,85.567,1
2025-04-01 01:55:39,59.766,42.16,89.972,5.046,83.947,1
2025-04-01 01:55:40,55.561,42.554,87.263,5.797,84.339,1
2025-04-01 01:55:41,60.61,19.746,87.978,4.18,85.768,1
2025-04-01 01:55:42,56.032,19.838,92.137,5.813,84.855,1
2025-04-01 01:55:43,56.26,20.319,81.375,4.443,83.417,1
2025-04-01 01:55:44,52.096,19.746,86.518,4.185,85.155,1
2025-04-01 01:55:45,54.796,20.111,86.407,4.956,85.608,1
2025-04-01 01:55:46,58.711,19.94,89.508,5.039,86.456,1
2025-04-01 01:55:47,57.484,21.626,85.973,4.694,83.723,1
2025-04-01 01:55:48,53.12,21.093,89.461,4.749,82.274,1
2025-04-01 01:55:49,55.181,21.435,85.183,4.794,84.338,1
2025-04-01 01:55:50,54.985,21.404,88.497,5.037,84.185,1
2025-04-01 01:55:51,57.937,21.819,94.48,4.704,85.978,1
2025-04-01 01:55:52,57.573,20.93,83.219,4.577,83.858,1
2025-04-01 01:55:53,55.901,20.2,85.309,4.279,83.852,1
2025-04-01 01:55:54,56.83,22.045,77.733,3.26,82.889,1
2025-04-01 01:55:55,55.501,-5.313,92.613,3.821,83.774,1
2025-04-01 01:55:56,51.179,-7.287,79.547,4.351,82.275,1
2025-04-01 01:55:57,54.439,-5.148,84.312,4.017,82.844,1
2025-04-01 01:55:58,62.078,-5.44,98.083,3.989,84.182,1
2025-04-01 01:55:59,47.019,-6.486,98.85,3.51,85.318,1
2025-04-01 01:56:00,50.501,-5.347,93.912,3.672,82.85,1
2025-04-01 01:56:01,46.402,-6.084,88.576,2.905,84.38,1
2025-04-01 01:56:02,43.757,19.257,89.381,3.976,85.446,1
2025-04-01 01:56:03,48.517,19.171,90.265,3.398,83.319,1
2025-04-01 01:56:04,45.572,19.02,87.689,4.333,81.812,1
2025-04-01 01:56:05,35.893,18.312,90.194,3.899,83.296,1
2025-04-01 01:56:06,36.031,19.383,87.162,3.596,83.688,1
2025-04-01 01:56:07,36.999,19.965,94.173,4.327,81.497,1
2025-04-01 01:56:08,36.767,18.875,94.13,3.232,83.154,1
2025-04-01 01:56:09,35.093,18.379,88.506,3.285,84.076,1
2025-04-01 01:56:10,36.13,18.729,91.013,3.15,81.385,1
2025-04-01 01:56:11,34.273,18.631,90.766,4.015,83.51,1
2025-04-01 01:56:12,39.022,19.491,90.864,2.458,82.878,1
2025-04-01 01:56:13,37.136,19.152,80.421,1.551,83.08,1
2025-04-01 01:56:14,37.025,19.143,95.985,1.375,83.578,1
2025-04-01 01:56:15,39.36,19.628,90.881,1.923,82.535,1
2025-04-01 01:56:16,34.567,19.149,88.16,1.452,83.533,1
2025-04-01 01:56:17,37.583,19.139,89.162,1.467,83.422,1
2025-04-01 01:56:18,37.17,19.425,89.917,1.573,82.76,1
2025-04-01 01:56:19,35.774,18.873,92.39,1.655,83.432,1
2025-04-01 01:56:20,29.87,18.331,87.466,1.775,84.242,1
2025-04-01 01:56:21,26.351,19.233,90.731,1.622,85.208,1
2025-04-01 01:56:22,26.68,20.328,92.006,1.638,83.008,1
2025-04-01 01:56:23,30.022,20.365,86.951,1.265,82.662,1
2025-04-01 01:56:24,26.968,20.562,90.802,1.337,84.505,1
2025-04-01 01:56:25,28.121,19.646,91.471,1.737,82.294,1
2025-04-01 01:56:26,27.363,20.854,88.439,1.531,83.748,1
2025-04-01 01:56:27,28.016,47.391,94.302,1.511,83.556,1
2025-04-01 01:56:28,26.723,46.947,89.866,1.874,83.787,1
2025-04-01 01:56:29,29.971,48.368,89.85,1.87,83.609,1
2025-04-01 01:56:30,27.301,47.426,89.983,2.137,82.878,1
2025-04-01 01:56:31,26.017,48.548,88.592,1.881,81.57,1
2025-04-01 01:56:32,26.797,46.691,82.812,1.591,84.136,1
2025-04-01 01:56:33,29.005,48.684,90.033,1.081,82.993,1
2025-04-01 01:56:34,27.96,47.543,88.99,0.864,83.712,1
2025-04-01 01:56:35,25.997,49.467,89.698,0.996,82.775,1
2025-04-01 01:56:36,26.248,48.092,89.683,1.995,84.394,1
2025-04-01 01:56:37,26.535,49.194,90.241,2.028,82.86,1
2025-04-01 01:56:38,26.503,48.785,93.629,2.076,82.648,1
2025-04-01 01:56:39,27.561,48.051,91.207,2.168,83.482,1
2025-04-01 01:56:40,27.978,48.299,90.488,2.648,82.959,1
2025-04-01 01:56:41,26.433,48.97,90.64,2.389,82.617,1
2025-04-01 01:56:42,28.358,49.17,83.891,2.971,82.702,1
2025-04-01 01:56:43,26.289,47.239,87.629,3.109,84.674,1
2025-04-01 01:56:44,25.265,49.211,85.238,2.265,84.271,1
2025-04-01 01:56:45,29.814,48.558,81.833,2.71,84.699,1
2025-04-01 01:56:46,27.967,47.865,88.837,2.094,83.129,1
2025-04-01 01:56:47,28.698,48.584,85.046,2.63,84.945,1
2025-04-01 01:56:48,28.496,47.917,81.249,2.634,90.254,1
2025-04-01 01:56:49,25.886,46.744,82.162,2.497,79.531,1
2025-04-01 01:56:50,27.517,46.785,88.418,1.89,87.088,1
2025-04-01 01:56:51,29.251,49.058,83.938,2.368,88.236,1
2025-04-01 01:56:52,29.819,47.038,83.992,2.696,90.371,1
2025-04-01 01:56:53,26.687,46.872,87.093,3.111,88.268,1
2025-04-01 01:56:54,25.826,47.643,77.518,3.247,89.189,1
2025-04-01 01:56:55,28.995,48.33,84.05,2.774,87.332,1
2025-04-01 01:56:56,30.779,70.989,79.529,2.84,78.529,1
2025-04-01 01:56:57,28.514,70.684,85.481,2.798,81.996,1
2025-04-01 01:56:58,25.617,69.469,84.549,3.564,102.159,1
2025-04-01 01:56:59,26.472,69.969,77.353,2.95,76.389,1
2025-04-01 01:57:00,30.089,69.876,87.777,2.971,60.17,1
2025-04-01 01:57:01,28.912,68.909,82.777,2.603,88.053,1
2025-04-01 01:57:02,28.145,68.518,79.452,3.521,86.807,1
2025-04-01 01:57:03,29.772,68.791,83.325,3.244,75.352,1
2025-04-01 01:57:04,32.631,69.997,86.293,3.131,90.957,1
2025-04-01 01:57:05,29.668,69.123,83.463,3.461,97.47,1
2025-04-01 01:57:06,27.931,69.346,75.993,3.146,64.255,1
2025-04-01 01:57:07,27.188,70.448,89.795,3.221,72.401,1
2025-04-01 01:57:08,31.196,68.33,84.681,3.521,78.728,1
2025-04-01 01:57:09,28.256,68.904,85.82,3.329,104.876,1
2025-04-01 01:57:10,29.185,69.015,87.579,3.124,67.897,1
2025-04-01 01:57:11,26.358,68.926,88.86,3.176,95.316,1
2025-04-01 01:57:12,26.657,69.028,93.581,3.583,80.268,1
2025-04-01 01:57:13,30.3,68.724,87.363,3.247,76.426,1
2025-04-01 01:57:14,30.452,67.717,85.234,3.775,125.059,1
2025-04-01 01:57:15,29.773,66.705,85.714,3.193,85.644,1
2025-04-01 01:57:16,30.148,67.197,89.264,3.776,91.54,1
2025-04-01 01:57:17,29.583,69.019,81.579,3.842,92.495,1
2025-04-01 01:57:18,26.134,67.026,96.42,3.26,92.022,1
2025-04-01 01:57:19,27.306,67.988,98.032,3.895,74.351,1
2025-04-01 01:57:20,27.439,68.14,93.86,3.37,88.923,1
2025-04-01 01:57:21,30.267,69.085,91.967,6.327,54.406,1
2025-04-01 01:57:22,30.714,67.57,99.897,6.5,60.836,1
2025-04-01 01:57:23,31.423,67.573,98.442,6.374,66.232,1
2025-04-01 01:57:24,32.116,47.499,94.489,5.571,69.678,1
2025-04-01 01:57:25,29.554,48.129,90.746,6.22,78.805,1
2025-04-01 01:57:26,30.854,46.832,102.665,5.633,88.633,1
2025-04-01 01:57:27,26.311,47.26,95.356,6.176,108.422,1
2025-04-01 01:57:28,30.769,48.211,107.032,5.235,66.794,1
2025-04-01 01:57:29,28.547,47.215,98.907,6.627,87.539,1
2025-04-01 01:57:30,38.435,47.67,99.63,6.694,54.421,1
2025-04-01 01:57:31,30.05,47.819,104.016,6.256,59.506,1
2025-04-01 01:57:32,30.278,45.725,97.655,6.104,92.368,1
2025-04-01 01:57:33,25.683,45.491,96.094,5.848,89.54,1
2025-04-01 01:57:34,29.251,46.709,100.057,5.266,91.354,1
2025-04-01 01:57:35,28.404,47.678,105.191,6.661,82.521,1
2025-04-01 01:57:36,28.904,45.741,108.161,5.786,75.041,1
2025-04-01 01:57:37,31.372,46.843,103.686,5.999,108.899,1
2025-04-01 01:57:38,32.514,45.261,106.757,5.431,104.671,1
2025-04-01 01:57:39,28.254,46.692,117.013,6.242,75.55,1
2025-04-01 01:57:40,26.708,45.183,109.802,6.901,77.804,1
2025-04-01 01:57:41,29.888,44.702,120.61,6.571,57.491,1
2025-04-01 01:57:42,29.685,44.693,121.769,6.03,96.581,1
2025-04-01 01:57:43,27.646,46.358,115.314,5.812,90.379,1
2025-04-01 01:57:44,31.727,45.219,108.657,5.882,55.959,1
2025-04-01 01:57:45,24.442,45.506,116.37,5.547,97.244,1
2025-04-01 01:57:46,29.977,47.309,102.267,6.362,85.291,1
2025-04-01 01:57:47,28.977,45.688,91.673,4.693,89.16,1
2025-04-01 01:57:48,32.292,44.395,93.626,6.175,80.287,1
2025-04-01 01:57:49,28.79,44.942,95.925,5.566,91.805,1
2025-04-01 01:57:50,27.831,45.923,100.289,6.446,83.327,1
2025-04-01 01:57:51,30.593,42.826,97.329,5.31,86.269,1
2025-04-01 01:57:52,32.552,46.175,94.125,5.919,101.378,1
2025-04-01 01:57:53,29.613,45.525,104.922,5.046,110.266,1
2025-04-01 01:57:54,29.014,45.759,105.65,5.419,68.497,1
2025-04-01 01:57:55,30.323,45.762,95.665,5.895,81.603,1
2025-04-01 01:57:56,24.448,45.378,98.426,5.868,95.593,1
2025-04-01 01:57:57,27.943,44.636,111.121,5.314,103.735,1
2025-04-01 01:57:58,29.846,44.241,91.097,5.307,106.972,1
2025-04-01 01:57:59,27.027,45.622,100.483,5.523,101.792,1
2025-04-01 01:58:00,29.762,43.503,104.131,4.635,94.004,1
2025-04-01 01:58:01,29.988,44.976,99.281,5.535,68.778,1
2025-04-01 01:58:02,32.156,42.961,106.372,6.0,83.628,1
2025-04-01 01:58:03,24.488,44.718,108.688,4.775,95.775,1
2025-04-01 01:58:04,27.452,43.213,103.174,5.63,85.744,1
2025-04-01 01:58:05,28.605,43.665,103.234,4.223,78.902,1
2025-04-01 01:58:06,28.187,44.691,103.385,4.358,58.6,1
2025-04-01 01:58:07,32.039,43.767,98.855,5.433,89.546,1
2025-04-01 01:58:08,24.631,44.235,105.378,4.392,104.807,1
2025-04-01 01:58:09,32.66,42.487,95.184,5.135,99.573,1
2025-04-01 01:58:10,29.211,44.124,98.586,5.576,84.374,1
2025-04-01 01:58:11,27.624,43.811,104.904,4.524,79.223,1
2025-04-01 01:58:12,26.236,42.725,102.124,4.574,98.369,1
2025-04-01 01:58:13,32.854,42.461,109.745,4.028,82.967,1
2025-04-01 01:58:14,37.85,43.215,90.607,4.494,85.99,1
2025-04-01 01:58:15,37.646,43.864,87.511,4.324,58.223,1
2025-04-01 01:58:16,37.229,43.688,88.387,5.125,65.83,1
2025-04-01 01:58:17,34.669,43.337,82.233,3.604,98.042,1
2025-04-01 01:58:18,38.898,22.139,85.74,4.073,110.656,1
2025-04-01 01:58:19,35.679,20.396,89.818,3.702,88.27,1
2025-04-01 01:58:20,33.8,20.408,86.543,3.307,74.688,1
2025-04-01 01:58:21,38.259,19.832,78.974,4.044,118.581,1
2025-04-01 01:58:22,36.49,20.867,94.917,4.294,92.762,1
2025-04-01 01:58:23,31.974,19.556,92.206,2.977,90.439,1
2025-04-01 01:58:24,33.165,20.555,95.964,3.901,86.315,1
2025-04-01 01:58:25,38.911,20.129,90.709,4.236,91.736,1
2025-04-01 01:58:26,35.698,20.42,95.945,4.108,92.068,1
2025-04-01 01:58:27,34.466,21.122,88.39,3.458,72.243,1
2025-04-01 01:58:28,36.762,20.926,93.27,4.604,67.956,1
2025-04-01 01:58:29,35.3,20.3,96.509,3.797,74.729,1
2025-04-01 01:58:30,33.522,19.239,94.844,4.04,96.893,1
2025-04-01 01:58:31,32.842,19.628,101.795,3.684,89.865,1
2025-04-01 01:58:32,36.934,21.334,93.8,4.25,79.28,1
2025-04-01 01:58:33,39.04,20.375,98.202,3.597,80.371,1
2025-04-01 01:58:34,34.165,21.125,92.974,2.856,91.175,1
2025-04-01 01:58:35,37.349,20.068,98.787,4.545,90.082,1
2025-04-01 01:58:36,34.875,20.497,101.879,2.823,89.608,1
2025-04-01 01:58:37,39.071,21.852,97.061,3.317,90.577,1
2025-04-01 01:58:38,34.141,20.25,97.048,2.442,94.2,1
2025-04-01 01:58:39,34.591,20.331,108.993,2.624,101.48,1
2025-04-01 01:58:40,37.868,19.52,101.435,3.192,83.545,1
2025-04-01 01:58:41,31.004,20.82,105.633,3.659,98.08,1
2025-04-01 01:58:42,35.305,20.128,100.25,2.787,82.246,1
2025-04-01 01:58:43,38.436,20.476,110.782,3.511,94.203,1
2025-04-01 01:58:44,37.022,19.629,111.973,2.91,66.839,1
2025-04-01 01:58:45,38.966,20.115,106.718,3.497,95.289,1
2025-04-01 01:58:46,36.721,19.894,106.127,3.142,105.103,1
2025-04-01 01:58:47,34.265,19.976,97.254,3.299,103.038,1
2025-04-01 01:58:48,31.699,39.503,102.416,2.093,80.347,1
2025-04-01 01:58:49,38.636,39.9,110.302,2.579,96.618,1
2025-04-01 01:58:50,38.385,39.974,105.037,1.464,64.35,1
2025-04-01 01:58:51,34.546,40.409,106.629,2.009,73.531,1
2025-04-01 01:58:52,33.55,41.131,99.303,1.705,93.326,1
2025-04-01 01:58:53,40.59,39.717,100.778,1.889,88.398,1
2025-04-01 01:58:54,36.467,41.36,112.73,2.202,76.656,1
2025-04-01 01:58:55,34.531,40.148,112.948,2.285,92.552,1
2025-04-01 01:58:56,33.721,41.122,102.018,2.21,76.68,1
2025-04-01 01:58:57,32.879,39.564,113.495,2.122,70.199,1
2025-04-01 01:58:58,31.691,39.853,115.652,2.059,56.251,1
2025-04-01 01:58:59,33.61,40.517,115.75,2.285,74.765,1
2025-04-01 01:59:00,33.779,39.315,110.027,1.762,93.81,1
2025-04-01 01:59:01,38.037,41.926,114.704,1.759,86.28,1
2025-04-01 01:59:02,35.45,39.572,107.363,1.881,73.174,1
2025-04-01 01:59:03,36.571,39.299,115.822,2.311,91.145,1
2025-04-01 01:59:04,35.249,40.915,118.414,1.906,70.58,1
2025-04-01 01:59:05,32.591,40.204,115.337,2.557,83.978,1
2025-04-01 01:59:06,33.325,40.863,109.394,2.39,68.697,1
2025-04-01 01:59:07,37.275,41.993,119.169,1.833,76.693,1
2025-04-01 01:59:08,35.61,41.64,112.446,2.067,89.31,1
2025-04-01 01:59:09,37.319,40.606,115.847,2.024,80.941,1
2025-04-01 01:59:10,27.166,40.647,108.492,2.458,86.44,1
2025-04-01 01:59:11,28.236,40.738,95.342,2.371,91.874,1
2025-04-01 01:59:12,41.723,40.95,88.919,2.35,87.437,1
2025-04-01 01:59:13,45.164,41.93,83.775,2.366,89.097,1
2025-04-01 01:59:14,39.294,40.488,87.488,1.969,78.695,1
2025-04-01 01:59:15,41.116,62.932,91.277,2.635,95.102,1
2025-04-01 01:59:16,41.861,62.303,95.367,2.632,62.671,1
2025-04-01 01:59:17,39.555,63.297,93.07,2.418,84.867,1
2025-04-01 01:59:18,40.049,62.721,88.01,2.477,101.09,1
2025-04-01 01:59:19,41.882,63.025,92.199,2.509,86.002,1
2025-04-01 01:59:20,37.826,63.369,86.092,2.91,71.271,1
2025-04-01 01:59:21,39.462,62.992,93.429,2.77,81.083,1
2025-04-01 01:59:22,39.063,62.693,93.574,3.127,82.648,1
2025-04-01 01:59:23,40.664,62.77,92.565,2.686,97.609,1
2025-04-01 01:59:24,39.726,63.907,94.636,2.766,83.659,1
2025-04-01 01:59:25,40.126,65.03,93.825,2.577,88.779,1
2025-04-01 01:59:26,39.113,64.803,92.864,3.086,79.123,1
2025-04-01 01:59:27,57.147,63.682,93.11,2.828,88.367,1
2025-04-01 01:59:28,53.241,63.649,93.68,1.309,87.483,1
2025-04-01 01:59:29,51.008,63.042,92.166,1.439,88.538,1
2025-04-01 01:59:30,56.889,62.865,95.98,1.616,78.45,1
2025-04-01 01:59:31,50.359,62.933,100.231,1.638,97.55,1
2025-04-01 01:59:32,50.979,64.486,93.423,2.855,90.004,1
2025-04-01 01:59:33,54.582,64.472,90.891,3.033,89.436,1
2025-04-01 01:59:34,53.028,64.645,87.52,3.044,96.395,1
2025-04-01 01:59:35,40.57,65.424,95.634,3.205,75.825,1
2025-04-01 01:59:36,36.857,64.657,89.37,2.637,85.971,1
2025-04-01 01:59:37,39.079,64.632,88.575,3.055,88.153,1
2025-04-01 01:59:38,39.208,64.65,91.795,2.868,86.293,1
2025-04-01 01:59:39,39.404,64.479,91.635,2.759,75.857,1
2025-04-01 01:59:40,39.253,65.429,88.861,2.571,84.184,1
2025-04-01 01:59:41,38.469,64.94,91.001,2.908,102.29,1
2025-04-01 01:59:42,37.444,65.811,88.464,3.126,83.466,1
2025-04-01 01:59:43,38.81,64.892,84.876,3.576,84.548,1
2025-04-01 01:59:44,40.635,65.602,91.701,3.26,76.106,1
2025-04-01 01:59:45,40.3,64.701,86.375,3.503,74.081,1
2025-04-01 01:59:46,39.284,65.003,91.46,3.467,86.217,1
2025-04-01 01:59:47,42.146,64.024,83.228,2.949,86.529,1
2025-04-01 01:59:48,39.441,66.429,91.01,3.267,87.533,1
2025-04-01 01:59:49,42.917,65.306,92.196,3.51,87.36,1
2025-04-01 01:59:50,39.956,67.016,87.888,3.649,78.414,1
2025-04-01 01:59:51,39.548,66.93,97.129,3.335,82.576,1
2025-04-01 01:59:52,37.691,65.882,96.221,3.28,89.67,1
2025-04-01 01:59:53,42.13,66.09,90.419,3.194,95.17,1
2025-04-01 01:59:54,41.201,66.247,96.617,3.712,86.711,1
2025-04-01 01:59:55,38.878,64.543,99.186,3.465,85.204,1
2025-04-01 01:59:56,40.375,66.453,91.111,3.401,84.32,1
2025-04-01 01:59:57,40.817,67.371,94.022,3.322,85.525,1
2025-04-01 01:59:58,39.168,67.709,94.258,3.464,83.438,1
2025-04-01 01:59:59,37.911,67.198,91.624,3.875,83.97,1
2025-04-01 02:00:00,41.455,66.664,90.094,1.291,86.113,1
2025-04-01 02:00:01,42.083,65.91,87.462,1.537,86.752,1
2025-04-01 02:00:02,42.838,67.631,90.357,1.631,86.169,1
2025-04-01 02:00:03,39.774,67.003,94.499,1.36,85.562,1
2025-04-01 02:00:04,40.014,68.346,94.302,1.533,85.854,1
2025-04-01 02:00:05,42.296,66.319,94.14,1.709,85.81,1
2025-04-01 02:00:06,39.366,67.711,88.645,1.599,84.663,1
2025-04-01 02:00:07,42.63,67.069,94.996,1.225,86.426,1
2025-04-01 02:00:08,41.648,67.527,95.801,2.288,86.582,1
2025-04-01 02:00:09,44.367,68.055,90.087,2.588,87.695,1
2025-04-01 02:00:10,42.878,67.996,94.602,2.304,86.243,1
2025-04-01 02:00:11,41.277,67.353,92.145,2.501,85.963,1
2025-04-01 02:00:12,40.896,66.592,101.649,2.987,85.717,1
2025-04-01 02:00:13,39.008,68.118,96.045,2.274,88.594,1
2025-04-01 02:00:14,39.442,68.342,97.301,2.588,86.168,1
2025-04-01 02:00:15,44.305,68.143,99.098,2.562,88.689,1
2025-04-01 02:00:16,43.838,66.863,102.953,2.777,87.477,1
2025-04-01 02:00:17,42.17,68.471,104.853,1.255,88.088,1
2025-04-01 02:00:18,41.188,68.561,98.168,1.255,85.993,1
2025-04-01 02:00:19,39.433,68.68,93.198,1.186,86.171,1
2025-04-01 02:00:20,39.77,66.322,103.469,1.138,87.088,1
2025-04-01 02:00:21,41.503,67.513,98.17,1.2,89.073,1
2025-04-01 02:00:22,42.315,69.371,103.846,1.51,76.491,1
2025-04-01 02:00:23,43.128,68.538,105.81,1.241,92.96,1
2025-04-01 02:00:24,28.048,69.968,104.39,1.216,82.459,1
2025-04-01 02:00:25,24.769,68.625,102.972,1.233,93.161,1
2025-04-01 02:00:26,32.495,69.36,103.851,1.23,84.994,1
2025-04-01 02:00:27,25.721,48.756,113.473,1.121,82.834,1
2025-04-01 02:00:28,30.356,48.086,100.945,0.928,93.947,1
2025-04-01 02:00:29,25.469,49.231,108.489,0.819,84.355,1
2025-04-01 02:00:30,28.29,49.089,108.466,0.608,96.731,1
2025-04-01 02:00:31,31.561,48.741,110.679,0.716,83.221,1
2025-04-01 02:00:32,32.624,48.243,115.021,0.745,94.366,1
2025-04-01 02:00:33,29.538,47.459,105.125,0.782,80.284,1
2025-04-01 02:00:34,29.496,48.286,116.411,0.667,80.808,1
2025-04-01 02:00:35,27.536,47.972,112.408,0.757,90.185,1
2025-04-01 02:00:36,22.784,48.109,105.891,0.734,88.835,1
2025-04-01 02:00:37,33.413,48.274,108.587,0.686,94.604,1
2025-04-01 02:00:38,28.679,47.818,107.567,0.688,99.647,1
2025-04-01 02:00:39,26.38,47.967,105.176,0.483,77.936,1
2025-04-01 02:00:40,35.168,48.393,104.781,0.609,78.936,1
2025-04-01 02:00:41,25.676,48.464,110.593,0.595,72.107,1
2025-04-01 02:00:42,32.718,48.793,108.469,0.58,98.458,1
2025-04-01 02:00:43,31.518,48.169,113.764,0.613,96.95,1
2025-04-01 02:00:44,28.814,48.46,114.021,0.705,87.603,1
2025-04-01 02:00:45,33.283,49.377,110.394,0.706,75.906,1
2025-04-01 02:00:46,28.126,48.432,114.767,0.61,84.934,1
2025-04-01 02:00:47,25.655,49.403,102.665,0.531,88.597,1
2025-04-01 02:00:48,28.366,49.782,117.858,1.317,85.356,1
2025-04-01 02:00:49,27.905,48.431,114.616,1.47,86.973,1
2025-04-01 02:00:50,29.0,48.818,117.522,1.313,89.636,1
2025-04-01 02:00:51,26.972,48.025,114.547,1.126,95.22,1
2025-04-01 02:00:52,30.584,48.758,115.935,0.908,99.347,1
2025-04-01 02:00:53,27.438,48.597,120.192,1.194,80.211,1
2025-04-01 02:00:54,27.975,48.785,119.827,1.093,98.947,1
2025-04-01 02:00:55,28.794,49.205,117.205,1.485,95.487,1
2025-04-01 02:00:56,30.683,47.412,118.176,0.734,90.073,1
2025-04-01 02:00:57,40.995,47.62,114.051,1.23,102.181,1
2025-04-01 02:00:58,40.536,48.304,112.858,1.049,77.931,1
2025-04-01 02:00:59,40.624,47.385,124.467,1.037,100.019,1
2025-04-01 02:01:00,38.865,49.029,126.79,1.16,92.397,1
2025-04-01 02:01:01,46.983,47.976,124.144,0.942,87.093,1
2025-04-01 02:01:02,38.524,50.585,120.437,0.974,90.891,1
2025-04-01 02:01:03,39.304,48.585,96.858,1.284,71.266,1
2025-04-01 02:01:04,40.145,47.168,94.736,1.124,78.125,1
2025-04-01 02:01:05,36.789,47.039,94.958,1.318,69.822,1
2025-04-01 02:01:06,44.42,47.954,104.009,1.407,89.018,1
2025-04-01 02:01:07,39.855,48.899,103.92,1.788,82.099,1
2025-04-01 02:01:08,40.317,47.584,95.513,1.49,79.053,1
2025-04-01 02:01:09,46.178,48.197,93.218,1.299,98.104,1
2025-04-01 02:01:10,37.337,47.825,101.661,1.16,92.227,1
2025-04-01 02:01:11,42.364,48.68,105.724,1.79,96.612,1
2025-04-01 02:01:12,42.041,47.828,98.596,1.469,86.422,1
2025-04-01 02:01:13,42.486,48.125,99.947,2.558,84.932,1
2025-04-01 02:01:14,41.181,48.968,99.455,2.776,90.016,1
2025-04-01 02:01:15,44.055,48.424,98.953,3.432,89.764,1
2025-04-01 02:01:16,44.52,47.055,102.33,2.92,86.555,1
2025-04-01 02:01:17,41.286,48.327,104.602,1.429,88.477,1
2025-04-01 02:01:18,42.21,46.543,101.372,2.826,92.522,1
2025-04-01 02:01:19,41.076,47.782,99.41,2.298,90.457,1
2025-04-01 02:01:20,42.892,46.664,95.281,2.56,87.087,1
2025-04-01 02:01:21,41.351,20.336,90.211,3.165,89.416,1
2025-04-01 02:01:22,40.656,21.206,97.807,2.697,81.779,1
2025-04-01 02:01:23,42.567,19.95,101.692,3.772,91.643,1
2025-04-01 02:01:24,35.106,20.352,102.397,2.252,95.793,1
2025-04-01 02:01:25,37.69,18.836,104.664,2.435,71.375,1
2025-04-01 02:01:26,43.004,19.022,98.492,2.863,85.597,1
2025-04-01 02:01:27,42.922,19.223,106.558,3.47,93.093,1
2025-04-01 02:01:28,39.421,19.981,110.232,2.506,96.127,1
2025-04-01 02:01:29,40.409,19.658,114.312,2.665,80.461,1
2025-04-01 02:01:30,39.337,20.241,106.896,3.201,94.892,1
2025-04-01 02:01:31,38.346,19.594,103.171,2.439,82.421,1
2025-04-01 02:01:32,38.541,20.274,108.227,2.642,98.455,1
2025-04-01 02:01:33,39.502,18.952,113.067,2.879,81.912,1
2025-04-01 02:01:34,27.793,19.416,85.433,3.707,93.214,1
2025-04-01 02:01:35,29.888,18.216,99.253,2.8,87.111,1
2025-04-01 02:01:36,25.85,0.668,97.566,2.375,87.086,1
2025-04-01 02:01:37,26.232,1.08,92.732,1.945,86.126,1
2025-04-01 02:01:38,26.572,1.025,102.65,2.543,85.967,1
2025-04-01 02:01:39,26.856,-0.003,88.751,3.198,86.298,1
2025-04-01 02:01:40,28.167,1.194,97.286,1.796,84.842,1
2025-04-01 02:01:41,25.937,0.729,97.267,3.032,83.12,1
2025-04-01 02:01:42,29.492,-0.007,98.405,2.493,85.438,1
2025-04-01 02:01:43,29.407,-0.699,100.933,2.837,82.803,1
2025-04-01 02:01:44,26.794,0.316,100.009,2.196,84.654,1
2025-04-01 02:01:45,25.209,1.449,91.341,2.697,109.337,1
2025-04-01 02:01:46,26.974,-0.578,96.378,2.215,83.248,1
2025-04-01 02:01:47,25.785,-0.259,95.109,2.619,90.082,1
2025-04-01 02:01:48,30.181,-0.518,104.734,2.955,83.313,1
2025-04-01 02:01:49,18.675,0.183,95.892,2.45,87.315,1
2025-04-01 02:01:50,24.438,1.987,96.491,2.563,88.729,1
2025-04-01 02:01:51,20.412,-0.176,92.192,2.708,94.85,1
2025-04-01 02:01:52,25.436,20.322,105.322,2.622,90.266,1
2025-04-01 02:01:53,26.875,20.526,99.712,2.663,82.692,1
2025-04-01 02:01:54,22.221,20.926,102.47,2.72,75.966,1
2025-04-01 02:01:55,32.928,20.157,103.245,3.754,77.969,1
2025-04-01 02:01:56,22.682,19.584,99.025,2.512,76.391,1
2025-04-01 02:01:57,24.291,19.605,98.645,2.94,87.847,1
2025-04-01 02:01:58,27.256,20.639,105.622,3.646,78.253,1
2025-04-01 02:01:59,26.72,21.269,103.013,2.7,83.199,1
2025-04-01 02:02:00,28.636,19.246,103.942,3.028,79.323,1
2025-04-01 02:02:01,29.406,19.132,114.48,3.104,78.715,1
2025-04-01 02:02:02,23.103,20.543,106.708,1.874,85.882,1
2025-04-01 02:02:03,33.938,19.192,113.122,1.431,64.734,1
2025-04-01 02:02:04,25.123,17.209,111.675,1.018,84.406,1
2025-04-01 02:02:05,30.721,19.3,110.485,0.984,83.992,1
2025-04-01 02:02:06,29.77,18.17,120.759,0.866,83.603,1
2025-04-01 02:02:07,29.497,19.301,113.032,1.054,82.552,1
2025-04-01 02:02:08,22.169,35.698,114.7,1.167,84.022,1
2025-04-01 02:02:09,23.522,37.496,107.423,0.901,81.925,1
2025-04-01 02:02:10,23.936,35.411,113.326,0.922,83.252,1
2025-04-01 02:02:11,29.952,37.042,128.525,0.94,85.088,1
2025-04-01 02:02:12,25.593,34.174,120.828,1.026,82.89,1
2025-04-01 02:02:13,30.838,35.003,136.483,0.977,83.937,1
2025-04-01 02:02:14,42.062,34.393,125.92,0.994,82.424,1
2025-04-01 02:02:15,40.703,36.307,138.342,1.107,84.013,1
2025-04-01 02:02:16,40.362,35.284,132.022,0.905,81.68,1
2025-04-01 02:02:17,34.278,35.638,132.676,1.087,84.501,1
2025-04-01 02:02:18,37.007,35.369,130.403,1.003,85.39,1
2025-04-01 02:02:19,34.511,36.351,146.306,0.991,85.141,1
2025-04-01 02:02:20,34.18,35.615,141.353,0.862,85.171,1
2025-04-01 02:02:21,34.549,36.109,141.425,1.071,84.685,1
2025-04-01 02:02:22,40.553,36.0,140.969,1.061,85.657,1
2025-04-01 02:02:23,35.625,34.761,156.548,1.908,83.557,1
2025-04-01 02:02:24,38.805,34.111,154.219,1.961,82.414,1
2025-04-01 02:02:25,39.94,62.238,149.959,1.888,83.235,1
2025-04-01 02:02:26,35.29,62.262,148.904,1.703,83.454,1
2025-04-01 02:02:27,39.656,62.6,161.559,2.767,84.647,1
2025-04-01 02:02:28,35.478,62.836,157.023,2.937,85.102,1
2025-04-01 02:02:29,41.338,63.374,155.035,2.913,84.486,1
2025-04-01 02:02:30,45.04,62.432,152.602,2.975,84.882,1
2025-04-01 02:02:31,41.384,61.813,166.79,2.966,84.095,1
2025-04-01 02:02:32,38.639,61.905,148.178,3.031,83.291,1
2025-04-01 02:02:33,37.183,61.243,141.326,2.809,83.732,1
2025-04-01 02:02:34,34.676,61.659,152.673,2.828,82.868,1
2025-04-01 02:02:35,42.548,61.064,147.516,3.143,84.369,1
2025-04-01 02:02:36,38.665,61.953,132.291,2.844,84.477,1
2025-04-01 02:02:37,37.875,63.291,99.721,3.252,82.71,1
2025-04-01 02:02:38,38.28,63.004,109.847,2.759,85.21,1
2025-04-01 02:02:39,42.461,42.241,110.165,2.631,86.52,1
2025-04-01 02:02:40,26.942,43.875,105.073,2.469,85.333,1
2025-04-01 02:02:41,28.601,43.45,108.134,2.936,85.851,1
2025-04-01 02:02:42,24.542,43.299,108.922,2.665,84.316,1
2025-04-01 02:02:43,26.762,42.041,107.798,2.705,86.364,1
2025-04-01 02:02:44,29.053,43.424,109.82,2.649,84.084,1
2025-04-01 02:02:45,36.865,45.996,116.961,2.734,84.04,1
2025-04-01 02:02:46,40.11,42.812,111.014,2.458,83.747,1
2025-04-01 02:02:47,42.123,41.644,107.722,2.821,85.472,1
2025-04-01 02:02:48,40.388,42.456,113.213,5.737,84.751,1
2025-04-01 02:02:49,42.219,42.014,115.627,4.357,85.325,1
2025-04-01 02:02:50,41.633,44.027,111.344,4.733,85.701,1
2025-04-01 02:02:51,41.137,43.619,110.359,5.697,86.004,1
2025-04-01 02:02:52,38.582,43.243,109.787,5.151,84.202,1
2025-04-01 02:02:53,42.239,42.822,113.899,5.169,83.876,1
2025-04-01 02:02:54,39.42,42.862,113.291,3.948,84.609,1
2025-04-01 02:02:55,41.685,41.336,111.145,4.877,86.711,1
2025-04-01 02:02:56,41.513,43.064,109.509,4.522,85.575,1
2025-04-01 02:02:57,42.894,43.828,118.11,4.842,86.112,1
2025-04-01 02:02:58,35.221,43.342,108.97,5.751,84.837,1
2025-04-01 02:02:59,38.882,43.784,110.615,4.787,84.764,1
2025-04-01 02:03:00,43.341,42.764,113.219,5.047,85.898,1
2025-04-01 02:03:01,39.008,42.922,108.189,4.476,85.857,1
2025-04-01 02:03:02,37.993,43.443,113.569,4.634,86.633,1
2025-04-01 02:03:03,41.37,41.704,93.249,4.993,84.729,1
2025-04-01 02:03:04,40.869,42.988,102.759,4.367,85.74,1
2025-04-01 02:03:05,40.819,43.33,96.129,4.211,87.149,1
2025-04-01 02:03:06,38.598,44.0,93.674,4.679,84.344,1
2025-04-01 02:03:07,39.068,41.845,99.781,3.601,87.309,1
2025-04-01 02:03:08,26.856,43.806,98.133,3.756,86.136,1
2025-04-01 02:03:09,25.954,42.469,97.713,3.849,84.916,1
2025-04-01 02:03:10,28.595,42.754,96.145,4.375,86.791,1
2025-04-01 02:03:11,28.009,43.276,95.473,3.543,87.378,1
2025-04-01 02:03:12,26.201,42.965,99.094,3.872,86.325,1
2025-04-01 02:03:13,28.091,43.281,94.801,3.979,87.828,1
2025-04-01 02:03:14,26.91,42.902,97.013,3.503,86.378,1
2025-04-01 02:03:15,26.988,43.491,92.892,2.546,85.739,1
2025-04-01 02:03:16,29.042,45.141,97.971,1.601,87.315,1
2025-04-01 02:03:17,25.693,42.673,98.856,1.479,85.962,1
2025-04-01 02:03:18,28.632,43.674,98.943,1.166,87.257,1
2025-04-01 02:03:19,27.979,44.506,106.7,1.225,87.668,1
2025-04-01 02:03:20,29.831,44.331,98.899,1.571,88.829,1
2025-04-01 02:03:21,27.84,42.555,86.559,1.166,87.501,1
2025-04-01 02:03:22,27.674,45.109,93.648,1.295,86.16,1
2025-04-01 02:03:23,30.11,43.744,103.067,1.114,89.117,1
2025-04-01 02:03:24,26.663,44.681,93.891,1.319,87.923,1
2025-04-01 02:03:25,32.165,43.955,95.559,1.371,89.343,1
2025-04-01 02:03:26,25.193,43.324,93.847,1.268,88.506,1
2025-04-01 02:03:27,29.194,44.177,94.388,1.088,87.23,1
2025-04-01 02:03:28,29.358,44.259,91.04,1.223,86.827,1
2025-04-01 02:03:29,28.919,44.558,95.863,1.103,89.45,1
2025-04-01 02:03:30,28.885,45.131,94.796,0.95,87.262,1
2025-04-01 02:03:31,30.166,43.416,102.574,1.177,88.058,1
2025-04-01 02:03:32,29.606,44.232,96.095,0.917,88.387,1
2025-04-01 02:03:33,26.006,43.27,92.891,0.953,88.676,1
2025-04-01 02:03:34,27.208,45.276,95.846,1.433,89.05,1
2025-04-01 02:03:35,27.245,44.073,94.471,0.883,76.203,1
2025-04-01 02:03:36,31.674,45.204,91.497,1.045,85.18,1
2025-04-01 02:03:37,26.467,45.696,97.24,1.407,93.279,1
2025-04-01 02:03:38,27.922,44.564,85.757,1.402,83.127,1
2025-04-01 02:03:39,31.302,46.457,99.739,0.921,90.073,1
2025-04-01 02:03:40,24.332,46.644,98.392,0.783,77.427,1
2025-04-01 02:03:41,30.546,45.791,94.392,0.852,75.961,1
2025-04-01 02:03:42,28.691,45.972,95.942,1.066,80.69,1
2025-04-01 02:03:43,29.891,45.067,97.692,0.917,92.257,1
2025-04-01 02:03:44,32.72,47.012,94.279,0.944,84.467,1
2025-04-01 02:03:45,28.021,46.385,99.173,0.98,79.188,1
2025-04-01 02:03:46,26.427,45.41,96.069,1.307,82.717,1
2025-04-01 02:03:47,25.849,45.757,104.221,1.775,99.109,1
2025-04-01 02:03:48,29.475,44.891,107.844,1.88,93.066,1
2025-04-01 02:03:49,26.009,47.57,99.785,2.398,88.806,1
2025-04-01 02:03:50,27.395,46.737,99.369,1.173,99.353,1
2025-04-01 02:03:51,30.412,45.355,92.459,1.203,89.411,1
2025-04-01 02:03:52,29.116,45.653,105.995,2.253,87.535,1
2025-04-01 02:03:53,27.325,46.097,96.749,1.046,87.215,1
2025-04-01 02:03:54,27.229,47.031,101.137,1.17,79.768,1
2025-04-01 02:03:55,31.829,45.922,103.202,1.973,87.381,1
2025-04-01 02:03:56,31.441,44.891,108.721,1.906,87.007,1
2025-04-01 02:03:57,32.6,46.797,105.117,0.89,81.727,1
2025-04-01 02:03:58,27.942,47.352,105.397,1.72,87.169,1
2025-04-01 02:03:59,24.111,47.035,108.217,2.081,100.101,1
2025-04-01 02:04:00,28.459,46.976,109.255,2.352,87.968,1
2025-04-01 02:04:01,25.551,46.309,102.658,2.35,97.659,1
2025-04-01 02:04:02,28.6,48.143,110.297,1.965,104.942,1
2025-04-01 02:04:03,30.098,47.825,107.844,1.715,94.346,1
2025-04-01 02:04:04,30.695,46.76,105.908,2.066,79.001,1
2025-04-01 02:04:05,30.889,47.608,112.646,1.962,72.814,1
2025-04-01 02:04:06,26.214,47.256,109.134,2.644,64.17,1
2025-04-01 02:04:07,28.91,47.166,103.874,2.084,86.182,1
2025-04-01 02:04:08,32.41,47.93,106.261,2.304,89.903,1
2025-04-01 02:04:09,32.91,48.04,103.991,2.684,94.68,1
2025-04-01 02:04:10,28.344,48.312,107.127,2.232,82.904,1
2025-04-01 02:04:11,32.146,47.529,110.575,1.878,85.784,1
2025-04-01 02:04:12,29.974,49.34,113.519,1.939,87.161,1
2025-04-01 02:04:13,34.536,48.871,109.274,2.628,93.444,1
2025-04-01 02:04:14,32.42,49.473,106.432,2.041,83.882,1
2025-04-01 02:04:15,29.594,47.921,112.32,2.463,92.115,1
2025-04-01 02:04:16,29.369,47.666,111.855,2.769,67.998,1
2025-04-01 02:04:17,33.916,48.812,112.778,1.84,85.414,1
2025-04-01 02:04:18,30.701,67.776,113.603,2.159,84.811,1
2025-04-01 02:04:19,30.626,67.888,114.569,2.306,72.267,1
2025-04-01 02:04:20,29.639,69.35,116.125,2.019,93.866,1
2025-04-01 02:04:21,31.897,68.775,110.203,2.971,90.512,1
2025-04-01 02:04:22,27.83,68.439,106.166,2.197,96.38,1
2025-04-01 02:04:23,28.398,68.29,112.379,2.677,82.17,1
2025-04-01 02:04:24,30.396,67.441,115.372,2.567,83.05,1
2025-04-01 02:04:25,44.617,68.25,114.921,2.255,80.558,1
2025-04-01 02:04:26,41.79,67.649,109.099,2.59,90.77,1
2025-04-01 02:04:27,42.428,69.174,111.411,2.772,84.65,1
2025-04-01 02:04:28,42.451,69.718,107.184,2.507,96.089,1
2025-04-01 02:04:29,39.396,67.086,114.926,3.309,97.782,1
2025-04-01 02:04:30,40.943,69.568,112.938,2.645,87.923,1
2025-04-01 02:04:31,38.02,69.08,110.074,3.227,81.923,1
2025-04-01 02:04:32,40.696,68.684,113.571,3.206,88.333,1
2025-04-01 02:04:33,38.36,68.066,119.558,3.68,82.662,1
2025-04-01 02:04:34,35.982,68.058,115.151,2.71,79.616,1
2025-04-01 02:04:35,41.714,69.647,117.039,3.233,90.951,1
2025-04-01 02:04:36,49.982,67.203,114.958,2.722,99.293,1
2025-04-01 02:04:37,49.932,68.905,112.788,2.888,83.593,1
2025-04-01 02:04:38,50.09,67.873,112.483,5.012,85.487,1
2025-04-01 02:04:39,53.964,69.348,117.601,4.768,85.764,1
2025-04-01 02:04:40,51.181,69.761,112.942,4.617,86.186,1
2025-04-01 02:04:41,48.332,70.033,116.776,5.385,85.777,1
2025-04-01 02:04:42,50.378,68.834,114.875,4.23,87.026,1
2025-04-01 02:04:43,48.848,69.096,120.957,4.893,85.059,1
2025-04-01 02:04:44,47.916,70.841,115.959,6.429,84.632,1
2025-04-01 02:04:45,51.858,68.348,118.174,4.776,86.266,1
2025-04-01 02:04:46,51.288,68.821,122.232,4.961,85.001,1
2025-04-01 02:04:47,54.768,69.34,118.83,5.601,84.468,1
2025-04-01 02:04:48,48.806,69.11,119.211,4.473,83.737,1
2025-04-01 02:04:49,49.88,68.903,117.652,5.348,84.274,1
2025-04-01 02:04:50,49.86,68.619,122.56,4.826,86.464,1
2025-04-01 02:04:51,52.391,70.935,130.372,4.673,83.807,1
2025-04-01 02:04:52,48.392,41.455,121.968,5.155,83.6,1
2025-04-01 02:04:53,51.266,40.098,118.902,5.338,85.756,1
2025-04-01 02:04:54,45.002,38.765,98.743,6.029,82.945,1
2025-04-01 02:04:55,48.321,40.944,103.384,5.604,85.479,1
2025-04-01 02:04:56,46.052,40.067,101.618,5.675,84.46,1
2025-04-01 02:04:57,51.779,41.834,95.547,5.897,83.629,1
2025-04-01 02:04:58,50.314,40.461,100.115,5.64,83.091,1
2025-04-01 02:04:59,49.771,40.557,101.774,5.457,84.642,1
2025-04-01 02:05:00,48.835,39.365,102.972,5.111,83.764,1
2025-04-01 02:05:01,41.116,41.942,103.524,5.494,84.271,1
2025-04-01 02:05:02,38.525,39.929,97.47,5.798,84.051,1
2025-04-01 02:05:03,40.335,39.364,104.288,5.812,85.511,1
2025-04-01 02:05:04,38.191,40.251,105.33,5.719,84.187,1
2025-04-01 02:05:05,37.505,40.647,104.332,5.976,84.483,1
2025-04-01 02:05:06,40.04,41.037,98.446,4.811,82.88,1
2025-04-01 02:05:07,41.626,39.632,103.679,5.001,84.577,1
2025-04-01 02:05:08,38.491,40.666,105.253,4.795,84.584,1
2025-04-01 02:05:09,40.72,40.117,104.357,6.487,84.075,1
2025-04-01 02:05:10,38.47,41.94,105.423,5.27,83.002,1
2025-04-01 02:05:11,41.114,40.947,97.587,5.361,84.501,1
2025-04-01 02:05:12,41.134,40.555,106.88,4.768,83.416,1
2025-04-01 02:05:13,40.916,39.623,106.7,5.731,84.847,1
2025-04-01 02:05:14,37.485,40.477,105.692,5.655,83.878,1
2025-04-01 02:05:15,41.402,40.887,102.547,5.177,83.489,1
2025-04-01 02:05:16,39.488,40.967,92.644,4.942,83.61,1
2025-04-01 02:05:17,26.983,38.832,96.918,5.205,84.434,1
2025-04-01 02:05:18,27.743,39.328,97.713,4.771,82.207,1
2025-04-01 02:05:19,28.001,40.191,96.089,5.715,83.794,1
2025-04-01 02:05:20,26.613,41.851,100.217,4.659,84.547,1
2025-04-01 02:05:21,22.996,40.269,100.249,1.909,84.356,1
2025-04-01 02:05:22,26.082,40.269,100.906,2.252,85.085,1
2025-04-01 02:05:23,27.53,39.435,103.205,2.157,84.68,1
2025-04-01 02:05:24,28.065,39.919,100.245,1.912,84.527,1
2025-04-01 02:05:25,25.134,39.91,100.71,1.488,84.032,1
2025-04-01 02:05:26,29.028,39.964,96.331,1.85,83.996,1
2025-04-01 02:05:27,28.247,40.835,101.773,1.927,67.473,1
2025-04-01 02:05:28,27.27,38.762,104.912,1.882,86.348,1
2025-04-01 02:05:29,25.947,40.519,102.212,1.71,91.104,1
2025-04-01 02:05:30,26.531,40.47,102.948,1.343,75.714,1
2025-04-01 02:05:31,28.703,40.245,94.124,1.011,83.457,1
2025-04-01 02:05:32,24.378,38.466,103.495,0.967,80.617,1
2025-04-01 02:05:33,24.399,39.994,93.348,1.233,80.717,1
2025-04-01 02:05:34,28.703,39.403,102.742,0.937,73.011,1
2025-04-01 02:05:35,28.296,39.747,105.197,1.372,94.755,1
2025-04-01 02:05:36,25.618,39.15,102.876,1.035,74.045,1
2025-04-01 02:05:37,28.81,38.077,105.301,1.006,99.293,1
2025-04-01 02:05:38,23.781,40.083,102.556,1.104,90.473,1
2025-04-01 02:05:39,28.128,39.49,104.754,1.26,76.064,1
2025-04-01 02:05:40,25.082,39.444,107.742,1.049,90.721,1
2025-04-01 02:05:41,27.61,38.872,98.493,1.158,87.069,1
2025-04-01 02:05:42,26.292,38.943,113.622,1.128,91.122,1
2025-04-01 02:05:43,24.569,37.857,103.929,0.912,74.394,1
2025-04-01 02:05:44,24.764,38.728,111.461,0.934,70.544,1
2025-04-01 02:05:45,26.955,39.588,103.002,1.057,88.916,1
2025-04-01 02:05:46,27.847,38.733,99.258,1.099,82.141,1
2025-04-01 02:05:47,25.619,36.868,103.077,1.036,79.722,1
2025-04-01 02:05:48,27.476,38.812,102.721,0.825,83.374,1
2025-04-01 02:05:49,42.205,37.087,102.425,1.066,84.604,1
2025-04-01 02:05:50,37.689,38.252,99.82,0.746,90.611,1
2025-04-01 02:05:51,39.268,37.114,100.541,1.06,99.33,1
2025-04-01 02:05:52,36.606,38.22,109.366,0.665,98.068,1
2025-04-01 02:05:53,38.493,37.062,102.96,0.633,91.116,1
2025-04-01 02:05:54,48.603,36.789,101.978,0.963,85.936,1
2025-04-01 02:05:55,48.176,37.077,99.289,0.665,81.398,1
2025-04-01 02:05:56,51.594,35.376,95.942,0.925,73.647,1
2025-04-01 02:05:57,54.264,38.324,103.79,0.819,79.772,1
2025-04-01 02:05:58,51.36,65.026,106.351,0.95,100.48,1
2025-04-01 02:05:59,49.671,65.503,104.759,0.821,94.81,1
2025-04-01 02:06:00,48.455,65.646,100.195,0.932,99.005,1
2025-04-01 02:06:01,48.792,64.855,100.64,0.756,96.195,1
2025-04-01 02:06:02,51.549,65.486,102.864,0.856,79.212,1
2025-04-01 02:06:03,50.807,66.262,102.262,0.775,74.812,1
2025-04-01 02:06:04,53.927,64.652,101.471,0.668,76.496,1
2025-04-01 02:06:05,50.133,64.734,98.49,0.673,93.406,1
2025-04-01 02:06:06,53.351,65.536,99.923,0.768,97.452,1
2025-04-01 02:06:07,53.648,64.659,95.735,0.725,94.591,1
2025-04-01 02:06:08,52.705,66.793,96.585,0.659,93.511,1
2025-04-01 02:06:09,54.907,65.412,101.602,0.746,86.558,1
2025-04-01 02:06:10,54.639,37.042,104.257,0.867,98.049,1
2025-04-01 02:06:11,52.049,37.559,95.46,0.546,103.853,1
2025-04-01 02:06:12,52.798,36.606,97.637,0.688,87.159,1
2025-04-01 02:06:13,52.452,36.525,100.914,0.777,79.059,1
2025-04-01 02:06:14,53.703,36.117,100.492,0.832,87.295,1
2025-04-01 02:06:15,52.956,34.18,92.527,0.543,97.745,1
2025-04-01 02:06:16,53.537,35.748,94.901,0.638,83.834,1
2025-04-01 02:06:17,51.658,36.7,102.503,0.471,80.521,1
2025-04-01 02:06:18,51.233,35.774,98.043,0.296,98.566,1
2025-04-01 02:06:19,51.748,35.639,94.047,0.661,94.087,1
2025-04-01 02:06:20,33.898,37.555,98.204,0.45,75.9,1
2025-04-01 02:06:21,38.044,36.722,90.149,0.797,89.973,1
2025-04-01 02:06:22,41.37,35.163,92.0,0.571,115.137,1
2025-04-01 02:06:23,38.808,35.625,99.626,0.586,107.461,1
2025-04-01 02:06:24,36.277,36.279,101.687,0.599,100.086,1
2025-04-01 02:06:25,33.965,36.748,104.84,0.333,81.584,1
2025-04-01 02:06:26,36.546,36.55,104.326,0.809,93.374,1
2025-04-01 02:06:27,39.419,37.313,92.409,0.541,81.666,1
2025-04-01 02:06:28,39.729,36.512,88.941,0.627,94.034,1
2025-04-01 02:06:29,41.142,35.454,93.502,0.647,68.976,1
2025-04-01 02:06:30,35.795,35.739,91.718,0.775,100.744,1
2025-04-01 02:06:31,42.201,35.868,96.387,0.717,96.455,1
2025-04-01 02:06:32,40.014,35.245,95.992,0.981,88.49,1
2025-04-01 02:06:33,37.812,34.346,93.293,0.754,97.933,1
2025-04-01 02:06:34,40.893,34.906,94.552,2.24,83.316,1
2025-04-01 02:06:35,33.54,35.841,99.582,1.902,90.956,1
2025-04-01 02:06:36,40.553,35.16,95.435,1.648,96.648,1
2025-04-01 02:06:37,39.981,35.388,95.414,1.858,90.356,1
2025-04-01 02:06:38,38.197,35.9,93.312,1.817,88.283,1
2025-04-01 02:06:39,40.611,35.871,100.74,1.987,76.997,1
2025-04-01 02:06:40,40.611,34.406,93.99,2.275,84.597,1
2025-04-01 02:06:41,39.155,34.734,95.652,2.078,91.447,1
2025-04-01 02:06:42,37.999,34.906,97.046,2.064,65.237,1
2025-04-01 02:06:43,41.947,34.533,93.165,2.505,102.807,1
2025-04-01 02:06:44,36.713,34.771,101.416,2.585,85.908,1
2025-04-01 02:06:45,38.32,34.335,103.807,2.346,84.445,1
2025-04-01 02:06:46,40.816,34.827,100.912,2.476,92.804,1
2025-04-01 02:06:47,40.0,34.042,96.235,2.82,96.245,1
2025-04-01 02:06:48,41.11,33.911,104.09,2.386,89.408,1
2025-04-01 02:06:49,39.026,35.62,106.009,2.553,95.28,1
2025-04-01 02:06:50,36.548,33.705,102.938,2.227,81.749,1
2025-04-01 02:06:51,40.142,32.828,100.012,2.544,86.805,1
2025-04-01 02:06:52,42.44,34.464,109.906,2.045,91.103,1
2025-04-01 02:06:53,39.221,34.466,104.894,3.63,97.897,1
2025-04-01 02:06:54,44.149,34.271,110.088,2.675,93.641,1
2025-04-01 02:06:55,39.526,34.581,109.124,3.809,85.694,1
2025-04-01 02:06:56,43.436,34.95,110.738,3.968,92.745,1
2025-04-01 02:06:57,39.727,34.274,100.849,4.115,107.461,1
2025-04-01 02:06:58,41.418,34.478,110.51,4.402,80.896,1
2025-04-01 02:06:59,41.378,6.809,105.323,4.658,74.563,1
2025-04-01 02:07:00,39.419,5.831,106.39,4.501,85.239,1
2025-04-01 02:07:01,38.815,6.264,102.017,3.936,91.228,1
2025-04-01 02:07:02,39.035,-15.204,113.95,5.038,90.049,1
2025-04-01 02:07:03,40.819,-14.444,112.032,4.258,92.804,1
2025-04-01 02:07:04,43.509,-13.801,117.884,4.915,81.475,1
2025-04-01 02:07:05,40.607,-14.894,116.148,4.782,81.624,1
2025-04-01 02:07:06,40.557,-14.974,115.534,4.531,86.48,1
2025-04-01 02:07:07,36.717,-16.721,112.541,5.48,84.304,1
2025-04-01 02:07:08,28.916,-15.882,118.696,4.621,87.137,1
2025-04-01 02:07:09,28.481,-14.194,124.275,4.581,81.519,1
2025-04-01 02:07:10,32.042,-30.32,119.931,4.48,82.123,1
2025-04-01 02:07:11,27.61,-30.595,124.199,5.766,89.376,1
2025-04-01 02:07:12,29.685,-31.121,131.787,5.546,82.846,1
2025-04-01 02:07:13,30.962,-29.866,125.333,5.586,99.163,1
2025-04-01 02:07:14,30.223,-30.936,125.145,3.701,82.762,1
2025-04-01 02:07:15,28.257,-30.258,125.246,4.125,89.767,1
2025-04-01 02:07:16,28.772,-29.618,124.109,5.606,90.877,1
2025-04-01 02:07:17,29.122,-3.491,130.03,4.156,95.223,1
2025-04-01 02:07:18,28.402,-1.944,128.163,4.912,80.65,1
2025-04-01 02:07:19,31.134,-2.555,131.853,4.674,80.601,1
2025-04-01 02:07:20,27.014,-2.742,145.424,4.874,88.22,1
2025-04-01 02:07:21,32.599,-2.22,134.69,5.267,74.746,1
2025-04-01 02:07:22,32.593,-2.521,138.103,5.181,90.304,1
2025-04-01 02:07:23,29.719,-2.666,110.801,5.155,102.432,1
2025-04-01 02:07:24,42.855,-2.876,109.083,4.97,90.023,1
2025-04-01 02:07:25,43.644,-2.913,107.391,4.794,87.573,1
2025-04-01 02:07:26,47.525,-2.92,108.44,5.329,90.589,1
2025-04-01 02:07:27,39.675,-1.462,111.402,4.964,80.844,1
2025-04-01 02:07:28,46.81,-2.421,105.901,5.96,83.36,1
2025-04-01 02:07:29,38.527,-1.649,106.762,5.353,94.014,1
2025-04-01 02:07:30,41.584,-2.527,109.529,6.239,92.573,1
2025-04-01 02:07:31,42.814,-3.325,102.104,4.603,83.64,1
2025-04-01 02:07:32,44.404,-2.24,107.127,5.543,94.36,1
2025-04-01 02:07:33,40.067,-0.922,109.459,5.921,75.779,1
2025-04-01 02:07:34,42.854,-1.127,109.463,4.065,87.152,1
2025-04-01 02:07:35,39.55,-2.467,113.072,4.787,87.719,1
2025-04-01 02:07:36,44.649,-2.63,108.265,6.143,86.192,1
2025-04-01 02:07:37,44.486,-1.256,112.227,4.349,86.411,1
2025-04-01 02:07:38,43.965,-0.983,105.12,4.492,85.69,1
2025-04-01 02:07:39,45.165,-1.338,110.036,5.294,84.969,1
2025-04-01 02:07:40,43.285,-1.738,111.321,4.773,86.881,1
2025-04-01 02:07:41,40.358,-2.235,103.625,3.78,85.795,1
2025-04-01 02:07:42,42.304,-1.373,101.932,4.947,85.1,1
2025-04-01 02:07:43,46.364,-1.108,103.193,5.124,85.772,1
2025-04-01 02:07:44,42.15,-2.129,111.572,4.159,83.605,1
2025-04-01 02:07:45,42.237,-0.17,106.671,5.416,84.621,1
2025-04-01 02:07:46,41.134,-0.224,113.533,4.664,85.644,1
2025-04-01 02:07:47,39.215,-0.696,111.918,4.717,84.518,1
2025-04-01 02:07:48,37.998,-1.377,111.666,4.785,84.532,1
2025-04-01 02:07:49,41.007,-1.762,119.669,4.587,85.072,1
2025-04-01 02:07:50,44.031,-2.076,118.15,5.27,83.993,1
2025-04-01 02:07:51,42.944,0.404,118.561,5.106,86.427,1
2025-04-01 02:07:52,41.289,-2.044,115.432,4.085,85.142,1
2025-04-01 02:07:53,45.832,20.787,115.467,2.21,83.867,1
2025-04-01 02:07:54,44.973,21.537,115.503,2.158,84.958,1
2025-04-01 02:07:55,45.01,19.666,113.772,2.361,84.827,1
2025-04-01 02:07:56,42.856,19.872,117.374,2.563,86.138,1
2025-04-01 02:07:57,39.794,21.735,113.811,2.25,85.458,1
2025-04-01 02:07:58,40.73,21.29,111.995,2.069,85.189,1
2025-04-01 02:07:59,44.817,20.644,114.712,2.269,84.25,1
2025-04-01 02:08:00,40.663,22.325,115.126,2.659,83.565,1
2025-04-01 02:08:01,31.952,20.635,123.307,2.473,84.595,1
2025-04-01 02:08:02,27.262,21.961,118.959,2.422,83.529,1
2025-04-01 02:08:03,28.77,21.925,118.118,2.267,84.118,1
2025-04-01 02:08:04,26.481,21.169,120.808,1.851,85.01,1
2025-04-01 02:08:05,27.957,22.672,119.384,2.03,86.078,1
2025-04-01 02:08:06,26.261,50.648,122.668,2.016,84.408,1
2025-04-01 02:08:07,29.905,49.102,99.201,1.716,85.765,1
2025-04-01 02:08:08,26.126,48.752,107.615,2.085,86.17,1
2025-04-01 02:08:09,29.269,49.234,102.123,2.255,86.066,1
2025-04-01 02:08:10,28.809,48.952,101.232,1.739,86.115,1
2025-04-01 02:08:11,29.657,49.309,101.437,1.648,84.416,1
2025-04-01 02:08:12,31.405,49.178,104.157,1.712,83.573,1
2025-04-01 02:08:13,28.305,49.524,105.637,1.164,84.238,1
2025-04-01 02:08:14,28.238,51.925,103.703,1.64,84.303,1
2025-04-01 02:08:15,29.297,50.564,98.737,1.771,85.256,1
2025-04-01 02:08:16,29.395,51.25,104.274,1.587,86.981,1
2025-04-01 02:08:17,26.658,50.951,104.849,1.922,96.437,1
2025-04-01 02:08:18,26.474,52.621,100.504,1.211,76.978,1
2025-04-01 02:08:19,27.121,50.01,100.423,1.48,83.298,1
2025-04-01 02:08:20,27.863,50.896,102.611,1.847,76.032,1
2025-04-01 02:08:21,28.142,51.101,106.115,1.415,92.502,1
2025-04-01 02:08:22,28.842,52.345,104.212,1.923,86.346,1
2025-04-01 02:08:23,24.853,50.949,102.881,1.698,82.402,1
2025-04-01 02:08:24,29.179,51.606,99.887,1.914,76.761,1
2025-04-01 02:08:25,28.361,50.237,98.979,2.111,94.497,1
2025-04-01 02:08:26,24.751,51.527,103.174,1.008,80.002,1
2025-04-01 02:08:27,27.892,51.292,104.983,1.44,61.289,1
2025-04-01 02:08:28,28.474,50.158,90.553,0.515,95.895,1
2025-04-01 02:08:29,28.668,52.049,94.38,1.012,93.34,1
2025-04-01 02:08:30,28.602,52.161,98.134,1.097,68.179,1
2025-04-01 02:08:31,26.767,52.662,95.081,1.293,97.415,1
2025-04-01 02:08:32,27.652,52.644,92.213,1.297,71.191,1
2025-04-01 02:08:33,26.551,53.25,99.368,0.931,104.181,1
2025-04-01 02:08:34,26.384,52.396,96.091,0.97,90.068,1
2025-04-01 02:08:35,28.336,51.526,97.696,0.788,88.446,1
2025-04-01 02:08:36,25.992,53.19,95.82,0.601,92.686,1
2025-04-01 02:08:37,28.536,52.038,101.457,0.999,84.287,1
2025-04-01 02:08:38,26.642,52.196,98.877,0.955,91.868,1
2025-04-01 02:08:39,25.85,52.169,93.533,0.876,94.779,1
2025-04-01 02:08:40,28.822,51.852,89.843,0.865,88.224,1
2025-04-01 02:08:41,27.625,52.232,99.627,0.724,80.169,1
2025-04-01 02:08:42,25.536,52.518,93.851,0.645,77.412,1
2025-04-01 02:08:43,28.147,51.643,94.26,0.977,82.029,1
2025-04-01 02:08:44,24.677,51.74,91.884,0.728,90.209,1
2025-04-01 02:08:45,27.606,53.753,88.986,0.586,76.798,1
2025-04-01 02:08:46,27.847,52.802,100.444,0.791,90.353,1
2025-04-01 02:08:47,28.276,68.912,93.696,0.491,84.92,1
2025-04-01 02:08:48,29.738,67.981,100.454,0.29,80.987,1
2025-04-01 02:08:49,25.337,69.317,87.987,0.5,79.918,1
2025-04-01 02:08:50,27.401,69.122,90.865,0.241,78.505,1
2025-04-01 02:08:51,25.877,68.594,94.745,0.203,98.454,1
2025-04-01 02:08:52,22.811,70.489,90.439,0.395,87.7,1
2025-04-01 02:08:53,25.001,69.829,98.293,0.361,84.116,1
2025-04-01 02:08:54,28.181,68.327,96.145,0.422,79.553,1
2025-04-01 02:08:55,29.293,69.406,87.646,0.421,102.696,1
2025-04-01 02:08:56,24.616,68.527,89.543,0.343,89.655,1
2025-04-01 02:08:57,21.968,69.859,92.526,0.362,71.93,1
2025-04-01 02:08:58,24.719,69.35,98.201,0.489,104.355,1
2025-04-01 02:08:59,26.223,70.972,98.89,0.38,91.28,1
2025-04-01 02:09:00,26.273,69.339,98.917,0.266,94.131,1
2025-04-01 02:09:01,26.492,70.279,93.504,0.321,90.937,1
2025-04-01 02:09:02,27.963,69.371,99.345,0.429,90.238,1
2025-04-01 02:09:03,26.553,69.225,90.379,0.342,87.814,1
2025-04-01 02:09:04,25.421,69.929,91.866,0.336,80.97,1
2025-04-01 02:09:05,27.355,69.464,87.672,0.845,84.949,1
2025-04-01 02:09:06,28.349,69.111,96.996,0.878,84.917,1
2025-04-01 02:09:07,25.63,68.342,91.87,1.113,86.052,1
2025-04-01 02:09:08,25.157,69.724,86.539,0.887,93.777,1
2025-04-01 02:09:09,23.086,69.356,92.78,1.037,85.55,1
2025-04-01 02:09:10,28.561,70.276,92.546,0.68,82.75,1
2025-04-01 02:09:11,26.294,68.888,92.895,0.786,92.684,1
2025-04-01 02:09:12,23.312,69.4,94.516,0.859,85.494,1
2025-04-01 02:09:13,35.616,68.424,92.539,0.976,76.612,1
2025-04-01 02:09:14,31.428,69.357,93.561,0.931,111.805,1
2025-04-01 02:09:15,36.014,69.476,86.878,0.642,82.205,1
2025-04-01 02:09:16,39.325,68.749,96.567,0.753,66.58,1
2025-04-01 02:09:17,33.288,69.276,92.196,0.663,94.881,1
2025-04-01 02:09:18,37.65,69.802,90.462,0.649,84.191,1
2025-04-01 02:09:19,39.02,69.648,102.573,0.565,75.263,1
2025-04-01 02:09:20,34.62,68.765,102.646,0.703,95.813,1
2025-04-01 02:09:21,37.313,68.932,96.795,0.435,85.021,1
2025-04-01 02:09:22,36.939,68.291,101.087,0.809,87.653,1
2025-04-01 02:09:23,35.341,67.989,90.593,0.869,94.822,1
2025-04-01 02:09:24,38.784,68.22,91.885,0.524,103.407,1
2025-04-01 02:09:25,40.094,68.908,100.98,0.756,83.911,1
2025-04-01 02:09:26,36.938,69.048,97.509,0.849,99.827,1
2025-04-01 02:09:27,35.434,67.933,94.112,0.847,80.501,1
2025-04-01 02:09:28,33.269,69.376,91.427,0.682,106.067,1
2025-04-01 02:09:29,38.702,68.523,91.628,0.756,89.477,1
2025-04-01 02:09:30,38.171,69.442,98.767,0.699,91.446,1
2025-04-01 02:09:31,30.947,69.729,107.647,0.76,72.525,1
2025-04-01 02:09:32,35.857,69.286,94.684,0.757,104.664,1
2025-04-01 02:09:33,33.312,68.411,95.952,0.779,86.619,1
2025-04-01 02:09:34,34.491,68.595,96.389,0.81,72.895,1
2025-04-01 02:09:35,32.925,68.765,112.749,0.871,80.291,1
2025-04-01 02:09:36,33.707,68.207,101.159,0.98,72.598,1
2025-04-01 02:09:37,39.157,69.034,100.942,0.754,87.348,1
2025-04-01 02:09:38,30.126,68.911,99.615,0.859,91.322,1
2025-04-01 02:09:39,29.928,67.708,93.678,1.069,91.484,1
2025-04-01 02:09:40,26.145,68.206,106.503,0.955,88.002,1
2025-04-01 02:09:41,24.868,68.961,107.236,0.979,74.398,1
2025-04-01 02:09:42,29.802,69.119,97.169,0.827,82.556,1
2025-04-01 02:09:43,36.12,70.292,99.715,0.843,84.466,1
2025-04-01 02:09:44,44.256,67.981,101.355,0.821,82.418,1
2025-04-01 02:09:45,40.97,68.028,107.246,0.858,95.031,1
2025-04-01 02:09:46,40.46,68.031,101.885,0.77,100.585,1
2025-04-01 02:09:47,38.251,68.183,99.79,1.075,77.498,1
2025-04-01 02:09:48,44.307,67.282,107.51,0.991,80.165,1
2025-04-01 02:09:49,41.582,66.05,97.37,1.806,93.518,1
2025-04-01 02:09:50,41.207,66.523,94.063,1.369,82.469,1
2025-04-01 02:09:51,39.264,67.19,101.229,1.506,89.881,1
2025-04-01 02:09:52,42.464,69.271,97.896,1.608,85.375,1
2025-04-01 02:09:53,41.727,66.929,109.114,1.504,80.359,1
2025-04-01 02:09:54,43.926,66.382,103.974,1.527,87.899,1
2025-04-01 02:09:55,44.002,66.232,104.929,1.624,87.217,1
2025-04-01 02:09:56,41.07,67.275,99.875,1.558,74.445,1
2025-04-01 02:09:57,41.689,65.249,104.516,2.375,88.924,1
2025-04-01 02:09:58,40.461,66.397,100.319,2.225,96.516,1
2025-04-01 02:09:59,39.825,66.847,104.75,4.405,86.632,1
2025-04-01 02:10:00,40.724,66.024,105.296,5.065,91.466,1
2025-04-01 02:10:01,40.694,68.13,97.549,5.211,95.201,1
2025-04-01 02:10:02,41.288,66.523,100.378,5.208,79.599,1
2025-04-01 02:10:03,40.577,66.496,103.778,5.353,81.881,1
2025-04-01 02:10:04,39.419,65.14,105.055,4.83,90.902,1
2025-04-01 02:10:05,38.615,65.193,111.494,5.294,80.954,1
2025-04-01 02:10:06,41.574,65.844,99.119,4.87,83.56,1
2025-04-01 02:10:07,40.798,65.499,102.557,4.569,98.632,1
2025-04-01 02:10:08,40.141,63.875,98.075,4.085,79.392,1
2025-04-01 02:10:09,42.149,67.277,99.874,4.947,96.631,1
2025-04-01 02:10:10,39.823,65.187,110.677,4.603,80.501,1
2025-04-01 02:10:11,38.709,66.109,104.429,2.321,85.583,1
2025-04-01 02:10:12,40.565,65.123,98.327,2.952,104.118,1
2025-04-01 02:10:13,42.903,65.693,105.426,2.742,88.841,1
2025-04-01 02:10:14,41.17,64.7,106.477,2.822,93.949,1
2025-04-01 02:10:15,41.843,65.022,100.062,2.901,82.143,1
2025-04-01 02:10:16,41.34,64.36,105.311,2.468,92.923,1
2025-04-01 02:10:17,39.202,65.815,98.977,2.496,80.95,1
2025-04-01 02:10:18,45.179,65.179,101.424,2.177,82.568,1
2025-04-01 02:10:19,38.539,64.169,102.775,2.424,80.196,1
2025-04-01 02:10:20,42.516,63.869,100.86,2.758,90.274,1
2025-04-01 02:10:21,38.861,65.109,96.43,2.737,94.2,1
2025-04-01 02:10:22,43.017,64.548,102.462,2.384,95.334,1
2025-04-01 02:10:23,41.87,64.569,103.226,2.463,83.403,1
2025-04-01 02:10:24,42.364,64.986,97.107,2.672,84.524,1
2025-04-01 02:10:25,41.527,64.066,97.767,2.269,71.943,1
2025-04-01 02:10:26,40.595,65.001,100.845,2.87,100.288,1
2025-04-01 02:10:27,39.005,63.313,105.185,1.744,69.014,1
2025-04-01 02:10:28,48.59,64.631,103.643,2.218,88.546,1
2025-04-01 02:10:29,53.403,64.959,114.645,2.422,63.719,1
2025-04-01 02:10:30,52.754,62.771,97.479,2.496,98.896,1
2025-04-01 02:10:31,52.813,62.97,96.65,2.032,94.022,1
2025-04-01 02:10:32,47.263,64.743,118.266,2.079,88.573,1
2025-04-01 02:10:33,47.604,63.721,109.611,1.996,110.699,1
2025-04-01 02:10:34,48.85,62.714,105.407,1.281,87.697,1
2025-04-01 02:10:35,51.467,63.355,105.647,1.969,83.177,1
2025-04-01 02:10:36,49.931,63.134,111.325,2.118,80.313,1
2025-04-01 02:10:37,52.691,61.469,105.591,1.451,80.537,1
2025-04-01 02:10:38,51.827,62.607,100.184,2.009,96.707,1
2025-04-01 02:10:39,50.81,62.983,98.156,2.003,75.916,1
2025-04-01 02:10:40,49.899,62.541,98.383,1.469,94.841,1
2025-04-01 02:10:41,54.021,61.726,104.529,1.697,89.945,1
2025-04-01 02:10:42,46.355,62.905,108.057,1.721,96.461,1
2025-04-01 02:10:43,51.342,62.25,101.02,1.944,87.031,1
2025-04-01 02:10:44,50.594,63.489,111.197,2.396,80.251,1
2025-04-01 02:10:45,53.122,61.424,106.629,1.758,84.58,1
2025-04-01 02:10:46,38.838,63.563,100.846,1.805,81.639,1
2025-04-01 02:10:47,36.84,62.345,113.102,1.773,85.385,1
2025-04-01 02:10:48,39.456,62.454,105.558,1.41,89.334,1
2025-04-01 02:10:49,38.275,61.608,110.627,1.936,73.752,1
2025-04-01 02:10:50,40.196,61.821,104.339,1.263,86.253,1
2025-04-01 02:10:51,37.638,63.574,116.043,1.776,84.66,1
2025-04-01 02:10:52,36.723,61.235,112.075,1.885,85.83,1
2025-04-01 02:10:53,41.092,38.968,114.872,0.768,85.65,1
2025-04-01 02:10:54,42.105,37.783,114.233,1.168,85.402,1
2025-04-01 02:10:55,43.258,7.191,102.257,1.482,85.505,1
2025-04-01 02:10:56,39.512,9.009,117.783,1.205,85.065,1
2025-04-01 02:10:57,36.757,7.73,107.488,1.177,85.683,1
2025-04-01 02:10:58,36.003,9.185,112.31,1.897,85.63,1
2025-04-01 02:10:59,32.18,9.124,119.353,1.185,84.948,1
2025-04-01 02:11:00,35.076,7.688,109.344,1.417,83.718,1
2025-04-01 02:11:01,36.43,8.552,116.199,1.302,85.462,1
2025-04-01 02:11:02,39.962,7.966,115.449,0.93,83.999,1
2025-04-01 02:11:03,38.159,8.237,114.847,1.209,84.743,1
2025-04-01 02:11:04,36.899,7.701,120.349,0.833,83.757,1
2025-04-01 02:11:05,34.877,6.966,109.835,0.82,86.019,1
2025-04-01 02:11:06,38.234,7.093,117.184,1.281,84.561,1
2025-04-01 02:11:07,40.822,7.366,115.746,1.379,86.241,1
2025-04-01 02:11:08,35.595,7.887,114.667,1.136,84.463,1
2025-04-01 02:11:09,40.364,9.397,106.215,1.075,84.265,1
2025-04-01 02:11:10,36.306,7.881,111.905,0.615,84.17,1
2025-04-01 02:11:11,41.107,7.439,115.733,0.892,83.326,1
2025-04-01 02:11:12,36.833,8.065,114.475,1.032,83.482,1
2025-04-01 02:11:13,39.753,7.83,109.462,1.638,84.626,1
2025-04-01 02:11:14,38.004,7.401,109.367,0.705,84.298,1
2025-04-01 02:11:15,35.945,6.676,112.95,1.115,84.969,1
2025-04-01 02:11:16,36.887,6.296,103.28,0.742,84.227,1
2025-04-01 02:11:17,41.001,6.803,117.494,1.207,84.341,1
2025-04-01 02:11:18,40.438,6.933,106.706,1.244,85.325,1
2025-04-01 02:11:19,37.611,6.871,117.207,0.808,84.99,1
2025-04-01 02:11:20,37.576,8.265,114.083,1.114,84.347,1
2025-04-01 02:11:21,34.338,7.781,104.466,1.396,84.565,1
2025-04-01 02:11:22,34.69,7.645,118.048,1.181,86.604,1
2025-04-01 02:11:23,33.341,7.495,114.108,1.124,84.478,1
2025-04-01 02:11:24,40.077,8.726,114.561,0.987,86.059,1
2025-04-01 02:11:25,37.067,7.541,115.649,1.093,84.057,1
2025-04-01 02:11:26,37.62,7.966,109.54,1.143,84.833,1
2025-04-01 02:11:27,36.832,7.617,105.629,1.073,84.994,1
2025-04-01 02:11:28,49.146,8.131,109.223,2.589,85.761,1
2025-04-01 02:11:29,51.914,8.771,112.444,2.543,86.329,1
2025-04-01 02:11:30,45.045,8.522,104.555,2.013,86.399,1
2025-04-01 02:11:31,46.874,32.459,114.478,2.425,85.307,1
2025-04-01 02:11:32,49.412,33.502,113.771,2.652,83.889,1
2025-04-01 02:11:33,48.713,33.383,121.604,1.832,84.991,1
2025-04-01 02:11:34,49.073,30.957,116.139,3.303,85.755,1
2025-04-01 02:11:35,51.064,32.329,115.697,2.497,85.173,1
2025-04-01 02:11:36,44.844,33.648,114.753,1.732,84.193,1
2025-04-01 02:11:37,49.154,32.182,117.914,2.532,86.476,1
2025-04-01 02:11:38,46.479,32.351,105.904,2.466,85.108,1
2025-04-01 02:11:39,48.28,33.826,119.717,2.57,73.467,1
2025-04-01 02:11:40,52.343,32.703,110.792,2.208,93.426,1
2025-04-01 02:11:41,47.89,33.42,116.543,1.86,96.854,1
2025-04-01 02:11:42,48.705,31.855,98.472,3.368,95.095,1
2025-04-01 02:11:43,47.715,32.989,111.006,3.159,80.942,1
2025-04-01 02:11:44,51.196,33.108,106.652,3.021,84.857,1
2025-04-01 02:11:45,49.83,32.608,104.804,2.266,79.415,1
2025-04-01 02:11:46,49.434,32.863,103.069,3.788,96.898,1
2025-04-01 02:11:47,50.935,33.461,113.425,3.364,84.482,1
2025-04-01 02:11:48,48.628,33.984,113.933,2.929,92.382,1
2025-04-01 02:11:49,47.169,63.26,102.925,2.006,84.489,1
2025-04-01 02:11:50,47.621,61.083,97.137,2.884,85.069,1
2025-04-01 02:11:51,47.168,62.157,110.763,3.287,84.901,1
2025-04-01 02:11:52,49.396,62.451,105.357,3.364,94.388,1
2025-04-01 02:11:53,50.449,62.399,113.366,2.643,79.002,1
2025-04-01 02:11:54,46.121,62.415,111.17,3.854,84.688,1
2025-04-01 02:11:55,52.614,63.3,110.699,3.333,73.891,1
2025-04-01 02:11:56,50.291,64.039,110.242,4.529,88.369,1
2025-04-01 02:11:57,37.6,62.271,113.694,3.221,77.816,1
2025-04-01 02:11:58,42.017,62.917,113.672,4.11,81.292,1
2025-04-01 02:11:59,39.439,64.579,111.215,3.67,92.828,1
2025-04-01 02:12:00,39.963,63.064,116.138,2.671,72.506,1
2025-04-01 02:12:01,39.481,63.091,112.169,2.379,98.424,1
2025-04-01 02:12:02,39.49,63.46,117.324,2.698,95.34,1
2025-04-01 02:12:03,41.646,64.022,118.68,3.232,88.836,1
2025-04-01 02:12:04,38.96,62.597,123.44,2.948,95.275,1
2025-04-01 02:12:05,41.088,65.042,116.645,3.635,69.979,1
2025-04-01 02:12:06,28.927,63.193,117.228,2.048,100.003,1
2025-04-01 02:12:07,27.72,64.478,110.406,3.441,83.794,1
2025-04-01 02:12:08,26.864,64.653,124.611,2.794,91.728,1
2025-04-01 02:12:09,28.695,64.841,119.712,2.457,81.926,1
2025-04-01 02:12:10,30.502,62.678,117.493,3.108,93.261,1
2025-04-01 02:12:11,25.611,65.371,125.833,3.07,92.154,1
2025-04-01 02:12:12,28.432,64.513,116.696,2.938,98.279,1
2025-04-01 02:12:13,27.123,64.098,118.998,3.248,81.639,1
2025-04-01 02:12:14,28.551,65.073,120.103,3.501,90.233,1
2025-04-01 02:12:15,24.641,64.704,119.171,3.264,96.505,1
2025-04-01 02:12:16,25.082,64.273,130.547,2.848,78.465,1
2025-04-01 02:12:17,26.846,66.122,119.551,3.466,100.343,1
2025-04-01 02:12:18,30.774,64.804,128.136,3.541,78.648,1
2025-04-01 02:12:19,26.549,65.382,120.868,4.543,97.536,1
2025-04-01 02:12:20,27.085,66.24,119.719,4.836,80.021,1
2025-04-01 02:12:21,30.151,65.977,121.306,4.694,100.137,1
2025-04-01 02:12:22,26.825,65.74,120.939,5.103,93.153,1
2025-04-01 02:12:23,29.88,65.689,118.239,5.372,85.36,1
2025-04-01 02:12:24,30.234,65.229,125.949,4.259,87.278,1
2025-04-01 02:12:25,27.626,67.147,121.753,4.707,92.795,1
2025-04-01 02:12:26,25.338,66.162,126.828,5.62,84.295,1
2025-04-01 02:12:27,27.519,67.678,124.789,5.711,95.374,1
2025-04-01 02:12:28,27.29,65.802,122.782,4.35,73.872,1
2025-04-01 02:12:29,28.422,65.983,123.666,4.772,78.524,1
2025-04-01 02:12:30,26.453,66.686,121.775,4.98,89.494,1
2025-04-01 02:12:31,25.471,66.781,128.426,4.54,89.819,1
2025-04-01 02:12:32,26.646,66.38,135.517,4.63,89.316,1
2025-04-01 02:12:33,26.938,67.657,135.606,4.622,89.644,1
2025-04-01 02:12:34,26.556,65.619,132.322,4.19,90.094,1
2025-04-01 02:12:35,28.076,65.792,132.433,4.766,88.947,1
2025-04-01 02:12:36,26.95,66.004,131.294,4.631,89.2,1
2025-04-01 02:12:37,26.486,67.045,120.457,4.672,86.808,1
2025-04-01 02:12:38,27.569,67.009,120.042,4.925,88.87,1
2025-04-01 02:12:39,25.253,68.479,121.87,4.97,89.536,1
2025-04-01 02:12:40,25.39,66.615,117.735,5.011,88.59,1
2025-04-01 02:12:41,26.55,68.221,109.83,4.918,90.533,0
2025-04-01 02:12:42,26.954,67.476,110.396,3.969,87.407,0
2025-04-01 02:12:43,27.035,67.315,109.83,4.234,87.967,0
2025-04-01 02:12:44,27.053,68.449,109.766,4.481,88.346,0
2025-04-01 02:12:45,27.331,67.266,110.377,3.84,89.676,0
2025-04-01 02:12:46,26.622,69.22,107.826,4.001,98.82,1
2025-04-01 02:12:47,26.886,69.019,108.868,4.276,79.662,1
2025-04-01 02:12:48,26.765,68.38,109.561,4.38,83.614,1
2025-04-01 02:12:49,26.841,67.072,111.041,4.231,91.662,1
2025-04-01 02:12:50,26.849,68.129,105.194,4.435,89.438,1
2025-04-01 02:12:51,26.648,67.347,105.305,4.734,96.567,1
2025-04-01 02:12:52,27.366,68.602,110.45,5.169,84.273,1
2025-04-01 02:12:53,27.533,67.191,103.809,4.427,90.808,1
2025-04-01 02:12:54,29.144,69.698,103.071,3.426,81.923,1
2025-04-01 02:12:55,28.264,68.626,108.645,4.214,101.587,1
2025-04-01 02:12:56,34.112,67.005,106.439,3.844,87.882,1
2025-04-01 02:12:57,38.577,70.232,105.423,4.477,89.254,1
2025-04-01 02:12:58,36.525,69.08,102.185,3.626,98.208,1
2025-04-01 02:12:59,38.101,68.875,105.522,3.751,88.757,1
2025-04-01 02:13:00,36.024,69.044,108.91,4.329,86.577,1
2025-04-01 02:13:01,38.349,68.375,109.021,4.242,89.002,1
2025-04-01 02:13:02,36.387,70.377,103.438,4.094,91.858,1
2025-04-01 02:13:03,36.141,67.922,106.623,2.803,90.122,1
2025-04-01 02:13:04,35.158,68.993,105.804,4.441,95.069,1
2025-04-01 02:13:05,37.752,68.938,108.456,3.451,95.301,1
2025-04-01 02:13:06,35.824,69.486,102.35,3.113,72.258,1
2025-04-01 02:13:07,35.724,69.788,105.197,3.666,99.321,1
2025-04-01 02:13:08,36.41,69.054,108.582,3.473,92.627,1
2025-04-01 02:13:09,37.532,69.346,108.325,3.744,100.423,1
2025-04-01 02:13:10,37.168,68.363,108.95,2.625,80.534,1
2025-04-01 02:13:11,35.14,69.021,105.458,3.267,80.599,1
2025-04-01 02:13:12,33.186,70.457,108.223,2.039,75.734,1
2025-04-01 02:13:13,35.884,67.785,107.448,3.131,88.206,1
2025-04-01 02:13:14,36.066,70.64,105.187,2.437,89.919,1
2025-04-01 02:13:15,34.581,69.532,105.072,2.318,86.22,1
2025-04-01 02:13:16,33.098,69.031,112.805,1.593,88.914,1
2025-04-01 02:13:17,35.722,67.835,114.285,1.676,99.132,1
2025-04-01 02:13:18,41.763,69.059,111.447,1.61,76.609,1
2025-04-01 02:13:19,38.943,69.327,106.791,1.521,92.328,1
2025-04-01 02:13:20,37.002,69.542,107.886,1.609,99.907,1
2025-04-01 02:13:21,38.439,69.433,107.587,1.112,82.024,1
2025-04-01 02:13:22,35.341,68.827,111.014,1.935,88.146,1
2025-04-01 02:13:23,41.55,69.196,108.916,1.374,85.121,1
2025-04-01 02:13:24,35.391,69.336,113.3,1.223,79.223,1
2025-04-01 02:13:25,36.889,68.987,111.213,1.284,86.863,1
2025-04-01 02:13:26,36.263,70.878,108.809,1.386,86.145,1
2025-04-01 02:13:27,35.442,68.607,115.961,1.206,97.591,1
2025-04-01 02:13:28,38.941,68.576,119.358,1.071,91.787,1
2025-04-01 02:13:29,37.672,68.452,116.439,0.941,85.226,1
2025-04-01 02:13:30,46.814,70.263,107.815,1.577,97.193,1
2025-04-01 02:13:31,51.425,69.872,113.557,1.223,82.828,1
2025-04-01 02:13:32,50.271,69.164,109.106,1.267,88.858,1
2025-04-01 02:13:33,47.412,69.991,116.95,0.671,83.717,1
2025-04-01 02:13:34,54.014,68.263,115.762,1.183,98.574,1
2025-04-01 02:13:35,47.367,70.066,106.848,1.087,84.535,1
2025-04-01 02:13:36,50.372,69.141,115.648,0.708,87.627,1
2025-04-01 02:13:37,51.052,67.214,109.726,1.118,92.94,1
2025-04-01 02:13:38,49.533,68.52,109.871,1.285,85.772,1
2025-04-01 02:13:39,50.105,68.272,122.152,0.922,81.928,1
2025-04-01 02:13:40,49.072,68.06,116.084,0.65,87.642,1
2025-04-01 02:13:41,49.551,68.148,115.313,1.295,90.044,1
2025-04-01 02:13:42,55.013,69.009,119.396,0.615,88.815,1
2025-04-01 02:13:43,50.24,67.093,111.863,0.905,82.304,1
2025-04-01 02:13:44,49.462,68.136,121.326,0.922,77.635,1
2025-04-01 02:13:45,48.809,68.837,114.542,1.4,85.311,1
2025-04-01 02:13:46,47.106,67.053,118.293,0.506,83.996,1
2025-04-01 02:13:47,48.525,68.597,114.059,0.49,76.011,1
2025-04-01 02:13:48,53.621,67.568,116.713,0.486,94.797,1
2025-04-01 02:13:49,47.497,67.18,114.436,0.742,76.783,1
2025-04-01 02:13:50,47.674,69.595,118.579,0.536,90.691,1
2025-04-01 02:13:51,49.031,68.391,123.524,0.353,87.332,1
2025-04-01 02:13:52,54.503,67.881,122.732,0.575,98.134,1
2025-04-01 02:13:53,50.223,68.878,114.657,0.678,69.399,1
2025-04-01 02:13:54,55.684,68.126,107.217,0.622,79.056,1
2025-04-01 02:13:55,54.173,68.115,115.392,0.835,92.64,1
2025-04-01 02:13:56,53.048,67.824,119.248,0.469,73.812,1
2025-04-01 02:13:57,50.474,67.577,113.269,0.761,79.421,1
2025-04-01 02:13:58,51.024,66.995,115.254,1.588,84.231,1
2025-04-01 02:13:59,48.787,67.708,112.619,1.164,85.871,1
2025-04-01 02:14:00,51.031,66.996,126.733,0.532,93.799,1
2025-04-01 02:14:01,53.718,67.558,116.207,1.035,87.68,1
2025-04-01 02:14:02,47.332,67.956,111.345,1.745,77.522,1
2025-04-01 02:14:03,43.385,67.068,111.449,1.505,80.879,1
2025-04-01 02:14:04,42.023,67.483,125.853,1.495,89.747,1
2025-04-01 02:14:05,46.055,66.136,120.33,1.388,81.576,1
2025-04-01 02:14:06,40.291,65.473,127.104,1.729,86.48,1
2025-04-01 02:14:07,39.238,68.189,114.781,1.614,98.242,1
2025-04-01 02:14:08,41.475,67.439,117.828,1.269,93.742,1
2025-04-01 02:14:09,43.907,67.742,111.159,0.763,76.076,1
2025-04-01 02:14:10,45.256,65.908,117.176,1.376,81.06,1
2025-04-01 02:14:11,37.657,67.062,120.412,1.368,89.31,1
2025-04-01 02:14:12,43.772,66.318,121.039,1.696,81.442,1
2025-04-01 02:14:13,42.932,65.592,111.509,2.11,74.912,1
2025-04-01 02:14:14,40.559,65.239,121.66,1.418,70.219,1
2025-04-01 02:14:15,44.2,66.811,114.487,1.876,79.889,1
2025-04-01 02:14:16,40.14,66.099,115.4,1.774,78.257,1
2025-04-01 02:14:17,41.816,65.252,112.321,1.867,81.654,1
2025-04-01 02:14:18,41.136,67.094,123.299,2.059,91.156,1
2025-04-01 02:14:19,40.611,66.108,120.429,1.784,79.128,1
2025-04-01 02:14:20,40.724,66.09,124.475,2.262,91.026,1
2025-04-01 02:14:21,41.829,63.803,116.038,1.376,84.93,1
2025-04-01 02:14:22,47.032,65.504,120.093,1.93,89.116,1
2025-04-01 02:14:23,40.338,64.931,121.623,1.672,84.1,1
2025-04-01 02:14:24,43.061,65.634,116.387,2.134,79.674,1
2025-04-01 02:14:25,42.606,65.179,121.334,1.583,88.815,1
2025-04-01 02:14:26,42.272,65.216,111.134,2.366,89.385,1
2025-04-01 02:14:27,42.476,64.242,120.522,1.999,83.181,1
2025-04-01 02:14:28,40.779,64.458,119.989,1.879,78.839,1
2025-04-01 02:14:29,41.1,37.306,116.81,2.018,89.508,1
2025-04-01 02:14:30,39.524,37.072,125.752,2.332,70.75,1
2025-04-01 02:14:31,44.013,36.084,119.665,2.125,101.363,1
2025-04-01 02:14:32,41.972,36.498,123.89,2.611,85.096,1
2025-04-01 02:14:33,38.768,36.749,129.879,2.175,72.382,1
2025-04-01 02:14:34,41.741,36.201,99.11,2.43,85.69,1
2025-04-01 02:14:35,43.46,38.045,101.251,2.534,79.056,1
2025-04-01 02:14:36,31.299,38.021,108.602,2.126,86.428,1
2025-04-01 02:14:37,30.147,37.256,104.348,2.091,78.378,1
2025-04-01 02:14:38,26.485,37.736,109.197,2.41,82.082,1
2025-04-01 02:14:39,30.901,36.054,102.695,2.592,83.682,1
2025-04-01 02:14:40,32.143,35.911,104.509,2.203,81.718,1
2025-04-01 02:14:41,24.635,35.346,107.604,2.53,72.136,1
2025-04-01 02:14:42,30.824,36.541,100.916,2.394,87.258,1
2025-04-01 02:14:43,30.58,36.175,102.764,2.015,87.282,1
2025-04-01 02:14:44,25.113,35.637,104.401,2.879,84.309,1
2025-04-01 02:14:45,29.329,36.89,108.18,2.708,84.789,1
2025-04-01 02:14:46,27.662,36.747,101.085,2.722,85.285,1
2025-04-01 02:14:47,31.631,35.424,105.447,2.684,88.139,1
2025-04-01 02:14:48,29.762,35.008,104.994,2.922,86.283,1
2025-04-01 02:14:49,28.311,37.449,108.134,3.186,89.468,1
2025-04-01 02:14:50,26.855,34.446,96.755,2.979,91.436,1
2025-04-01 02:14:51,28.434,34.864,109.798,2.875,78.29,1
2025-04-01 02:14:52,41.37,35.436,105.315,3.01,87.753,1
2025-04-01 02:14:53,40.006,34.896,107.195,3.073,79.248,1
2025-04-01 02:14:54,41.161,34.371,106.252,2.389,91.924,1
2025-04-01 02:14:55,41.886,35.649,101.51,2.217,69.527,1
2025-04-01 02:14:56,40.455,34.435,118.216,3.056,76.672,1
2025-04-01 02:14:57,39.082,36.133,109.07,2.191,90.876,1
2025-04-01 02:14:58,41.505,34.511,106.744,2.788,74.178,1
2025-04-01 02:14:59,39.844,34.354,111.014,2.362,82.7,1
2025-04-01 02:15:00,38.462,34.314,115.811,2.684,87.555,1
2025-04-01 02:15:01,42.952,34.897,110.553,2.593,73.755,1
2025-04-01 02:15:02,34.091,35.072,106.629,2.835,95.569,1
2025-04-01 02:15:03,35.471,35.377,114.366,2.977,86.982,1
2025-04-01 02:15:04,41.733,35.508,116.037,2.328,88.334,1
2025-04-01 02:15:05,40.522,35.746,118.529,3.24,80.166,1
2025-04-01 02:15:06,42.055,34.754,108.622,2.802,87.44,1
2025-04-01 02:15:07,40.611,34.521,110.497,2.492,88.168,1
2025-04-01 02:15:08,41.027,35.555,105.623,2.442,88.065,1
2025-04-01 02:15:09,36.979,34.937,110.024,2.751,90.123,1
2025-04-01 02:15:10,34.485,34.721,111.475,2.776,71.685,1
2025-04-01 02:15:11,34.52,34.458,111.721,2.11,77.857,1
2025-04-01 02:15:12,40.816,34.724,107.494,3.08,93.772,1
2025-04-01 02:15:13,35.144,33.822,116.33,2.846,85.608,1
2025-04-01 02:15:14,42.691,34.252,120.214,2.372,98.201,1
2025-04-01 02:15:15,40.958,34.671,113.838,2.65,78.535,1
2025-04-01 02:15:16,38.624,34.344,110.935,2.97,88.765,1
2025-04-01 02:15:17,39.835,33.528,114.869,2.486,93.287,1
2025-04-01 02:15:18,41.911,33.583,118.41,2.559,87.099,1
2025-04-01 02:15:19,41.297,33.99,118.866,2.354,78.808,1
2025-04-01 02:15:20,35.637,34.1,111.902,2.178,110.704,1
2025-04-01 02:15:21,40.038,33.155,119.692,2.158,77.462,1
2025-04-01 02:15:22,34.496,34.151,117.739,2.598,102.805,1
2025-04-01 02:15:23,40.07,33.632,126.442,2.364,76.245,1
2025-04-01 02:15:24,38.421,34.468,125.257,2.578,108.173,1
2025-04-01 02:15:25,42.765,33.4,120.719,2.27,108.299,1
2025-04-01 02:15:26,40.547,33.367,132.698,4.229,79.609,1
2025-04-01 02:15:27,37.87,33.359,120.673,3.477,73.321,1
2025-04-01 02:15:28,37.472,34.23,121.504,3.497,101.98,1
2025-04-01 02:15:29,43.624,34.4,119.376,2.543,93.919,1
2025-04-01 02:15:30,39.446,34.448,131.927,3.661,103.179,1
2025-04-01 02:15:31,39.55,33.721,126.288,3.44,82.305,1
2025-04-01 02:15:32,42.148,32.835,125.245,3.033,105.414,1
2025-04-01 02:15:33,36.082,35.282,130.473,2.747,84.52,1
2025-04-01 02:15:34,41.013,33.073,129.216,3.245,95.395,1
2025-04-01 02:15:35,30.222,33.035,126.702,1.116,94.992,1
2025-04-01 02:15:36,28.642,34.029,129.523,1.552,75.341,1
2025-04-01 02:15:37,32.421,34.972,135.509,1.207,81.124,1
2025-04-01 02:15:38,31.785,33.832,132.866,1.516,84.583,1
2025-04-01 02:15:39,30.951,34.543,135.198,1.65,92.025,1
2025-04-01 02:15:40,28.571,35.515,141.488,1.415,88.295,1
2025-04-01 02:15:41,27.293,33.896,130.315,1.556,101.785,1
2025-04-01 02:15:42,31.141,34.495,124.456,1.16,81.517,1
2025-04-01 02:15:43,24.582,34.414,136.95,1.312,92.659,1
2025-04-01 02:15:44,25.51,35.265,139.957,2.015,107.471,1
2025-04-01 02:15:45,27.957,34.722,140.76,1.468,101.158,1
2025-04-01 02:15:46,26.821,34.819,136.556,1.641,71.114,1
2025-04-01 02:15:47,27.461,35.782,143.376,1.044,112.631,1
2025-04-01 02:15:48,26.482,34.72,145.606,1.6,92.718,1
2025-04-01 02:15:49,25.74,35.636,139.463,1.309,81.565,1
2025-04-01 02:15:50,25.458,35.247,138.689,1.198,93.485,1
2025-04-01 02:15:51,24.189,35.227,146.45,1.574,96.66,1
2025-04-01 02:15:52,29.601,34.935,149.276,0.643,97.584,1
2025-04-01 02:15:53,23.903,34.482,148.532,1.714,87.802,1
2025-04-01 02:15:54,24.292,35.618,129.473,1.334,87.237,1
2025-04-01 02:15:55,39.209,35.294,128.41,0.813,86.091,1
2025-04-01 02:15:56,40.127,34.43,112.811,1.409,83.987,1
2025-04-01 02:15:57,42.543,35.621,129.306,1.29,101.393,1
2025-04-01 02:15:58,38.416,34.681,126.44,1.173,94.189,1
2025-04-01 02:15:59,40.485,35.477,130.307,1.304,84.066,1
2025-04-01 02:16:00,40.819,35.648,135.173,1.327,73.083,1
2025-04-01 02:16:01,35.693,35.696,128.85,0.975,95.355,1
2025-04-01 02:16:02,48.536,35.89,127.935,1.281,93.017,1
2025-04-01 02:16:03,50.107,62.312,127.834,0.548,86.94,1
2025-04-01 02:16:04,49.348,64.144,133.97,0.651,91.557,1
2025-04-01 02:16:05,48.616,61.403,132.817,1.163,81.208,1
2025-04-01 02:16:06,49.611,39.085,133.719,1.007,91.953,1
2025-04-01 02:16:07,51.684,39.452,125.905,0.985,80.833,1
2025-04-01 02:16:08,50.906,39.192,131.484,0.739,76.375,1
2025-04-01 02:16:09,52.621,40.545,135.842,1.134,105.391,1
2025-04-01 02:16:10,51.539,38.847,139.561,0.817,81.565,1
2025-04-01 02:16:11,48.145,38.457,140.639,1.031,104.773,1
2025-04-01 02:16:12,50.912,38.335,137.058,0.666,102.135,1
2025-04-01 02:16:13,48.821,40.695,131.33,0.74,94.258,1
2025-04-01 02:16:14,54.354,39.881,139.739,1.401,78.306,1
2025-04-01 02:16:15,49.688,39.355,138.875,0.916,90.39,1
2025-04-01 02:16:16,48.492,39.957,131.306,1.278,88.001,1
2025-04-01 02:16:17,44.123,39.678,139.4,1.106,89.083,1
2025-04-01 02:16:18,51.973,41.182,139.401,0.891,91.938,1
2025-04-01 02:16:19,48.599,40.639,136.167,1.097,78.361,1
2025-04-01 02:16:20,47.374,41.366,116.876,0.62,83.905,1
2025-04-01 02:16:21,47.379,39.124,113.078,0.76,75.11,1
2025-04-01 02:16:22,48.15,23.244,101.71,0.8,83.096,1
2025-04-01 02:16:23,45.461,23.568,108.421,0.511,94.218,1
2025-04-01 02:16:24,46.616,23.6,103.202,0.808,93.574,1
2025-04-01 02:16:25,50.309,23.436,105.01,0.981,104.597,1
2025-04-01 02:16:26,47.387,22.652,111.131,1.22,88.427,1
2025-04-01 02:16:27,47.565,23.24,106.156,1.407,84.519,1
2025-04-01 02:16:28,48.228,23.733,110.448,1.396,93.499,1
2025-04-01 02:16:29,50.959,23.129,110.882,1.052,96.341,1
2025-04-01 02:16:30,50.988,23.513,111.292,0.783,80.561,1
2025-04-01 02:16:31,48.597,23.092,105.172,1.315,84.821,1
2025-04-01 02:16:32,48.627,24.106,113.275,1.308,73.058,1
2025-04-01 02:16:33,48.244,22.941,114.479,1.16,76.836,1
2025-04-01 02:16:34,54.007,24.454,112.263,0.685,85.468,1
2025-04-01 02:16:35,49.354,23.067,101.148,1.521,89.515,1
2025-04-01 02:16:36,38.122,25.43,109.166,1.434,91.522,1
2025-04-01 02:16:37,38.071,24.726,110.622,1.475,94.786,1
2025-04-01 02:16:38,42.339,23.303,117.218,1.196,79.364,1
2025-04-01 02:16:39,40.98,24.843,102.553,1.596,72.737,1
2025-04-01 02:16:40,39.805,25.968,117.274,2.349,81.689,1
2025-04-01 02:16:41,41.762,24.942,113.106,1.982,85.93,1
2025-04-01 02:16:42,40.815,49.131,112.305,2.254,98.319,1
2025-04-01 02:16:43,39.783,47.879,108.933,2.073,89.871,1
2025-04-01 02:16:44,38.849,48.447,106.665,2.244,90.982,1
2025-04-01 02:16:45,28.311,48.25,109.26,3.541,82.477,1
2025-04-01 02:16:46,26.222,48.6,104.848,2.438,82.811,1
2025-04-01 02:16:47,26.762,48.776,110.599,2.674,100.144,1
2025-04-01 02:16:48,29.503,50.18,104.821,3.158,92.587,1
2025-04-01 02:16:49,28.836,49.013,106.496,0.848,85.075,1
2025-04-01 02:16:50,29.387,47.976,109.074,1.309,76.8,1
2025-04-01 02:16:51,28.453,49.756,100.977,1.574,93.057,1
2025-04-01 02:16:52,28.41,50.318,113.528,1.349,86.256,1
2025-04-01 02:16:53,31.033,49.082,110.864,1.578,68.201,1
2025-04-01 02:16:54,30.082,49.91,106.584,1.337,74.288,1
2025-04-01 02:16:55,30.253,31.899,105.761,1.619,102.098,1
2025-04-01 02:16:56,29.734,31.053,98.009,1.223,81.234,1
2025-04-01 02:16:57,28.01,31.017,106.994,1.474,78.888,1
2025-04-01 02:16:58,25.859,31.77,108.245,1.443,85.085,1
2025-04-01 02:16:59,31.079,32.292,106.435,1.723,68.414,1
2025-04-01 02:17:00,32.375,32.471,106.631,1.386,91.808,1
2025-04-01 02:17:01,27.834,32.965,107.334,1.864,73.735,1
2025-04-01 02:17:02,27.396,32.143,111.043,1.885,91.735,1
2025-04-01 02:17:03,32.26,14.733,103.63,1.625,81.936,1
2025-04-01 02:17:04,29.382,13.049,105.335,1.668,90.709,1
2025-04-01 02:17:05,49.516,13.351,105.458,1.836,83.165,1
2025-04-01 02:17:06,39.761,13.829,107.621,1.774,88.077,1
2025-04-01 02:17:07,44.245,14.133,109.729,1.867,83.589,1
2025-04-01 02:17:08,49.711,13.493,107.867,2.095,97.37,1
2025-04-01 02:17:09,46.232,13.347,110.41,1.421,90.377,1
2025-04-01 02:17:10,47.83,12.768,108.545,2.126,88.486,1
2025-04-01 02:17:11,44.454,12.939,109.417,2.117,80.004,1
2025-04-01 02:17:12,44.362,-4.277,107.785,2.003,91.151,1
2025-04-01 02:17:13,48.282,-3.619,115.838,1.964,88.109,1
2025-04-01 02:17:14,47.099,-3.283,101.711,1.396,88.477,1
2025-04-01 02:17:15,45.79,-4.049,109.037,2.117,85.247,1
2025-04-01 02:17:16,43.76,-5.879,109.461,2.108,85.776,1
2025-04-01 02:17:17,46.043,-3.331,105.986,2.205,84.622,1
2025-04-01 02:17:18,39.903,-3.634,118.962,2.149,84.981,1
2025-04-01 02:17:19,45.678,-3.958,114.484,1.714,85.036,1
2025-04-01 02:17:20,42.718,-4.214,119.956,1.944,86.868,1
2025-04-01 02:17:21,39.527,-3.733,110.311,2.057,83.72,1
2025-04-01 02:17:22,44.018,-2.497,115.956,2.031,85.469,1
2025-04-01 02:17:23,45.907,-4.079,113.021,2.068,85.304,1
2025-04-01 02:17:24,44.43,-4.153,126.343,2.07,85.815,1
2025-04-01 02:17:25,41.565,-2.658,103.62,1.901,86.997,1
2025-04-01 02:17:26,46.034,-3.975,116.036,2.192,86.062,1
2025-04-01 02:17:27,38.864,-3.624,117.561,2.146,84.532,1
2025-04-01 02:17:28,56.82,-4.066,105.43,2.019,85.913,1
2025-04-01 02:17:29,56.024,-4.369,117.388,1.977,86.684,1
2025-04-01 02:17:30,59.908,-3.205,116.362,1.611,86.249,1
2025-04-01 02:17:31,53.356,-4.069,113.194,1.992,85.668,1
2025-04-01 02:17:32,54.814,-2.139,121.411,1.947,86.218,1
2025-04-01 02:17:33,57.539,-4.486,111.032,2.247,84.322,1
2025-04-01 02:17:34,56.159,-3.584,113.063,1.941,88.06,1
2025-04-01 02:17:35,59.052,-4.526,109.647,1.944,87.582,1
2025-04-01 02:17:36,58.783,-3.714,112.064,1.659,85.665,1
2025-04-01 02:17:37,52.062,-2.733,109.228,1.938,88.066,1
2025-04-01 02:17:38,57.522,-3.095,118.466,1.113,87.494,1
2025-04-01 02:17:39,53.581,-3.148,121.083,1.005,84.777,1
2025-04-01 02:17:40,58.357,-3.725,111.975,1.142,86.933,1
2025-04-01 02:17:41,56.012,-4.234,117.163,0.98,85.721,1
2025-04-01 02:17:42,52.72,-2.499,115.849,1.071,84.346,1
2025-04-01 02:17:43,55.013,-4.596,110.584,0.869,87.979,1
2025-04-01 02:17:44,52.113,-4.892,110.458,1.085,86.03,1
2025-04-01 02:17:45,56.499,-3.553,115.837,0.965,85.418,1
2025-04-01 02:17:46,55.585,-4.295,110.764,1.089,86.413,1
2025-04-01 02:17:47,55.886,-4.275,121.972,1.112,86.008,1
2025-04-01 02:17:48,59.179,-2.741,106.127,1.236,86.425,1
2025-04-01 02:17:49,60.511,-3.634,110.01,0.958,86.142,1
2025-04-01 02:17:50,58.775,-3.621,129.678,1.299,85.976,1
2025-04-01 02:17:51,55.269,13.311,113.864,0.914,86.966,1
2025-04-01 02:17:52,54.244,31.183,118.442,1.167,87.245,1
2025-04-01 02:17:53,53.141,31.751,119.795,1.049,87.619,1
2025-04-01 02:17:54,56.356,48.921,107.326,0.565,85.728,1
2025-04-01 02:17:55,53.093,47.981,110.396,0.657,87.733,1
2025-04-01 02:17:56,57.421,49.43,109.005,0.568,88.333,1
2025-04-01 02:17:57,55.12,48.648,112.917,0.728,86.795,1
2025-04-01 02:17:58,54.531,49.431,117.154,0.59,87.821,1
2025-04-01 02:17:59,53.771,49.676,107.943,0.565,87.065,1
2025-04-01 02:18:00,55.168,50.446,118.489,0.577,86.948,1
2025-04-01 02:18:01,52.012,48.996,109.988,0.59,88.584,1
2025-04-01 02:18:02,52.314,49.471,126.532,0.59,88.047,1
2025-04-01 02:18:03,55.154,48.668,122.322,0.56,87.67,1
2025-04-01 02:18:04,57.542,47.96,121.303,0.55,88.335,1
2025-04-01 02:18:05,56.448,48.049,116.748,0.432,87.501,1
2025-04-01 02:18:06,57.447,47.553,116.528,0.747,87.43,1
2025-04-01 02:18:07,54.465,46.259,113.735,0.67,89.217,1
2025-04-01 02:18:08,54.794,47.599,109.66,0.388,89.292,1
2025-04-01 02:18:09,55.12,48.506,115.173,1.246,89.661,1
2025-04-01 02:18:10,55.909,66.813,112.666,1.03,88.144,1
2025-04-01 02:18:11,55.784,66.241,116.773,1.114,88.197,1
2025-04-01 02:18:12,57.44,66.695,113.728,0.893,87.311,1
2025-04-01 02:18:13,37.606,68.01,108.986,0.692,88.576,1
2025-04-01 02:18:14,36.708,68.295,110.845,0.889,87.714,1
2025-04-01 02:18:15,38.448,50.528,117.415,1.527,87.628,1
2025-04-01 02:18:16,38.624,49.427,118.052,1.833,89.31,1
2025-04-01 02:18:17,36.417,50.212,116.666,1.796,86.954,1
2025-04-01 02:18:18,41.305,52.333,116.636,1.464,90.058,1
2025-04-01 02:18:19,37.884,49.934,110.356,1.868,88.517,1
2025-04-01 02:18:20,39.895,51.663,112.411,1.463,87.14,1
2025-04-01 02:18:21,41.25,50.13,120.753,0.672,89.222,1
2025-04-01 02:18:22,40.669,50.288,118.667,1.479,89.37,1
2025-04-01 02:18:23,28.992,50.027,113.697,1.4,89.999,1
2025-04-01 02:18:24,25.919,50.807,115.049,1.122,90.602,1
2025-04-01 02:18:25,27.439,51.657,113.868,1.492,87.287,1
2025-04-01 02:18:26,28.735,50.432,117.193,1.579,88.401,1
2025-04-01 02:18:27,31.366,49.947,119.28,1.029,88.794,1
2025-04-01 02:18:28,29.577,50.461,121.891,0.467,89.428,1
2025-04-01 02:18:29,26.647,48.439,118.328,0.728,87.85,1
2025-04-01 02:18:30,28.081,49.161,116.762,0.598,88.66,1
2025-04-01 02:18:31,25.649,50.683,124.829,0.333,89.391,1
2025-04-01 02:18:32,29.607,48.754,115.389,0.467,89.137,1
2025-04-01 02:18:33,30.816,49.995,117.759,0.583,87.901,1
2025-04-01 02:18:34,32.074,49.168,122.43,0.586,89.887,1
2025-04-01 02:18:35,23.874,48.673,128.462,0.435,88.257,1
2025-04-01 02:18:36,27.255,49.077,129.953,0.66,88.715,1
2025-04-01 02:18:37,29.611,49.811,135.351,0.806,88.908,1
2025-04-01 02:18:38,24.428,49.188,122.53,0.614,90.556,1
2025-04-01 02:18:39,25.294,48.864,123.555,0.517,89.696,1
2025-04-01 02:18:40,28.577,49.204,127.83,0.442,88.242,1
2025-04-01 02:18:41,26.512,47.906,132.314,0.538,89.626,1
2025-04-01 02:18:42,31.847,48.472,129.819,0.649,89.516,1
2025-04-01 02:18:43,28.398,48.188,131.427,0.575,88.011,1
2025-04-01 02:18:44,25.707,48.144,130.698,0.342,90.437,1
2025-04-01 02:18:45,30.975,48.843,144.201,0.709,89.121,1
2025-04-01 02:18:46,22.793,47.882,134.97,0.446,90.368,1
2025-04-01 02:18:47,27.887,48.641,131.047,0.529,89.98,1
2025-04-01 02:18:48,27.237,48.066,140.327,0.554,88.75,1
2025-04-01 02:18:49,24.782,47.278,139.167,0.566,90.912,1
2025-04-01 02:18:50,26.118,46.893,141.811,0.268,89.213,1
2025-04-01 02:18:51,29.53,46.488,144.42,1.286,88.764,1
2025-04-01 02:18:52,26.035,46.418,148.282,0.94,89.329,1
2025-04-01 02:18:53,25.621,46.606,139.915,1.236,88.729,1
2025-04-01 02:18:54,28.379,47.329,145.271,1.889,89.859,1
2025-04-01 02:18:55,29.025,47.301,149.074,0.69,89.615,1
2025-04-01 02:18:56,30.046,47.907,147.139,0.787,90.279,1
2025-04-01 02:18:57,28.478,46.654,155.12,1.879,88.897,1
2025-04-01 02:18:58,26.362,45.93,155.807,1.061,89.81,1
2025-04-01 02:18:59,27.748,48.292,159.161,2.057,91.207,1
2025-04-01 02:19:00,28.944,45.449,160.054,1.065,89.133,1
2025-04-01 02:19:01,25.721,45.54,164.41,1.782,89.846,1
2025-04-01 02:19:02,30.762,46.643,165.123,1.142,87.764,1
2025-04-01 02:19:03,27.383,46.649,159.305,1.698,89.014,1
2025-04-01 02:19:04,29.835,46.343,160.61,3.129,89.343,1
2025-04-01 02:19:05,29.034,17.883,167.542,1.786,87.471,1
2025-04-01 02:19:06,25.624,18.384,169.957,1.188,87.574,1
2025-04-01 02:19:07,26.378,19.142,157.147,2.467,89.186,1
2025-04-01 02:19:08,26.903,17.337,138.98,1.703,88.277,1
2025-04-01 02:19:09,28.559,16.067,137.257,2.669,88.19,1
2025-04-01 02:19:10,29.069,17.376,141.689,2.023,88.519,1
2025-04-01 02:19:11,28.675,17.07,145.004,1.775,88.775,1
2025-04-01 02:19:12,27.349,16.07,145.658,2.893,88.46,1
2025-04-01 02:19:13,29.745,16.074,146.574,3.4,89.898,1
2025-04-01 02:19:14,25.071,15.049,144.882,2.02,87.54,1
2025-04-01 02:19:15,27.629,15.547,126.406,1.057,87.694,1
2025-04-01 02:19:16,26.373,14.827,126.295,2.264,89.305,1
2025-04-01 02:19:17,26.633,17.752,127.817,2.424,94.281,1
2025-04-01 02:19:18,25.995,15.367,127.016,2.253,82.218,1
2025-04-01 02:19:19,24.901,14.561,131.391,3.332,94.603,1
2025-04-01 02:19:20,28.552,17.323,125.292,2.698,88.92,1
2025-04-01 02:19:21,29.872,17.433,127.837,1.991,90.725,1
2025-04-01 02:19:22,26.368,17.616,129.366,2.213,75.058,1
2025-04-01 02:19:23,25.709,14.532,127.169,4.238,88.072,1
2025-04-01 02:19:24,26.519,16.81,131.994,2.604,76.068,1
2025-04-01 02:19:25,24.54,15.59,135.186,2.68,78.252,1
2025-04-01 02:19:26,28.676,16.923,129.003,3.154,91.285,1
2025-04-01 02:19:27,27.096,15.552,120.09,3.511,79.549,1
2025-04-01 02:19:28,30.361,16.026,126.831,2.695,85.893,1
2025-04-01 02:19:29,24.732,16.242,124.145,2.883,65.186,1
2025-04-01 02:19:30,24.205,15.589,123.7,3.731,94.285,1
2025-04-01 02:19:31,29.475,15.993,115.969,3.317,86.716,1
2025-04-01 02:19:32,29.862,14.9,122.816,3.629,81.851,1
2025-04-01 02:19:33,25.35,17.123,132.869,3.729,75.934,1
2025-04-01 02:19:34,27.254,14.8,117.549,3.294,91.248,1
2025-04-01 02:19:35,23.571,15.163,127.623,2.971,80.843,1
2025-04-01 02:19:36,25.502,15.976,133.668,3.243,81.298,1
2025-04-01 02:19:37,28.678,32.86,127.738,3.504,88.995,1
2025-04-01 02:19:38,24.522,32.351,133.357,4.367,89.779,1
2025-04-01 02:19:39,28.105,32.077,136.848,3.911,103.474,1
2025-04-01 02:19:40,25.942,30.842,129.841,4.05,82.3,1
2025-04-01 02:19:41,26.852,30.657,128.895,2.997,93.091,1
2025-04-01 02:19:42,25.862,32.347,124.014,3.614,73.829,1
2025-04-01 02:19:43,23.426,30.129,121.149,3.656,72.126,1
2025-04-01 02:19:44,30.131,31.725,137.44,4.73,89.268,1
2025-04-01 02:19:45,29.705,32.562,136.268,4.982,87.53,1
2025-04-01 02:19:46,28.016,32.692,136.242,3.867,88.992,1
2025-04-01 02:19:47,27.839,30.974,140.947,4.101,101.107,1
2025-04-01 02:19:48,33.163,32.622,132.933,4.507,94.995,1
2025-04-01 02:19:49,27.082,31.574,131.957,3.73,78.4,1
2025-04-01 02:19:50,25.357,30.11,131.401,4.888,104.534,1
2025-04-01 02:19:51,31.755,32.074,115.93,4.521,94.564,1
2025-04-01 02:19:52,33.156,31.653,122.743,3.653,75.93,1
2025-04-01 02:19:53,30.508,33.699,126.617,4.445,71.605,1
2025-04-01 02:19:54,32.128,31.731,121.861,4.442,80.939,1
2025-04-01 02:19:55,29.703,33.319,118.388,3.816,100.636,1
2025-04-01 02:19:56,26.788,31.514,120.751,4.005,81.001,1
2025-04-01 02:19:57,27.485,32.179,125.747,3.547,94.643,1
2025-04-01 02:19:58,28.199,33.745,114.138,4.394,80.898,1
2025-04-01 02:19:59,25.624,31.656,123.97,4.399,82.051,1
2025-04-01 02:20:00,27.613,31.307,119.965,4.361,75.339,1
2025-04-01 02:20:01,25.853,32.306,123.655,4.896,76.259,1
2025-04-01 02:20:02,31.799,32.227,122.315,3.544,92.351,1
2025-04-01 02:20:03,32.463,33.082,117.644,4.923,83.034,1
2025-04-01 02:20:04,27.999,34.356,117.797,4.112,88.032,1
2025-04-01 02:20:05,28.305,33.606,120.28,4.622,84.575,1
2025-04-01 02:20:06,30.486,33.292,123.969,3.894,83.425,1
2025-04-01 02:20:07,28.847,34.094,126.674,3.223,69.973,1
2025-04-01 02:20:08,28.109,33.352,119.706,3.552,90.729,1
2025-04-01 02:20:09,28.412,30.937,127.592,3.305,83.284,1
2025-04-01 02:20:10,31.224,33.951,120.698,4.47,97.975,1
2025-04-01 02:20:11,27.579,34.178,121.631,3.732,89.234,1
2025-04-01 02:20:12,28.078,33.24,126.306,4.922,90.019,1
2025-04-01 02:20:13,25.341,33.612,130.072,4.242,50.715,1
2025-04-01 02:20:14,30.657,33.785,126.084,4.759,93.509,1
2025-04-01 02:20:15,27.893,32.148,129.196,3.862,88.458,1
2025-04-01 02:20:16,27.375,33.981,128.041,3.612,75.274,1
2025-04-01 02:20:17,32.824,34.297,130.452,3.913,80.918,1
2025-04-01 02:20:18,28.223,33.2,127.098,4.292,75.146,1
2025-04-01 02:20:19,28.296,33.195,132.171,4.246,86.991,1
2025-04-01 02:20:20,29.463,33.94,127.223,3.643,78.776,1
2025-04-01 02:20:21,28.458,34.72,131.426,2.841,60.319,1
2025-04-01 02:20:22,27.298,61.742,128.095,3.532,85.12,1
2025-04-01 02:20:23,30.783,62.879,125.137,4.194,77.761,1
2025-04-01 02:20:24,29.225,65.091,128.997,3.34,87.733,1
2025-04-01 02:20:25,30.22,63.631,125.823,3.277,92.927,1
2025-04-01 02:20:26,31.604,65.128,132.521,2.964,69.19,1
2025-04-01 02:20:27,29.275,63.793,136.38,3.618,95.034,1
2025-04-01 02:20:28,27.273,64.559,136.646,2.654,77.393,1
2025-04-01 02:20:29,30.794,63.946,134.942,3.234,93.195,1
2025-04-01 02:20:30,28.319,64.965,138.546,3.026,93.766,1
2025-04-01 02:20:31,31.483,63.673,136.191,3.727,67.589,1
2025-04-01 02:20:32,31.382,64.316,131.233,2.895,73.213,1
2025-04-01 02:20:33,43.068,64.683,134.086,2.966,75.56,1
2025-04-01 02:20:34,45.133,64.863,132.235,3.559,97.981,1
2025-04-01 02:20:35,43.447,64.106,136.929,2.667,101.488,1
2025-04-01 02:20:36,41.891,65.292,142.552,2.292,98.148,1
2025-04-01 02:20:37,40.334,66.086,139.02,2.982,84.038,1
2025-04-01 02:20:38,42.921,65.055,137.34,2.791,104.02,1
2025-04-01 02:20:39,43.9,64.013,137.56,2.021,94.966,1
2025-04-01 02:20:40,41.999,64.734,139.186,3.059,105.821,1
2025-04-01 02:20:41,41.63,64.165,140.824,1.894,88.991,1
2025-04-01 02:20:42,43.687,64.341,139.672,3.298,88.541,1
2025-04-01 02:20:43,42.972,65.354,143.351,2.36,88.386,1
2025-04-01 02:20:44,41.95,64.198,141.043,2.242,75.881,1
2025-04-01 02:20:45,42.809,65.193,145.42,2.176,87.75,1
2025-04-01 02:20:46,40.386,66.457,114.354,2.146,92.472,1
2025-04-01 02:20:47,38.737,64.35,114.551,2.519,88.029,1
2025-04-01 02:20:48,42.318,66.051,116.517,1.832,71.319,1
2025-04-01 02:20:49,41.853,66.91,122.38,2.08,84.346,1
2025-04-01 02:20:50,42.637,65.924,119.267,2.169,94.982,1
2025-04-01 02:20:51,38.644,66.682,112.749,2.428,88.227,1
2025-04-01 02:20:52,43.193,67.57,123.334,1.606,86.765,1
2025-04-01 02:20:53,45.05,66.194,111.935,1.804,69.198,1
2025-04-01 02:20:54,45.739,65.71,119.574,2.233,78.621,1
2025-04-01 02:20:55,44.407,67.361,119.121,1.12,95.184,1
2025-04-01 02:20:56,42.739,44.617,115.718,1.149,75.97,1
2025-04-01 02:20:57,44.925,43.348,123.312,1.627,100.562,1
2025-04-01 02:20:58,39.598,44.758,128.626,1.908,71.659,1
2025-04-01 02:20:59,41.024,43.997,122.203,0.565,84.539,1
2025-04-01 02:21:00,39.562,42.077,117.486,1.905,76.978,1
2025-04-01 02:21:01,44.631,42.586,119.763,1.197,99.17,1
2025-04-01 02:21:02,40.012,44.443,117.148,1.439,105.254,1
2025-04-01 02:21:03,38.474,44.323,124.989,1.693,95.698,1
2025-04-01 02:21:04,45.313,44.246,126.673,1.073,69.471,1
2025-04-01 02:21:05,41.215,44.015,115.239,1.407,86.221,1
2025-04-01 02:21:06,44.552,45.159,120.53,1.299,87.456,1
2025-04-01 02:21:07,42.619,45.903,132.587,0.947,82.443,1
2025-04-01 02:21:08,42.361,45.66,129.689,0.731,102.051,1
2025-04-01 02:21:09,43.634,46.028,133.51,2.157,105.832,1
2025-04-01 02:21:10,39.767,46.529,130.583,1.246,95.098,1
2025-04-01 02:21:11,38.564,44.041,129.75,2.009,85.241,1
2025-04-01 02:21:12,44.122,44.615,137.467,1.527,89.259,1
2025-04-01 02:21:13,43.873,45.063,124.25,0.451,79.875,1
2025-04-01 02:21:14,44.294,44.371,127.638,1.177,74.371,1
2025-04-01 02:21:15,40.686,45.711,134.89,1.357,65.746,1
2025-04-01 02:21:16,40.141,44.466,140.051,0.548,85.277,1
2025-04-01 02:21:17,39.973,44.622,135.707,0.944,91.289,1
2025-04-01 02:21:18,43.33,45.611,137.906,0.887,102.308,1
2025-04-01 02:21:19,38.111,46.182,136.76,0.646,76.741,1
2025-04-01 02:21:20,43.944,47.106,144.694,1.921,84.885,1
2025-04-01 02:21:21,39.315,45.306,139.527,1.341,82.61,1
2025-04-01 02:21:22,39.28,44.529,151.949,0.776,100.318,1
2025-04-01 02:21:23,40.706,45.723,133.308,0.733,83.122,1
2025-04-01 02:21:24,42.764,46.31,140.829,1.462,79.904,1
2025-04-01 02:21:25,40.686,46.266,143.588,1.278,85.544,1
2025-04-01 02:21:26,56.017,45.181,135.229,1.325,93.434,1
2025-04-01 02:21:27,54.394,45.811,138.615,0.924,73.471,1
2025-04-01 02:21:28,50.548,45.4,141.815,1.407,72.809,1
2025-04-01 02:21:29,51.791,44.97,151.68,0.871,73.99,1
2025-04-01 02:21:30,55.212,46.659,141.874,1.976,101.88,1
2025-04-01 02:21:31,55.961,48.161,153.05,1.921,74.599,1
2025-04-01 02:21:32,51.198,46.105,153.496,1.641,90.866,1
2025-04-01 02:21:33,51.465,47.611,135.226,1.657,87.922,1
2025-04-01 02:21:34,53.476,46.895,160.105,1.784,80.094,1
2025-04-01 02:21:35,52.511,46.187,159.751,2.058,89.651,1
2025-04-01 02:21:36,52.068,46.212,151.355,1.594,86.34,1
2025-04-01 02:21:37,49.48,47.025,151.758,1.316,88.772,1
2025-04-01 02:21:38,53.288,46.327,149.895,1.731,97.176,1
2025-04-01 02:21:39,56.022,44.499,151.18,0.233,82.836,1
2025-04-01 02:21:40,50.215,47.333,152.776,2.275,88.673,1
2025-04-01 02:21:41,56.982,46.426,157.911,1.873,96.975,1
2025-04-01 02:21:42,50.969,46.723,150.328,2.783,75.834,1
2025-04-01 02:21:43,49.632,45.675,168.647,2.88,101.271,1
2025-04-01 02:21:44,55.121,45.286,151.156,1.462,90.605,1
2025-04-01 02:21:45,56.659,46.325,163.817,2.596,93.033,1
2025-04-01 02:21:46,45.678,45.595,166.246,2.347,95.293,1
2025-04-01 02:21:47,48.256,46.132,161.097,2.507,90.616,1
2025-04-01 02:21:48,42.814,45.408,142.082,2.452,84.568,1
2025-04-01 02:21:49,42.412,46.301,153.862,2.878,92.287,1
2025-04-01 02:21:50,37.342,46.208,158.169,2.653,54.26,1
2025-04-01 02:21:51,43.435,45.73,160.441,2.973,101.646,1
2025-04-01 02:21:52,38.327,46.782,171.94,2.312,92.214,1
2025-04-01 02:21:53,52.479,46.715,170.039,1.484,113.346,1
2025-04-01 02:21:54,56.119,44.606,143.652,2.545,83.95,1
2025-04-01 02:21:55,58.532,44.901,141.629,3.051,70.113,1
2025-04-01 02:21:56,49.525,45.994,150.284,2.527,79.112,1
2025-04-01 02:21:57,41.515,45.487,135.606,2.744,63.086,1
2025-04-01 02:21:58,36.953,45.628,144.795,3.214,84.178,1
2025-04-01 02:21:59,38.898,67.496,154.925,2.916,95.147,1
2025-04-01 02:22:00,42.441,69.288,149.123,2.731,65.436,1
2025-04-01 02:22:01,41.472,68.634,144.697,4.063,81.026,1
2025-04-01 02:22:02,39.572,67.756,148.753,3.244,117.496,1
2025-04-01 02:22:03,41.738,68.011,147.33,3.717,100.149,1
2025-04-01 02:22:04,37.622,68.426,160.1,3.624,94.427,1
2025-04-01 02:22:05,40.42,67.736,156.39,2.428,125.258,1
2025-04-01 02:22:06,44.803,48.419,151.705,2.793,89.649,1
2025-04-01 02:22:07,40.984,46.658,132.463,3.434,79.268,1
2025-04-01 02:22:08,42.298,47.001,142.152,3.028,70.383,1
2025-04-01 02:22:09,40.254,46.639,138.572,3.955,76.176,1
2025-04-01 02:22:10,42.274,20.932,138.134,3.673,108.679,1
2025-04-01 02:22:11,38.51,22.163,136.144,3.75,54.713,1
2025-04-01 02:22:12,44.315,21.492,141.014,3.246,94.742,1
2025-04-01 02:22:13,45.47,21.271,142.069,3.673,78.543,1
2025-04-01 02:22:14,38.428,21.352,124.599,3.303,71.168,1
2025-04-01 02:22:15,42.673,21.469,134.54,3.614,107.193,1
2025-04-01 02:22:16,40.572,19.676,147.768,3.246,134.903,1
2025-04-01 02:22:17,36.195,21.294,137.478,3.391,58.933,1
2025-04-01 02:22:18,41.278,20.544,147.216,3.141,62.794,1
2025-04-01 02:22:19,39.264,20.045,145.084,3.726,63.378,1
2025-04-01 02:22:20,40.998,19.964,148.512,4.1,102.024,1
2025-04-01 02:22:21,34.808,19.62,138.308,5.136,93.363,1
2025-04-01 02:22:22,38.05,20.962,112.362,3.253,87.346,1
2025-04-01 02:22:23,40.303,20.055,111.582,4.322,93.64,1
2025-04-01 02:22:24,41.899,18.6,115.475,4.522,103.729,1
2025-04-01 02:22:25,38.121,20.826,108.055,3.503,68.202,1
2025-04-01 02:22:26,45.094,19.823,116.152,3.677,82.232,1
2025-04-01 02:22:27,43.462,19.989,114.932,5.403,90.138,1
2025-04-01 02:22:28,40.693,20.932,114.557,3.933,89.462,1
2025-04-01 02:22:29,36.94,20.109,110.481,4.024,80.1,1
2025-04-01 02:22:30,43.425,-4.288,124.603,3.679,87.479,1
2025-04-01 02:22:31,42.173,-5.049,123.621,3.911,78.209,1
2025-04-01 02:22:32,41.715,-5.302,111.556,4.661,82.099,1
2025-04-01 02:22:33,44.156,-4.62,105.037,4.845,86.431,1
2025-04-01 02:22:34,40.047,-4.882,111.96,4.06,89.048,1
2025-04-01 02:22:35,38.671,-4.718,107.405,3.523,88.062,1
2025-04-01 02:22:36,41.482,-6.131,115.394,4.712,87.988,1
2025-04-01 02:22:37,47.503,-6.091,117.332,5.046,87.028,1
2025-04-01 02:22:38,50.35,-5.421,115.156,3.916,87.699,1
2025-04-01 02:22:39,50.774,-5.986,114.733,3.487,90.034,1
2025-04-01 02:22:40,51.186,-6.76,116.569,4.412,87.429,1
2025-04-01 02:22:41,53.728,-5.416,114.815,3.355,88.357,1
2025-04-01 02:22:42,51.408,-6.274,112.935,4.29,86.112,1
2025-04-01 02:22:43,52.569,-28.431,117.897,5.167,85.514,1
2025-04-01 02:22:44,50.989,-29.157,115.986,3.593,86.865,1
2025-04-01 02:22:45,54.724,-26.93,122.413,3.879,88.768,1
2025-04-01 02:22:46,49.551,-28.462,119.285,4.002,86.047,1
2025-04-01 02:22:47,53.191,-27.268,118.789,2.767,87.686,1
2025-04-01 02:22:48,49.555,-28.669,120.786,3.459,84.901,1
2025-04-01 02:22:49,51.041,-27.676,126.701,3.876,86.861,1
2025-04-01 02:22:50,49.704,-27.195,114.839,4.581,86.749,1
2025-04-01 02:22:51,54.159,-28.086,116.611,2.862,86.578,1
2025-04-01 02:22:52,52.6,-26.594,113.243,3.337,87.014,1
2025-04-01 02:22:53,53.793,-28.045,122.037,4.116,85.485,1
2025-04-01 02:22:54,52.443,-28.831,119.375,3.969,87.314,1
2025-04-01 02:22:55,51.121,-28.088,116.578,2.688,87.591,1
2025-04-01 02:22:56,54.608,-29.362,126.666,4.115,84.57,1
2025-04-01 02:22:57,35.451,-28.665,121.925,3.198,86.872,1
2025-04-01 02:22:58,37.461,-30.874,115.539,2.175,87.199,1
2025-04-01 02:22:59,39.783,-28.649,114.055,4.754,88.057,1
2025-04-01 02:23:00,37.21,-30.236,119.107,2.154,86.944,1
2025-04-01 02:23:01,39.547,-29.854,114.951,2.677,85.184,1
2025-04-01 02:23:02,39.863,-29.903,124.435,1.828,83.666,1
2025-04-01 02:23:03,35.636,-29.917,120.459,1.794,87.091,1
2025-04-01 02:23:04,38.709,-29.499,124.658,1.864,86.541,1
2025-04-01 02:23:05,42.003,-28.755,125.793,1.886,86.231,1
2025-04-01 02:23:06,38.87,-31.068,132.696,2.04,85.623,1
2025-04-01 02:23:07,38.211,-31.475,109.958,1.922,87.26,1
2025-04-01 02:23:08,51.911,-30.393,125.99,1.728,86.252,1
2025-04-01 02:23:09,47.504,-28.595,120.394,1.047,86.536,1
2025-04-01 02:23:10,50.399,-30.956,129.567,1.408,86.959,1
2025-04-01 02:23:11,52.023,-30.951,131.983,1.876,87.341,1
2025-04-01 02:23:12,53.012,-30.195,124.484,1.386,88.089,1
2025-04-01 02:23:13,54.193,-30.892,124.453,1.387,85.014,1
2025-04-01 02:23:14,49.969,-30.849,119.447,1.228,87.621,1
2025-04-01 02:23:15,50.807,-28.92,124.387,1.574,85.772,1
2025-04-01 02:23:16,46.585,-30.785,120.417,1.801,86.152,1
2025-04-01 02:23:17,53.702,-31.307,118.226,1.072,87.69,1
2025-04-01 02:23:18,48.751,-10.92,118.242,1.039,65.305,1
2025-04-01 02:23:19,55.801,-12.853,118.676,0.394,82.066,1
2025-04-01 02:23:20,50.728,-11.836,117.192,0.704,73.837,1
2025-04-01 02:23:21,49.033,-10.328,123.407,0.567,77.494,1
2025-04-01 02:23:22,51.52,-10.378,120.733,0.338,79.789,1
2025-04-01 02:23:23,53.703,-9.609,108.886,0.467,89.138,1
2025-04-01 02:23:24,50.584,-12.712,123.556,0.665,84.467,1
2025-04-01 02:23:25,53.672,-11.188,123.363,0.486,92.736,1
2025-04-01 02:23:26,51.488,-11.503,125.41,0.456,76.392,1
2025-04-01 02:23:27,58.922,-13.287,121.61,0.256,82.62,1
2025-04-01 02:23:28,37.38,-11.852,120.587,0.339,72.041,1
2025-04-01 02:23:29,43.688,-10.276,120.053,0.212,85.096,1
2025-04-01 02:23:30,39.964,-11.769,116.913,0.404,99.567,1
2025-04-01 02:23:31,42.6,-11.323,124.569,0.456,83.468,1
2025-04-01 02:23:32,38.63,-11.268,117.269,0.599,97.779,1
2025-04-01 02:23:33,40.363,-11.205,116.382,0.239,83.867,1
2025-04-01 02:23:34,40.454,-12.161,117.079,0.474,87.195,1
2025-04-01 02:23:35,38.029,-11.553,118.681,0.381,83.686,1
2025-04-01 02:23:36,35.546,-10.609,116.925,0.107,87.85,1
2025-04-01 02:23:37,40.92,-10.391,109.336,0.501,70.027,1
2025-04-01 02:23:38,37.01,-12.677,115.296,0.405,86.316,1
2025-04-01 02:23:39,39.657,-12.309,121.053,0.101,96.626,1
2025-04-01 02:23:40,44.927,-10.887,116.582,0.389,94.947,1
2025-04-01 02:23:41,45.109,-13.927,114.127,0.408,93.788,1
2025-04-01 02:23:42,56.58,-10.635,121.53,0.129,81.265,1
2025-04-01 02:23:43,52.307,-12.035,109.654,0.377,98.99,1
2025-04-01 02:23:44,54.905,14.02,115.587,0.094,85.673,1
2025-04-01 02:23:45,49.96,36.34,119.144,0.481,85.856,1
2025-04-01 02:23:46,47.427,36.576,114.92,0.13,76.202,1
2025-04-01 02:23:47,48.259,16.251,121.792,0.365,104.006,1
2025-04-01 02:23:48,50.757,16.45,119.598,0.198,89.876,1
2025-04-01 02:23:49,49.124,16.986,128.544,0.711,93.811,1
2025-04-01 02:23:50,48.167,17.064,112.037,0.089,91.315,1
2025-04-01 02:23:51,50.872,16.535,116.522,0.505,87.496,1
2025-04-01 02:23:52,57.964,15.421,112.848,0.449,112.986,1
2025-04-01 02:23:53,47.204,41.389,122.566,0.654,72.621,1
2025-04-01 02:23:54,51.582,41.211,120.019,0.374,115.443,1
2025-04-01 02:23:55,53.58,41.735,122.915,-0.139,84.562,1
2025-04-01 02:23:56,49.345,41.154,121.214,0.345,96.715,1
2025-04-01 02:23:57,52.9,40.757,126.395,0.277,109.797,1
2025-04-01 02:23:58,49.907,40.018,117.916,0.407,96.989,1
2025-04-01 02:23:59,49.663,41.209,119.599,0.414,84.771,1
2025-04-01 02:24:00,51.045,42.179,120.322,0.519,76.08,1
2025-04-01 02:24:01,56.419,40.478,127.281,0.516,70.348,1
2025-04-01 02:24:02,51.682,42.472,125.252,0.524,90.456,1
2025-04-01 02:24:03,60.165,43.203,122.866,0.352,76.576,1
2025-04-01 02:24:04,56.245,41.893,131.432,0.388,100.05,1
2025-04-01 02:24:05,53.72,41.224,118.824,0.504,63.326,1
2025-04-01 02:24:06,56.175,39.873,111.771,0.475,73.724,1
2025-04-01 02:24:07,53.044,41.451,121.29,0.488,90.705,1
2025-04-01 02:24:08,54.674,42.206,122.379,0.441,101.504,1
2025-04-01 02:24:09,47.621,41.155,121.356,0.483,96.345,1
2025-04-01 02:24:10,45.468,40.747,128.628,0.798,84.8,1
2025-04-01 02:24:11,55.022,43.502,127.445,0.631,97.897,1
2025-04-01 02:24:12,52.66,42.191,126.02,0.735,84.284,1
2025-04-01 02:24:13,51.102,42.663,126.722,0.788,87.926,1
2025-04-01 02:24:14,42.837,42.974,131.912,0.544,74.097,1
2025-04-01 02:24:15,51.204,42.008,121.656,0.518,84.383,1
2025-04-01 02:24:16,50.819,41.341,121.061,0.681,94.013,1
2025-04-01 02:24:17,49.423,42.657,119.511,0.513,95.671,1
2025-04-01 02:24:18,49.349,42.862,105.359,0.651,96.01,1
2025-04-01 02:24:19,50.726,41.07,104.765,0.605,80.009,1
2025-04-01 02:24:20,54.276,42.143,113.76,0.721,61.013,1
2025-04-01 02:24:21,50.318,43.62,120.407,0.806,72.944,1
2025-04-01 02:24:22,51.808,41.238,127.109,0.875,116.982,1
2025-04-01 02:24:23,51.008,43.396,126.786,1.844,97.031,1
2025-04-01 02:24:24,48.132,42.174,118.239,1.853,86.108,1
2025-04-01 02:24:25,51.491,41.797,122.145,1.778,92.194,1
2025-04-01 02:24:26,50.768,42.195,120.748,2.023,84.19,1
2025-04-01 02:24:27,37.505,41.832,117.026,1.319,101.767,1
2025-04-01 02:24:28,41.938,42.391,113.294,1.329,96.304,1
2025-04-01 02:24:29,43.743,43.167,133.319,1.795,96.63,1
2025-04-01 02:24:30,39.672,44.034,133.683,2.154,77.584,1
2025-04-01 02:24:31,40.896,43.751,130.092,2.422,102.287,1
2025-04-01 02:24:32,41.989,42.622,131.344,2.242,73.477,1
2025-04-01 02:24:33,38.467,44.77,133.749,2.028,67.779,1
2025-04-01 02:24:34,39.503,44.024,126.19,1.358,96.236,1
2025-04-01 02:24:35,35.158,43.861,133.107,2.306,96.12,1
2025-04-01 02:24:36,37.291,45.392,135.006,1.737,104.568,1
2025-04-01 02:24:37,41.349,45.414,130.047,1.983,79.365,1
2025-04-01 02:24:38,39.169,43.924,129.555,2.335,75.351,1
2025-04-01 02:24:39,37.267,44.341,132.112,2.311,85.96,1
2025-04-01 02:24:40,39.975,43.485,130.694,1.635,98.268,1
2025-04-01 02:24:41,40.436,44.327,125.018,2.7,107.854,1
2025-04-01 02:24:42,39.52,43.038,113.834,2.201,80.088,1
2025-04-01 02:24:43,37.479,43.573,131.38,2.122,81.347,1
2025-04-01 02:24:44,40.155,44.025,124.584,2.12,82.271,1
2025-04-01 02:24:45,42.109,43.257,125.501,1.64,86.369,1
2025-04-01 02:24:46,40.285,64.049,133.557,2.495,104.466,1
2025-04-01 02:24:47,36.692,63.909,135.401,2.354,95.623,1
2025-04-01 02:24:48,36.937,65.082,120.058,2.533,73.928,1
2025-04-01 02:24:49,36.54,65.938,121.294,2.634,93.289,1
2025-04-01 02:24:50,40.026,65.473,134.161,2.399,84.532,1
2025-04-01 02:24:51,40.905,65.351,122.813,2.127,84.667,1
2025-04-01 02:24:52,38.765,65.115,130.643,2.436,85.208,1
2025-04-01 02:24:53,41.724,66.564,134.581,2.763,79.978,1
2025-04-01 02:24:54,34.513,66.284,126.213,2.429,71.541,1
2025-04-01 02:24:55,39.727,66.86,122.495,2.696,86.307,1
2025-04-01 02:24:56,40.646,66.473,130.513,2.165,74.017,1
2025-04-01 02:24:57,34.251,65.541,127.122,2.653,93.782,1
2025-04-01 02:24:58,35.992,65.119,127.339,2.31,92.89,1
2025-04-01 02:24:59,40.077,67.18,130.426,2.346,95.019,1
2025-04-01 02:25:00,42.095,68.152,126.061,2.118,95.71,1
2025-04-01 02:25:01,40.855,65.157,134.597,2.358,95.359,1
2025-04-01 02:25:02,41.585,65.0,132.883,2.614,103.27,1
2025-04-01 02:25:03,39.826,66.063,129.482,2.722,94.816,1
2025-04-01 02:25:04,36.959,66.619,133.479,2.577,89.981,1
2025-04-01 02:25:05,36.565,66.363,135.167,2.199,90.422,1
2025-04-01 02:25:06,38.334,66.357,136.1,2.709,89.502,1
2025-04-01 02:25:07,40.294,67.712,139.386,2.474,89.499,1
2025-04-01 02:25:08,26.172,66.684,140.644,2.411,86.589,1
2025-04-01 02:25:09,27.894,66.644,134.661,2.612,88.479,1
2025-04-01 02:25:10,27.271,67.527,139.064,2.267,90.727,1
2025-04-01 02:25:11,30.436,66.501,140.875,2.696,90.482,1
2025-04-01 02:25:12,29.019,65.974,140.291,2.49,89.68,1
2025-04-01 02:25:13,30.547,67.034,136.439,2.382,89.124,1
2025-04-01 02:25:14,28.645,68.345,139.3,3.014,89.175,1
2025-04-01 02:25:15,25.6,67.28,141.402,2.469,90.343,1
2025-04-01 02:25:16,26.857,66.48,140.473,2.157,89.959,1
2025-04-01 02:25:17,30.191,69.439,146.251,2.426,89.209,1
2025-04-01 02:25:18,27.864,68.305,141.479,2.055,88.549,1
2025-04-01 02:25:19,24.908,66.874,143.552,2.071,90.127,1
2025-04-01 02:25:20,29.759,68.009,149.915,2.031,89.811,1
2025-04-01 02:25:21,30.806,67.651,149.511,3.103,86.231,1
2025-04-01 02:25:22,28.128,67.501,123.511,3.555,89.947,1
2025-04-01 02:25:23,27.574,69.03,119.489,3.78,90.288,1
2025-04-01 02:25:24,27.319,68.011,125.65,3.366,89.185,1
2025-04-01 02:25:25,24.937,68.347,123.497,2.591,90.055,1
2025-04-01 02:25:26,28.309,66.851,122.61,2.661,87.824,1
2025-04-01 02:25:27,28.259,68.661,123.373,4.241,87.311,1
2025-04-01 02:25:28,41.339,67.596,123.946,1.849,88.996,1
2025-04-01 02:25:29,38.037,67.84,121.408,3.217,88.694,1
2025-04-01 02:25:30,39.921,69.186,127.663,2.805,87.564,1
2025-04-01 02:25:31,42.743,67.686,112.734,3.851,89.549,1
2025-04-01 02:25:32,42.742,68.03,117.248,2.825,88.593,1
2025-04-01 02:25:33,43.503,68.779,116.08,3.326,88.489,1
2025-04-01 02:25:34,40.59,67.957,111.964,1.601,88.119,1
2025-04-01 02:25:35,40.397,68.129,117.496,2.859,88.032,1
2025-04-01 02:25:36,42.781,69.102,116.468,2.462,87.195,1
2025-04-01 02:25:37,42.299,68.41,118.543,2.386,88.249,1
2025-04-01 02:25:38,40.611,67.155,115.891,2.869,88.209,1
2025-04-01 02:25:39,41.293,70.003,114.441,2.409,87.723,1
2025-04-01 02:25:40,42.214,69.318,115.656,3.221,87.404,1
2025-04-01 02:25:41,43.306,69.148,114.565,1.651,84.367,1
2025-04-01 02:25:42,42.251,69.665,112.564,1.702,85.89,1
2025-04-01 02:25:43,40.688,69.846,115.669,1.722,88.195,1
2025-04-01 02:25:44,40.743,69.633,117.129,3.174,88.631,1
2025-04-01 02:25:45,42.004,69.088,116.141,1.558,86.574,1
2025-04-01 02:25:46,42.752,69.221,112.998,1.491,87.12,1
2025-04-01 02:25:47,49.339,69.14,116.033,1.215,86.283,1
2025-04-01 02:25:48,49.813,67.555,108.816,2.408,87.808,1
2025-04-01 02:25:49,51.115,70.4,113.93,2.058,87.849,1
2025-04-01 02:25:50,51.747,68.178,110.672,1.467,86.989,1
2025-04-01 02:25:51,49.765,68.166,115.762,1.771,87.347,1
2025-04-01 02:25:52,50.559,68.121,114.959,2.092,86.327,1
2025-04-01 02:25:53,49.297,67.798,114.629,1.531,86.282,1
2025-04-01 02:25:54,51.005,67.104,118.201,1.98,88.017,1
2025-04-01 02:25:55,51.728,69.115,113.548,1.266,84.596,1
2025-04-01 02:25:56,51.238,68.465,112.372,2.028,86.133,1
2025-04-01 02:25:57,50.424,67.792,114.758,0.772,87.019,1
2025-04-01 02:25:58,50.025,68.369,111.511,0.784,86.647,1
2025-04-01 02:25:59,49.944,68.991,115.638,1.284,87.431,1
2025-04-01 02:26:00,54.393,67.701,110.108,0.767,87.051,1
2025-04-01 02:26:01,51.636,68.483,113.821,1.011,86.616,1
2025-04-01 02:26:02,49.7,68.621,105.893,1.792,92.839,1
2025-04-01 02:26:03,50.687,68.575,107.739,0.976,88.164,1
2025-04-01 02:26:04,49.171,68.728,110.423,1.368,79.743,1
2025-04-01 02:26:05,49.345,68.762,110.446,1.196,80.769,1
2025-04-01 02:26:06,47.313,67.836,115.154,0.954,85.393,1
2025-04-01 02:26:07,48.964,43.076,103.582,0.52,109.864,1
2025-04-01 02:26:08,52.055,42.129,118.89,1.089,93.281,1
2025-04-01 02:26:09,50.305,41.758,112.529,1.218,81.175,1
2025-04-01 02:26:10,49.534,43.081,112.6,1.182,81.641,1
2025-04-01 02:26:11,50.983,42.209,113.93,1.199,99.44,1
2025-04-01 02:26:12,49.925,43.344,113.489,0.259,85.722,1
2025-04-01 02:26:13,35.251,42.447,118.867,0.629,94.999,1
2025-04-01 02:26:14,41.892,44.494,109.826,0.693,72.657,1
2025-04-01 02:26:15,32.06,41.161,106.686,0.529,79.334,1
2025-04-01 02:26:16,38.716,40.803,112.484,-0.101,84.765,1
2025-04-01 02:26:17,36.29,42.449,109.753,0.659,81.078,1
2025-04-01 02:26:18,38.41,42.288,111.845,0.996,78.835,1
2025-04-01 02:26:19,35.942,44.099,109.635,0.267,78.463,1
2025-04-01 02:26:20,39.464,41.707,120.164,0.827,95.927,1
2025-04-01 02:26:21,38.198,42.731,119.586,0.692,103.467,1
2025-04-01 02:26:22,38.039,42.698,104.849,0.422,78.47,1
2025-04-01 02:26:23,40.598,40.869,118.21,0.563,82.28,1
2025-04-01 02:26:24,37.96,41.714,109.678,0.454,67.625,1
2025-04-01 02:26:25,38.68,42.556,117.553,0.742,95.041,1
2025-04-01 02:26:26,35.544,42.531,110.08,0.398,95.527,1
2025-04-01 02:26:27,37.765,42.702,112.862,0.513,70.232,1
2025-04-01 02:26:28,34.998,42.042,118.699,0.502,91.415,1
2025-04-01 02:26:29,42.041,41.183,115.881,0.861,96.477,1
2025-04-01 02:26:30,33.37,41.154,118.464,0.693,89.834,1
2025-04-01 02:26:31,39.139,41.25,118.267,0.62,86.081,1
2025-04-01 02:26:32,38.215,41.453,118.98,0.678,83.502,1
2025-04-01 02:26:33,35.596,40.455,115.491,0.384,86.723,1
2025-04-01 02:26:34,36.108,41.567,117.443,0.034,89.548,1
2025-04-01 02:26:35,36.073,41.411,112.768,0.824,84.922,1
2025-04-01 02:26:36,35.952,41.946,118.505,0.525,89.911,1
2025-04-01 02:26:37,37.883,42.116,109.786,0.844,97.744,1
2025-04-01 02:26:38,37.616,40.317,110.579,0.879,98.545,1
2025-04-01 02:26:39,35.837,41.404,110.01,0.516,84.256,1
2025-04-01 02:26:40,41.115,40.676,113.695,0.997,83.736,1
2025-04-01 02:26:41,36.241,39.486,110.688,0.99,91.184,1
2025-04-01 02:26:42,41.314,19.527,120.925,1.256,89.086,1
2025-04-01 02:26:43,36.76,17.508,117.264,0.596,87.667,1
2025-04-01 02:26:44,36.192,17.672,114.986,0.879,96.115,1
2025-04-01 02:26:45,37.85,-5.412,117.464,1.194,87.051,1
2025-04-01 02:26:46,39.084,-5.364,122.17,1.703,83.707,1
2025-04-01 02:26:47,37.009,-4.634,121.926,1.33,94.338,1
2025-04-01 02:26:48,40.717,-4.317,116.141,1.392,98.278,1
2025-04-01 02:26:49,24.873,-6.675,115.464,1.355,111.755,1
2025-04-01 02:26:50,28.127,-5.359,117.742,1.443,87.57,1
2025-04-01 02:26:51,28.539,-5.187,117.75,1.37,72.948,1
2025-04-01 02:26:52,33.297,-4.73,122.255,1.032,84.639,1
2025-04-01 02:26:53,28.738,-6.06,124.092,1.154,99.561,1
2025-04-01 02:26:54,28.467,-5.744,121.617,1.683,95.55,1
2025-04-01 02:26:55,32.586,-5.026,119.668,1.249,69.025,1
2025-04-01 02:26:56,27.636,-6.478,112.115,1.131,81.191,1
2025-04-01 02:26:57,30.585,-5.789,106.946,1.382,81.192,1
2025-04-01 02:26:58,28.157,-6.095,116.773,1.511,86.721,1
2025-04-01 02:26:59,28.784,-6.567,121.02,1.378,71.532,1
2025-04-01 02:27:00,32.677,-5.91,114.322,1.525,102.461,1
2025-04-01 02:27:01,29.453,-4.922,122.74,1.572,102.498,1
2025-04-01 02:27:02,33.247,-7.116,117.38,1.35,84.495,1
2025-04-01 02:27:03,29.431,-6.942,116.433,1.772,90.817,1
2025-04-01 02:27:04,28.968,-5.651,114.556,2.146,109.591,1
2025-04-01 02:27:05,29.577,19.365,126.805,1.822,94.762,1
2025-04-01 02:27:06,29.765,18.231,121.874,1.894,85.564,1
2025-04-01 02:27:07,29.199,16.142,123.92,1.608,99.551,1
2025-04-01 02:27:08,30.66,17.547,124.521,2.08,91.001,1
2025-04-01 02:27:09,30.301,18.677,115.337,1.858,89.564,1
2025-04-01 02:27:10,28.327,18.55,125.685,2.07,88.467,1
2025-04-01 02:27:11,32.197,18.032,109.49,1.497,85.784,1
2025-04-01 02:27:12,30.072,17.394,118.115,2.455,99.448,1
2025-04-01 02:27:13,31.922,15.747,118.142,1.858,104.385,1
2025-04-01 02:27:14,28.617,17.136,112.708,1.897,69.226,1
2025-04-01 02:27:15,31.055,17.387,113.014,2.331,108.515,1
2025-04-01 02:27:16,30.291,18.685,115.106,2.073,91.639,1
2025-04-01 02:27:17,32.455,16.922,128.259,1.876,100.133,1
2025-04-01 02:27:18,31.798,16.585,120.878,1.804,88.79,1
2025-04-01 02:27:19,32.776,17.944,105.142,1.806,84.021,1
2025-04-01 02:27:20,31.652,18.284,121.713,0.937,109.912,1
2025-04-01 02:27:21,27.659,16.541,127.425,1.15,75.507,1
2025-04-01 02:27:22,30.383,17.571,113.575,1.381,77.121,1
2025-04-01 02:27:23,29.386,16.214,119.5,0.535,95.622,1
2025-04-01 02:27:24,28.454,17.711,120.054,0.672,86.885,1
2025-04-01 02:27:25,25.064,16.689,118.571,0.661,73.397,1
2025-04-01 02:27:26,35.577,17.012,113.117,0.666,86.679,1
2025-04-01 02:27:27,31.969,18.217,117.351,0.526,91.904,1
2025-04-01 02:27:28,27.612,16.946,117.957,0.72,97.799,1
2025-04-01 02:27:29,31.933,18.018,117.693,0.58,66.095,1
2025-04-01 02:27:30,25.892,14.977,116.898,0.576,90.769,1
2025-04-01 02:27:31,38.096,16.723,116.161,0.661,96.835,1
2025-04-01 02:27:32,33.835,16.248,117.076,0.678,68.468,1
2025-04-01 02:27:33,29.989,16.574,120.632,0.69,88.206,1
2025-04-01 02:27:34,26.804,17.008,119.936,0.617,68.599,1
2025-04-01 02:27:35,27.766,15.947,112.438,0.683,69.533,1
2025-04-01 02:27:36,31.943,16.174,111.683,0.59,110.987,1
2025-04-01 02:27:37,32.596,16.787,113.631,0.683,53.63,1
2025-04-01 02:27:38,27.098,16.156,106.767,0.624,102.959,1
2025-04-01 02:27:39,33.181,15.446,133.984,0.492,91.341,1
2025-04-01 02:27:40,28.949,16.513,113.49,0.589,99.91,1
2025-04-01 02:27:41,29.154,15.037,120.194,0.625,72.197,1
2025-04-01 02:27:42,30.933,15.687,120.736,0.544,69.091,1
2025-04-01 02:27:43,33.04,16.56,119.65,0.515,99.813,1
2025-04-01 02:27:44,26.963,16.815,123.835,0.273,84.588,1
2025-04-01 02:27:45,31.603,14.989,122.918,0.266,101.23,1
2025-04-01 02:27:46,25.237,15.193,113.691,0.267,105.338,1
2025-04-01 02:27:47,32.21,15.022,119.154,0.207,96.58,1
2025-04-01 02:27:48,27.03,15.541,121.792,0.265,78.992,1
2025-04-01 02:27:49,34.56,13.905,129.132,0.186,109.668,1
2025-04-01 02:27:50,27.558,14.948,121.429,0.34,103.452,1
2025-04-01 02:27:51,28.822,38.738,116.34,0.293,88.518,1
2025-04-01 02:27:52,30.752,37.353,117.22,0.37,64.448,1
2025-04-01 02:27:53,30.719,39.063,124.209,0.371,90.858,1
2025-04-01 02:27:54,31.307,37.621,124.437,0.336,97.875,1
2025-04-01 02:27:55,27.987,37.567,125.466,0.368,98.665,1
2025-04-01 02:27:56,26.203,38.683,134.607,0.305,86.376,1
2025-04-01 02:27:57,29.922,38.383,137.698,0.409,69.016,1
2025-04-01 02:27:58,32.627,37.681,123.793,0.336,91.16,1
2025-04-01 02:27:59,31.114,38.795,129.359,0.278,84.438,1
2025-04-01 02:28:00,29.939,38.404,127.248,0.195,104.919,1
2025-04-01 02:28:01,32.172,37.785,126.965,0.393,95.957,1
2025-04-01 02:28:02,35.147,38.266,121.092,0.344,77.83,1
2025-04-01 02:28:03,34.632,38.813,148.685,0.354,63.378,1
2025-04-01 02:28:04,24.93,60.831,128.168,0.304,103.137,1
2025-04-01 02:28:05,30.874,60.073,133.845,0.317,91.84,1
2025-04-01 02:28:06,28.954,61.508,134.578,0.25,94.521,1
2025-04-01 02:28:07,34.25,60.891,132.223,0.341,82.129,1
2025-04-01 02:28:08,29.915,61.911,133.411,0.202,100.789,1
2025-04-01 02:28:09,28.599,61.553,135.782,0.306,96.842,1
2025-04-01 02:28:10,30.611,61.627,128.895,0.197,77.202,1
2025-04-01 02:28:11,26.637,60.123,142.129,0.266,90.491,1
2025-04-01 02:28:12,27.481,61.096,137.936,0.2,89.774,1
2025-04-01 02:28:13,28.728,60.512,140.548,0.23,98.541,1
2025-04-01 02:28:14,33.277,60.225,147.101,0.173,97.879,1
2025-04-01 02:28:15,27.177,60.584,135.461,0.345,88.07,1
2025-04-01 02:28:16,29.581,61.163,135.356,0.264,91.545,1
2025-04-01 02:28:17,28.028,62.121,133.441,0.121,95.735,1
2025-04-01 02:28:18,31.793,61.283,135.192,0.16,96.556,1
2025-04-01 02:28:19,28.089,62.807,138.508,0.179,94.114,1
2025-04-01 02:28:20,30.303,61.477,132.313,0.211,92.605,1
2025-04-01 02:28:21,30.952,62.032,137.833,0.125,94.974,1
2025-04-01 02:28:22,25.012,62.756,144.821,0.166,98.15,1
2025-04-01 02:28:23,27.104,62.708,138.811,0.158,86.575,1
2025-04-01 02:28:24,32.858,60.965,138.473,0.239,84.568,1
2025-04-01 02:28:25,29.601,61.501,115.291,0.205,85.301,1
2025-04-01 02:28:26,26.765,61.398,116.075,0.076,77.147,1
2025-04-01 02:28:27,28.989,63.134,112.963,0.121,94.112,1
2025-04-01 02:28:28,26.247,63.449,113.879,0.043,83.581,1
2025-04-01 02:28:29,32.069,62.103,112.583,0.089,97.477,1
2025-04-01 02:28:30,26.657,61.581,113.853,0.153,96.199,1
2025-04-01 02:28:31,28.947,62.448,114.24,0.11,92.54,1
2025-04-01 02:28:32,31.064,63.327,104.306,0.187,87.66,1
2025-04-01 02:28:33,27.136,62.344,115.055,0.064,75.816,1
2025-04-01 02:28:34,28.665,63.168,110.723,0.042,90.561,1
2025-04-01 02:28:35,27.018,63.053,108.634,0.109,100.547,1
2025-04-01 02:28:36,29.877,63.616,114.149,0.074,90.362,1
2025-04-01 02:28:37,28.831,62.028,116.241,0.074,107.736,1
2025-04-01 02:28:38,30.063,62.804,118.855,0.302,87.111,1
2025-04-01 02:28:39,29.098,63.142,119.618,0.192,77.297,1
2025-04-01 02:28:40,28.266,62.776,113.683,0.223,88.251,1
2025-04-01 02:28:41,29.54,62.892,120.727,0.084,105.068,1
2025-04-01 02:28:42,31.179,64.79,113.114,0.494,84.802,1
2025-04-01 02:28:43,26.865,61.619,111.934,0.14,99.608,1
2025-04-01 02:28:44,26.333,63.278,116.492,0.233,87.352,1
2025-04-01 02:28:45,28.776,63.976,118.009,-0.026,88.804,1
2025-04-01 02:28:46,27.373,63.603,119.772,0.46,89.411,1
2025-04-01 02:28:47,28.029,62.623,118.33,0.403,99.475,1
2025-04-01 02:28:48,28.122,64.467,121.551,0.249,74.035,1
2025-04-01 02:28:49,24.136,64.081,119.122,0.161,108.978,1
2025-04-01 02:28:50,30.404,64.68,117.751,0.835,88.621,1
2025-04-01 02:28:51,27.911,63.708,114.395,0.134,88.417,1
2025-04-01 02:28:52,29.945,65.336,115.666,1.337,85.232,1
2025-04-01 02:28:53,29.238,63.478,119.387,0.561,67.132,1
2025-04-01 02:28:54,24.64,65.039,121.649,1.05,115.581,1
2025-04-01 02:28:55,27.106,66.457,115.261,1.562,80.755,1
2025-04-01 02:28:56,27.666,65.547,124.846,1.334,100.28,1
2025-04-01 02:28:57,28.073,65.193,114.85,0.388,61.164,1
2025-04-01 02:28:58,26.78,40.665,115.77,0.775,78.851,1
2025-04-01 02:28:59,30.134,40.524,120.334,1.802,101.026,1
2025-04-01 02:29:00,30.351,39.8,121.497,0.36,76.61,1
2025-04-01 02:29:01,27.666,40.572,118.953,0.673,86.035,1
2025-04-01 02:29:02,26.084,40.702,113.105,0.473,91.095,1
2025-04-01 02:29:03,26.673,41.519,115.992,1.249,86.004,1
2025-04-01 02:29:04,29.536,41.367,127.323,0.87,62.24,1
2025-04-01 02:29:05,27.936,41.537,118.513,1.663,94.867,1
2025-04-01 02:29:06,27.37,41.541,115.807,1.54,82.02,1
2025-04-01 02:29:07,29.1,40.411,116.678,0.595,85.792,1
2025-04-01 02:29:08,27.971,42.083,112.804,0.309,95.61,1
2025-04-01 02:29:09,25.79,41.356,122.879,0.71,80.799,1
2025-04-01 02:29:10,28.575,41.89,115.575,0.546,107.436,1
2025-04-01 02:29:11,27.12,40.827,115.071,0.709,52.583,1
2025-04-01 02:29:12,28.845,42.278,115.495,0.804,81.26,1
2025-04-01 02:29:13,28.824,41.296,128.768,0.476,81.8,1
2025-04-01 02:29:14,27.26,43.329,124.6,0.965,110.999,1
2025-04-01 02:29:15,26.684,42.687,122.004,0.587,78.623,1
2025-04-01 02:29:16,29.116,40.152,119.764,1.341,64.482,1
2025-04-01 02:29:17,28.657,43.016,121.586,0.401,102.556,1
2025-04-01 02:29:18,24.401,41.502,121.942,0.649,99.338,1
2025-04-01 02:29:19,30.32,42.0,118.876,1.142,102.852,1
2025-04-01 02:29:20,28.984,41.287,124.292,1.145,76.019,1
2025-04-01 02:29:21,25.181,40.541,125.997,1.53,78.026,1
2025-04-01 02:29:22,28.396,42.517,117.492,1.529,87.125,1
2025-04-01 02:29:23,26.055,42.925,117.531,1.317,78.804,1
2025-04-01 02:29:24,24.703,42.358,129.847,1.537,87.705,1
2025-04-01 02:29:25,25.001,41.554,113.259,0.753,96.563,1
2025-04-01 02:29:26,26.34,43.467,123.79,1.511,100.427,1
2025-04-01 02:29:27,27.475,42.907,124.342,2.365,104.962,1
2025-04-01 02:29:28,29.501,43.706,117.511,2.444,86.468,1
2025-04-01 02:29:29,27.78,43.234,128.103,2.332,83.748,1
2025-04-01 02:29:30,29.851,44.757,124.218,3.6,97.839,1
2025-04-01 02:29:31,25.224,43.188,124.432,2.84,79.799,1
2025-04-01 02:29:32,28.675,43.49,123.932,3.724,73.995,1
2025-04-01 02:29:33,30.062,42.957,123.146,3.103,105.634,1
2025-04-01 02:29:34,27.195,41.788,125.874,2.848,79.934,1
2025-04-01 02:29:35,28.215,43.491,122.491,3.473,88.311,1
2025-04-01 02:29:36,32.67,42.41,119.901,1.54,83.824,1
2025-04-01 02:29:37,27.776,43.023,122.643,1.476,82.587,1
2025-04-01 02:29:38,30.065,42.771,118.194,1.477,78.17,1
2025-04-01 02:29:39,26.833,44.282,122.525,1.261,92.741,1
2025-04-01 02:29:40,31.718,43.793,117.879,1.057,93.269,1
2025-04-01 02:29:41,29.04,44.524,116.836,1.222,82.082,1
2025-04-01 02:29:42,26.722,44.511,122.549,1.072,92.86,1
2025-04-01 02:29:43,30.391,21.073,128.869,1.35,94.896,1
2025-04-01 02:29:44,29.041,22.238,118.137,1.351,91.227,1
2025-04-01 02:29:45,33.242,21.021,117.591,1.551,76.663,1
2025-04-01 02:29:46,29.338,20.461,122.077,1.55,83.797,1
2025-04-01 02:29:47,27.177,22.255,117.463,1.621,89.872,1
2025-04-01 02:29:48,32.703,21.771,125.369,1.522,94.726,1
2025-04-01 02:29:49,27.801,22.439,115.417,1.193,102.871,1
2025-04-01 02:29:50,32.148,20.698,119.024,1.616,102.322,1
2025-04-01 02:29:51,30.206,20.801,114.685,1.092,87.229,1
2025-04-01 02:29:52,29.619,21.176,126.89,1.536,102.015,1
2025-04-01 02:29:53,30.599,20.806,120.564,1.555,85.26,1
2025-04-01 02:29:54,28.779,45.789,119.682,1.673,97.84,1
2025-04-01 02:29:55,29.64,46.609,121.256,1.192,83.33,1
2025-04-01 02:29:56,27.288,47.445,120.317,1.441,78.076,1
2025-04-01 02:29:57,25.413,45.872,113.845,1.68,89.311,1
2025-04-01 02:29:58,26.757,45.56,116.539,1.524,107.421,1
2025-04-01 02:29:59,28.423,45.215,116.784,1.552,85.143,1
2025-04-01 02:30:00,30.882,46.346,117.964,1.655,104.398,1
2025-04-01 02:30:01,30.677,44.324,120.563,1.508,83.997,1
2025-04-01 02:30:02,29.994,47.812,127.554,1.71,90.796,1
2025-04-01 02:30:03,29.957,44.335,112.159,0.955,93.546,1
2025-04-01 02:30:04,29.786,45.933,113.978,1.413,93.201,1
2025-04-01 02:30:05,43.57,44.756,118.162,1.333,87.365,1
2025-04-01 02:30:06,40.628,46.339,112.903,1.523,96.674,1
2025-04-01 02:30:07,43.379,45.811,110.475,1.421,74.72,1
2025-04-01 02:30:08,41.369,45.766,109.463,1.653,75.067,1
2025-04-01 02:30:09,43.205,45.983,116.294,1.715,84.608,1
2025-04-01 02:30:10,42.214,46.477,107.968,1.457,105.658,1
2025-04-01 02:30:11,42.539,47.093,113.946,1.416,99.21,1
2025-04-01 02:30:12,41.763,45.07,115.999,1.342,102.875,1
2025-04-01 02:30:13,41.705,44.313,111.656,1.063,89.744,1
2025-04-01 02:30:14,41.228,45.324,112.037,1.39,82.146,1
2025-04-01 02:30:15,41.728,45.515,114.48,1.61,96.878,1
2025-04-01 02:30:16,43.773,45.975,112.371,1.208,106.855,1
2025-04-01 02:30:17,41.608,21.259,111.304,1.336,95.655,1
2025-04-01 02:30:18,45.135,21.55,105.904,1.535,85.601,1
2025-04-01 02:30:19,45.761,20.69,122.664,1.198,92.339,1
2025-04-01 02:30:20,40.132,21.555,115.342,1.082,84.263,1
2025-04-01 02:30:21,40.854,21.168,108.45,1.356,86.231,1
2025-04-01 02:30:22,42.185,20.938,117.942,1.045,102.583,1
2025-04-01 02:30:23,42.498,21.963,112.852,1.207,96.286,1
2025-04-01 02:30:24,35.638,21.203,102.909,1.294,100.979,1
2025-04-01 02:30:25,42.832,20.414,111.808,1.029,86.937,1
2025-04-01 02:30:26,45.124,21.168,111.985,0.944,89.497,1
2025-04-01 02:30:27,42.99,21.058,114.323,1.318,98.957,1
2025-04-01 02:30:28,42.714,21.092,118.002,1.125,86.96,1
2025-04-01 02:30:29,41.856,20.926,119.765,1.461,85.205,1
2025-04-01 02:30:30,43.421,19.509,121.896,1.302,104.254,1
2025-04-01 02:30:31,50.145,20.374,115.308,1.374,93.396,1
2025-04-01 02:30:32,48.458,19.936,111.461,1.08,84.847,1
2025-04-01 02:30:33,41.669,21.441,114.536,1.212,88.287,1
2025-04-01 02:30:34,41.354,42.999,109.263,0.837,76.627,1
2025-04-01 02:30:35,41.318,41.853,108.173,0.864,88.798,1
2025-04-01 02:30:36,45.316,41.48,109.155,0.953,103.18,1
2025-04-01 02:30:37,41.103,43.256,110.402,0.914,92.272,1
2025-04-01 02:30:38,44.507,41.762,111.834,0.888,95.396,1
2025-04-01 02:30:39,41.685,41.987,113.565,0.748,85.489,1
2025-04-01 02:30:40,46.19,43.409,106.729,0.916,111.721,1
2025-04-01 02:30:41,42.882,43.333,116.79,0.3,90.014,1
2025-04-01 02:30:42,42.286,41.585,104.618,0.224,89.373,1
2025-04-01 02:30:43,41.287,42.611,109.875,0.465,77.094,1
2025-04-01 02:30:44,47.062,41.631,112.76,0.244,93.578,1
2025-04-01 02:30:45,46.108,42.449,117.943,0.233,98.131,1
2025-04-01 02:30:46,42.617,41.546,117.284,0.178,86.762,1
2025-04-01 02:30:47,47.616,41.751,110.691,0.222,87.45,1
2025-04-01 02:30:48,43.356,42.444,123.389,0.146,107.684,1
2025-04-01 02:30:49,45.82,40.568,111.35,0.017,91.141,1
2025-04-01 02:30:50,42.4,41.572,111.515,0.215,99.239,1
2025-04-01 02:30:51,47.269,41.629,116.042,0.192,99.525,1
2025-04-01 02:30:52,41.046,40.913,116.382,0.663,101.657,1
2025-04-01 02:30:53,42.279,41.697,111.689,0.692,92.188,1
2025-04-01 02:30:54,46.618,40.19,115.394,0.627,92.426,1
2025-04-01 02:30:55,38.38,39.81,118.425,0.243,79.04,1
2025-04-01 02:30:56,43.132,40.532,103.936,0.467,83.704,1
2025-04-01 02:30:57,44.196,41.07,114.305,0.183,88.916,1
2025-04-01 02:30:58,42.025,41.618,116.16,0.477,98.683,1
2025-04-01 02:30:59,45.26,39.95,109.31,0.203,87.704,1
2025-04-01 02:31:00,39.768,40.043,108.38,0.453,92.731,1
2025-04-01 02:31:01,46.367,41.24,107.985,-0.131,89.748,1
2025-04-01 02:31:02,45.901,39.858,118.043,0.252,88.716,1
2025-04-01 02:31:03,41.951,40.642,116.221,0.316,90.68,1
2025-04-01 02:31:04,47.645,40.651,105.827,0.418,89.522,1
2025-04-01 02:31:05,42.093,40.23,109.211,0.64,88.551,1
2025-04-01 02:31:06,42.836,38.823,111.94,0.403,88.847,1
2025-04-01 02:31:07,41.653,41.135,108.887,0.197,89.779,1
2025-04-01 02:31:08,39.569,40.616,106.304,0.501,90.458,1
2025-04-01 02:31:09,46.816,38.356,109.753,-0.163,97.884,1
2025-04-01 02:31:10,46.421,38.811,110.034,0.059,88.676,1
2025-04-01 02:31:11,44.918,38.421,108.446,0.409,87.978,1
2025-04-01 02:31:12,45.131,40.411,102.136,0.614,78.638,1
2025-04-01 02:31:13,42.406,39.517,112.25,0.066,94.33,1
2025-04-01 02:31:14,45.804,36.202,100.169,0.153,80.763,1
2025-04-01 02:31:15,43.276,38.612,107.002,0.011,88.291,1
2025-04-01 02:31:16,41.513,39.372,110.797,-0.014,94.325,1
2025-04-01 02:31:17,40.759,39.237,108.689,0.502,90.329,1
2025-04-01 02:31:18,41.963,38.839,110.381,0.295,88.662,1
2025-04-01 02:31:19,43.676,40.477,103.202,0.258,90.68,1
2025-04-01 02:31:20,43.155,39.405,106.125,0.178,71.809,1
2025-04-01 02:31:21,41.028,38.324,106.005,0.188,84.626,1
2025-04-01 02:31:22,41.55,39.22,107.47,0.374,85.34,1
2025-04-01 02:31:23,42.637,37.771,96.484,0.515,95.369,1
2025-04-01 02:31:24,46.902,37.55,104.741,-0.161,81.648,1
2025-04-01 02:31:25,41.574,37.101,109.752,0.098,85.103,1
2025-04-01 02:31:26,41.76,40.191,107.304,0.234,81.18,1
2025-04-01 02:31:27,45.723,38.579,106.041,0.553,95.398,1
2025-04-01 02:31:28,43.203,38.684,107.268,0.428,77.159,1
2025-04-01 02:31:29,44.847,39.01,107.348,-0.034,80.458,1
2025-04-01 02:31:30,41.865,36.919,100.247,0.299,83.833,1
2025-04-01 02:31:31,41.829,11.887,102.388,0.693,78.607,1
2025-04-01 02:31:32,44.901,11.068,98.858,0.163,107.043,1
2025-04-01 02:31:33,41.529,10.644,101.958,0.609,93.951,1
2025-04-01 02:31:34,41.05,10.031,97.24,0.66,67.898,1
2025-04-01 02:31:35,43.939,9.439,104.965,0.549,87.275,1
2025-04-01 02:31:36,41.711,8.659,108.515,0.256,77.157,1
2025-04-01 02:31:37,42.128,9.67,95.879,0.559,80.882,1
2025-04-01 02:31:38,45.364,34.808,97.742,0.121,85.442,1
2025-04-01 02:31:39,40.976,34.371,101.094,0.067,88.857,1
2025-04-01 02:31:40,41.791,32.755,102.474,0.6,76.105,1
2025-04-01 02:31:41,42.253,34.408,109.485,0.905,92.407,1
2025-04-01 02:31:42,30.345,34.465,115.977,0.431,101.148,1
2025-04-01 02:31:43,27.08,34.015,107.005,0.616,84.975,1
2025-04-01 02:31:44,29.119,32.028,100.652,0.703,95.644,1
2025-04-01 02:31:45,27.875,33.277,94.277,0.39,95.457,1
2025-04-01 02:31:46,26.428,33.867,101.747,0.878,74.641,1
2025-04-01 02:31:47,28.788,34.18,100.761,0.569,83.0,1
2025-04-01 02:31:48,32.134,33.257,102.415,0.926,92.005,1
2025-04-01 02:31:49,28.965,32.38,100.137,1.623,89.151,1
2025-04-01 02:31:50,27.636,33.166,105.001,2.655,89.332,1
2025-04-01 02:31:51,29.659,32.384,99.798,0.598,78.98,1
2025-04-01 02:31:52,32.08,34.019,99.256,0.617,90.874,1
2025-04-01 02:31:53,28.013,61.128,104.463,0.611,84.293,1
2025-04-01 02:31:54,28.757,44.528,105.566,0.445,73.344,1
2025-04-01 02:31:55,29.514,43.18,104.925,0.707,82.98,1
2025-04-01 02:31:56,27.981,45.308,102.262,1.26,87.368,1
2025-04-01 02:31:57,25.619,44.736,102.321,1.209,98.258,1
2025-04-01 02:31:58,28.23,24.142,99.115,0.994,81.344,1
2025-04-01 02:31:59,29.414,22.444,103.126,1.049,88.499,1
2025-04-01 02:32:00,25.808,24.118,103.902,1.233,86.98,1
2025-04-01 02:32:01,28.472,23.394,108.518,1.182,86.943,1
2025-04-01 02:32:02,30.288,23.531,104.947,0.94,86.065,1
2025-04-01 02:32:03,30.157,23.929,104.435,0.954,87.689,1
2025-04-01 02:32:04,27.128,24.441,109.532,1.24,87.284,1
2025-04-01 02:32:05,30.171,22.584,112.233,1.099,87.641,1
2025-04-01 02:32:06,25.994,24.131,105.513,0.995,87.497,1
2025-04-01 02:32:07,31.588,23.848,109.885,1.254,87.261,1
2025-04-01 02:32:08,28.867,24.272,102.67,1.102,87.445,1
2025-04-01 02:32:09,29.207,24.883,108.842,1.115,86.258,1
2025-04-01 02:32:10,29.509,22.557,114.243,1.132,86.955,1
2025-04-01 02:32:11,26.965,23.101,117.645,1.408,86.88,1
2025-04-01 02:32:12,26.04,24.195,108.294,1.297,85.055,1
2025-04-01 02:32:13,28.709,22.865,107.712,1.448,86.621,1
2025-04-01 02:32:14,27.915,24.741,111.831,1.205,85.765,1
2025-04-01 02:32:15,29.128,23.734,104.232,1.287,87.992,1
2025-04-01 02:32:16,25.413,22.953,110.78,1.277,88.127,1
2025-04-01 02:32:17,31.146,24.942,108.98,1.475,85.573,1
2025-04-01 02:32:18,25.134,23.702,115.303,1.518,87.984,1
2025-04-01 02:32:19,28.339,22.877,107.445,1.574,88.052,1
2025-04-01 02:32:20,27.589,25.552,105.869,1.279,88.005,1
2025-04-01 02:32:21,29.083,25.628,106.211,1.385,86.796,1
2025-04-01 02:32:22,28.172,25.156,107.509,1.368,87.288,1
2025-04-01 02:32:23,27.592,24.896,104.525,1.399,86.932,1
2025-04-01 02:32:24,30.621,25.813,108.283,1.571,88.082,1
2025-04-01 02:32:25,29.954,24.136,102.882,1.08,88.113,1
2025-04-01 02:32:26,28.213,23.596,104.792,1.604,87.662,1
2025-04-01 02:32:27,28.297,24.647,107.344,1.505,87.204,1
2025-04-01 02:32:28,29.251,25.149,111.506,1.568,86.291,1
2025-04-01 02:32:29,29.039,26.099,107.585,1.16,86.799,1
2025-04-01 02:32:30,29.19,25.361,118.764,1.386,87.332,1
2025-04-01 02:32:31,27.69,24.441,113.217,1.434,87.896,1
2025-04-01 02:32:32,28.234,24.522,107.267,1.402,88.445,1
2025-04-01 02:32:33,31.399,24.121,107.849,1.573,87.452,1
2025-04-01 02:32:34,31.81,24.5,117.797,1.298,88.735,1
2025-04-01 02:32:35,27.645,23.993,118.735,1.378,87.418,1
2025-04-01 02:32:36,27.725,26.212,103.397,1.286,84.707,1
2025-04-01 02:32:37,26.688,25.704,113.339,0.698,86.459,1
2025-04-01 02:32:38,30.336,24.854,105.205,0.696,86.009,1
2025-04-01 02:32:39,27.508,25.119,116.505,0.777,86.583,1
2025-04-01 02:32:40,31.671,25.699,110.56,0.448,89.45,1
2025-04-01 02:32:41,26.038,25.793,115.529,0.57,88.003,1
2025-04-01 02:32:42,27.023,25.322,120.059,0.611,87.186,1
2025-04-01 02:32:43,26.612,25.249,114.03,0.576,89.545,1
2025-04-01 02:32:44,32.118,24.606,113.892,0.679,87.52,1
2025-04-01 02:32:45,27.85,25.917,109.8,0.611,89.508,1
2025-04-01 02:32:46,27.524,25.185,114.017,0.482,88.741,1
2025-04-01 02:32:47,25.254,25.304,119.547,1.416,86.169,1
2025-04-01 02:32:48,25.107,26.761,114.474,1.671,87.754,1
2025-04-01 02:32:49,42.04,26.529,115.605,0.964,87.181,1
2025-04-01 02:32:50,43.058,25.127,112.677,1.273,89.639,1
2025-04-01 02:32:51,46.003,25.374,116.717,1.466,87.491,1
2025-04-01 02:32:52,44.401,26.4,112.768,1.222,90.032,1
2025-04-01 02:32:53,42.265,27.328,112.972,1.323,88.087,1
2025-04-01 02:32:54,43.34,26.909,119.32,1.27,87.077,1
2025-04-01 02:32:55,43.535,27.132,121.965,1.683,88.844,1
2025-04-01 02:32:56,43.678,27.43,113.247,1.525,89.042,1
2025-04-01 02:32:57,41.974,7.917,113.877,0.974,86.723,1
2025-04-01 02:32:58,45.442,7.268,116.717,1.023,88.787,1
2025-04-01 02:32:59,43.865,7.501,111.77,1.103,90.601,1
2025-04-01 02:33:00,41.688,6.656,113.389,1.188,88.923,1
2025-04-01 02:33:01,43.029,8.453,116.988,1.409,88.227,1
2025-04-01 02:33:02,45.918,7.571,94.798,1.429,89.312,1
2025-04-01 02:33:03,37.631,8.485,101.056,0.957,88.413,1
2025-04-01 02:33:04,41.701,8.825,94.956,0.929,88.62,1
2025-04-01 02:33:05,43.928,9.229,100.975,0.663,88.315,1
2025-04-01 02:33:06,41.954,25.481,98.543,1.416,89.596,1
2025-04-01 02:33:07,43.935,24.38,97.617,1.426,89.046,1
2025-04-01 02:33:08,46.387,25.265,102.809,0.805,87.595,1
2025-04-01 02:33:09,42.515,23.878,95.35,1.07,88.309,1
2025-04-01 02:33:10,42.94,24.826,89.141,1.278,89.233,1
2025-04-01 02:33:11,42.322,24.863,97.648,0.636,96.499,1
2025-04-01 02:33:12,43.036,25.274,93.422,1.036,89.497,1
2025-04-01 02:33:13,46.491,25.655,99.639,0.77,78.051,1
2025-04-01 02:33:14,45.611,25.792,96.924,0.865,91.759,1
2025-04-01 02:33:15,45.236,25.318,88.029,0.663,77.989,1
2025-04-01 02:33:16,40.556,24.45,105.897,0.397,96.218,1
2025-04-01 02:33:17,43.274,25.041,96.122,0.3,93.272,1
2025-04-01 02:33:18,57.403,26.253,94.735,0.159,86.459,1
2025-04-01 02:33:19,63.378,26.336,104.222,0.134,88.288,1
2025-04-01 02:33:20,53.972,26.177,102.851,0.145,91.328,1
2025-04-01 02:33:21,57.045,26.116,94.206,0.128,81.827,1
2025-04-01 02:33:22,58.239,25.223,105.009,0.086,94.599,1
2025-04-01 02:33:23,59.133,25.524,96.442,0.188,83.285,1
2025-04-01 02:33:24,53.494,27.551,94.885,-0.015,92.406,1
2025-04-01 02:33:25,61.734,25.764,103.656,0.006,92.755,1
2025-04-01 02:33:26,55.032,26.255,104.214,0.368,86.754,1
2025-04-01 02:33:27,61.46,25.77,93.126,0.419,92.244,1
2025-04-01 02:33:28,60.658,25.992,97.755,0.215,113.72,1
2025-04-01 02:33:29,64.034,28.752,102.412,0.207,91.723,1
2025-04-01 02:33:30,59.294,26.561,101.046,0.349,91.166,1
2025-04-01 02:33:31,59.406,2.257,98.152,-0.035,91.421,1
2025-04-01 02:33:32,61.636,2.659,108.323,0.229,90.957,1
2025-04-01 02:33:33,55.582,3.575,104.107,0.233,90.857,1
2025-04-01 02:33:34,54.129,5.56,100.105,0.134,89.791,1
2025-04-01 02:33:35,55.345,2.573,109.821,0.581,88.86,1
2025-04-01 02:33:36,58.233,3.536,92.535,0.432,87.919,1
2025-04-01 02:33:37,60.561,24.228,108.91,-0.125,90.145,1
2025-04-01 02:33:38,58.895,23.982,100.02,0.537,89.858,1
2025-04-01 02:33:39,57.098,23.942,97.965,0.712,92.537,1
2025-04-01 02:33:40,62.048,22.909,96.037,0.134,89.235,1
2025-04-01 02:33:41,59.779,23.006,110.65,0.383,91.777,1
2025-04-01 02:33:42,62.277,25.23,104.114,-0.138,89.445,1
2025-04-01 02:33:43,59.553,23.013,100.543,-0.307,89.781,1
2025-04-01 02:33:44,62.84,24.456,100.253,0.223,91.577,1
2025-04-01 02:33:45,63.866,25.288,101.786,-0.118,89.938,1
2025-04-01 02:33:46,60.307,24.629,107.447,0.134,90.519,1
2025-04-01 02:33:47,58.451,24.43,103.06,0.15,89.4,1
2025-04-01 02:33:48,60.432,24.65,102.935,0.014,89.245,1
2025-04-01 02:33:49,60.883,24.699,102.25,0.999,90.46,1
2025-04-01 02:33:50,57.179,24.529,102.837,0.335,88.84,1
2025-04-01 02:33:51,62.297,24.306,99.754,0.302,91.421,1
2025-04-01 02:33:52,59.907,25.058,104.913,0.388,90.941,1
2025-04-01 02:33:53,61.133,7.64,101.432,-0.099,90.247,1
2025-04-01 02:33:54,58.147,6.818,100.641,0.683,89.767,1
2025-04-01 02:33:55,59.279,8.076,99.776,0.023,89.743,1
2025-04-01 02:33:56,58.775,9.149,108.012,0.183,90.896,1
2025-04-01 02:33:57,58.481,7.921,97.327,0.269,92.209,1
2025-04-01 02:33:58,57.466,7.029,105.337,0.55,90.408,1
2025-04-01 02:33:59,47.888,8.302,95.709,0.154,90.847,1
2025-04-01 02:34:00,53.289,8.369,98.251,0.586,90.879,1
2025-04-01 02:34:01,55.777,7.344,102.023,0.66,88.888,1
2025-04-01 02:34:02,56.178,7.956,96.946,0.499,89.818,1
2025-04-01 02:34:03,61.247,7.706,101.196,0.61,90.683,1
2025-04-01 02:34:04,56.943,7.764,97.397,0.41,91.003,1
2025-04-01 02:34:05,56.359,31.904,104.122,0.732,90.999,1
2025-04-01 02:34:06,56.929,32.919,97.758,0.685,90.385,1
2025-04-01 02:34:07,57.32,32.611,87.31,0.875,92.067,1
2025-04-01 02:34:08,54.377,30.985,101.129,0.613,91.285,1
2025-04-01 02:34:09,59.3,30.997,97.088,0.49,90.838,1
2025-04-01 02:34:10,62.321,31.917,97.027,0.48,89.778,1
2025-04-01 02:34:11,58.802,32.498,100.713,0.357,89.256,1
2025-04-01 02:34:12,60.638,30.887,95.58,1.071,90.508,1
2025-04-01 02:34:13,61.767,32.169,104.896,0.492,89.962,1
2025-04-01 02:34:14,60.265,51.766,98.285,1.106,88.631,1
2025-04-01 02:34:15,57.12,50.494,91.999,0.572,90.468,1
2025-04-01 02:34:16,58.916,52.443,93.804,0.678,89.519,1
2025-04-01 02:34:17,60.232,50.849,96.476,0.696,88.769,1
2025-04-01 02:34:18,54.623,52.163,94.449,2.302,89.001,1
2025-04-01 02:34:19,55.558,53.277,98.413,1.934,89.604,1
2025-04-01 02:34:20,59.793,50.481,97.199,2.54,89.244,1
2025-04-01 02:34:21,56.472,51.843,92.598,1.854,87.688,1
2025-04-01 02:34:22,55.92,51.074,94.761,0.985,89.187,1
2025-04-01 02:34:23,54.814,50.807,92.787,1.782,88.895,1
2025-04-01 02:34:24,55.759,50.825,96.291,1.134,87.476,1
2025-04-01 02:34:25,50.98,22.347,91.849,0.684,88.988,1
2025-04-01 02:34:26,54.938,40.291,92.659,1.289,90.08,1
2025-04-01 02:34:27,66.04,39.742,90.253,1.374,89.021,1
2025-04-01 02:34:28,61.986,41.1,89.673,1.774,88.868,1
2025-04-01 02:34:29,64.685,40.405,92.92,1.07,86.775,1
2025-04-01 02:34:30,62.79,39.114,94.767,1.363,89.899,1
2025-04-01 02:34:31,63.96,38.653,96.901,1.391,90.289,1
2025-04-01 02:34:32,65.314,38.349,89.247,1.381,89.758,1
2025-04-01 02:34:33,67.801,38.845,98.987,1.899,86.854,1
2025-04-01 02:34:34,63.788,38.719,95.042,2.097,89.315,1
2025-04-01 02:34:35,66.461,38.66,93.381,2.072,89.27,1
2025-04-01 02:34:36,60.142,39.237,95.085,1.771,87.734,1
2025-04-01 02:34:37,59.881,39.448,99.503,2.032,88.888,1
2025-04-01 02:34:38,66.112,37.331,100.679,1.586,88.71,1
2025-04-01 02:34:39,65.172,39.36,102.045,1.849,89.797,1
2025-04-01 02:34:40,65.051,38.877,89.542,1.569,88.356,1
2025-04-01 02:34:41,64.728,38.09,101.166,1.724,86.111,1
2025-04-01 02:34:42,63.663,37.886,99.858,1.886,86.812,1
2025-04-01 02:34:43,63.417,38.587,97.039,2.17,88.481,1
2025-04-01 02:34:44,58.515,35.946,93.857,2.311,87.587,1
2025-04-01 02:34:45,60.884,36.395,94.522,2.148,88.426,1
2025-04-01 02:34:46,65.913,66.964,97.893,2.287,89.071,1
2025-04-01 02:34:47,62.666,67.421,91.342,0.851,87.426,1
2025-04-01 02:34:48,60.569,67.137,97.086,0.739,88.864,1
2025-04-01 02:34:49,61.084,67.181,93.898,1.02,87.14,1
2025-04-01 02:34:50,62.29,65.772,92.515,0.988,88.675,1
2025-04-01 02:34:51,66.726,66.026,98.409,0.865,86.531,1
2025-04-01 02:34:52,59.566,67.307,111.988,0.762,87.105,1
2025-04-01 02:34:53,64.047,65.457,90.495,0.868,88.124,1
2025-04-01 02:34:54,61.362,66.572,98.105,0.693,88.142,1
2025-04-01 02:34:55,61.491,66.467,88.845,0.839,86.417,1
2025-04-01 02:34:56,64.272,65.965,99.59,0.925,90.016,1
2025-04-01 02:34:57,61.536,65.14,99.057,0.726,87.102,1
2025-04-01 02:34:58,61.532,64.264,99.228,0.904,97.006,1
2025-04-01 02:34:59,59.809,65.66,85.821,0.928,87.65,1
2025-04-01 02:35:00,63.061,65.666,97.669,0.952,91.574,1
2025-04-01 02:35:01,63.114,65.761,95.907,0.879,90.132,1
2025-04-01 02:35:02,63.085,65.744,98.73,0.757,73.699,1
2025-04-01 02:35:03,61.696,64.783,99.536,0.738,90.917,1
2025-04-01 02:35:04,62.344,65.226,96.853,1.112,95.095,1
2025-04-01 02:35:05,64.83,65.731,102.548,1.102,90.613,1
2025-04-01 02:35:06,63.684,65.822,95.299,0.782,87.039,1
2025-04-01 02:35:07,56.231,43.182,96.825,0.971,77.122,1
2025-04-01 02:35:08,48.986,44.064,99.935,0.807,92.454,1
2025-04-01 02:35:09,48.011,42.236,102.848,0.909,85.604,1
2025-04-01 02:35:10,50.03,42.661,98.861,0.483,85.356,1
2025-04-01 02:35:11,47.105,41.296,97.203,0.495,74.987,1
2025-04-01 02:35:12,49.084,40.67,104.385,0.591,80.698,1
2025-04-01 02:35:13,50.875,42.353,102.729,0.559,84.17,1
2025-04-01 02:35:14,51.246,41.903,105.097,0.556,80.628,1
2025-04-01 02:35:15,48.814,42.004,104.814,0.544,78.141,1
2025-04-01 02:35:16,50.454,40.744,101.23,0.262,77.47,1
2025-04-01 02:35:17,43.596,40.945,106.467,0.21,98.49,1
2025-04-01 02:35:18,51.219,40.901,98.429,0.199,82.643,1
2025-04-01 02:35:19,45.987,42.324,107.516,0.201,86.185,1
2025-04-01 02:35:20,46.374,41.738,101.077,0.107,82.592,1
2025-04-01 02:35:21,48.902,42.626,105.199,0.09,93.974,1
2025-04-01 02:35:22,49.652,40.709,108.868,0.122,86.911,1
2025-04-01 02:35:23,37.748,40.511,99.942,0.087,70.077,1
2025-04-01 02:35:24,42.02,40.582,102.209,0.067,87.038,1
2025-04-01 02:35:25,39.708,41.514,111.241,0.058,79.673,1
2025-04-01 02:35:26,39.133,40.372,98.866,0.083,97.405,1
2025-04-01 02:35:27,39.381,41.698,107.915,0.091,87.775,1
2025-04-01 02:35:28,38.0,40.039,120.939,0.135,96.811,1
2025-04-01 02:35:29,37.208,38.553,117.478,0.147,75.578,1
2025-04-01 02:35:30,32.602,41.848,107.376,0.148,60.635,1
2025-04-01 02:35:31,36.701,41.067,116.142,0.122,81.278,1
2025-04-01 02:35:32,38.374,40.448,112.657,0.14,84.864,1
2025-04-01 02:35:33,44.387,40.473,120.261,0.16,109.506,1
2025-04-01 02:35:34,38.576,39.615,117.816,0.103,97.593,1
2025-04-01 02:35:35,43.199,40.234,127.317,0.113,90.955,1
2025-04-01 02:35:36,42.873,40.741,110.729,0.201,88.74,1
2025-04-01 02:35:37,38.306,39.981,122.853,0.245,83.02,1
2025-04-01 02:35:38,31.794,39.556,125.332,0.228,91.733,1
2025-04-01 02:35:39,24.754,40.119,122.729,0.179,76.157,1
2025-04-01 02:35:40,25.968,40.289,135.87,0.189,62.303,1
2025-04-01 02:35:41,28.531,39.586,135.876,0.228,87.064,1
2025-04-01 02:35:42,29.913,38.089,140.511,0.179,108.359,1
2025-04-01 02:35:43,28.583,38.058,119.241,0.194,77.002,1
2025-04-01 02:35:44,30.582,39.608,132.177,0.179,101.819,1
2025-04-01 02:35:45,30.606,38.819,146.796,0.177,80.181,1
2025-04-01 02:35:46,30.337,39.755,134.38,0.175,93.97,1
2025-04-01 02:35:47,25.487,39.482,136.527,0.199,90.567,1
2025-04-01 02:35:48,25.825,38.192,141.696,0.158,79.879,1
2025-04-01 02:35:49,28.564,38.431,151.926,0.1,95.242,1
2025-04-01 02:35:50,34.058,39.183,155.357,0.084,88.376,1
2025-04-01 02:35:51,29.624,39.298,154.772,0.115,82.199,1
2025-04-01 02:35:52,31.58,38.821,152.583,0.201,98.598,1
2025-04-01 02:35:53,30.566,38.669,118.056,0.151,76.912,1
2025-04-01 02:35:54,26.549,38.061,135.381,0.085,80.956,1
2025-04-01 02:35:55,26.409,61.848,129.847,0.149,83.478,1
2025-04-01 02:35:56,21.051,60.352,137.069,0.18,93.496,1
2025-04-01 02:35:57,23.278,61.06,137.609,0.042,114.651,1
2025-04-01 02:35:58,22.762,62.094,127.687,0.321,85.573,1
2025-04-01 02:35:59,27.216,61.51,119.622,-0.015,100.242,1
2025-04-01 02:36:00,29.788,61.295,134.695,0.34,100.655,1
2025-04-01 02:36:01,24.529,61.027,130.959,0.018,110.614,1
2025-04-01 02:36:02,28.695,59.879,137.975,0.057,65.003,1
2025-04-01 02:36:03,25.186,60.745,138.507,0.275,77.612,1
2025-04-01 02:36:04,34.355,59.883,142.048,0.184,99.607,1
2025-04-01 02:36:05,29.533,59.332,140.329,0.039,77.846,1
2025-04-01 02:36:06,30.923,60.22,134.254,0.004,54.167,1
2025-04-01 02:36:07,29.1,61.989,134.246,0.086,122.69,1
2025-04-01 02:36:08,27.981,60.005,144.868,0.035,90.113,1
2025-04-01 02:36:09,32.112,61.678,149.396,0.031,92.743,1
2025-04-01 02:36:10,26.195,59.99,152.362,-0.001,71.327,1
2025-04-01 02:36:11,30.248,60.022,143.072,0.064,97.933,1
2025-04-01 02:36:12,25.779,58.718,142.583,0.128,93.871,1
2025-04-01 02:36:13,29.271,59.993,157.583,0.072,76.62,1
2025-04-01 02:36:14,29.95,60.526,158.951,0.007,97.748,1
2025-04-01 02:36:15,27.402,61.323,150.103,0.036,81.537,1
2025-04-01 02:36:16,31.374,60.048,155.398,-0.03,81.207,1
2025-04-01 02:36:17,33.238,59.289,149.635,-0.018,86.872,1
2025-04-01 02:36:18,29.664,62.267,149.931,0.043,98.08,1
2025-04-01 02:36:19,30.585,60.125,143.982,-0.0,91.978,1
2025-04-01 02:36:20,29.263,60.923,128.045,0.093,91.655,1
2025-04-01 02:36:21,30.918,61.271,128.983,-0.049,83.309,1
2025-04-01 02:36:22,29.904,62.437,128.383,0.171,95.67,1
2025-04-01 02:36:23,27.189,60.633,99.795,0.108,93.183,1
2025-04-01 02:36:24,30.271,60.318,101.505,0.326,92.308,1
2025-04-01 02:36:25,28.965,60.31,99.798,0.077,101.796,1
2025-04-01 02:36:26,28.096,61.165,99.918,0.286,103.058,1
2025-04-01 02:36:27,29.522,61.036,96.497,0.034,90.793,1
2025-04-01 02:36:28,28.334,59.88,97.77,-0.054,87.03,1
2025-04-01 02:36:29,27.487,60.621,99.743,0.126,92.446,1
2025-04-01 02:36:30,28.577,61.229,97.465,-0.062,90.874,1
2025-04-01 02:36:31,38.944,60.783,99.061,0.19,89.819,1
2025-04-01 02:36:32,38.529,61.465,96.946,0.203,91.415,1
2025-04-01 02:36:33,39.49,61.031,94.558,0.121,89.434,1
2025-04-01 02:36:34,38.048,59.848,95.992,0.146,90.086,1
2025-04-01 02:36:35,38.088,61.101,91.773,0.171,90.479,1
2025-04-01 02:36:36,36.372,60.203,91.495,0.21,89.065,1
2025-04-01 02:36:37,38.264,60.743,93.009,0.408,91.423,1
2025-04-01 02:36:38,38.914,59.82,97.663,0.021,90.909,1
2025-04-01 02:36:39,39.633,61.035,101.836,0.279,90.701,1
2025-04-01 02:36:40,40.717,59.691,92.382,0.291,90.124,1
2025-04-01 02:36:41,38.601,59.359,94.204,1.268,91.293,1
2025-04-01 02:36:42,40.002,61.103,95.113,0.679,89.32,1
2025-04-01 02:36:43,40.18,59.453,94.445,1.374,90.764,1
2025-04-01 02:36:44,41.527,61.874,92.631,0.234,89.45,1
2025-04-01 02:36:45,39.313,62.3,89.855,1.55,92.045,1
2025-04-01 02:36:46,39.649,60.896,95.117,0.92,89.39,1
2025-04-01 02:36:47,50.459,61.69,90.086,1.038,90.351,1
2025-04-01 02:36:48,52.648,61.007,90.446,1.223,90.22,1
2025-04-01 02:36:49,51.672,62.349,94.369,2.399,90.101,1
2025-04-01 02:36:50,64.054,61.35,90.23,1.463,90.604,1
2025-04-01 02:36:51,65.857,60.326,93.637,1.588,89.66,1
2025-04-01 02:36:52,67.953,62.367,94.623,1.375,92.768,1
2025-04-01 02:36:53,64.607,60.896,91.246,2.229,90.693,1
2025-04-01 02:36:54,76.826,63.1,94.053,1.795,89.563,1
2025-04-01 02:36:55,72.497,61.97,97.239,2.864,90.872,1
2025-04-01 02:36:56,77.448,60.198,96.933,2.58,91.463,1
2025-04-01 02:36:57,72.703,63.521,84.191,1.391,89.512,1
2025-04-01 02:36:58,75.022,61.827,96.465,2.946,89.328,1
2025-04-01 02:36:59,69.362,62.405,96.78,1.229,90.121,1
2025-04-01 02:37:00,73.999,61.563,93.45,1.946,89.407,1
2025-04-01 02:37:01,75.174,63.788,93.799,2.402,90.185,1
2025-04-01 02:37:02,78.959,60.859,98.731,3.134,87.526,1
2025-04-01 02:37:03,68.878,44.731,95.306,2.645,91.778,1
2025-04-01 02:37:04,71.87,46.182,97.245,2.421,88.0,1
2025-04-01 02:37:05,76.788,44.563,93.115,2.458,88.26,1
2025-04-01 02:37:06,79.52,22.319,94.536,2.168,90.019,1
2025-04-01 02:37:07,70.54,22.003,100.101,2.231,90.863,1
2025-04-01 02:37:08,72.014,23.176,99.848,2.328,90.25,1
2025-04-01 02:37:09,75.66,23.726,90.123,2.232,90.225,1
2025-04-01 02:37:10,76.335,23.925,87.187,2.901,90.965,1
2025-04-01 02:37:11,78.575,22.726,93.27,2.562,89.768,1
2025-04-01 02:37:12,74.514,24.483,103.596,2.722,89.325,1
2025-04-01 02:37:13,78.132,23.299,90.698,2.047,91.042,1
2025-04-01 02:37:14,79.112,23.857,88.995,3.188,88.729,1
2025-04-01 02:37:15,73.329,25.836,98.394,2.716,90.227,1
2025-04-01 02:37:16,79.243,23.523,98.472,2.117,91.288,1
2025-04-01 02:37:17,76.716,23.013,97.763,2.139,90.824,1
2025-04-01 02:37:18,76.375,24.103,93.943,2.306,90.591,1
2025-04-01 02:37:19,77.226,25.152,96.74,2.6,88.182,1
2025-04-01 02:37:20,75.583,22.972,89.896,2.426,90.773,1
2025-04-01 02:37:21,80.693,24.823,94.443,2.312,87.484,1
2025-04-01 02:37:22,75.798,25.34,92.571,2.2,92.505,1
2025-04-01 02:37:23,62.293,23.308,89.688,2.554,89.528,1
2025-04-01 02:37:24,61.267,23.805,97.797,2.222,90.355,1
2025-04-01 02:37:25,62.661,24.776,101.487,2.57,89.633,1
2025-04-01 02:37:26,63.265,24.601,100.008,1.608,90.552,1
2025-04-01 02:37:27,66.155,26.736,106.697,1.157,88.672,1
2025-04-01 02:37:28,60.991,26.194,98.776,1.29,89.616,1
2025-04-01 02:37:29,57.698,25.611,89.819,1.317,90.784,1
2025-04-01 02:37:30,64.998,26.198,98.729,1.413,88.246,1
2025-04-01 02:37:31,61.902,26.086,92.931,1.66,89.991,1
2025-04-01 02:37:32,66.758,26.326,97.917,1.333,88.967,1
2025-04-01 02:37:33,64.773,26.216,92.074,1.057,89.449,1
2025-04-01 02:37:34,62.884,26.653,93.782,1.026,87.229,1
2025-04-01 02:37:35,54.723,24.88,91.997,1.43,88.932,1
2025-04-01 02:37:36,56.428,27.087,96.953,1.512,88.977,1
2025-04-01 02:37:37,50.726,26.363,110.399,1.249,87.617,1
2025-04-01 02:37:38,56.307,26.811,94.348,1.293,89.025,1
2025-04-01 02:37:39,46.735,26.91,110.134,0.67,89.701,1
2025-04-01 02:37:40,52.181,25.514,98.886,0.622,88.778,1
2025-04-01 02:37:41,53.605,26.827,109.689,0.347,90.308,1
2025-04-01 02:37:42,47.185,25.245,99.386,0.583,87.451,1
2025-04-01 02:37:43,52.224,27.934,104.76,0.492,90.619,1
2025-04-01 02:37:44,48.385,25.685,115.492,0.638,87.002,1
2025-04-01 02:37:45,55.312,26.807,113.284,0.604,88.039,1
2025-04-01 02:37:46,53.782,28.289,110.973,0.405,89.64,1
2025-04-01 02:37:47,54.143,25.258,108.801,0.591,88.537,1
2025-04-01 02:37:48,46.42,27.208,98.61,0.442,88.868,1
2025-04-01 02:37:49,51.842,27.764,110.252,0.401,88.414,1
2025-04-01 02:37:50,51.994,27.921,124.047,0.552,89.199,1
2025-04-01 02:37:51,53.966,27.401,98.645,0.396,89.012,1
2025-04-01 02:37:52,53.77,27.948,122.865,0.602,87.82,1
2025-04-01 02:37:53,54.839,27.935,110.497,0.445,87.405,1
2025-04-01 02:37:54,52.526,26.231,111.982,0.49,89.042,1
2025-04-01 02:37:55,50.188,26.667,111.735,0.344,87.491,1
2025-04-01 02:37:56,49.133,27.298,110.763,0.26,89.775,1
2025-04-01 02:37:57,50.573,29.344,106.442,0.224,89.716,1
2025-04-01 02:37:58,41.959,27.155,101.456,0.221,86.692,1
2025-04-01 02:37:59,39.581,26.798,105.879,0.366,88.551,1
2025-04-01 02:38:00,43.692,29.488,100.658,0.226,88.517,1
2025-04-01 02:38:01,41.717,29.732,106.093,0.248,88.609,1
2025-04-01 02:38:02,37.493,27.753,104.639,0.296,88.85,1
2025-04-01 02:38:03,39.369,28.459,100.591,0.134,87.338,1
2025-04-01 02:38:04,40.845,27.705,103.83,0.208,87.926,1
2025-04-01 02:38:05,31.268,28.433,111.41,0.091,89.139,1
2025-04-01 02:38:06,28.303,28.304,105.049,0.09,87.364,1
2025-04-01 02:38:07,28.84,28.046,105.901,0.13,87.418,1
2025-04-01 02:38:08,33.076,27.379,105.465,0.165,89.412,1
2025-04-01 02:38:09,27.134,26.534,110.669,0.134,87.723,1
2025-04-01 02:38:10,31.141,26.715,98.718,0.081,88.329,1
2025-04-01 02:38:11,26.544,27.965,104.93,0.184,86.358,1
2025-04-01 02:38:12,28.292,28.315,97.841,0.149,86.306,1
2025-04-01 02:38:13,28.628,27.932,106.34,0.18,87.765,1
2025-04-01 02:38:14,29.748,28.259,92.409,0.124,88.032,1
2025-04-01 02:38:15,30.617,28.838,96.166,0.079,88.503,1
2025-04-01 02:38:16,31.597,27.902,100.465,0.082,87.526,1
2025-04-01 02:38:17,32.009,27.923,93.847,0.087,88.627,1
2025-04-01 02:38:18,29.981,27.796,89.715,0.099,85.548,1
2025-04-01 02:38:19,27.875,26.957,98.75,0.06,88.203,1
2025-04-01 02:38:20,31.556,28.59,88.576,0.035,88.114,1
2025-04-01 02:38:21,30.69,29.93,87.618,0.077,89.048,1
2025-04-01 02:38:22,31.098,28.47,94.425,0.048,88.647,1
2025-04-01 02:38:23,28.688,51.629,92.933,0.157,89.576,1
2025-04-01 02:38:24,29.624,50.707,95.15,0.008,88.355,1
2025-04-01 02:38:25,26.695,50.653,95.694,0.07,88.737,1
2025-04-01 02:38:26,29.881,50.302,92.955,0.012,87.815,1
2025-04-01 02:38:27,30.152,50.3,86.014,0.09,88.505,1
2025-04-01 02:38:28,29.349,51.111,87.914,0.045,87.122,1
2025-04-01 02:38:29,30.787,49.676,97.32,0.078,87.893,1
2025-04-01 02:38:30,27.733,51.225,88.968,0.085,87.584,1
2025-04-01 02:38:31,28.058,50.358,90.813,-0.012,89.548,1
2025-04-01 02:38:32,30.34,49.889,98.571,0.005,86.836,1
2025-04-01 02:38:33,32.066,50.444,87.352,0.296,89.481,1
2025-04-01 02:38:34,29.462,67.32,90.826,0.303,88.357,1
2025-04-01 02:38:35,28.768,66.637,93.341,0.21,88.144,1
2025-04-01 02:38:36,30.981,66.74,86.662,0.334,86.654,1
2025-04-01 02:38:37,26.664,67.008,91.968,-0.018,88.476,1
2025-04-01 02:38:38,30.471,66.824,93.169,0.234,88.34,1
2025-04-01 02:38:39,28.059,68.816,96.192,0.313,88.739,1
2025-04-01 02:38:40,28.78,68.948,94.136,0.765,87.604,1
2025-04-01 02:38:41,28.739,66.898,95.365,-0.331,89.021,1
2025-04-01 02:38:42,27.349,68.976,94.368,0.297,86.535,1
2025-04-01 02:38:43,27.604,68.116,93.999,-0.442,88.329,1
2025-04-01 02:38:44,29.758,68.322,92.145,0.271,88.932,1
2025-04-01 02:38:45,26.708,67.434,94.56,0.105,88.179,1
2025-04-01 02:38:46,29.227,66.945,95.938,0.669,87.816,1
2025-04-01 02:38:47,28.13,67.852,95.734,0.312,89.547,1
2025-04-01 02:38:48,29.811,66.657,96.957,-0.191,89.473,1
2025-04-01 02:38:49,27.524,66.879,94.924,0.362,87.668,1
2025-04-01 02:38:50,27.635,67.964,94.142,0.269,88.322,1
2025-04-01 02:38:51,29.796,67.791,96.416,0.26,88.908,1
2025-04-01 02:38:52,28.385,66.6,90.448,0.458,89.553,1
2025-04-01 02:38:53,29.099,66.122,95.79,0.274,90.005,1
2025-04-01 02:38:54,28.608,67.452,91.542,0.573,89.841,1
2025-04-01 02:38:55,26.54,65.254,92.615,0.299,87.444,1
2025-04-01 02:38:56,28.364,66.43,95.323,0.606,90.782,1
2025-04-01 02:38:57,29.506,67.627,96.845,0.572,89.031,1
2025-04-01 02:38:58,27.414,66.901,96.168,-0.119,88.33,1
2025-04-01 02:38:59,28.437,66.046,94.857,0.152,90.622,1
2025-04-01 02:39:00,29.379,66.366,91.347,0.252,88.232,1
2025-04-01 02:39:01,27.44,65.608,93.76,0.723,88.251,1
2025-04-01 02:39:02,27.902,65.42,93.883,0.594,88.655,1
2025-04-01 02:39:03,28.564,65.086,95.939,0.218,88.669,1
2025-04-01 02:39:04,28.114,66.037,96.707,0.024,88.977,1
2025-04-01 02:39:05,27.3,66.456,101.003,0.534,89.319,1
2025-04-01 02:39:06,28.583,66.742,94.223,0.538,90.881,1
2025-04-01 02:39:07,26.074,66.084,94.831,0.592,89.418,1
2025-04-01 02:39:08,28.118,66.523,94.573,0.432,89.239,1
2025-04-01 02:39:09,27.05,66.396,94.641,0.518,90.057,1
2025-04-01 02:39:10,28.572,65.473,88.403,0.323,89.975,1
2025-04-01 02:39:11,28.266,65.586,94.167,0.472,90.575,1
2025-04-01 02:39:12,28.147,64.479,95.059,0.273,89.574,1
2025-04-01 02:39:13,27.77,63.921,96.362,0.427,89.423,1
2025-04-01 02:39:14,29.265,65.849,91.965,0.994,89.663,1
2025-04-01 02:39:15,27.896,64.729,93.867,0.903,90.897,1
2025-04-01 02:39:16,29.91,63.849,98.084,0.46,90.482,1
2025-04-01 02:39:17,28.507,66.136,96.101,1.099,88.807,1
2025-04-01 02:39:18,28.379,64.586,96.932,0.483,90.846,1
2025-04-01 02:39:19,29.72,64.259,95.897,0.396,93.614,1
2025-04-01 02:39:20,29.887,63.277,95.217,0.49,90.848,1
2025-04-01 02:39:21,27.083,65.192,94.991,0.984,88.255,1
2025-04-01 02:39:22,28.151,64.203,96.327,1.393,90.367,0
2025-04-01 02:39:23,28.38,63.351,97.333,1.429,88.719,0
2025-04-01 02:39:24,27.795,64.185,95.839,1.276,89.82,0
2025-04-01 02:39:25,28.833,63.62,95.219,2.029,91.021,0
2025-04-01 02:39:26,28.155,63.432,95.973,2.667,90.342,0
2025-04-01 02:39:27,28.442,62.165,95.653,1.665,90.937,0
2025-04-01 02:39:28,28.432,63.002,95.503,1.081,91.158,0
2025-04-01 02:39:29,28.765,62.99,95.325,3.697,91.953,0
2025-04-01 02:39:30,28.257,64.372,95.683,2.854,90.722,0
2025-04-01 02:39:31,28.445,62.282,94.484,2.917,90.453,0
2025-04-01 02:39:32,28.216,63.398,95.921,2.661,90.312,0
2025-04-01 02:39:33,28.361,63.337,95.0,2.827,91.183,0
2025-04-01 02:39:34,28.983,63.178,94.456,2.331,90.043,0
2025-04-01 02:39:35,29.344,64.022,93.94,3.62,90.852,0
2025-04-01 02:39:36,29.088,63.514,94.644,2.119,92.109,0
2025-04-01 02:39:37,29.025,62.909,93.808,2.255,89.493,0
2025-04-01 02:39:38,28.637,62.727,94.848,2.276,91.251,0
2025-04-01 02:39:39,28.595,63.529,95.413,2.136,92.212,0
2025-04-01 02:39:40,29.016,63.837,96.014,2.507,88.998,0
2025-04-01 02:39:41,28.803,62.824,94.677,2.583,90.777,0
2025-04-01 02:39:42,28.32,63.28,96.022,2.231,91.081,0
2025-04-01 02:39:43,28.765,62.99,94.789,2.177,89.288,0
2025-04-01 02:39:44,29.295,63.004,96.452,3.027,90.39,0
2025-04-01 02:39:45,29.754,61.832,96.87,3.273,91.925,0
2025-04-01 02:39:46,29.202,61.457,97.997,2.985,90.564,0
2025-04-01 02:39:47,28.978,62.752,96.894,3.815,90.923,0
2025-04-01 02:39:48,28.913,62.298,96.621,2.643,89.408,0
2025-04-01 02:39:49,29.383,63.238,97.917,3.317,89.065,0
2025-04-01 02:39:50,29.352,61.881,98.02,3.152,89.758,0
2025-04-01 02:39:51,29.539,61.875,98.699,3.608,90.461,0
2025-04-01 02:39:52,29.261,62.106,98.15,3.614,91.062,0
2025-04-01 02:39:53,29.33,60.219,97.861,3.345,89.638,0
2025-04-01 02:39:54,28.826,61.679,96.992,3.028,91.255,0
2025-04-01 02:39:55,29.418,63.154,97.615,3.68,90.461,0
2025-04-01 02:39:56,29.528,60.625,98.122,2.733,91.875,0
2025-04-01 02:39:57,29.412,60.093,98.213,3.154,89.932,0
2025-04-01 02:39:58,29.515,61.204,97.425,3.687,90.63,0
2025-04-01 02:39:59,29.919,60.605,97.475,3.155,90.796,0
2025-04-01 02:40:00,29.087,61.013,98.735,2.238,90.479,0
2025-04-01 02:40:01,30.0,61.55,100.08,2.929,89.607,0
2025-04-01 02:40:02,30.035,61.156,99.738,4.037,92.101,0
2025-04-01 02:40:03,29.754,61.216,98.899,3.352,90.652,0
2025-04-01 02:40:04,29.997,60.695,99.57,2.631,89.521,0
2025-04-01 02:40:05,29.73,61.815,100.119,4.213,88.396,0
2025-04-01 02:40:06,29.955,59.464,99.872,3.698,87.997,0
2025-04-01 02:40:07,29.953,58.713,100.921,2.788,88.848,0
2025-04-01 02:40:08,30.036,60.591,101.622,2.551,90.122,0
2025-04-01 02:40:09,30.472,59.947,101.553,3.41,89.975,0
2025-04-01 02:40:10,29.782,60.205,102.503,3.387,92.006,0
2025-04-01 02:40:11,30.178,59.801,102.503,2.362,87.639,0
2025-04-01 02:40:12,29.738,60.197,101.86,2.761,90.289,0
2025-04-01 02:40:13,29.856,61.041,102.988,2.2,89.138,0
2025-04-01 02:40:14,30.289,61.196,102.132,2.183,91.627,0
2025-04-01 02:40:15,30.543,60.53,104.026,3.075,91.658,0
2025-04-01 02:40:16,29.959,59.242,102.74,3.474,91.215,0
2025-04-01 02:40:17,30.452,60.243,103.401,3.024,90.067,0
2025-04-01 02:40:18,30.443,61.262,103.606,2.825,89.936,0
2025-04-01 02:40:19,30.941,60.028,103.745,3.016,91.308,0
2025-04-01 02:40:20,30.497,59.395,103.93,1.664,89.614,0
2025-04-01 02:40:21,30.651,59.852,103.865,2.413,92.04,0
2025-04-01 02:40:22,31.175,60.034,103.698,3.2,90.077,0
2025-04-01 02:40:23,30.55,58.954,104.633,3.487,90.271,0
2025-04-01 02:40:24,30.79,59.51,104.406,2.827,88.849,0
2025-04-01 02:40:25,30.636,59.735,103.417,2.424,88.818,0
2025-04-01 02:40:26,31.362,59.338,103.098,1.736,90.269,0
2025-04-01 02:40:27,30.696,60.708,103.324,2.136,90.035,0
2025-04-01 02:40:28,31.113,59.825,102.538,2.585,90.66,0
2025-04-01 02:40:29,30.905,60.15,102.909,2.834,89.295,0
2025-04-01 02:40:30,30.7,60.86,102.102,2.354,88.603,0
2025-04-01 02:40:31,30.807,61.627,103.156,2.041,89.946,0
2025-04-01 02:40:32,31.608,59.38,102.97,1.912,89.748,0
2025-04-01 02:40:33,30.798,61.246,103.681,1.709,87.439,0
2025-04-01 02:40:34,31.209,61.232,103.244,2.161,89.272,0
2025-04-01 02:40:35,30.714,61.508,103.129,3.269,89.184,0
2025-04-01 02:40:36,31.089,59.549,102.751,2.263,89.509,0
2025-04-01 02:40:37,31.219,59.214,103.93,1.689,88.636,0
2025-04-01 02:40:38,31.535,61.99,104.62,1.854,87.926,0
2025-04-01 02:40:39,31.336,61.449,102.786,1.568,90.087,0
2025-04-01 02:40:40,30.756,59.704,103.932,1.506,88.777,0
2025-04-01 02:40:41,31.285,61.748,104.029,1.839,89.208,0
2025-04-01 02:40:42,31.832,60.856,103.96,1.46,88.656,0
2025-04-01 02:40:43,31.421,60.851,102.584,1.198,90.043,0
2025-04-01 02:40:44,31.087,61.559,103.463,0.123,88.77,0
2025-04-01 02:40:45,31.268,60.735,103.555,1.15,86.932,0
2025-04-01 02:40:46,31.459,60.787,103.202,1.676,89.238,0
2025-04-01 02:40:47,30.921,61.019,102.758,0.551,89.679,0
2025-04-01 02:40:48,31.711,61.985,104.009,1.541,87.419,0
2025-04-01 02:40:49,31.103,60.846,104.411,0.537,88.376,0
2025-04-01 02:40:50,31.711,60.227,103.769,0.56,87.555,0
2025-04-01 02:40:51,31.417,59.483,103.583,1.105,87.559,0
2025-04-01 02:40:52,31.281,62.023,102.648,1.063,89.315,0
2025-04-01 02:40:53,31.479,60.957,102.506,0.906,87.4,0
2025-04-01 02:40:54,30.933,61.824,102.48,1.529,87.479,0
2025-04-01 02:40:55,31.185,59.935,102.165,0.365,90.65,0
2025-04-01 02:40:56,31.347,60.993,102.658,0.348,89.666,0
2025-04-01 02:40:57,31.836,61.407,102.307,0.597,87.656,0
2025-04-01 02:40:58,30.893,59.323,102.555,1.149,89.794,0
2025-04-01 02:40:59,31.046,61.774,103.359,0.032,88.822,0
2025-04-01 02:41:00,31.083,61.746,103.838,0.372,88.866,0
2025-04-01 02:41:01,30.737,60.819,104.014,0.816,86.639,0
2025-04-01 02:41:02,30.701,62.432,103.973,0.793,88.772,0
2025-04-01 02:41:03,30.773,62.088,104.031,0.878,87.368,0
2025-04-01 02:41:04,31.525,62.721,104.905,-0.068,88.806,0
2025-04-01 02:41:05,30.936,62.696,104.785,0.741,88.874,0
2025-04-01 02:41:06,31.546,61.13,105.458,0.404,89.286,0
2025-04-01 02:41:07,31.191,62.653,105.394,1.097,88.982,0
2025-04-01 02:41:08,31.124,62.594,106.796,0.057,87.573,0
2025-04-01 02:41:09,30.762,61.638,107.034,0.431,87.923,0
2025-04-01 02:41:10,30.979,63.775,108.46,0.362,89.052,0
2025-04-01 02:41:11,31.269,63.551,107.459,0.668,88.824,0
2025-04-01 02:41:12,30.596,62.625,108.122,-0.314,87.971,0
2025-04-01 02:41:13,31.293,61.388,107.768,0.262,86.784,0
2025-04-01 02:41:14,30.784,62.573,108.529,0.799,88.688,0
2025-04-01 02:41:15,30.748,62.181,108.661,-0.626,86.333,0
2025-04-01 02:41:16,30.717,62.45,107.884,-0.304,90.793,0
2025-04-01 02:41:17,30.838,63.563,107.718,0.192,89.8,0
2025-04-01 02:41:18,30.952,64.101,108.297,0.229,87.858,0
2025-04-01 02:41:19,30.77,62.929,108.603,0.192,87.595,0
2025-04-01 02:41:20,30.494,64.364,109.184,-0.388,87.405,0
2025-04-01 02:41:21,30.932,63.111,108.188,-0.067,88.792,0
2025-04-01 02:41:22,30.783,63.478,108.163,0.04,88.605,0
2025-04-01 02:41:23,30.993,63.326,108.159,0.139,87.546,0
2025-04-01 02:41:24,30.433,63.323,107.192,0.183,89.408,0
2025-04-01 02:41:25,30.586,65.323,107.838,0.021,87.247,0
2025-04-01 02:41:26,30.449,65.177,106.983,-0.112,86.725,0
2025-04-01 02:41:27,30.779,64.896,105.786,0.652,88.733,0
2025-04-01 02:41:28,30.674,63.499,106.539,0.117,88.387,0
2025-04-01 02:41:29,30.094,65.851,107.131,0.057,87.698,0
2025-04-01 02:41:30,30.235,64.542,106.883,0.628,88.778,0
2025-04-01 02:41:31,30.218,64.072,107.01,-0.007,90.167,0
2025-04-01 02:41:32,29.759,63.692,106.947,0.695,86.571,0
2025-04-01 02:41:33,30.019,64.11,108.699,0.616,90.348,0
2025-04-01 02:41:34,30.368,65.415,107.874,0.76,88.556,0
2025-04-01 02:41:35,30.202,64.673,108.036,0.98,89.072,0
2025-04-01 02:41:36,30.008,63.976,108.083,1.509,87.895,0
2025-04-01 02:41:37,29.599,65.307,109.186,0.549,88.678,0
2025-04-01 02:41:38,30.011,64.219,109.025,1.511,88.182,0
2025-04-01 02:41:39,29.751,63.873,107.982,0.915,88.209,0
2025-04-01 02:41:40,29.594,64.708,107.786,1.472,88.865,0
2025-04-01 02:41:41,29.415,66.294,109.437,1.142,89.408,0
2025-04-01 02:41:42,29.995,65.276,109.336,1.304,90.998,0
2025-04-01 02:41:43,29.748,64.888,108.1,0.572,89.449,0
2025-04-01 02:41:44,29.555,66.036,108.322,1.577,89.813,0
2025-04-01 02:41:45,29.392,65.692,108.476,1.231,89.534,0
2025-04-01 02:41:46,29.877,68.02,108.54,0.548,87.871,0
2025-04-01 02:41:47,29.218,65.644,108.15,1.083,90.016,0
2025-04-01 02:41:48,29.614,66.558,107.529,1.738,90.364,0
2025-04-01 02:41:49,29.241,66.366,108.552,0.976,88.89,0
2025-04-01 02:41:50,29.085,65.126,108.059,0.702,89.366,0
2025-04-01 02:41:51,29.349,66.733,107.353,2.234,88.929,0
2025-04-01 02:41:52,29.014,67.415,107.054,2.236,87.407,0
2025-04-01 02:41:53,29.088,66.091,106.795,1.059,90.019,0
2025-04-01 02:41:54,28.844,66.717,105.988,1.788,88.444,0
2025-04-01 02:41:55,28.574,66.958,107.114,2.088,88.668,0
2025-04-01 02:41:56,29.227,65.909,107.642,1.688,88.623,0
2025-04-01 02:41:57,28.827,68.257,106.491,1.548,90.165,0
2025-04-01 02:41:58,29.003,66.941,106.274,2.406,89.698,0
2025-04-01 02:41:59,28.475,66.9,106.527,1.171,88.801,0
2025-04-01 02:42:00,28.953,66.903,107.118,2.795,87.424,0
2025-04-01 02:42:01,28.546,66.372,107.309,2.366,90.156,0
2025-04-01 02:42:02,28.145,67.776,104.951,3.155,89.197,0
2025-04-01 02:42:03,28.404,68.234,106.604,2.56,89.528,0
2025-04-01 02:42:04,28.558,67.825,106.728,2.322,88.894,0
2025-04-01 02:42:05,28.865,66.933,105.795,2.332,90.249,0
2025-04-01 02:42:06,28.517,67.309,106.291,2.372,90.417,0
2025-04-01 02:42:07,28.497,66.935,107.99,1.835,88.737,0
2025-04-01 02:42:08,28.073,66.935,106.422,2.67,88.56,0
2025-04-01 02:42:09,28.441,67.248,107.176,1.493,89.968,0
2025-04-01 02:42:10,28.713,66.798,106.819,2.495,89.567,0
2025-04-01 02:42:11,28.695,69.06,106.497,2.417,89.722,0
2025-04-01 02:42:12,28.795,68.076,106.592,2.235,90.487,0
2025-04-01 02:42:13,28.491,66.724,105.923,1.903,91.077,0
2025-04-01 02:42:14,28.299,67.832,105.226,2.743,90.4,0
2025-04-01 02:42:15,27.971,66.224,106.276,2.847,89.619,0
2025-04-01 02:42:16,28.654,69.23,106.748,3.152,90.699,0
2025-04-01 02:42:17,28.164,66.922,104.794,2.494,89.305,0
2025-04-01 02:42:18,28.073,68.54,104.6,2.652,91.934,0
2025-04-01 02:42:19,28.14,67.147,104.773,3.455,91.179,0
2025-04-01 02:42:20,28.134,67.876,104.863,2.902,89.686,0
2025-04-01 02:42:21,28.311,69.02,104.982,3.79,91.339,0
2025-04-01 02:42:22,28.751,68.552,104.821,3.681,90.038,0
2025-04-01 02:42:23,28.465,68.03,103.911,3.067,92.551,0
2025-04-01 02:42:24,27.772,67.507,105.795,3.507,89.346,0
2025-04-01 02:42:25,28.326,67.023,105.009,2.965,91.861,0
2025-04-01 02:42:26,28.418,67.902,105.503,2.752,92.106,0
2025-04-01 02:42:27,28.259,67.907,104.355,2.412,91.444,0
2025-04-01 02:42:28,28.596,67.088,104.998,2.332,90.533,0
2025-04-01 02:42:29,28.86,68.648,104.928,2.938,90.29,0
2025-04-01 02:42:30,28.366,67.384,104.876,2.683,92.244,0
2025-04-01 02:42:31,28.175,67.826,105.444,2.324,91.108,0
2025-04-01 02:42:32,28.36,67.828,105.292,3.641,89.541,0
2025-04-01 02:42:33,28.621,68.46,106.778,3.449,92.305,0
2025-04-01 02:42:34,28.324,67.989,107.297,4.03,91.071,0
2025-04-01 02:42:35,28.237,68.862,107.812,2.932,89.443,0
2025-04-01 02:42:36,28.272,68.211,107.062,2.55,90.156,0
2025-04-01 02:42:37,28.919,68.419,106.092,2.388,91.696,0
2025-04-01 02:42:38,28.194,68.318,106.823,3.505,93.054,0
2025-04-01 02:42:39,28.435,68.722,106.089,3.112,92.263,0
2025-04-01 02:42:40,28.829,68.809,107.915,2.465,92.152,0
2025-04-01 02:42:41,28.376,68.689,108.538,3.462,90.416,0
2025-04-01 02:42:42,28.386,68.761,109.07,3.836,92.3,0
2025-04-01 02:42:43,28.491,67.784,110.136,3.46,90.502,0
2025-04-01 02:42:44,28.845,69.611,110.178,2.207,92.423,0
2025-04-01 02:42:45,28.692,67.678,109.89,3.767,91.848,0
2025-04-01 02:42:46,28.538,68.264,109.292,3.009,89.573,0
2025-04-01 02:42:47,28.573,67.378,109.727,2.539,91.139,0
2025-04-01 02:42:48,28.704,68.423,110.583,2.385,91.712,0
2025-04-01 02:42:49,28.167,67.629,110.544,2.159,90.273,0
2025-04-01 02:42:50,28.073,67.115,110.381,1.767,90.099,0
2025-04-01 02:42:51,28.16,67.172,110.631,2.46,93.247,0
2025-04-01 02:42:52,28.583,67.536,111.463,2.623,90.323,0
2025-04-01 02:42:53,28.794,67.065,110.956,2.046,90.874,0
2025-04-01 02:42:54,28.498,67.954,109.796,3.526,88.638,0
2025-04-01 02:42:55,28.872,67.19,109.9,2.68,89.714,0
2025-04-01 02:42:56,28.966,67.475,109.315,1.964,90.658,0
2025-04-01 02:42:57,28.933,67.772,110.093,2.106,91.603,0
2025-04-01 02:42:58,29.152,67.889,109.701,3.289,91.612,0
2025-04-01 02:42:59,28.843,68.081,109.723,1.95,91.206,0
2025-04-01 02:43:00,28.486,67.844,110.442,2.255,89.553,0
2025-04-01 02:43:01,29.463,68.275,109.844,2.114,89.834,0
2025-04-01 02:43:02,29.097,67.339,109.672,2.399,90.048,0
2025-04-01 02:43:03,29.311,66.296,109.867,2.21,89.677,0
2025-04-01 02:43:04,29.193,66.708,111.088,1.481,90.67,0
2025-04-01 02:43:05,29.074,64.908,109.618,0.843,90.042,0
2025-04-01 02:43:06,29.278,67.683,109.819,2.15,90.559,0
2025-04-01 02:43:07,29.515,67.43,110.353,0.7,90.381,0
2025-04-01 02:43:08,28.767,65.032,110.152,2.004,90.326,0
2025-04-01 02:43:09,29.089,66.284,109.411,1.687,90.684,0
2025-04-01 02:43:10,29.692,65.027,108.305,1.562,91.88,0
2025-04-01 02:43:11,29.022,66.029,108.788,1.706,89.223,0
2025-04-01 02:43:12,29.35,66.898,108.589,0.988,91.552,0
2025-04-01 02:43:13,29.022,66.966,108.471,1.966,91.596,0
2025-04-01 02:43:14,29.199,65.843,107.672,1.015,90.608,0
2025-04-01 02:43:15,29.692,66.586,108.822,1.495,90.078,0
2025-04-01 02:43:16,29.554,64.418,108.807,1.244,90.856,0
2025-04-01 02:43:17,29.362,64.475,108.82,1.394,89.224,0
2025-04-01 02:43:18,30.355,66.669,108.244,1.949,88.95,0
2025-04-01 02:43:19,29.433,64.511,108.56,1.079,88.997,0
2025-04-01 02:43:20,29.653,66.294,108.476,1.905,90.512,0
2025-04-01 02:43:21,29.675,64.538,108.018,0.76,88.996,0
2025-04-01 02:43:22,30.042,65.349,107.08,1.356,89.995,0
2025-04-01 02:43:23,30.385,62.694,107.105,0.782,90.881,0
2025-04-01 02:43:24,30.231,64.377,108.115,0.138,88.1,0
2025-04-01 02:43:25,30.103,66.159,107.711,0.007,89.073,0
2025-04-01 02:43:26,29.875,64.372,106.692,-0.072,90.088,0
2025-04-01 02:43:27,30.476,64.126,105.643,0.501,88.156,0
2025-04-01 02:43:28,29.844,65.457,106.475,0.058,89.829,0
2025-04-01 02:43:29,29.758,64.496,104.924,0.554,90.052,0
2025-04-01 02:43:30,29.88,63.316,105.424,0.969,90.32,0
2025-04-01 02:43:31,29.764,62.983,105.791,0.266,89.74,0
2025-04-01 02:43:32,30.078,63.787,105.62,0.633,91.113,0
2025-04-01 02:43:33,30.72,63.908,105.66,0.396,88.872,0
2025-04-01 02:43:34,30.708,63.636,105.429,-0.575,88.377,0
2025-04-01 02:43:35,30.65,62.751,105.286,0.064,91.149,0
2025-04-01 02:43:36,30.583,63.779,104.969,-0.355,89.445,0
2025-04-01 02:43:37,30.821,63.983,106.175,0.522,89.44,0
2025-04-01 02:43:38,30.643,64.981,105.455,0.124,89.632,0
2025-04-01 02:43:39,31.019,63.728,105.69,0.406,90.091,0
2025-04-01 02:43:40,31.328,64.241,105.226,0.302,90.933,0
2025-04-01 02:43:41,30.545,61.498,105.259,-0.849,89.09,0
2025-04-01 02:43:42,30.479,64.577,104.288,-0.083,89.698,0
2025-04-01 02:43:43,30.829,63.244,103.793,0.163,87.875,0
2025-04-01 02:43:44,30.463,61.992,104.622,-0.776,89.751,0
2025-04-01 02:43:45,31.224,62.986,104.945,0.374,88.444,0
2025-04-01 02:43:46,30.803,62.877,104.356,0.096,87.772,0
2025-04-01 02:43:47,30.892,63.085,103.9,0.068,87.455,0
2025-04-01 02:43:48,31.054,63.29,105.19,-0.137,88.334,0
2025-04-01 02:43:49,31.057,61.987,105.709,1.023,89.768,0
2025-04-01 02:43:50,31.71,62.402,105.461,0.462,89.049,0
2025-04-01 02:43:51,31.061,62.452,104.415,0.126,88.242,0
2025-04-01 02:43:52,30.162,60.178,104.8,-0.726,88.093,0
2025-04-01 02:43:53,31.214,61.838,103.652,0.304,89.602,0
2025-04-01 02:43:54,31.315,61.917,104.02,-0.195,87.698,0
2025-04-01 02:43:55,31.314,61.821,104.877,-0.355,86.897,0
2025-04-01 02:43:56,31.007,62.005,106.385,-0.428,90.924,0
2025-04-01 02:43:57,31.272,61.372,105.802,-0.156,89.777,0
2025-04-01 02:43:58,30.951,61.97,105.854,0.375,88.371,0
2025-04-01 02:43:59,31.779,62.399,106.578,1.131,90.139,0
2025-04-01 02:44:00,31.204,60.994,105.652,0.74,88.904,0
2025-04-01 02:44:01,31.478,60.983,105.966,0.36,89.497,0
2025-04-01 02:44:02,31.173,62.429,105.524,0.611,87.259,0
2025-04-01 02:44:03,31.742,62.342,105.214,-0.398,87.653,0
2025-04-01 02:44:04,31.37,61.137,105.567,0.931,88.462,0
2025-04-01 02:44:05,31.564,59.968,106.908,0.67,86.891,0
2025-04-01 02:44:06,31.52,61.588,105.978,0.351,88.142,0
2025-04-01 02:44:07,31.538,59.394,105.75,1.448,88.679,0
2025-04-01 02:44:08,31.521,62.111,105.371,0.096,87.286,0
2025-04-01 02:44:09,31.446,60.906,105.86,1.128,87.391,0
2025-04-01 02:44:10,31.587,61.474,107.87,1.963,87.273,0
2025-04-01 02:44:11,31.649,60.176,108.051,0.738,89.941,0
2025-04-01 02:44:12,30.892,61.151,108.073,1.126,88.919,0
2025-04-01 02:44:13,31.625,61.22,108.641,0.613,88.433,0
2025-04-01 02:44:14,31.145,60.541,108.946,0.864,86.59,0
2025-04-01 02:44:15,31.606,59.351,108.106,1.317,88.35,0
2025-04-01 02:44:16,31.697,59.465,108.839,0.515,87.771,0
2025-04-01 02:44:17,31.215,59.879,107.492,1.195,87.857,0
2025-04-01 02:44:18,31.346,60.892,108.136,1.074,88.854,0
2025-04-01 02:44:19,31.367,61.244,107.61,1.617,87.725,0
2025-04-01 02:44:20,31.485,61.16,106.96,0.851,90.232,0
2025-04-01 02:44:21,31.487,59.903,105.918,0.911,87.358,0
2025-04-01 02:44:22,31.481,60.907,107.362,1.559,88.67,0
2025-04-01 02:44:23,31.135,59.74,106.131,0.845,88.887,0
2025-04-01 02:44:24,31.09,59.329,107.091,1.384,87.423,0
2025-04-01 02:44:25,30.933,60.448,106.733,1.385,88.426,0
2025-04-01 02:44:26,31.198,60.605,106.257,2.319,91.253,0
2025-04-01 02:44:27,31.423,59.894,105.824,1.742,89.024,0
2025-04-01 02:44:28,31.3,60.807,104.855,1.513,88.95,0
2025-04-01 02:44:29,31.348,60.079,104.926,1.686,88.541,0
2025-04-01 02:44:30,31.089,61.02,105.678,2.067,87.638,0
2025-04-01 02:44:31,30.96,60.72,106.54,2.245,89.554,0
2025-04-01 02:44:32,30.839,59.237,106.454,2.348,88.867,0
2025-04-01 02:44:33,31.176,59.405,105.673,1.808,87.225,0
2025-04-01 02:44:34,30.55,58.446,106.161,2.205,89.778,0
2025-04-01 02:44:35,30.474,60.012,105.308,1.536,88.036,0
2025-04-01 02:44:36,30.795,59.954,107.309,2.033,89.875,0
2025-04-01 02:44:37,31.071,60.305,105.662,2.918,88.251,0
2025-04-01 02:44:38,30.662,59.961,106.289,2.66,89.906,0
2025-04-01 02:44:39,30.791,60.818,107.015,3.263,89.881,0
2025-04-01 02:44:40,30.955,59.782,106.68,2.548,89.243,0
2025-04-01 02:44:41,30.189,59.246,105.637,2.212,88.003,0
2025-04-01 02:44:42,30.401,61.331,106.071,3.491,90.147,0
2025-04-01 02:44:43,30.08,60.262,107.0,2.604,88.572,0
2025-04-01 02:44:44,30.413,59.367,106.432,2.194,90.41,0
2025-04-01 02:44:45,30.2,61.198,105.647,2.646,88.663,0
2025-04-01 02:44:46,30.692,59.044,104.766,2.355,89.127,0
2025-04-01 02:44:47,30.787,61.99,104.713,2.606,89.963,0
2025-04-01 02:44:48,30.217,61.434,105.475,4.011,87.35,0
2025-04-01 02:44:49,31.08,59.586,106.052,2.608,88.892,0
2025-04-01 02:44:50,30.077,58.84,105.894,2.205,90.473,0
2025-04-01 02:44:51,30.286,59.107,107.236,3.091,88.947,0
2025-04-01 02:44:52,30.729,59.846,107.14,2.306,90.307,0
2025-04-01 02:44:53,30.47,59.34,106.842,3.462,89.667,0
2025-04-01 02:44:54,30.626,60.361,108.073,2.706,88.713,0
2025-04-01 02:44:55,30.004,61.655,107.866,2.736,89.118,0
2025-04-01 02:44:56,29.74,60.288,106.902,2.99,90.796,0
2025-04-01 02:44:57,29.644,60.701,106.191,2.792,90.607,0
2025-04-01 02:44:58,30.354,60.129,106.297,2.285,89.586,0
2025-04-01 02:44:59,30.23,60.047,106.197,3.019,90.447,0
2025-04-01 02:45:00,29.806,61.811,106.725,3.379,88.271,0
2025-04-01 02:45:01,29.971,59.998,106.065,2.958,89.844,0
2025-04-01 02:45:02,30.006,59.655,106.34,3.507,89.108,0
2025-04-01 02:45:03,29.774,60.774,106.542,2.243,89.04,0
2025-04-01 02:45:04,30.385,60.434,104.319,2.255,90.342,0
2025-04-01 02:45:05,29.742,62.17,104.627,2.986,88.999,0
2025-04-01 02:45:06,29.515,62.588,104.102,2.392,89.709,0
2025-04-01 02:45:07,29.892,58.229,104.124,3.117,89.462,0
2025-04-01 02:45:08,29.009,62.042,103.662,2.26,90.304,0
2025-04-01 02:45:09,29.68,62.316,104.518,2.44,90.799,0
2025-04-01 02:45:10,28.982,60.28,104.195,1.267,90.904,0
2025-04-01 02:45:11,29.283,61.59,103.577,3.207,91.65,0
2025-04-01 02:45:12,29.025,61.826,102.525,2.313,91.614,0
2025-04-01 02:45:13,29.636,62.687,101.524,1.903,91.72,0
2025-04-01 02:45:14,29.154,63.006,101.717,2.697,90.99,0
2025-04-01 02:45:15,28.963,62.266,102.153,3.292,90.146,0
2025-04-01 02:45:16,29.279,60.143,102.185,2.438,91.19,0
2025-04-01 02:45:17,29.796,63.054,102.02,3.513,92.977,0
2025-04-01 02:45:18,28.819,61.383,102.123,2.245,88.722,0
2025-04-01 02:45:19,29.345,61.646,102.024,2.085,90.99,0
2025-04-01 02:45:20,29.398,61.721,102.642,3.315,89.791,0
2025-04-01 02:45:21,29.549,62.557,103.564,2.018,91.892,0
2025-04-01 02:45:22,29.042,63.123,104.059,1.957,89.638,0
2025-04-01 02:45:23,28.499,61.142,104.132,2.687,91.671,0
2025-04-01 02:45:24,28.942,64.469,103.114,2.555,89.498,0
2025-04-01 02:45:25,28.909,63.021,103.281,1.889,90.556,0
2025-04-01 02:45:26,28.92,62.358,104.014,3.428,90.029,0
2025-04-01 02:45:27,29.327,62.517,103.752,1.39,91.143,0
2025-04-01 02:45:28,28.4,63.201,104.386,1.692,91.844,0
2025-04-01 02:45:29,28.708,62.02,105.703,2.724,91.089,0
2025-04-01 02:45:30,28.982,63.347,106.078,1.558,91.167,0
2025-04-01 02:45:31,28.375,63.12,105.498,3.114,90.316,0
2025-04-01 02:45:32,28.495,64.349,106.287,1.692,91.814,0
2025-04-01 02:45:33,28.403,64.157,106.508,1.847,91.056,0
2025-04-01 02:45:34,28.569,62.902,107.455,1.594,90.893,0
2025-04-01 02:45:35,28.739,64.295,106.577,1.834,90.658,0
2025-04-01 02:45:36,28.387,64.204,107.428,2.621,91.738,0
2025-04-01 02:45:37,28.72,64.93,106.942,2.555,92.778,0
2025-04-01 02:45:38,28.466,64.545,108.103,1.305,92.318,0
2025-04-01 02:45:39,28.39,65.149,108.506,1.951,91.44,0
2025-04-01 02:45:40,28.434,64.107,108.729,2.038,92.526,0
2025-04-01 02:45:41,28.86,66.004,108.519,0.935,90.943,0
2025-04-01 02:45:42,28.785,65.193,108.327,1.296,91.809,0
2025-04-01 02:45:43,28.836,65.193,108.101,0.426,93.06,0
2025-04-01 02:45:44,29.057,65.07,107.179,0.991,91.303,0
2025-04-01 02:45:45,28.163,63.301,107.229,0.993,90.748,0
2025-04-01 02:45:46,28.785,64.879,106.581,0.99,91.408,0
2025-04-01 02:45:47,28.422,64.05,107.062,0.987,91.932,0
2025-04-01 02:45:48,28.135,64.624,107.046,0.694,92.47,0
2025-04-01 02:45:49,28.413,66.83,107.862,0.615,91.019,0
2025-04-01 02:45:50,28.349,66.222,106.866,-0.115,92.29,0
2025-04-01 02:45:51,28.975,65.324,107.762,0.007,90.086,0
2025-04-01 02:45:52,28.416,65.249,107.209,1.03,92.577,0
2025-04-01 02:45:53,28.695,64.523,106.926,-0.216,90.179,0
2025-04-01 02:45:54,28.268,65.03,107.012,-0.185,91.78,0
2025-04-01 02:45:55,28.284,66.463,106.971,-0.128,91.295,0
2025-04-01 02:45:56,28.191,65.382,107.245,0.336,91.356,0
2025-04-01 02:45:57,28.809,64.899,106.049,-0.034,91.138,0
2025-04-01 02:45:58,28.519,66.133,107.752,0.337,88.911,0
2025-04-01 02:45:59,28.478,66.238,106.884,0.188,91.733,0
2025-04-01 02:46:00,28.094,66.511,108.163,0.335,90.628,0
2025-04-01 02:46:01,28.473,66.491,107.016,0.268,91.131,0
2025-04-01 02:46:02,28.292,67.289,105.909,1.734,90.756,0
2025-04-01 02:46:03,28.395,64.573,107.343,0.119,91.352,0
2025-04-01 02:46:04,28.084,65.474,106.15,0.125,88.897,0
2025-04-01 02:46:05,28.743,65.952,106.049,-0.148,92.498,0
2025-04-01 02:46:06,29.113,65.716,107.749,0.481,91.758,0
2025-04-01 02:46:07,28.64,66.083,106.397,-0.436,91.143,0
2025-04-01 02:46:08,28.647,66.781,106.713,0.487,92.407,0
2025-04-01 02:46:09,29.451,66.713,106.89,-0.559,91.268,0
2025-04-01 02:46:10,28.554,67.772,106.418,0.019,91.409,0
2025-04-01 02:46:11,28.467,67.539,105.556,-0.672,90.993,0
2025-04-01 02:46:12,28.402,67.81,105.44,0.388,89.985,0
2025-04-01 02:46:13,28.577,67.571,105.289,-1.252,91.49,0
2025-04-01 02:46:14,29.014,66.696,106.364,-0.582,89.915,0
2025-04-01 02:46:15,28.701,69.013,105.051,-0.409,91.135,0
2025-04-01 02:46:16,28.779,67.122,104.57,-0.808,90.226,0
2025-04-01 02:46:17,28.839,67.571,105.662,0.041,91.516,0
2025-04-01 02:46:18,28.832,67.111,104.424,-0.122,90.587,0
2025-04-01 02:46:19,29.448,66.649,104.351,0.393,90.52,0
2025-04-01 02:46:20,29.397,66.915,104.307,0.254,90.616,0
2025-04-01 02:46:21,29.0,68.451,104.649,1.102,89.39,0
2025-04-01 02:46:22,29.018,67.705,104.601,-0.935,89.982,0
2025-04-01 02:46:23,29.401,68.134,105.458,0.76,88.944,0
2025-04-01 02:46:24,29.591,67.132,104.422,0.32,91.11,0
2025-04-01 02:46:25,29.084,67.584,104.058,0.238,91.538,0
2025-04-01 02:46:26,29.116,67.018,104.538,1.201,90.746,0
2025-04-01 02:46:27,29.468,68.3,105.073,-0.147,89.662,0
2025-04-01 02:46:28,28.945,68.037,105.204,0.131,89.402,0
2025-04-01 02:46:29,29.704,67.078,105.612,-0.263,90.575,0
2025-04-01 02:46:30,29.696,68.279,104.814,0.079,89.707,0
2025-04-01 02:46:31,29.642,67.772,105.897,0.035,89.946,0
2025-04-01 02:46:32,29.729,66.752,105.902,0.912,89.546,0
2025-04-01 02:46:33,29.95,68.939,106.211,0.092,88.777,0
2025-04-01 02:46:34,29.337,67.04,106.476,0.688,90.586,0
2025-04-01 02:46:35,30.135,67.869,106.274,0.84,89.457,0
2025-04-01 02:46:36,30.075,67.599,106.008,0.608,90.176,0
2025-04-01 02:46:37,29.502,69.029,105.9,0.735,88.679,0
2025-04-01 02:46:38,29.708,68.047,106.706,0.725,88.624,0
2025-04-01 02:46:39,30.484,66.981,106.494,0.489,88.631,0
