time,温度,湿度,A,B,C,label
2025-01-01 00:00:00,25.02,67.99,100.03,52.08,79.99,0
2025-01-01 00:00:01,25.01,68.08,100.1,51.98,80.07,0
2025-01-01 00:00:02,25.02,67.98,100.14,51.9,79.99,0
2025-01-01 00:00:03,25.03,67.95,100.2,51.95,80.05,0
2025-01-01 00:00:04,25.15,67.99,100.25,51.92,80.13,0
2025-01-01 00:00:05,25.11,67.94,100.33,51.96,80.19,0
2025-01-01 00:00:06,25.09,68.09,100.37,51.94,80.28,0
2025-01-01 00:00:07,25.08,68.01,100.34,51.92,80.29,0
2025-01-01 00:00:08,25.2,68.0,100.49,51.97,80.25,0
2025-01-01 00:00:09,25.14,67.97,100.61,51.99,80.27,0
2025-01-01 00:00:10,25.22,67.97,100.59,52.0,80.45,0
2025-01-01 00:00:11,25.27,67.95,100.67,51.98,80.49,0
2025-01-01 00:00:12,25.22,67.98,100.69,51.9,80.52,0
2025-01-01 00:00:13,25.33,67.98,100.86,51.97,80.49,0
2025-01-01 00:00:14,25.3,68.06,100.87,52.02,80.43,0
2025-01-01 00:00:15,25.34,67.98,100.92,51.94,80.5,0
2025-01-01 00:00:16,25.31,67.99,101.07,51.9,80.6,0
2025-01-01 00:00:17,25.31,68.02,101.07,51.89,80.7,0
2025-01-01 00:00:18,25.36,68.02,101.08,51.89,80.7,0
2025-01-01 00:00:19,25.31,67.98,101.19,51.9,80.74,0
2025-01-01 00:00:20,25.33,67.94,101.22,51.85,80.79,0
2025-01-01 00:00:21,25.44,68.05,101.31,51.89,80.83,0
2025-01-01 00:00:22,25.34,67.95,101.36,51.99,80.86,0
2025-01-01 00:00:23,25.47,67.95,101.36,51.91,80.95,0
2025-01-01 00:00:24,25.52,67.9,101.55,51.77,80.98,0
2025-01-01 00:00:25,25.61,67.89,101.51,51.83,80.96,0
2025-01-01 00:00:26,25.44,67.94,101.54,51.84,80.98,0
2025-01-01 00:00:27,25.61,67.89,101.64,51.84,81.01,0
2025-01-01 00:00:28,25.57,67.99,101.63,51.8,81.12,0
2025-01-01 00:00:29,25.62,67.85,101.71,51.8,81.16,0
2025-01-01 00:00:30,25.61,67.93,101.8,51.77,81.2,0
2025-01-01 00:00:31,25.58,68.0,101.91,51.68,81.25,0
2025-01-01 00:00:32,25.59,67.94,102.01,51.68,81.31,0
2025-01-01 00:00:33,25.68,67.93,102.1,51.69,81.26,0
2025-01-01 00:00:34,25.63,67.84,102.06,51.7,81.35,0
2025-01-01 00:00:35,25.74,67.88,102.19,51.66,81.51,0
2025-01-01 00:00:36,25.74,67.83,102.12,51.67,81.4,0
2025-01-01 00:00:37,25.77,67.89,102.23,51.59,81.37,0
2025-01-01 00:00:38,25.73,67.9,102.3,51.55,81.49,0
2025-01-01 00:00:39,25.79,67.8,102.35,51.6,81.46,0
2025-01-01 00:00:40,25.81,67.87,102.45,51.62,81.49,0
2025-01-01 00:00:41,25.76,67.86,102.48,51.58,81.79,0
2025-01-01 00:00:42,25.86,67.88,102.55,51.56,81.62,0
2025-01-01 00:00:43,25.89,67.78,102.55,51.48,81.67,0
2025-01-01 00:00:44,25.98,67.71,102.65,51.41,81.68,0
2025-01-01 00:00:45,25.94,67.8,102.61,51.43,81.77,0
2025-01-01 00:00:46,25.87,67.8,102.72,51.41,81.88,0
2025-01-01 00:00:47,25.96,67.68,102.78,51.38,81.85,0
2025-01-01 00:00:48,25.9,67.76,102.85,51.44,81.79,0
2025-01-01 00:00:49,25.95,67.74,102.84,51.46,81.9,0
2025-01-01 00:00:50,25.92,67.8,103.03,51.4,81.84,0
2025-01-01 00:00:51,25.98,67.8,102.94,51.34,81.99,0
2025-01-01 00:00:52,25.97,67.73,102.86,51.24,81.97,0
2025-01-01 00:00:53,25.98,67.8,103.0,51.25,82.03,0
2025-01-01 00:00:54,26.13,67.64,103.18,51.24,82.01,0
2025-01-01 00:00:55,26.1,67.71,103.14,51.22,82.07,0
2025-01-01 00:00:56,26.1,67.72,103.3,51.13,82.23,0
2025-01-01 00:00:57,26.02,67.67,103.3,51.18,82.13,0
2025-01-01 00:00:58,26.12,67.64,103.29,51.18,82.21,0
2025-01-01 00:00:59,26.12,67.7,103.38,51.15,82.26,0
2025-01-01 00:01:00,26.13,67.61,103.45,51.11,82.26,0
2025-01-01 00:01:01,26.19,67.69,103.42,51.08,82.28,0
2025-01-01 00:01:02,26.19,67.67,103.54,51.06,82.39,0
2025-01-01 00:01:03,26.22,67.64,103.53,51.01,82.35,0
2025-01-01 00:01:04,26.25,67.62,103.55,51.07,82.34,0
2025-01-01 00:01:05,26.2,67.64,103.67,50.97,82.45,0
2025-01-01 00:01:06,26.28,67.52,103.68,50.87,82.5,0
2025-01-01 00:01:07,26.29,67.51,103.7,50.9,82.46,0
2025-01-01 00:01:08,26.27,67.55,103.77,50.82,82.49,0
2025-01-01 00:01:09,26.34,67.46,103.73,50.78,82.54,0
2025-01-01 00:01:10,26.37,67.59,103.88,50.78,82.58,0
2025-01-01 00:01:11,26.32,67.5,103.86,50.77,82.57,0
2025-01-01 00:01:12,26.41,67.56,103.91,50.74,82.67,0
2025-01-01 00:01:13,26.38,67.48,103.96,50.7,82.63,0
2025-01-01 00:01:14,26.42,67.48,104.07,50.71,82.8,0
2025-01-01 00:01:15,26.4,67.49,104.04,50.74,82.69,0
2025-01-01 00:01:16,26.41,67.4,103.96,50.57,82.72,0
2025-01-01 00:01:17,26.48,67.43,104.2,50.61,82.76,0
2025-01-01 00:01:18,26.45,67.42,104.07,50.63,82.87,0
2025-01-01 00:01:19,26.48,67.3,104.24,50.5,82.9,0
2025-01-01 00:01:20,26.45,67.34,104.21,50.47,82.85,0
2025-01-01 00:01:21,26.57,67.3,104.23,50.44,82.92,0
2025-01-01 00:01:22,26.6,67.28,104.2,50.47,82.94,0
2025-01-01 00:01:23,26.54,67.4,104.31,50.43,82.96,0
2025-01-01 00:01:24,26.7,67.39,104.32,50.39,83.01,0
2025-01-01 00:01:25,26.68,67.24,104.4,50.36,82.92,0
2025-01-01 00:01:26,26.57,67.17,104.38,50.31,83.11,0
2025-01-01 00:01:27,26.65,67.34,104.36,50.16,83.05,0
2025-01-01 00:01:28,26.68,67.24,104.35,50.2,83.02,0
2025-01-01 00:01:29,26.71,67.24,104.44,50.15,83.06,0
2025-01-01 00:01:30,26.69,67.25,104.46,50.17,83.11,0
2025-01-01 00:01:31,26.67,67.18,104.49,50.08,83.1,0
2025-01-01 00:01:32,26.83,67.17,104.53,50.09,83.18,0
2025-01-01 00:01:33,26.73,67.18,104.63,50.02,83.18,0
2025-01-01 00:01:34,26.75,67.02,104.54,50.08,83.31,0
2025-01-01 00:01:35,26.76,67.14,104.65,50.13,83.31,0
2025-01-01 00:01:36,26.79,67.05,104.58,49.95,83.24,0
2025-01-01 00:01:37,26.74,67.05,104.63,49.99,83.34,0
2025-01-01 00:01:38,26.82,67.13,104.71,49.83,83.4,0
2025-01-01 00:01:39,26.87,66.99,104.72,49.8,83.27,0
2025-01-01 00:01:40,26.9,67.12,104.67,49.84,83.33,0
2025-01-01 00:01:41,26.85,66.97,104.72,49.78,83.35,0
2025-01-01 00:01:42,26.9,66.98,104.77,49.7,83.38,0
2025-01-01 00:01:43,26.94,66.99,104.75,49.71,83.47,0
2025-01-01 00:01:44,26.83,66.97,104.78,49.7,83.41,0
2025-01-01 00:01:45,26.84,66.84,104.84,49.66,83.42,0
2025-01-01 00:01:46,26.98,66.82,104.85,49.55,83.46,0
2025-01-01 00:01:47,26.97,66.84,104.85,49.63,83.48,0
2025-01-01 00:01:48,27.02,66.81,104.91,49.62,83.4,0
2025-01-01 00:01:49,26.95,66.87,104.88,49.53,83.52,0
2025-01-01 00:01:50,27.01,66.81,104.96,49.49,83.58,0
2025-01-01 00:01:51,27.0,66.77,104.89,49.47,83.56,0
2025-01-01 00:01:52,27.05,66.88,104.97,49.4,83.66,0
2025-01-01 00:01:53,27.03,66.65,104.89,49.29,83.6,0
2025-01-01 00:01:54,27.07,66.82,104.96,49.34,83.68,0
2025-01-01 00:01:55,26.97,66.73,104.99,49.25,83.71,0
2025-01-01 00:01:56,27.11,66.67,105.0,49.4,83.68,0
2025-01-01 00:01:57,27.12,66.65,104.93,49.3,83.64,0
2025-01-01 00:01:58,27.13,66.62,105.0,49.25,83.75,0
2025-01-01 00:01:59,27.11,66.61,104.93,49.18,83.73,0
2025-01-01 00:02:00,27.19,66.56,105.03,49.24,83.75,0
2025-01-01 00:02:01,27.26,66.54,104.93,49.05,83.82,0
2025-01-01 00:02:02,27.21,66.55,105.01,49.05,83.88,0
2025-01-01 00:02:03,27.2,66.54,105.03,49.1,83.78,0
2025-01-01 00:02:04,27.17,66.53,105.09,49.12,83.86,0
2025-01-01 00:02:05,27.19,66.44,104.99,49.02,83.85,0
2025-01-01 00:02:06,27.15,66.54,104.99,48.97,83.76,0
2025-01-01 00:02:07,27.16,66.48,105.0,48.9,83.76,0
2025-01-01 00:02:08,27.24,66.5,104.98,48.86,83.82,0
2025-01-01 00:02:09,27.26,66.26,104.99,48.89,83.88,0
2025-01-01 00:02:10,27.38,66.42,104.98,48.82,83.98,0
2025-01-01 00:02:11,27.3,66.35,104.99,48.86,83.86,0
2025-01-01 00:02:12,27.28,66.29,104.98,48.8,83.84,0
2025-01-01 00:02:13,27.33,66.28,105.05,48.66,83.94,0
2025-01-01 00:02:14,27.4,66.17,104.96,48.75,83.82,0
2025-01-01 00:02:15,27.31,66.19,105.05,48.79,83.97,0
2025-01-01 00:02:16,27.4,66.16,104.93,48.74,83.85,0
2025-01-01 00:02:17,27.41,66.18,104.93,48.73,83.94,0
2025-01-01 00:02:18,27.37,66.23,104.89,48.7,83.96,0
2025-01-01 00:02:19,27.38,66.16,104.87,48.69,83.93,0
2025-01-01 00:02:20,27.38,66.17,104.88,48.55,83.86,0
2025-01-01 00:02:21,27.45,66.03,105.0,48.49,84.03,0
2025-01-01 00:02:22,27.44,66.06,104.87,48.59,83.95,0
2025-01-01 00:02:23,27.5,66.05,104.89,48.53,83.96,0
2025-01-01 00:02:24,27.47,65.93,104.8,48.56,83.97,0
2025-01-01 00:02:25,27.46,65.99,104.87,48.48,83.93,0
2025-01-01 00:02:26,27.49,65.91,104.86,48.4,84.03,0
2025-01-01 00:02:27,27.52,65.95,104.87,48.54,84.03,0
2025-01-01 00:02:28,27.41,65.84,104.78,48.44,84.01,0
2025-01-01 00:02:29,27.48,65.89,104.75,48.39,83.92,0
2025-01-01 00:02:30,27.48,65.79,104.72,48.45,83.94,0
2025-01-01 00:02:31,27.67,65.85,104.76,48.34,84.03,0
2025-01-01 00:02:32,27.52,65.8,104.86,48.35,84.05,0
2025-01-01 00:02:33,27.52,65.77,104.8,48.31,84.09,0
2025-01-01 00:02:34,27.6,65.72,104.72,48.37,84.03,0
2025-01-01 00:02:35,27.5,65.68,104.66,48.3,84.03,0
2025-01-01 00:02:36,27.6,65.62,104.66,48.32,84.03,0
2025-01-01 00:02:37,27.65,65.7,104.64,48.27,83.92,0
2025-01-01 00:02:38,27.63,65.64,104.61,48.19,83.95,0
2025-01-01 00:02:39,27.67,65.6,104.61,48.24,84.0,0
2025-01-01 00:02:40,27.67,65.55,104.55,48.2,83.98,0
2025-01-01 00:02:41,27.62,65.56,104.5,48.27,83.95,0
2025-01-01 00:02:42,27.64,65.49,104.57,48.2,84.05,0
2025-01-01 00:02:43,27.58,65.5,104.51,48.18,84.05,0
2025-01-01 00:02:44,27.64,65.53,104.55,48.15,83.97,0
2025-01-01 00:02:45,27.75,65.51,104.38,48.13,83.97,0
2025-01-01 00:02:46,27.62,65.35,104.33,48.1,83.98,0
2025-01-01 00:02:47,27.7,65.45,104.3,48.18,83.97,0
2025-01-01 00:02:48,27.7,65.37,104.26,48.13,83.98,0
2025-01-01 00:02:49,27.73,65.32,104.41,48.07,83.95,0
2025-01-01 00:02:50,27.69,65.25,104.22,48.15,84.04,0
2025-01-01 00:02:51,27.7,65.21,104.24,48.06,83.99,0
2025-01-01 00:02:52,27.74,65.14,104.26,48.16,83.92,0
2025-01-01 00:02:53,27.72,65.2,104.17,48.1,84.05,0
2025-01-01 00:02:54,27.74,65.12,104.05,48.02,83.94,0
2025-01-01 00:02:55,27.85,65.1,104.09,48.05,84.0,0
2025-01-01 00:02:56,27.89,65.07,104.02,48.1,83.96,0
2025-01-01 00:02:57,27.87,65.1,103.99,48.07,83.98,0
2025-01-01 00:02:58,27.82,65.06,104.02,48.09,83.98,0
2025-01-01 00:02:59,27.82,65.0,103.94,48.09,83.86,0
2025-01-01 00:03:00,27.81,64.95,103.89,48.08,83.9,0
2025-01-01 00:03:01,27.81,64.87,103.89,48.05,83.99,0
2025-01-01 00:03:02,27.79,64.92,103.82,48.09,83.87,0
2025-01-01 00:03:03,27.83,64.91,103.78,47.99,83.88,0
2025-01-01 00:03:04,27.88,64.8,103.74,47.97,83.92,0
2025-01-01 00:03:05,27.75,64.79,103.71,48.08,83.84,0
2025-01-01 00:03:06,27.81,64.88,103.57,47.89,83.86,0
2025-01-01 00:03:07,27.82,64.7,103.64,48.01,83.79,0
2025-01-01 00:03:08,27.79,64.76,103.59,48.0,83.9,0
2025-01-01 00:03:09,27.8,64.61,103.48,48.0,83.81,0
2025-01-01 00:03:10,27.85,64.67,103.41,48.07,83.78,0
2025-01-01 00:03:11,27.92,64.64,103.45,48.03,83.79,0
2025-01-01 00:03:12,27.91,64.65,103.39,48.04,83.75,0
2025-01-01 00:03:13,27.95,64.52,103.42,48.0,83.67,0
2025-01-01 00:03:14,27.89,64.49,103.33,47.98,83.71,0
2025-01-01 00:03:15,27.8,64.47,103.12,47.93,83.75,0
2025-01-01 00:03:16,27.94,64.48,103.14,48.01,83.7,0
2025-01-01 00:03:17,27.84,64.5,103.18,48.01,83.69,0
2025-01-01 00:03:18,27.92,64.29,103.08,47.99,83.62,0
2025-01-01 00:03:19,27.9,64.45,103.07,48.0,83.68,0
2025-01-01 00:03:20,27.99,64.37,103.0,48.0,83.67,0
2025-01-01 00:03:21,27.94,64.33,102.97,48.1,83.59,0
2025-01-01 00:03:22,27.99,64.26,103.0,48.02,83.69,0
2025-01-01 00:03:23,27.94,64.19,102.82,48.04,83.61,0
2025-01-01 00:03:24,27.96,64.16,102.79,48.17,83.65,0
2025-01-01 00:03:25,27.96,64.15,102.74,48.11,83.5,0
2025-01-01 00:03:26,27.93,64.04,102.7,48.12,83.51,0
2025-01-01 00:03:27,28.02,64.02,102.56,48.11,83.56,0
2025-01-01 00:03:28,28.03,64.03,102.63,48.1,83.48,0
2025-01-01 00:03:29,28.0,64.05,102.44,48.19,83.54,0
2025-01-01 00:03:30,27.93,64.0,102.49,48.14,83.43,0
2025-01-01 00:03:31,27.93,63.94,102.47,48.17,83.41,0
2025-01-01 00:03:32,28.0,63.77,102.42,48.06,83.39,0
2025-01-01 00:03:33,27.91,63.81,102.36,48.14,83.41,0
2025-01-01 00:03:34,27.97,63.86,102.25,48.11,83.42,0
2025-01-01 00:03:35,27.95,63.73,102.17,48.27,83.39,0
2025-01-01 00:03:36,27.96,63.75,102.12,48.31,83.34,0
2025-01-01 00:03:37,28.0,63.79,102.09,48.21,83.29,0
2025-01-01 00:03:38,27.98,63.7,102.06,48.24,83.32,0
2025-01-01 00:03:39,27.98,63.67,101.87,48.3,83.27,0
2025-01-01 00:03:40,28.03,63.48,102.01,48.26,83.29,0
2025-01-01 00:03:41,27.93,63.62,101.8,48.26,83.31,0
2025-01-01 00:03:42,27.98,63.57,101.84,48.33,83.19,0
2025-01-01 00:03:43,28.01,63.64,101.73,48.33,83.21,0
2025-01-01 00:03:44,28.05,63.54,101.71,48.28,83.22,0
2025-01-01 00:03:45,27.94,63.46,101.58,48.36,83.13,0
2025-01-01 00:03:46,28.01,63.43,101.64,48.4,83.07,0
2025-01-01 00:03:47,28.04,63.44,101.44,48.43,83.1,0
2025-01-01 00:03:48,27.98,63.41,101.43,48.42,83.03,0
2025-01-01 00:03:49,28.0,63.25,101.31,48.52,82.97,0
2025-01-01 00:03:50,27.95,63.16,101.29,48.39,83.06,0
2025-01-01 00:03:51,28.05,63.2,101.37,48.53,82.94,0
2025-01-01 00:03:52,27.87,63.31,101.13,48.42,82.98,0
2025-01-01 00:03:53,28.12,63.23,101.16,48.56,82.94,0
2025-01-01 00:03:54,28.04,63.14,101.08,48.55,82.84,0
2025-01-01 00:03:55,27.99,63.0,101.01,48.52,82.79,0
2025-01-01 00:03:56,28.01,63.12,101.0,48.52,82.77,0
2025-01-01 00:03:57,28.05,62.96,100.88,48.65,82.74,0
2025-01-01 00:03:58,28.0,62.91,100.8,48.66,82.68,0
2025-01-01 00:03:59,28.02,62.94,100.8,48.68,82.8,0
2025-01-01 00:04:00,28.0,62.88,100.71,48.72,82.7,0
2025-01-01 00:04:01,28.0,62.83,100.61,48.65,82.76,0
2025-01-01 00:04:02,27.94,62.79,100.55,48.79,82.63,0
2025-01-01 00:04:03,28.06,62.75,100.53,48.73,82.72,0
2025-01-01 00:04:04,27.94,62.76,100.49,48.82,82.57,0
2025-01-01 00:04:05,27.99,62.71,100.39,48.87,82.66,0
2025-01-01 00:04:06,27.96,62.61,100.33,48.98,82.48,0
2025-01-01 00:04:07,28.07,62.72,100.24,48.91,82.57,0
2025-01-01 00:04:08,27.97,62.59,100.18,48.85,82.43,0
2025-01-01 00:04:09,27.93,62.56,100.11,48.95,82.35,0
2025-01-01 00:04:10,28.0,62.56,99.98,48.98,82.46,0
2025-01-01 00:04:11,27.92,62.57,100.04,48.96,82.36,0
2025-01-01 00:04:12,28.01,62.45,99.98,48.97,82.34,0
2025-01-01 00:04:13,27.91,62.4,99.85,49.01,82.36,0
2025-01-01 00:04:14,28.03,62.4,99.78,49.06,82.32,0
2025-01-01 00:04:15,27.98,62.45,99.79,49.12,82.22,0
2025-01-01 00:04:16,27.98,62.29,99.74,49.19,82.16,0
2025-01-01 00:04:17,27.9,62.16,99.67,49.11,82.06,0
2025-01-01 00:04:18,27.99,62.34,99.58,49.24,82.13,0
2025-01-01 00:04:19,27.96,62.22,99.51,49.24,82.11,0
2025-01-01 00:04:20,27.93,62.19,99.45,49.22,82.09,0
2025-01-01 00:04:21,27.91,62.1,99.4,49.35,82.05,0
2025-01-01 00:04:22,27.95,62.1,99.4,49.35,81.99,0
2025-01-01 00:04:23,27.88,61.97,99.26,49.32,81.95,0
2025-01-01 00:04:24,27.95,62.01,99.21,49.41,81.93,0
2025-01-01 00:04:25,27.84,61.9,99.14,49.36,81.92,0
2025-01-01 00:04:26,28.02,61.97,99.08,49.52,81.86,0
2025-01-01 00:04:27,27.92,61.84,99.01,49.46,81.83,0
2025-01-01 00:04:28,27.94,61.83,98.99,49.57,81.83,0
2025-01-01 00:04:29,27.85,61.66,98.95,49.48,81.73,0
2025-01-01 00:04:30,27.86,61.66,98.87,49.62,81.68,0
2025-01-01 00:04:31,27.79,61.69,98.8,49.54,81.68,0
2025-01-01 00:04:32,27.91,61.7,98.73,49.6,81.7,0
2025-01-01 00:04:33,27.9,61.63,98.62,49.65,81.56,0
2025-01-01 00:04:34,27.89,61.68,98.53,49.63,81.64,0
2025-01-01 00:04:35,27.89,61.52,98.59,49.71,81.62,0
2025-01-01 00:04:36,27.93,61.49,98.59,49.75,81.53,0
2025-01-01 00:04:37,27.9,61.54,98.5,49.81,81.41,0
2025-01-01 00:04:38,27.9,61.4,98.46,49.85,81.4,0
2025-01-01 00:04:39,27.88,61.33,98.26,49.94,81.34,0
2025-01-01 00:04:40,27.82,61.39,98.31,49.94,81.39,0
2025-01-01 00:04:41,27.83,61.25,98.26,49.93,81.29,0
2025-01-01 00:04:42,27.92,61.31,98.15,50.08,81.23,0
2025-01-01 00:04:43,27.9,61.24,98.09,50.08,81.25,0
2025-01-01 00:04:44,27.87,61.26,98.0,50.0,81.14,0
2025-01-01 00:04:45,27.74,61.27,97.9,50.06,81.14,0
2025-01-01 00:04:46,27.85,61.16,97.94,50.08,81.1,0
2025-01-01 00:04:47,27.84,61.07,97.92,50.17,81.11,0
2025-01-01 00:04:48,27.85,61.1,97.8,50.11,81.05,0
2025-01-01 00:04:49,27.78,60.98,97.76,50.27,81.0,0
2025-01-01 00:04:50,27.82,61.05,97.69,50.37,80.99,0
2025-01-01 00:04:51,27.71,60.96,97.64,50.34,80.95,0
2025-01-01 00:04:52,27.78,60.82,97.56,50.26,80.85,0
2025-01-01 00:04:53,27.81,60.93,97.53,50.28,80.86,0
2025-01-01 00:04:54,27.84,60.77,97.45,50.37,80.76,0
2025-01-01 00:04:55,27.8,60.76,97.43,50.36,80.74,0
2025-01-01 00:04:56,27.8,60.71,97.44,50.42,80.73,0
2025-01-01 00:04:57,27.8,60.61,97.21,50.39,80.75,0
2025-01-01 00:04:58,27.72,60.77,97.22,50.51,80.72,0
2025-01-01 00:04:59,27.84,60.71,97.25,50.59,80.63,0
2025-01-01 00:05:00,27.77,60.54,97.1,50.57,80.56,0
2025-01-01 00:05:01,27.7,60.56,97.14,50.6,80.6,0
2025-01-01 00:05:02,27.65,60.48,97.0,50.54,80.48,0
2025-01-01 00:05:03,27.7,60.52,97.02,50.61,80.54,0
2025-01-01 00:05:04,27.75,60.44,96.93,50.65,80.39,0
2025-01-01 00:05:05,27.74,60.46,96.97,50.7,80.31,0
2025-01-01 00:05:06,27.68,60.24,96.86,50.75,80.3,0
2025-01-01 00:05:07,27.59,60.31,96.77,50.73,80.14,0
2025-01-01 00:05:08,27.66,60.33,96.83,50.79,80.22,0
2025-01-01 00:05:09,27.67,60.16,96.71,50.89,80.27,0
2025-01-01 00:05:10,27.63,60.16,96.61,50.84,80.15,0
2025-01-01 00:05:11,27.65,60.17,96.57,50.98,80.11,0
2025-01-01 00:05:12,27.62,60.05,96.44,50.98,80.12,0
2025-01-01 00:05:13,27.6,60.05,96.54,50.89,80.02,0
2025-01-01 00:05:14,27.64,59.94,96.49,50.93,80.03,0
2025-01-01 00:05:15,27.59,59.89,96.49,50.99,79.93,0
2025-01-01 00:05:16,27.59,59.98,96.33,51.06,79.95,0
2025-01-01 00:05:17,27.6,59.9,96.32,51.04,79.89,0
2025-01-01 00:05:18,27.51,59.7,96.32,51.15,79.73,0
2025-01-01 00:05:19,27.5,59.84,96.36,51.14,79.77,0
2025-01-01 00:05:20,27.53,59.84,96.18,51.12,79.74,0
2025-01-01 00:05:21,27.48,59.73,96.26,51.21,79.71,0
2025-01-01 00:05:22,27.5,59.61,96.18,51.21,79.68,0
2025-01-01 00:05:23,27.66,59.66,96.06,51.22,79.7,0
2025-01-01 00:05:24,27.5,59.53,96.1,51.24,79.7,0
2025-01-01 00:05:25,27.54,59.54,96.08,51.3,79.61,0
2025-01-01 00:05:26,27.5,59.48,95.95,51.37,79.51,0
2025-01-01 00:05:27,27.44,59.44,95.97,51.45,79.43,0
2025-01-01 00:05:28,27.45,59.52,95.9,51.39,79.4,0
2025-01-01 00:05:29,27.46,59.4,95.92,51.45,79.54,0
2025-01-01 00:05:30,27.45,59.38,95.85,51.4,79.39,0
2025-01-01 00:05:31,27.4,59.34,95.87,51.39,79.39,0
2025-01-01 00:05:32,27.47,59.28,95.66,51.43,79.36,0
2025-01-01 00:05:33,27.39,59.2,95.71,51.53,79.28,0
2025-01-01 00:05:34,27.37,59.19,95.69,51.46,79.29,0
2025-01-01 00:05:35,27.35,59.23,95.75,51.58,79.15,0
2025-01-01 00:05:36,27.37,59.13,95.6,51.57,79.07,0
2025-01-01 00:05:37,27.4,59.07,95.62,51.59,79.08,0
2025-01-01 00:05:38,27.36,59.02,95.63,51.53,79.06,0
2025-01-01 00:05:39,27.41,58.96,95.52,51.64,79.03,0
2025-01-01 00:05:40,27.32,58.99,95.56,51.69,79.0,0
2025-01-01 00:05:41,27.28,58.96,95.59,51.64,78.89,0
2025-01-01 00:05:42,27.33,58.88,95.36,51.71,78.87,0
2025-01-01 00:05:43,27.26,58.87,95.45,51.72,78.84,0
2025-01-01 00:05:44,27.28,58.8,95.46,51.74,78.78,0
2025-01-01 00:05:45,27.29,58.74,95.43,51.74,78.88,0
2025-01-01 00:05:46,27.21,58.71,95.37,51.72,78.79,0
2025-01-01 00:05:47,27.13,58.64,95.29,51.8,78.8,0
2025-01-01 00:05:48,27.19,58.64,95.33,51.83,78.63,0
2025-01-01 00:05:49,27.19,58.66,95.33,51.8,78.68,0
2025-01-01 00:05:50,27.03,58.61,95.25,51.71,78.62,0
2025-01-01 00:05:51,27.22,58.53,95.31,51.9,78.63,0
2025-01-01 00:05:52,27.22,58.53,95.25,51.75,78.51,0
2025-01-01 00:05:53,27.09,58.56,95.21,51.85,78.51,0
2025-01-01 00:05:54,27.12,58.5,95.17,51.86,78.41,0
2025-01-01 00:05:55,27.03,58.35,95.19,51.85,78.38,0
2025-01-01 00:05:56,27.01,58.33,95.1,51.92,78.38,0
2025-01-01 00:05:57,27.0,58.28,95.12,51.91,78.41,0
2025-01-01 00:05:58,26.96,58.27,95.13,51.93,78.31,0
2025-01-01 00:05:59,27.0,58.21,95.09,51.96,78.27,0
2025-01-01 00:06:00,27.12,58.18,95.08,51.84,78.14,0
2025-01-01 00:06:01,26.93,58.16,95.12,51.85,78.24,0
2025-01-01 00:06:02,26.97,58.11,95.17,51.98,78.15,0
2025-01-01 00:06:03,26.94,57.96,95.04,51.94,78.07,0
2025-01-01 00:06:04,26.96,58.03,95.05,51.92,78.1,0
2025-01-01 00:06:05,26.97,57.93,95.13,51.96,78.05,0
2025-01-01 00:06:06,26.97,57.96,95.09,51.98,77.99,0
2025-01-01 00:06:07,26.94,57.85,95.04,51.97,77.97,0
2025-01-01 00:06:08,26.9,57.78,95.0,51.98,77.96,0
2025-01-01 00:06:09,26.84,57.9,94.98,52.03,77.94,0
2025-01-01 00:06:10,26.84,57.88,94.96,52.03,77.93,0
2025-01-01 00:06:11,26.83,57.83,95.0,52.0,77.86,0
2025-01-01 00:06:12,26.84,57.76,95.05,51.91,77.88,0
2025-01-01 00:06:13,26.74,57.73,95.06,51.94,77.76,0
2025-01-01 00:06:14,26.76,57.63,94.99,52.04,77.81,0
2025-01-01 00:06:15,26.87,57.58,94.99,51.91,77.67,0
2025-01-01 00:06:16,26.83,57.65,94.94,51.97,77.68,0
2025-01-01 00:06:17,26.78,57.49,95.02,51.98,77.65,0
2025-01-01 00:06:18,26.77,57.49,94.98,51.99,77.61,0
2025-01-01 00:06:19,26.71,57.44,95.08,52.03,77.57,0
2025-01-01 00:06:20,26.75,57.4,95.06,52.02,77.55,0
2025-01-01 00:06:21,26.72,57.3,94.95,51.94,77.53,0
2025-01-01 00:06:22,26.77,57.45,95.04,52.02,77.4,0
2025-01-01 00:06:23,26.64,57.26,94.98,51.98,77.44,0
2025-01-01 00:06:24,26.55,57.3,94.97,52.0,77.53,0
2025-01-01 00:06:25,26.59,57.1,95.01,52.04,77.5,0
2025-01-01 00:06:26,26.55,57.21,95.01,51.97,77.5,0
2025-01-01 00:06:27,26.52,57.16,95.06,52.03,77.34,0
2025-01-01 00:06:28,26.6,57.09,95.06,51.95,77.34,0
2025-01-01 00:06:29,26.55,57.09,95.05,52.02,77.28,0
2025-01-01 00:06:30,26.46,57.1,95.02,51.92,77.22,0
2025-01-01 00:06:31,26.6,56.89,95.23,52.0,77.23,0
2025-01-01 00:06:32,26.51,56.98,95.11,51.97,77.22,0
2025-01-01 00:06:33,26.5,56.92,95.09,51.92,77.22,0
2025-01-01 00:06:34,26.51,56.74,95.15,51.93,77.13,0
2025-01-01 00:06:35,26.44,56.91,95.17,51.87,77.13,0
2025-01-01 00:06:36,26.39,56.75,95.11,51.94,77.13,0
2025-01-01 00:06:37,26.45,56.82,95.18,51.86,77.07,0
2025-01-01 00:06:38,26.45,56.78,95.23,51.91,77.04,0
2025-01-01 00:06:39,26.44,56.71,95.14,51.86,76.96,0
2025-01-01 00:06:40,26.34,56.66,95.17,51.84,76.88,0
2025-01-01 00:06:41,26.36,56.63,95.18,51.87,76.99,0
2025-01-01 00:06:42,26.26,56.56,95.2,51.78,76.96,0
2025-01-01 00:06:43,26.31,56.55,95.16,51.85,76.83,0
2025-01-01 00:06:44,26.3,56.54,95.35,51.74,76.72,0
2025-01-01 00:06:45,26.29,56.58,95.37,51.8,76.82,0
2025-01-01 00:06:46,26.3,56.41,95.35,51.8,76.87,0
2025-01-01 00:06:47,26.38,56.44,95.32,51.75,76.71,0
2025-01-01 00:06:48,26.19,56.36,95.34,51.75,76.73,0
2025-01-01 00:06:49,26.27,56.35,95.39,51.71,76.76,0
2025-01-01 00:06:50,26.23,56.27,95.39,51.69,76.66,0
2025-01-01 00:06:51,26.13,56.25,95.49,51.7,76.71,0
2025-01-01 00:06:52,26.2,56.23,95.49,51.66,76.69,0
2025-01-01 00:06:53,26.11,56.08,95.49,51.72,76.71,0
2025-01-01 00:06:54,26.17,56.23,95.53,51.64,76.61,0
2025-01-01 00:06:55,26.08,56.17,95.61,51.6,76.59,0
2025-01-01 00:06:56,26.08,56.13,95.51,51.48,76.57,0
2025-01-01 00:06:57,26.0,56.04,95.6,51.55,76.65,0
2025-01-01 00:06:58,26.06,56.05,95.67,51.49,76.61,0
2025-01-01 00:06:59,26.02,56.03,95.62,51.45,76.57,0
2025-01-01 00:07:00,26.02,55.92,95.66,51.56,76.45,0
2025-01-01 00:07:01,26.07,55.88,95.77,51.47,76.52,0
2025-01-01 00:07:02,25.94,55.88,95.77,51.41,76.51,0
2025-01-01 00:07:03,25.92,55.85,95.75,51.31,76.45,0
2025-01-01 00:07:04,26.05,55.86,95.84,51.4,76.44,0
2025-01-01 00:07:05,25.94,55.73,95.93,51.43,76.46,0
2025-01-01 00:07:06,25.91,55.76,95.94,51.4,76.38,0
2025-01-01 00:07:07,25.84,55.73,96.02,51.28,76.31,0
2025-01-01 00:07:08,25.86,55.69,95.99,51.33,76.36,0
2025-01-01 00:07:09,25.91,55.57,95.98,51.29,76.27,0
2025-01-01 00:07:10,25.81,55.7,96.06,51.28,76.27,0
2025-01-01 00:07:11,25.76,55.57,96.08,51.31,76.35,0
2025-01-01 00:07:12,25.72,55.57,96.16,51.27,76.38,0
2025-01-01 00:07:13,25.71,55.48,96.11,51.18,76.31,0
2025-01-01 00:07:14,25.79,55.48,96.2,51.17,76.23,0
2025-01-01 00:07:15,25.82,55.37,96.27,51.24,76.26,0
2025-01-01 00:07:16,25.69,55.4,96.29,51.18,76.14,0
2025-01-01 00:07:17,25.76,55.32,96.33,51.06,76.26,0
2025-01-01 00:07:18,25.58,55.38,96.49,50.98,76.23,0
2025-01-01 00:07:19,25.61,55.35,96.43,50.99,76.23,0
2025-01-01 00:07:20,25.71,55.28,96.51,50.93,76.15,0
2025-01-01 00:07:21,25.62,55.33,96.53,50.95,76.18,0
2025-01-01 00:07:22,25.52,55.26,96.61,50.91,76.15,0
2025-01-01 00:07:23,25.57,55.17,96.6,51.01,76.15,0
2025-01-01 00:07:24,25.52,55.13,96.69,50.87,76.12,0
2025-01-01 00:07:25,25.59,55.2,96.67,50.75,76.19,0
2025-01-01 00:07:26,25.47,55.14,96.65,50.86,76.07,0
2025-01-01 00:07:27,25.52,55.07,96.75,50.77,76.15,0
2025-01-01 00:07:28,25.47,55.07,96.94,50.68,76.19,0
2025-01-01 00:07:29,25.45,54.96,96.83,50.71,76.14,0
2025-01-01 00:07:30,25.42,55.05,96.87,50.69,76.03,0
2025-01-01 00:07:31,25.42,54.99,96.97,50.53,76.09,0
2025-01-01 00:07:32,25.41,54.93,97.1,50.58,76.11,0
2025-01-01 00:07:33,25.42,54.79,97.11,50.57,76.06,0
2025-01-01 00:07:34,25.36,54.83,97.11,50.57,76.0,0
2025-01-01 00:07:35,25.27,54.85,97.14,50.57,76.08,0
2025-01-01 00:07:36,25.22,54.76,97.31,50.45,76.02,0
2025-01-01 00:07:37,25.31,54.8,97.29,50.44,76.11,0
2025-01-01 00:07:38,25.35,54.78,97.36,50.4,75.99,0
2025-01-01 00:07:39,25.27,54.72,97.48,50.44,75.95,0
2025-01-01 00:07:40,25.28,54.62,97.44,50.38,76.13,0
2025-01-01 00:07:41,25.36,54.67,97.5,50.37,76.07,0
2025-01-01 00:07:42,25.17,54.7,97.58,50.33,76.05,0
2025-01-01 00:07:43,25.19,54.62,97.59,50.25,75.96,0
2025-01-01 00:07:44,25.17,54.59,97.7,50.32,76.01,0
2025-01-01 00:07:45,25.16,54.47,97.71,50.24,76.05,0
2025-01-01 00:07:46,25.09,54.49,97.71,50.16,76.05,0
2025-01-01 00:07:47,25.11,54.49,97.85,50.14,75.97,0
2025-01-01 00:07:48,25.1,54.46,97.93,50.08,75.89,0
2025-01-01 00:07:49,25.1,54.38,97.91,50.11,75.98,0
2025-01-01 00:07:50,25.08,54.41,98.05,49.97,76.06,0
2025-01-01 00:07:51,25.02,54.33,98.08,49.92,76.02,0
2025-01-01 00:07:52,24.93,54.25,98.05,50.03,75.97,0
2025-01-01 00:07:53,25.04,54.27,98.1,49.89,76.06,0
2025-01-01 00:07:54,24.94,54.24,98.26,49.93,76.06,0
2025-01-01 00:07:55,25.0,54.22,98.24,49.85,76.02,0
2025-01-01 00:07:56,24.86,54.16,98.38,49.84,76.01,0
2025-01-01 00:07:57,24.85,54.17,98.38,49.85,76.06,0
2025-01-01 00:07:58,24.77,54.11,98.41,49.74,76.0,0
2025-01-01 00:07:59,24.77,54.08,98.49,49.75,76.02,0
2025-01-01 00:08:00,24.79,54.11,98.58,49.7,76.1,0
2025-01-01 00:08:01,24.87,54.01,98.7,49.72,75.96,0
2025-01-01 00:08:02,24.83,54.12,98.67,49.6,76.07,0
2025-01-01 00:08:03,24.78,54.05,98.8,49.63,75.96,0
2025-01-01 00:08:04,24.8,54.05,98.83,49.58,75.96,0
2025-01-01 00:08:05,24.75,54.0,98.9,49.6,76.02,0
2025-01-01 00:08:06,24.73,53.89,98.97,49.5,76.05,0
2025-01-01 00:08:07,24.67,53.91,99.07,49.46,75.97,0
2025-01-01 00:08:08,24.75,53.96,99.02,49.48,76.03,0
2025-01-01 00:08:09,24.66,53.88,99.14,49.38,76.03,0
2025-01-01 00:08:10,24.58,53.8,99.21,49.35,76.1,0
2025-01-01 00:08:11,24.68,53.78,99.29,49.38,76.1,0
2025-01-01 00:08:12,24.59,53.82,99.36,49.26,76.13,0
2025-01-01 00:08:13,24.61,53.72,99.4,49.32,76.08,0
2025-01-01 00:08:14,24.6,53.86,99.42,49.19,76.12,0
2025-01-01 00:08:15,24.56,53.7,99.59,49.16,76.15,0
2025-01-01 00:08:16,24.48,53.77,99.68,49.16,76.09,0
2025-01-01 00:08:17,24.53,53.64,99.64,49.17,76.04,0
2025-01-01 00:08:18,24.47,53.6,99.68,49.21,76.08,0
2025-01-01 00:08:19,24.49,53.6,99.76,49.15,76.17,0
2025-01-01 00:08:20,24.46,53.64,99.82,49.05,76.11,0
2025-01-01 00:08:21,24.37,53.71,99.96,48.98,76.11,0
2025-01-01 00:08:22,24.41,53.57,99.99,49.01,76.18,0
2025-01-01 00:08:23,24.39,53.52,99.91,48.98,76.16,0
2025-01-01 00:08:24,24.36,53.65,100.1,48.95,76.26,0
2025-01-01 00:08:25,24.35,53.49,100.18,49.04,76.17,0
2025-01-01 00:08:26,24.33,53.4,100.24,48.86,76.22,0
2025-01-01 00:08:27,24.28,53.48,100.32,48.82,76.26,0
2025-01-01 00:08:28,24.24,53.34,100.32,48.83,76.39,0
2025-01-01 00:08:29,24.27,53.31,100.37,48.87,76.39,0
2025-01-01 00:08:30,24.15,53.27,100.55,48.82,76.25,0
2025-01-01 00:08:31,24.24,53.21,100.52,48.79,76.36,0
2025-01-01 00:08:32,24.14,53.32,100.54,48.76,76.28,0
2025-01-01 00:08:33,24.16,53.24,100.68,48.76,76.33,0
2025-01-01 00:08:34,24.16,53.2,100.69,48.69,76.49,0
2025-01-01 00:08:35,24.08,53.32,100.82,48.68,76.46,0
2025-01-01 00:08:36,24.14,53.25,100.83,48.7,76.45,0
2025-01-01 00:08:37,24.07,53.14,100.88,48.58,76.41,0
2025-01-01 00:08:38,24.14,53.16,100.95,48.6,76.47,0
2025-01-01 00:08:39,23.95,53.14,101.03,48.63,76.42,0
2025-01-01 00:08:40,23.95,53.18,101.04,48.49,76.43,0
2025-01-01 00:08:41,24.01,53.09,101.03,48.57,76.55,0
2025-01-01 00:08:42,24.04,53.05,101.19,48.5,76.53,0
2025-01-01 00:08:43,24.02,53.05,101.26,48.5,76.6,0
2025-01-01 00:08:44,24.0,53.1,101.32,48.53,76.56,0
2025-01-01 00:08:45,23.9,53.11,101.41,48.42,76.54,0
2025-01-01 00:08:46,23.94,53.05,101.45,48.43,76.67,0
2025-01-01 00:08:47,23.96,53.01,101.55,48.35,76.63,0
2025-01-01 00:08:48,23.98,52.97,101.52,48.35,76.57,0
2025-01-01 00:08:49,23.83,52.95,101.55,48.36,76.69,0
2025-01-01 00:08:50,23.81,53.02,101.7,48.39,76.64,0
2025-01-01 00:08:51,23.88,52.87,101.78,48.33,76.72,0
2025-01-01 00:08:52,23.76,52.87,101.82,48.26,76.74,0
2025-01-01 00:08:53,23.73,52.93,101.79,48.31,76.77,0
2025-01-01 00:08:54,23.75,52.9,101.92,48.24,76.71,0
2025-01-01 00:08:55,23.66,52.87,101.89,48.26,76.77,0
2025-01-01 00:08:56,23.78,52.82,102.01,48.27,76.83,0
2025-01-01 00:08:57,23.74,52.84,102.0,48.26,76.86,0
2025-01-01 00:08:58,23.66,52.79,102.14,48.2,76.88,0
2025-01-01 00:08:59,23.76,52.84,102.13,48.22,76.95,0
2025-01-01 00:09:00,23.69,52.82,102.35,48.23,76.92,0
2025-01-01 00:09:01,23.71,52.76,102.31,48.15,77.01,0
2025-01-01 00:09:02,23.6,52.81,102.39,48.08,76.98,0
2025-01-01 00:09:03,23.51,52.75,102.46,48.11,76.99,0
2025-01-01 00:09:04,23.7,52.68,102.42,48.2,77.11,0
2025-01-01 00:09:05,23.58,52.73,102.59,48.08,77.02,0
2025-01-01 00:09:06,23.63,52.75,102.61,48.06,77.17,0
2025-01-01 00:09:07,23.52,52.64,102.65,48.17,77.14,0
2025-01-01 00:09:08,23.55,52.66,102.69,48.11,77.0,0
2025-01-01 00:09:09,23.5,52.63,102.68,48.09,77.14,0
2025-01-01 00:09:10,23.58,52.68,102.77,48.06,77.17,0
2025-01-01 00:09:11,23.46,52.6,102.8,48.0,77.24,0
2025-01-01 00:09:12,23.49,52.54,102.94,48.02,77.25,0
2025-01-01 00:09:13,23.49,52.56,102.97,48.02,77.25,0
2025-01-01 00:09:14,23.42,52.51,102.98,47.96,77.27,0
2025-01-01 00:09:15,23.4,52.52,103.03,48.03,77.35,0
2025-01-01 00:09:16,23.44,52.48,103.03,47.97,77.33,0
2025-01-01 00:09:17,23.36,52.46,103.08,48.0,77.39,0
2025-01-01 00:09:18,23.39,52.46,103.17,47.97,77.41,0
2025-01-01 00:09:19,23.3,52.5,103.15,47.99,77.46,0
2025-01-01 00:09:20,23.34,52.6,103.3,47.96,77.47,0
2025-01-01 00:09:21,23.22,52.44,103.29,48.05,77.48,0
2025-01-01 00:09:22,23.29,52.4,103.47,47.99,77.63,0
2025-01-01 00:09:23,23.32,52.45,103.44,48.02,77.47,0
2025-01-01 00:09:24,23.25,52.45,103.47,47.93,77.6,0
2025-01-01 00:09:25,23.33,52.46,103.51,48.05,77.61,0
2025-01-01 00:09:26,23.14,52.34,103.64,47.99,77.65,0
2025-01-01 00:09:27,23.2,52.47,103.68,48.11,77.69,0
2025-01-01 00:09:28,23.21,52.29,103.72,47.94,77.74,0
2025-01-01 00:09:29,23.13,52.32,103.65,47.97,77.74,0
2025-01-01 00:09:30,23.14,52.38,103.67,48.02,77.86,0
2025-01-01 00:09:31,23.12,52.29,103.76,48.07,77.84,0
2025-01-01 00:09:32,23.11,52.34,103.76,48.05,77.88,0
2025-01-01 00:09:33,23.1,52.26,103.81,48.04,77.96,0
2025-01-01 00:09:34,23.07,52.32,103.79,47.99,77.93,0
2025-01-01 00:09:35,23.04,52.24,103.9,48.04,77.96,0
2025-01-01 00:09:36,22.96,52.17,103.94,48.05,77.86,0
2025-01-01 00:09:37,23.03,52.24,104.08,48.02,78.06,0
2025-01-01 00:09:38,23.05,52.15,104.08,48.05,78.1,0
2025-01-01 00:09:39,23.22,52.14,104.17,48.04,78.12,0
2025-01-01 00:09:40,23.01,52.21,104.09,48.07,78.07,0
2025-01-01 00:09:41,23.03,52.2,104.09,48.04,78.24,0
2025-01-01 00:09:42,22.95,52.23,104.15,48.11,78.25,0
2025-01-01 00:09:43,23.06,52.2,104.25,48.09,78.31,0
2025-01-01 00:09:44,22.92,52.23,104.24,48.09,78.29,0
2025-01-01 00:09:45,22.95,52.18,104.3,48.18,78.37,0
2025-01-01 00:09:46,22.97,52.16,104.27,48.16,78.4,0
2025-01-01 00:09:47,22.98,52.14,104.34,48.05,78.37,0
2025-01-01 00:09:48,22.94,52.14,104.41,48.13,78.45,0
2025-01-01 00:09:49,22.82,52.16,104.26,48.14,78.39,0
2025-01-01 00:09:50,22.93,52.19,104.46,48.24,78.46,0
2025-01-01 00:09:51,22.94,52.19,104.45,48.23,78.49,0
2025-01-01 00:09:52,22.8,52.1,104.47,48.14,78.64,0
2025-01-01 00:09:53,22.81,52.14,104.49,48.12,78.63,0
2025-01-01 00:09:54,22.71,52.11,104.48,48.32,78.7,0
2025-01-01 00:09:55,22.8,52.17,104.53,48.26,78.7,0
2025-01-01 00:09:56,22.8,52.17,104.63,48.27,78.65,0
2025-01-01 00:09:57,22.72,52.09,104.63,48.21,78.89,0
2025-01-01 00:09:58,22.83,52.12,104.65,48.28,78.76,0
2025-01-01 00:09:59,22.75,52.1,104.61,48.32,78.84,0
2025-01-01 00:10:00,22.63,52.04,104.67,48.42,78.91,0
2025-01-01 00:10:01,22.65,52.1,104.63,48.39,78.9,0
2025-01-01 00:10:02,22.7,52.14,104.67,48.29,78.93,0
2025-01-01 00:10:03,22.74,51.99,104.61,48.36,79.03,0
2025-01-01 00:10:04,22.74,52.04,104.75,48.46,78.94,0
2025-01-01 00:10:05,22.65,52.06,104.81,48.39,79.08,0
2025-01-01 00:10:06,22.53,52.02,104.83,48.39,79.12,0
2025-01-01 00:10:07,22.66,52.03,104.83,48.41,79.14,0
2025-01-01 00:10:08,22.66,52.05,104.81,48.49,79.23,0
2025-01-01 00:10:09,22.51,52.1,104.84,48.52,79.29,0
2025-01-01 00:10:10,22.54,52.0,104.86,48.49,79.36,0
2025-01-01 00:10:11,22.55,52.0,104.89,48.49,79.29,0
2025-01-01 00:10:12,22.6,52.01,104.89,48.55,79.27,0
2025-01-01 00:10:13,22.58,52.11,104.91,48.61,79.42,0
2025-01-01 00:10:14,22.49,52.11,104.93,48.7,79.39,0
2025-01-01 00:10:15,22.64,52.06,104.96,48.65,79.46,0
2025-01-01 00:10:16,22.59,52.02,104.84,48.61,79.5,0
2025-01-01 00:10:17,22.54,52.01,105.01,48.6,79.56,0
2025-01-01 00:10:18,22.42,52.05,104.95,48.74,79.54,0
2025-01-01 00:10:19,22.56,52.06,105.0,48.74,79.66,0
2025-01-01 00:10:20,22.45,52.05,105.06,48.82,79.63,0
2025-01-01 00:10:21,22.5,51.94,105.01,48.82,79.61,0
2025-01-01 00:10:22,22.41,51.99,104.97,48.76,79.77,0
2025-01-01 00:10:23,22.47,51.99,104.95,48.9,79.87,0
2025-01-01 00:10:24,22.42,51.97,105.02,48.86,79.82,0
2025-01-01 00:10:25,22.47,51.91,105.06,48.91,79.85,0
2025-01-01 00:10:26,22.42,52.0,104.91,49.01,79.91,0
2025-01-01 00:10:27,22.44,52.05,104.95,48.99,79.93,0
2025-01-01 00:10:28,22.45,51.89,105.0,48.96,80.01,0
2025-01-01 00:10:29,22.42,51.96,104.96,49.01,79.98,0
2025-01-01 00:10:30,22.43,51.98,104.85,49.03,80.02,0
2025-01-01 00:10:31,22.29,51.94,105.0,49.14,80.12,0
2025-01-01 00:10:32,22.34,52.02,104.97,49.07,80.09,0
2025-01-01 00:10:33,22.27,51.98,105.0,49.13,80.17,0
2025-01-01 00:10:34,22.3,52.03,104.92,49.21,80.18,0
2025-01-01 00:10:35,22.3,51.93,104.96,49.25,80.29,0
2025-01-01 00:10:36,22.38,52.03,104.92,49.21,80.27,0
2025-01-01 00:10:37,22.39,51.95,105.02,49.3,80.44,0
2025-01-01 00:10:38,22.29,52.04,105.08,49.26,80.31,0
2025-01-01 00:10:39,22.21,52.05,104.86,49.3,80.45,0
2025-01-01 00:10:40,22.3,52.03,104.96,49.42,80.42,0
2025-01-01 00:10:41,22.25,51.98,104.98,49.43,80.53,0
2025-01-01 00:10:42,22.34,51.96,105.01,49.49,80.58,0
2025-01-01 00:10:43,22.36,51.94,104.89,49.41,80.62,0
2025-01-01 00:10:44,22.21,52.06,104.97,49.52,80.64,0
2025-01-01 00:10:45,22.2,51.99,104.95,49.55,80.66,0
2025-01-01 00:10:46,22.22,51.93,104.82,49.64,80.64,0
2025-01-01 00:10:47,22.25,52.09,104.8,49.59,80.79,0
2025-01-01 00:10:48,22.23,52.18,104.77,49.66,80.77,0
2025-01-01 00:10:49,22.26,52.06,104.8,49.66,80.73,0
2025-01-01 00:10:50,22.24,52.06,104.85,49.73,80.88,0
2025-01-01 00:10:51,22.21,52.01,104.76,49.77,80.97,0
2025-01-01 00:10:52,22.19,52.06,104.74,49.8,80.97,0
2025-01-01 00:10:53,22.29,52.02,104.75,49.79,81.01,0
2025-01-01 00:10:54,22.17,52.02,104.79,49.85,80.97,0
2025-01-01 00:10:55,22.25,52.13,104.73,49.85,81.08,0
2025-01-01 00:10:56,22.13,52.08,104.6,49.92,81.02,0
2025-01-01 00:10:57,22.24,52.07,104.67,49.88,81.12,0
2025-01-01 00:10:58,22.23,51.96,104.72,49.96,81.11,0
2025-01-01 00:10:59,22.1,52.18,104.59,49.92,81.26,0
2025-01-01 00:11:00,22.16,52.05,104.62,49.96,81.3,0
2025-01-01 00:11:01,22.19,52.13,104.61,50.13,81.28,0
2025-01-01 00:11:02,22.07,52.14,104.67,50.02,81.3,0
2025-01-01 00:11:03,22.15,52.12,104.49,50.16,81.48,0
2025-01-01 00:11:04,22.13,52.08,104.43,50.15,81.45,0
2025-01-01 00:11:05,22.14,52.13,104.45,50.12,81.48,0
2025-01-01 00:11:06,22.16,52.06,104.54,50.24,81.54,0
2025-01-01 00:11:07,22.04,52.08,104.42,50.27,81.6,0
2025-01-01 00:11:08,22.14,52.14,104.35,50.34,81.5,0
2025-01-01 00:11:09,22.18,52.15,104.45,50.34,81.58,0
2025-01-01 00:11:10,22.06,52.16,104.36,50.34,81.59,0
2025-01-01 00:11:11,22.08,52.19,104.2,50.4,81.61,0
2025-01-01 00:11:12,22.02,52.11,104.18,50.34,81.66,0
2025-01-01 00:11:13,22.17,52.17,104.25,50.46,81.73,0
2025-01-01 00:11:14,22.07,52.15,104.28,50.56,81.68,0
2025-01-01 00:11:15,22.02,52.2,104.12,50.53,81.76,0
2025-01-01 00:11:16,22.17,52.29,104.15,50.59,81.89,0
2025-01-01 00:11:17,22.03,52.2,104.11,50.61,81.88,0
2025-01-01 00:11:18,21.98,52.21,104.06,50.6,82.01,0
2025-01-01 00:11:19,21.98,52.28,104.1,50.74,81.92,0
2025-01-01 00:11:20,22.07,52.29,104.0,50.66,82.0,0
2025-01-01 00:11:21,21.92,52.31,103.96,50.68,82.11,0
2025-01-01 00:11:22,22.01,52.27,104.02,50.68,82.02,0
2025-01-01 00:11:23,22.03,52.34,103.89,50.69,82.05,0
2025-01-01 00:11:24,22.0,52.3,103.86,50.81,82.03,0
2025-01-01 00:11:25,22.08,52.33,103.87,50.84,82.2,0
2025-01-01 00:11:26,22.05,52.4,103.78,50.84,82.3,0
2025-01-01 00:11:27,22.07,52.37,103.65,50.81,82.23,0
2025-01-01 00:11:28,22.03,52.32,103.68,50.99,82.28,0
2025-01-01 00:11:29,21.96,52.36,103.59,50.92,82.26,0
2025-01-01 00:11:30,22.0,52.31,103.58,50.94,82.17,0
2025-01-01 00:11:31,22.12,52.44,103.52,51.0,82.29,0
2025-01-01 00:11:32,22.1,52.5,103.51,51.08,82.39,0
2025-01-01 00:11:33,21.95,52.39,103.46,51.03,82.4,0
2025-01-01 00:11:34,22.01,52.42,103.41,51.03,82.41,0
2025-01-01 00:11:35,21.95,52.49,103.26,51.17,82.54,0
2025-01-01 00:11:36,21.99,52.32,103.3,51.13,82.45,0
2025-01-01 00:11:37,21.98,52.54,103.3,51.12,82.46,0
2025-01-01 00:11:38,21.99,52.47,103.25,51.16,82.59,0
2025-01-01 00:11:39,22.1,52.54,103.17,51.21,82.58,0
2025-01-01 00:11:40,22.06,52.48,103.13,51.25,82.6,0
2025-01-01 00:11:41,21.93,52.54,103.07,51.29,82.63,0
2025-01-01 00:11:42,22.06,52.49,103.11,51.21,82.71,0
2025-01-01 00:11:43,22.02,52.51,103.0,51.38,82.61,0
2025-01-01 00:11:44,22.03,52.44,102.88,51.43,82.72,0
2025-01-01 00:11:45,21.94,52.57,102.98,51.28,82.72,0
2025-01-01 00:11:46,22.07,52.69,102.82,51.33,82.91,0
2025-01-01 00:11:47,22.08,52.65,102.73,51.42,82.82,0
2025-01-01 00:11:48,22.02,52.7,102.76,51.39,82.93,0
2025-01-01 00:11:49,22.02,52.68,102.74,51.41,82.89,0
2025-01-01 00:11:50,21.97,52.58,102.63,51.61,82.82,0
2025-01-01 00:11:51,22.0,52.71,102.57,51.5,82.88,0
2025-01-01 00:11:52,22.01,52.65,102.4,51.59,83.02,0
2025-01-01 00:11:53,22.01,52.72,102.5,51.56,83.04,0
2025-01-01 00:11:54,21.99,52.79,102.41,51.58,82.96,0
2025-01-01 00:11:55,22.02,52.7,102.31,51.55,83.0,0
2025-01-01 00:11:56,22.11,52.82,102.38,51.55,83.08,0
2025-01-01 00:11:57,21.94,52.74,102.18,51.69,83.08,0
2025-01-01 00:11:58,22.06,52.82,102.29,51.58,83.19,0
2025-01-01 00:11:59,22.07,52.76,102.17,51.69,83.14,0
2025-01-01 00:12:00,21.97,52.79,102.16,51.69,83.21,0
2025-01-01 00:12:01,21.97,52.8,102.06,51.64,83.18,0
2025-01-01 00:12:02,22.02,52.87,101.94,51.74,83.26,0
2025-01-01 00:12:03,22.05,52.83,101.87,51.8,83.29,0
2025-01-01 00:12:04,21.95,52.92,101.73,51.76,83.36,0
2025-01-01 00:12:05,21.97,52.87,101.81,51.69,83.26,0
2025-01-01 00:12:06,22.05,52.9,101.7,51.82,83.34,0
2025-01-01 00:12:07,22.04,52.94,101.67,51.79,83.36,0
2025-01-01 00:12:08,22.0,52.96,101.55,51.81,83.32,0
2025-01-01 00:12:09,21.98,53.01,101.55,51.87,83.36,0
2025-01-01 00:12:10,22.06,53.04,101.5,51.8,83.41,0
2025-01-01 00:12:11,22.06,53.03,101.31,51.86,83.53,0
2025-01-01 00:12:12,22.02,53.01,101.38,51.88,83.5,0
2025-01-01 00:12:13,21.98,53.11,101.33,51.87,83.48,0
2025-01-01 00:12:14,22.1,53.13,101.18,51.93,83.48,0
2025-01-01 00:12:15,22.06,53.12,101.17,51.96,83.5,0
2025-01-01 00:12:16,22.0,53.11,101.12,51.97,83.55,0
2025-01-01 00:12:17,22.02,53.28,101.07,51.98,83.53,0
2025-01-01 00:12:18,22.09,53.22,101.05,51.98,83.6,0
2025-01-01 00:12:19,22.05,53.17,100.95,51.98,83.57,0
2025-01-01 00:12:20,22.13,53.29,100.82,51.9,83.59,0
2025-01-01 00:12:21,22.09,53.21,100.88,51.97,83.61,0
2025-01-01 00:12:22,22.01,53.19,100.76,51.85,83.68,0
2025-01-01 00:12:23,22.08,53.44,100.8,51.96,83.64,0
2025-01-01 00:12:24,22.14,53.39,100.54,51.88,83.63,0
2025-01-01 00:12:25,22.13,53.35,100.61,51.92,83.56,0
2025-01-01 00:12:26,22.14,53.3,100.4,51.99,83.73,0
2025-01-01 00:12:27,22.1,53.34,100.43,51.97,83.64,0
2025-01-01 00:12:28,22.08,53.42,100.39,52.0,83.67,0
2025-01-01 00:12:29,22.11,53.3,100.32,52.06,83.66,0
2025-01-01 00:12:30,22.09,53.45,100.31,51.97,83.72,0
2025-01-01 00:12:31,22.03,53.46,100.29,52.01,83.76,0
2025-01-01 00:12:32,22.15,53.48,100.08,52.04,83.79,0
2025-01-01 00:12:33,22.14,53.46,100.13,52.03,83.76,0
2025-01-01 00:12:34,22.2,53.5,99.96,51.96,83.72,0
2025-01-01 00:12:35,22.18,53.46,99.87,51.9,83.81,0
2025-01-01 00:12:36,22.15,53.56,99.82,51.94,83.85,0
2025-01-01 00:12:37,22.14,53.62,99.77,52.01,83.9,0
2025-01-01 00:12:38,22.2,53.6,99.76,51.98,83.85,0
2025-01-01 00:12:39,22.16,53.64,99.7,51.94,83.81,0
2025-01-01 00:12:40,22.12,53.59,99.56,52.0,83.83,0
2025-01-01 00:12:41,22.22,53.7,99.46,52.02,83.92,0
2025-01-01 00:12:42,22.15,53.74,99.46,51.99,83.83,0
2025-01-01 00:12:43,22.12,53.73,99.43,51.96,83.84,0
2025-01-01 00:12:44,22.2,53.78,99.37,51.98,83.88,0
2025-01-01 00:12:45,22.28,53.74,99.34,52.03,83.94,0
2025-01-01 00:12:46,22.22,53.8,99.3,51.89,83.88,0
2025-01-01 00:12:47,22.22,53.91,99.21,51.9,83.92,0
2025-01-01 00:12:48,22.22,53.84,99.18,51.88,84.02,0
2025-01-01 00:12:49,22.3,53.95,99.04,51.93,83.87,0
2025-01-01 00:12:50,22.24,53.95,99.07,51.87,83.93,0
2025-01-01 00:12:51,22.26,53.88,98.97,51.88,83.95,0
2025-01-01 00:12:52,22.26,53.94,98.88,51.9,83.95,0
2025-01-01 00:12:53,22.25,54.02,98.91,51.91,84.02,0
2025-01-01 00:12:54,22.23,54.04,98.71,51.82,83.94,0
2025-01-01 00:12:55,22.36,54.1,98.71,51.8,83.97,0
2025-01-01 00:12:56,22.33,54.09,98.55,51.82,83.98,0
2025-01-01 00:12:57,22.35,54.0,98.57,51.86,84.03,0
2025-01-01 00:12:58,22.37,54.17,98.48,51.75,83.97,0
2025-01-01 00:12:59,22.39,54.23,98.5,51.85,84.01,0
2025-01-01 00:13:00,22.32,54.19,98.49,51.77,84.07,0
2025-01-01 00:13:01,22.34,54.29,98.27,51.83,83.96,0
2025-01-01 00:13:02,22.3,54.26,98.33,51.74,83.92,0
2025-01-01 00:13:03,22.37,54.27,98.25,51.82,84.0,0
2025-01-01 00:13:04,22.48,54.31,98.15,51.67,83.99,0
2025-01-01 00:13:05,22.38,54.38,98.13,51.68,84.01,0
2025-01-01 00:13:06,22.44,54.44,98.1,51.76,84.0,0
2025-01-01 00:13:07,22.44,54.45,97.93,51.69,83.96,0
2025-01-01 00:13:08,22.45,54.48,97.91,51.57,83.98,0
2025-01-01 00:13:09,22.48,54.47,97.9,51.65,83.93,0
2025-01-01 00:13:10,22.47,54.43,97.93,51.68,83.97,0
2025-01-01 00:13:11,22.43,54.5,97.76,51.69,84.0,0
2025-01-01 00:13:12,22.43,54.63,97.71,51.65,83.96,0
2025-01-01 00:13:13,22.5,54.58,97.56,51.69,84.05,0
2025-01-01 00:13:14,22.47,54.54,97.62,51.58,84.0,0
2025-01-01 00:13:15,22.51,54.65,97.62,51.58,83.93,0
2025-01-01 00:13:16,22.58,54.73,97.65,51.47,83.99,0
2025-01-01 00:13:17,22.42,54.71,97.41,51.6,83.93,0
2025-01-01 00:13:18,22.45,54.69,97.29,51.52,83.87,0
2025-01-01 00:13:19,22.55,54.64,97.32,51.55,83.98,0
2025-01-01 00:13:20,22.52,54.77,97.28,51.46,83.89,0
2025-01-01 00:13:21,22.6,54.67,97.2,51.39,83.98,0
2025-01-01 00:13:22,22.58,54.76,97.13,51.4,83.94,0
2025-01-01 00:13:23,22.57,54.84,97.16,51.34,83.93,0
2025-01-01 00:13:24,22.72,54.82,96.98,51.38,83.9,0
2025-01-01 00:13:25,22.6,54.88,97.01,51.4,83.96,0
2025-01-01 00:13:26,22.67,54.88,96.92,51.15,83.87,0
2025-01-01 00:13:27,22.69,55.01,96.91,51.27,83.87,0
2025-01-01 00:13:28,22.67,55.06,96.79,51.26,83.94,0
2025-01-01 00:13:29,22.65,55.08,96.97,51.21,83.91,0
2025-01-01 00:13:30,22.64,55.09,96.8,51.2,83.83,0
2025-01-01 00:13:31,22.7,55.18,96.75,51.21,83.86,0
2025-01-01 00:13:32,22.74,55.16,96.64,51.15,83.81,0
2025-01-01 00:13:33,22.69,55.18,96.65,51.05,83.9,0
2025-01-01 00:13:34,22.76,55.17,96.51,51.07,83.82,0
2025-01-01 00:13:35,22.75,55.22,96.45,51.03,83.81,0
2025-01-01 00:13:36,22.79,55.24,96.58,50.93,83.88,0
2025-01-01 00:13:37,22.76,55.35,96.46,51.05,83.78,0
2025-01-01 00:13:38,22.73,55.41,96.41,50.98,83.85,0
2025-01-01 00:13:39,22.75,55.4,96.34,50.93,83.78,0
2025-01-01 00:13:40,22.74,55.36,96.39,50.95,83.76,0
2025-01-01 00:13:41,22.84,55.42,96.35,50.87,83.76,0
2025-01-01 00:13:42,22.9,55.43,96.32,50.77,83.82,0
2025-01-01 00:13:43,22.84,55.49,96.11,50.79,83.67,0
2025-01-01 00:13:44,22.84,55.53,96.21,50.8,83.72,0
2025-01-01 00:13:45,22.83,55.52,96.21,50.72,83.77,0
2025-01-01 00:13:46,22.89,55.6,96.14,50.79,83.67,0
2025-01-01 00:13:47,22.89,55.63,96.06,50.74,83.66,0
2025-01-01 00:13:48,22.96,55.75,96.03,50.68,83.57,0
2025-01-01 00:13:49,22.81,55.72,95.96,50.6,83.64,0
2025-01-01 00:13:50,22.95,55.79,95.94,50.56,83.66,0
2025-01-01 00:13:51,22.96,55.79,95.87,50.53,83.6,0
2025-01-01 00:13:52,22.99,55.83,95.85,50.44,83.55,0
2025-01-01 00:13:53,23.04,55.82,95.81,50.55,83.52,0
2025-01-01 00:13:54,22.94,55.86,95.77,50.42,83.53,0
2025-01-01 00:13:55,23.05,55.9,95.77,50.53,83.5,0
2025-01-01 00:13:56,23.06,55.91,95.68,50.38,83.47,0
2025-01-01 00:13:57,23.08,56.09,95.66,50.35,83.48,0
2025-01-01 00:13:58,23.1,56.02,95.73,50.22,83.34,0
2025-01-01 00:13:59,23.07,56.1,95.55,50.16,83.47,0
2025-01-01 00:14:00,23.12,56.02,95.55,50.22,83.42,0
2025-01-01 00:14:01,23.09,56.14,95.43,50.2,83.34,0
2025-01-01 00:14:02,23.12,56.12,95.58,50.11,83.38,0
2025-01-01 00:14:03,23.18,56.28,95.49,50.19,83.26,0
2025-01-01 00:14:04,23.05,56.26,95.49,50.2,83.26,0
2025-01-01 00:14:05,23.21,56.35,95.48,50.12,83.31,0
2025-01-01 00:14:06,23.12,56.36,95.41,50.1,83.21,0
2025-01-01 00:14:07,23.16,56.4,95.39,50.11,83.26,0
2025-01-01 00:14:08,23.14,56.4,95.36,50.04,83.24,0
2025-01-01 00:14:09,23.17,56.4,95.47,50.0,83.21,0
2025-01-01 00:14:10,23.32,56.44,95.35,49.89,83.21,0
2025-01-01 00:14:11,23.33,56.43,95.39,49.9,83.13,0
2025-01-01 00:14:12,23.35,56.49,95.33,49.86,83.14,0
2025-01-01 00:14:13,23.34,56.55,95.18,49.79,83.17,0
2025-01-01 00:14:14,23.32,56.55,95.19,49.75,82.99,0
2025-01-01 00:14:15,23.34,56.58,95.19,49.77,83.09,0
2025-01-01 00:14:16,23.47,56.57,95.27,49.79,83.0,0
2025-01-01 00:14:17,23.39,56.66,95.21,49.78,83.05,0
2025-01-01 00:14:18,23.42,56.7,95.11,49.67,83.05,0
2025-01-01 00:14:19,23.34,56.7,95.17,49.59,82.92,0
2025-01-01 00:14:20,23.41,56.73,95.1,49.65,82.87,0
2025-01-01 00:14:21,23.37,56.8,95.17,49.57,82.89,0
2025-01-01 00:14:22,23.47,56.78,95.15,49.56,82.86,0
2025-01-01 00:14:23,23.53,56.85,95.16,49.52,82.84,0
2025-01-01 00:14:24,23.5,56.94,95.16,49.43,82.79,0
2025-01-01 00:14:25,23.57,56.95,95.13,49.53,82.78,0
2025-01-01 00:14:26,23.57,56.96,95.11,49.43,82.79,0
2025-01-01 00:14:27,23.52,56.97,95.09,49.28,82.72,0
2025-01-01 00:14:28,23.62,57.1,95.15,49.4,82.68,0
2025-01-01 00:14:29,23.59,57.12,94.97,49.27,82.65,0
2025-01-01 00:14:30,23.5,57.17,95.02,49.21,82.67,0
2025-01-01 00:14:31,23.66,57.21,95.01,49.29,82.66,0
2025-01-01 00:14:32,23.66,57.2,95.04,49.29,82.56,0
2025-01-01 00:14:33,23.76,57.25,95.02,49.16,82.57,0
2025-01-01 00:14:34,23.59,57.29,94.96,49.17,82.58,0
2025-01-01 00:14:35,23.73,57.23,95.11,49.15,82.46,0
2025-01-01 00:14:36,23.72,57.4,94.97,49.12,82.44,0
2025-01-01 00:14:37,23.71,57.39,94.93,49.08,82.47,0
2025-01-01 00:14:38,23.78,57.51,95.02,49.02,82.45,0
2025-01-01 00:14:39,23.7,57.46,94.95,49.07,82.42,0
2025-01-01 00:14:40,23.81,57.59,94.96,49.01,82.33,0
2025-01-01 00:14:41,23.85,57.57,94.98,48.99,82.35,0
2025-01-01 00:14:42,23.79,57.61,94.95,48.81,82.28,0
2025-01-01 00:14:43,23.87,57.67,94.91,48.89,82.13,0
2025-01-01 00:14:44,23.93,57.64,95.07,48.92,82.16,0
2025-01-01 00:14:45,23.82,57.75,94.97,48.85,82.15,0
2025-01-01 00:14:46,23.81,57.66,95.03,48.79,82.11,0
2025-01-01 00:14:47,23.95,57.87,95.01,48.78,82.13,0
2025-01-01 00:14:48,23.87,57.86,95.05,48.8,81.98,0
2025-01-01 00:14:49,23.91,57.84,95.04,48.77,82.11,0
2025-01-01 00:14:50,23.95,57.9,95.1,48.73,82.07,0
2025-01-01 00:14:51,24.0,57.91,94.98,48.61,82.0,0
2025-01-01 00:14:52,24.07,58.09,95.1,48.73,81.91,0
2025-01-01 00:14:53,23.97,58.08,95.09,48.65,81.92,0
2025-01-01 00:14:54,24.06,58.14,95.15,48.65,81.91,0
2025-01-01 00:14:55,24.09,58.1,95.13,48.52,81.88,0
2025-01-01 00:14:56,24.03,58.17,95.06,48.6,81.79,0
2025-01-01 00:14:57,24.02,58.22,95.09,48.59,81.76,0
2025-01-01 00:14:58,24.14,58.19,95.1,48.5,81.76,0
2025-01-01 00:14:59,24.23,58.23,95.2,48.39,81.63,0
2025-01-01 00:15:00,24.11,58.25,95.08,48.5,81.64,0
2025-01-01 00:15:01,24.2,58.39,95.19,48.49,81.61,0
2025-01-01 00:15:02,24.14,58.44,95.16,48.39,81.57,0
2025-01-01 00:15:03,24.17,58.41,95.23,48.43,81.49,0
2025-01-01 00:15:04,24.21,58.52,95.25,48.5,81.56,0
2025-01-01 00:15:05,24.32,58.44,95.29,48.37,81.44,0
2025-01-01 00:15:06,24.29,58.6,95.29,48.31,81.46,0
2025-01-01 00:15:07,24.27,58.6,95.27,48.33,81.43,0
2025-01-01 00:15:08,24.26,58.72,95.22,48.29,81.37,0
2025-01-01 00:15:09,24.37,58.66,95.33,48.32,81.3,0
2025-01-01 00:15:10,24.43,58.75,95.4,48.24,81.27,0
2025-01-01 00:15:11,24.36,58.7,95.4,48.24,81.27,0
2025-01-01 00:15:12,24.34,58.87,95.36,48.26,81.24,0
2025-01-01 00:15:13,24.39,58.87,95.37,48.31,81.16,0
2025-01-01 00:15:14,24.4,58.85,95.49,48.19,81.09,0
2025-01-01 00:15:15,24.44,58.85,95.57,48.18,81.13,0
2025-01-01 00:15:16,24.48,58.89,95.51,48.23,81.04,0
2025-01-01 00:15:17,24.55,59.03,95.58,48.15,80.95,0
2025-01-01 00:15:18,24.48,59.03,95.59,48.06,80.97,0
2025-01-01 00:15:19,24.54,59.05,95.66,48.17,81.0,0
2025-01-01 00:15:20,24.54,59.15,95.7,48.2,80.84,0
2025-01-01 00:15:21,24.56,59.13,95.68,48.16,80.81,0
2025-01-01 00:15:22,24.6,59.08,95.76,48.09,80.82,0
2025-01-01 00:15:23,24.6,59.28,95.57,48.1,80.77,0
2025-01-01 00:15:24,24.61,59.35,95.7,48.13,80.75,0
2025-01-01 00:15:25,24.71,59.27,95.75,48.14,80.72,0
2025-01-01 00:15:26,24.59,59.31,95.84,48.12,80.62,0
2025-01-01 00:15:27,24.55,59.41,95.79,47.97,80.48,0
2025-01-01 00:15:28,24.75,59.43,95.87,48.13,80.61,0
2025-01-01 00:15:29,24.81,59.39,95.92,47.97,80.53,0
2025-01-01 00:15:30,24.74,59.53,95.96,48.07,80.53,0
2025-01-01 00:15:31,24.88,59.53,95.95,48.05,80.42,0
2025-01-01 00:15:32,24.86,59.57,96.0,48.01,80.45,0
2025-01-01 00:15:33,24.8,59.59,96.15,47.98,80.38,0
2025-01-01 00:15:34,24.86,59.58,96.13,47.97,80.38,0
2025-01-01 00:15:35,24.8,59.74,96.21,48.06,80.31,0
2025-01-01 00:15:36,24.86,59.71,96.26,47.98,80.21,0
2025-01-01 00:15:37,24.92,59.74,96.18,47.94,80.19,0
2025-01-01 00:15:38,24.91,59.83,96.32,48.03,80.17,0
2025-01-01 00:15:39,24.92,59.89,96.38,48.01,80.12,0
2025-01-01 00:15:40,24.9,59.83,96.39,48.03,80.13,0
2025-01-01 00:15:41,24.96,60.01,96.38,48.05,80.06,0
2025-01-01 00:15:42,24.96,60.01,96.46,48.02,80.02,0
2025-01-01 00:15:43,25.01,60.14,96.55,48.04,79.98,0
2025-01-01 00:15:44,25.08,60.09,96.53,47.99,79.94,0
2025-01-01 00:15:45,24.89,60.11,96.55,48.08,79.9,0
2025-01-01 00:15:46,25.01,60.14,96.57,48.03,79.87,0
2025-01-01 00:15:47,25.14,60.14,96.67,47.94,79.85,0
2025-01-01 00:15:48,25.14,60.25,96.72,48.03,79.86,0
2025-01-01 00:15:49,25.12,60.27,96.71,47.97,79.74,0
2025-01-01 00:15:50,25.21,60.29,96.8,48.0,79.67,0
2025-01-01 00:15:51,25.19,60.27,96.92,47.99,79.7,0
2025-01-01 00:15:52,25.13,60.41,96.94,48.04,79.57,0
2025-01-01 00:15:53,25.22,60.36,96.95,48.08,79.62,0
2025-01-01 00:15:54,25.23,60.41,97.04,48.04,79.42,0
2025-01-01 00:15:55,25.29,60.5,97.12,47.99,79.34,0
2025-01-01 00:15:56,25.28,60.56,97.03,48.0,79.6,0
2025-01-01 00:15:57,25.27,60.62,97.13,47.95,79.41,0
2025-01-01 00:15:58,25.3,60.6,97.21,48.08,79.37,0
2025-01-01 00:15:59,25.27,60.68,97.17,47.97,79.38,0
2025-01-01 00:16:00,25.37,60.7,97.25,48.05,79.29,0
2025-01-01 00:16:01,25.29,60.7,97.4,48.17,79.24,0
2025-01-01 00:16:02,25.43,60.68,97.46,48.06,79.24,0
2025-01-01 00:16:03,25.4,60.89,97.43,48.15,79.17,0
2025-01-01 00:16:04,25.42,60.85,97.49,48.13,79.14,0
2025-01-01 00:16:05,25.46,60.9,97.63,48.19,79.05,0
2025-01-01 00:16:06,25.51,60.88,97.67,48.18,78.97,0
2025-01-01 00:16:07,25.49,60.96,97.66,48.23,79.0,0
2025-01-01 00:16:08,25.47,61.02,97.79,48.17,79.05,0
2025-01-01 00:16:09,25.55,60.95,97.78,48.16,78.98,0
2025-01-01 00:16:10,25.42,61.22,97.89,48.21,78.97,0
2025-01-01 00:16:11,25.68,61.18,97.97,48.23,78.87,0
2025-01-01 00:16:12,25.56,61.14,97.94,48.17,78.83,0
2025-01-01 00:16:13,25.52,61.23,98.03,48.26,78.77,0
2025-01-01 00:16:14,25.78,61.32,98.03,48.28,78.73,0
2025-01-01 00:16:15,25.59,61.23,98.17,48.25,78.77,0
2025-01-01 00:16:16,25.71,61.4,98.17,48.33,78.72,0
2025-01-01 00:16:17,25.66,61.34,98.35,48.33,78.68,0
2025-01-01 00:16:18,25.66,61.35,98.3,48.33,78.56,0
2025-01-01 00:16:19,25.72,61.37,98.33,48.39,78.6,0
2025-01-01 00:16:20,25.72,61.44,98.39,48.36,78.57,0
2025-01-01 00:16:21,25.81,61.51,98.45,48.41,78.46,0
2025-01-01 00:16:22,25.76,61.64,98.61,48.43,78.4,0
2025-01-01 00:16:23,25.81,61.66,98.6,48.51,78.49,0
2025-01-01 00:16:24,25.9,61.66,98.71,48.53,78.41,0
2025-01-01 00:16:25,25.81,61.67,98.76,48.42,78.34,0
2025-01-01 00:16:26,25.91,61.62,98.88,48.56,78.29,0
2025-01-01 00:16:27,25.9,61.77,98.93,48.57,78.21,0
2025-01-01 00:16:28,25.93,61.79,98.93,48.51,78.33,0
2025-01-01 00:16:29,25.97,61.81,98.92,48.55,78.23,0
2025-01-01 00:16:30,25.95,61.95,99.09,48.64,78.19,0
2025-01-01 00:16:31,25.88,61.91,99.16,48.62,78.16,0
2025-01-01 00:16:32,25.96,61.91,99.17,48.66,78.07,0
2025-01-01 00:16:33,25.98,61.95,99.29,48.65,78.14,0
2025-01-01 00:16:34,26.09,62.03,99.25,48.59,77.96,0
2025-01-01 00:16:35,25.96,62.15,99.36,48.74,77.88,0
2025-01-01 00:16:36,25.99,62.16,99.43,48.74,77.99,0
2025-01-01 00:16:37,26.15,62.14,99.49,48.78,78.05,0
2025-01-01 00:16:38,25.98,62.23,99.54,48.83,77.86,0
2025-01-01 00:16:39,26.1,62.27,99.76,48.86,77.82,0
2025-01-01 00:16:40,36.1,42.25,129.58,33.83,102.86,1
2025-01-01 00:16:41,36.08,42.36,129.76,33.84,102.78,1
2025-01-01 00:16:42,36.24,42.38,129.79,33.89,102.76,1
2025-01-01 00:16:43,36.15,42.28,129.96,33.94,102.74,1
2025-01-01 00:16:44,36.19,42.39,129.91,33.88,102.81,1
2025-01-01 00:16:45,36.15,42.41,129.96,34.06,102.66,1
2025-01-01 00:16:46,36.17,42.56,130.08,34.05,102.66,1
2025-01-01 00:16:47,36.37,42.65,130.07,34.13,102.61,1
2025-01-01 00:16:48,36.29,42.49,130.16,34.04,102.6,1
2025-01-01 00:16:49,36.34,42.51,130.23,34.16,102.52,1
2025-01-01 00:16:50,36.34,42.67,130.31,34.12,102.44,1
2025-01-01 00:16:51,36.27,42.72,130.36,34.16,102.45,1
2025-01-01 00:16:52,36.33,42.78,130.4,34.13,102.47,1
2025-01-01 00:16:53,36.35,42.76,130.56,34.23,102.42,1
2025-01-01 00:16:54,36.32,42.79,130.57,34.18,102.39,1
2025-01-01 00:16:55,36.4,42.84,130.66,34.31,102.42,1
2025-01-01 00:16:56,36.36,42.88,130.67,34.27,102.36,1
2025-01-01 00:16:57,36.55,42.91,130.75,34.36,102.25,1
2025-01-01 00:16:58,36.36,42.91,130.72,34.47,102.25,1
2025-01-01 00:16:59,36.45,43.03,130.8,34.38,102.23,1
2025-01-01 00:17:00,26.53,63.05,100.93,49.45,77.22,0
2025-01-01 00:17:01,26.51,63.01,100.98,49.43,77.18,0
2025-01-01 00:17:02,26.49,63.22,101.03,49.44,77.14,0
2025-01-01 00:17:03,26.56,63.22,101.07,49.47,77.16,0
2025-01-01 00:17:04,26.48,63.15,101.14,49.58,77.12,0
2025-01-01 00:17:05,26.53,63.19,101.22,49.62,77.07,0
2025-01-01 00:17:06,26.61,63.29,101.3,49.67,76.96,0
2025-01-01 00:17:07,26.6,63.31,101.38,49.64,76.97,0
2025-01-01 00:17:08,26.59,63.34,101.45,49.69,77.03,0
2025-01-01 00:17:09,26.64,63.35,101.45,49.78,76.97,0
2025-01-01 00:17:10,26.77,63.35,101.54,49.75,76.89,0
2025-01-01 00:17:11,26.67,63.43,101.72,49.8,76.85,0
2025-01-01 00:17:12,26.7,63.36,101.63,49.84,76.92,0
2025-01-01 00:17:13,26.75,63.47,101.69,49.84,76.8,0
2025-01-01 00:17:14,26.73,63.47,101.73,49.86,76.86,0
2025-01-01 00:17:15,26.83,63.51,101.72,49.94,76.81,0
2025-01-01 00:17:16,26.76,63.58,101.86,49.99,76.83,0
2025-01-01 00:17:17,26.67,63.62,101.94,49.96,76.84,0
2025-01-01 00:17:18,26.75,63.68,102.01,50.01,76.64,0
2025-01-01 00:17:19,26.78,63.76,102.03,50.03,76.76,0
2025-01-01 00:17:20,26.8,63.72,102.11,50.15,76.81,0
2025-01-01 00:17:21,26.87,63.84,102.13,50.09,76.67,0
2025-01-01 00:17:22,26.85,63.76,102.2,50.2,76.66,0
2025-01-01 00:17:23,26.89,63.87,102.24,50.18,76.56,0
2025-01-01 00:17:24,26.97,63.89,102.31,50.2,76.75,0
2025-01-01 00:17:25,26.84,63.9,102.4,50.3,76.63,0
2025-01-01 00:17:26,27.0,63.98,102.38,50.3,76.58,0
2025-01-01 00:17:27,27.03,63.92,102.55,50.35,76.58,0
2025-01-01 00:17:28,26.94,63.99,102.58,50.41,76.57,0
2025-01-01 00:17:29,26.96,64.03,102.52,50.45,76.52,0
2025-01-01 00:17:30,26.92,64.07,102.63,50.36,76.44,0
2025-01-01 00:17:31,26.93,64.11,102.67,50.39,76.56,0
2025-01-01 00:17:32,27.06,64.13,102.77,50.52,76.5,0
2025-01-01 00:17:33,26.97,64.25,102.78,50.47,76.46,0
2025-01-01 00:17:34,27.1,64.36,102.8,50.6,76.39,0
2025-01-01 00:17:35,27.08,64.19,102.85,50.56,76.39,0
2025-01-01 00:17:36,27.03,64.33,103.01,50.66,76.45,0
2025-01-01 00:17:37,27.1,64.27,103.08,50.63,76.4,0
2025-01-01 00:17:38,27.17,64.39,102.99,50.65,76.41,0
2025-01-01 00:17:39,27.09,64.41,103.15,50.76,76.34,0
2025-01-01 00:17:40,27.11,64.42,103.2,50.78,76.3,0
2025-01-01 00:17:41,27.19,64.46,103.16,50.75,76.24,0
2025-01-01 00:17:42,27.13,64.56,103.21,50.83,76.25,0
2025-01-01 00:17:43,27.15,64.46,103.29,50.84,76.29,0
2025-01-01 00:17:44,27.18,64.51,103.4,50.89,76.26,0
2025-01-01 00:17:45,27.19,64.57,103.4,50.93,76.15,0
2025-01-01 00:17:46,27.17,64.62,103.45,51.0,76.18,0
2025-01-01 00:17:47,27.19,64.64,103.44,50.95,76.25,0
2025-01-01 00:17:48,27.17,64.72,103.44,50.97,76.18,0
2025-01-01 00:17:49,27.32,64.72,103.46,50.92,76.19,0
2025-01-01 00:17:50,27.28,64.78,103.63,51.11,76.15,0
2025-01-01 00:17:51,27.31,64.71,103.61,50.99,76.15,0
2025-01-01 00:17:52,27.28,64.83,103.7,51.06,76.14,0
2025-01-01 00:17:53,27.22,64.93,103.73,51.11,76.22,0
2025-01-01 00:17:54,27.24,64.83,103.73,51.16,76.15,0
2025-01-01 00:17:55,27.36,65.05,103.71,51.22,76.09,0
2025-01-01 00:17:56,27.3,64.92,103.82,51.3,76.15,0
2025-01-01 00:17:57,27.35,65.05,103.83,51.18,75.99,0
2025-01-01 00:17:58,27.32,65.02,103.95,51.28,76.02,0
2025-01-01 00:17:59,27.41,65.06,104.02,51.2,76.1,0
2025-01-01 00:18:00,27.32,65.06,104.05,51.33,76.03,0
2025-01-01 00:18:01,27.39,65.03,104.11,51.34,76.12,0
2025-01-01 00:18:02,27.38,65.11,104.05,51.41,76.03,0
2025-01-01 00:18:03,27.45,65.15,104.03,51.37,76.0,0
2025-01-01 00:18:04,27.43,65.14,104.21,51.41,76.04,0
2025-01-01 00:18:05,27.47,65.28,104.2,51.4,75.95,0
2025-01-01 00:18:06,27.42,65.23,104.24,51.45,76.07,0
2025-01-01 00:18:07,27.43,65.29,104.32,51.5,76.03,0
2025-01-01 00:18:08,27.44,65.29,104.25,51.48,76.06,0
2025-01-01 00:18:09,27.48,65.28,104.42,51.55,75.95,0
2025-01-01 00:18:10,27.48,65.39,104.44,51.5,76.07,0
2025-01-01 00:18:11,27.58,65.38,104.37,51.52,76.0,0
2025-01-01 00:18:12,27.52,65.47,104.47,51.56,75.91,0
2025-01-01 00:18:13,27.53,65.48,104.46,51.6,76.01,0
2025-01-01 00:18:14,27.62,65.52,104.46,51.61,76.0,0
2025-01-01 00:18:15,27.63,65.52,104.5,51.63,76.06,0
2025-01-01 00:18:16,27.66,65.58,104.53,51.67,75.88,0
2025-01-01 00:18:17,27.61,65.59,104.58,51.65,75.98,0
2025-01-01 00:18:18,27.56,65.66,104.56,51.81,76.02,0
2025-01-01 00:18:19,27.53,65.63,104.57,51.61,76.08,0
2025-01-01 00:18:20,27.64,65.7,104.64,51.67,75.98,0
2025-01-01 00:18:21,27.65,65.64,104.53,51.74,75.99,0
2025-01-01 00:18:22,27.63,65.76,104.71,51.78,76.06,0
2025-01-01 00:18:23,27.56,65.78,104.73,51.72,75.93,0
2025-01-01 00:18:24,27.6,65.75,104.76,51.77,75.96,0
2025-01-01 00:18:25,27.62,65.86,104.74,51.81,76.0,0
2025-01-01 00:18:26,27.72,65.8,104.82,51.84,76.0,0
2025-01-01 00:18:27,27.79,65.81,104.76,51.78,76.06,0
2025-01-01 00:18:28,27.76,65.97,104.86,51.85,76.0,0
2025-01-01 00:18:29,27.6,66.02,104.84,51.84,76.08,0
2025-01-01 00:18:30,27.65,65.96,104.82,51.91,76.02,0
2025-01-01 00:18:31,27.63,65.97,104.9,51.89,76.06,0
2025-01-01 00:18:32,27.66,66.0,104.83,51.94,76.03,0
2025-01-01 00:18:33,27.76,66.08,104.91,51.92,75.99,0
2025-01-01 00:18:34,27.73,66.02,104.87,51.9,75.99,0
2025-01-01 00:18:35,27.64,66.04,104.91,51.86,76.05,0
2025-01-01 00:18:36,27.84,66.15,104.99,51.96,76.11,0
2025-01-01 00:18:37,27.72,66.1,104.79,52.01,76.14,0
2025-01-01 00:18:38,27.73,66.14,104.9,51.97,76.12,0
2025-01-01 00:18:39,27.68,66.2,104.93,51.97,76.1,0
2025-01-01 00:18:40,27.77,66.2,104.94,52.02,76.1,0
2025-01-01 00:18:41,27.8,66.17,104.94,52.02,76.09,0
2025-01-01 00:18:42,27.83,66.34,105.02,51.98,76.07,0
2025-01-01 00:18:43,27.67,66.27,104.96,52.0,76.1,0
2025-01-01 00:18:44,27.79,66.22,104.93,52.01,76.2,0
2025-01-01 00:18:45,27.81,66.35,105.03,51.95,76.15,0
2025-01-01 00:18:46,27.78,66.4,105.0,52.01,76.1,0
2025-01-01 00:18:47,27.86,66.48,104.94,51.98,76.16,0
2025-01-01 00:18:48,27.87,66.37,104.85,52.07,76.2,0
2025-01-01 00:18:49,27.75,66.4,105.08,52.07,76.22,0
2025-01-01 00:18:50,27.84,66.45,104.99,52.06,76.14,0
2025-01-01 00:18:51,27.81,66.52,105.0,52.07,76.16,0
2025-01-01 00:18:52,27.86,66.45,105.0,51.93,76.18,0
2025-01-01 00:18:53,27.79,66.55,105.03,51.91,76.29,0
2025-01-01 00:18:54,28.0,66.54,104.96,52.14,76.17,0
2025-01-01 00:18:55,27.88,66.57,105.06,52.01,76.22,0
2025-01-01 00:18:56,27.84,66.57,104.94,52.0,76.23,0
2025-01-01 00:18:57,27.81,66.67,104.96,51.93,76.27,0
2025-01-01 00:18:58,27.9,66.55,105.0,51.93,76.38,0
2025-01-01 00:18:59,27.92,66.64,104.94,51.98,76.34,0
2025-01-01 00:19:00,27.9,66.67,104.97,51.95,76.31,0
2025-01-01 00:19:01,27.8,66.75,104.98,51.93,76.43,0
2025-01-01 00:19:02,27.92,66.67,105.0,51.99,76.37,0
2025-01-01 00:19:03,27.9,66.77,104.93,51.99,76.28,0
2025-01-01 00:19:04,27.9,66.85,104.9,51.92,76.37,0
2025-01-01 00:19:05,27.87,66.68,104.91,51.95,76.4,0
2025-01-01 00:19:06,27.92,66.81,104.96,51.93,76.39,0
2025-01-01 00:19:07,27.92,66.86,104.97,51.9,76.45,0
2025-01-01 00:19:08,27.96,66.8,104.89,51.85,76.37,0
2025-01-01 00:19:09,27.96,66.85,104.88,51.91,76.43,0
2025-01-01 00:19:10,27.95,66.83,104.93,51.83,76.49,0
2025-01-01 00:19:11,27.9,66.94,104.83,51.86,76.56,0
2025-01-01 00:19:12,27.96,66.96,104.78,51.81,76.54,0
2025-01-01 00:19:13,27.94,66.98,104.81,51.88,76.48,0
2025-01-01 00:19:14,28.06,66.96,104.83,51.81,76.59,0
2025-01-01 00:19:15,27.9,67.01,104.76,51.84,76.63,0
2025-01-01 00:19:16,27.91,66.97,104.78,51.93,76.61,0
2025-01-01 00:19:17,28.0,67.02,104.83,51.73,76.65,0
2025-01-01 00:19:18,27.89,66.92,104.73,51.81,76.65,0
2025-01-01 00:19:19,27.97,67.22,104.68,51.81,76.65,0
2025-01-01 00:19:20,27.99,67.07,104.65,51.86,76.77,0
2025-01-01 00:19:21,27.99,66.99,104.63,51.89,76.72,0
2025-01-01 00:19:22,28.04,67.19,104.64,51.7,76.63,0
2025-01-01 00:19:23,28.02,67.1,104.61,51.66,76.77,0
2025-01-01 00:19:24,27.99,67.17,104.52,51.76,76.77,0
2025-01-01 00:19:25,27.9,67.17,104.56,51.69,76.89,0
2025-01-01 00:19:26,27.98,67.19,104.47,51.71,76.86,0
2025-01-01 00:19:27,27.97,67.11,104.57,51.59,76.85,0
2025-01-01 00:19:28,28.01,67.17,104.4,51.52,76.94,0
2025-01-01 00:19:29,27.97,67.39,104.4,51.57,76.9,0
2025-01-01 00:19:30,28.01,67.24,104.45,51.54,76.88,0
2025-01-01 00:19:31,27.91,67.17,104.36,51.56,76.95,0
2025-01-01 00:19:32,28.06,67.36,104.34,51.46,76.98,0
2025-01-01 00:19:33,27.97,67.28,104.29,51.5,77.01,0
2025-01-01 00:19:34,27.97,67.34,104.31,51.46,77.12,0
2025-01-01 00:19:35,27.95,67.26,104.28,51.44,77.1,0
2025-01-01 00:19:36,27.88,67.43,104.26,51.39,77.04,0
2025-01-01 00:19:37,28.08,67.34,104.15,51.33,77.12,0
2025-01-01 00:19:38,27.99,67.43,104.09,51.34,77.19,0
2025-01-01 00:19:39,28.05,67.33,104.18,51.39,77.25,0
2025-01-01 00:19:40,28.0,67.29,104.08,51.42,77.18,0
2025-01-01 00:19:41,27.98,67.43,103.91,51.43,77.21,0
2025-01-01 00:19:42,28.02,67.45,104.08,51.34,77.27,0
2025-01-01 00:19:43,27.95,67.5,103.89,51.33,77.26,0
2025-01-01 00:19:44,28.06,67.49,103.97,51.27,77.26,0
2025-01-01 00:19:45,27.95,67.53,103.91,51.3,77.39,0
2025-01-01 00:19:46,27.95,67.47,103.87,51.1,77.49,0
2025-01-01 00:19:47,28.02,67.58,103.74,51.25,77.55,0
2025-01-01 00:19:48,27.93,67.57,103.78,51.09,77.49,0
2025-01-01 00:19:49,28.03,67.52,103.8,51.05,77.42,0
2025-01-01 00:19:50,28.0,67.56,103.66,51.15,77.55,0
2025-01-01 00:19:51,28.03,67.57,103.69,51.06,77.66,0
2025-01-01 00:19:52,27.95,67.69,103.62,50.98,77.66,0
2025-01-01 00:19:53,27.99,67.64,103.63,51.04,77.59,0
2025-01-01 00:19:54,28.03,67.61,103.56,50.89,77.68,0
2025-01-01 00:19:55,27.95,67.71,103.51,50.98,77.71,0
2025-01-01 00:19:56,27.93,67.72,103.54,50.96,77.8,0
2025-01-01 00:19:57,27.95,67.61,103.39,50.93,77.73,0
2025-01-01 00:19:58,28.0,67.67,103.3,50.9,77.83,0
2025-01-01 00:19:59,27.98,67.73,103.24,50.87,77.76,0
2025-01-01 00:20:00,27.91,67.65,103.2,50.79,77.84,0
2025-01-01 00:20:01,28.01,67.68,103.12,50.84,77.85,0
2025-01-01 00:20:02,27.96,67.73,103.17,50.81,77.95,0
2025-01-01 00:20:03,27.92,67.82,103.12,50.72,78.0,0
2025-01-01 00:20:04,27.97,67.74,103.18,50.68,77.97,0
2025-01-01 00:20:05,27.96,67.79,102.93,50.56,78.0,0
2025-01-01 00:20:06,27.87,67.72,102.98,50.59,77.99,0
2025-01-01 00:20:07,27.95,67.8,102.82,50.64,78.14,0
2025-01-01 00:20:08,27.99,67.83,102.97,50.55,78.14,0
2025-01-01 00:20:09,27.92,67.77,102.88,50.47,78.12,0
2025-01-01 00:20:10,28.0,67.83,102.73,50.54,78.22,0
2025-01-01 00:20:11,28.0,67.8,102.75,50.6,78.27,0
2025-01-01 00:20:12,27.93,67.84,102.63,50.56,78.28,0
2025-01-01 00:20:13,27.91,67.77,102.65,50.45,78.28,0
2025-01-01 00:20:14,27.94,67.74,102.55,50.39,78.43,0
2025-01-01 00:20:15,27.87,67.76,102.44,50.27,78.45,0
2025-01-01 00:20:16,27.98,67.85,102.49,50.31,78.41,0
2025-01-01 00:20:17,27.88,67.83,102.3,50.29,78.45,0
2025-01-01 00:20:18,27.93,67.86,102.31,50.2,78.5,0
2025-01-01 00:20:19,27.93,67.8,102.27,50.22,78.49,0
2025-01-01 00:20:20,27.85,67.88,102.15,50.19,78.52,0
2025-01-01 00:20:21,27.93,67.99,102.11,50.17,78.57,0
2025-01-01 00:20:22,27.92,67.82,102.12,50.06,78.63,0
2025-01-01 00:20:23,27.82,67.93,102.0,50.1,78.66,0
2025-01-01 00:20:24,27.85,67.9,101.95,50.05,78.79,0
2025-01-01 00:20:25,27.82,67.96,102.0,49.97,78.68,0
2025-01-01 00:20:26,27.86,67.88,101.96,49.98,78.75,0
2025-01-01 00:20:27,27.78,67.97,101.78,49.94,78.88,0
2025-01-01 00:20:28,27.81,67.92,101.75,49.94,78.9,0
2025-01-01 00:20:29,27.82,67.93,101.67,49.8,78.92,0
2025-01-01 00:20:30,27.92,67.88,101.6,49.8,78.98,0
2025-01-01 00:20:31,27.84,67.93,101.53,49.81,78.91,0
2025-01-01 00:20:32,27.82,67.98,101.45,49.7,79.1,0
2025-01-01 00:20:33,27.77,68.0,101.45,49.73,79.09,0
2025-01-01 00:20:34,27.75,67.96,101.38,49.64,79.12,0
2025-01-01 00:20:35,27.77,67.95,101.28,49.76,79.19,0
2025-01-01 00:20:36,27.83,67.94,101.19,49.74,79.18,0
2025-01-01 00:20:37,27.73,67.98,101.27,49.61,79.28,0
2025-01-01 00:20:38,27.82,67.91,101.12,49.63,79.12,0
2025-01-01 00:20:39,27.75,67.9,101.07,49.53,79.28,0
2025-01-01 00:20:40,27.72,67.92,101.15,49.61,79.28,0
2025-01-01 00:20:41,27.82,67.96,100.98,49.48,79.34,0
2025-01-01 00:20:42,27.78,67.98,100.89,49.38,79.37,0
2025-01-01 00:20:43,27.64,67.98,100.79,49.4,79.52,0
2025-01-01 00:20:44,27.78,67.98,100.78,49.48,79.52,0
2025-01-01 00:20:45,27.69,67.92,100.74,49.39,79.5,0
2025-01-01 00:20:46,27.71,67.97,100.65,49.2,79.56,0
2025-01-01 00:20:47,27.74,67.96,100.6,49.25,79.63,0
2025-01-01 00:20:48,27.67,67.95,100.61,49.31,79.62,0
2025-01-01 00:20:49,27.7,68.02,100.51,49.14,79.75,0
2025-01-01 00:20:50,27.63,67.98,100.55,49.21,79.72,0
2025-01-01 00:20:51,27.54,68.07,100.28,49.12,79.76,0
2025-01-01 00:20:52,27.71,68.04,100.28,49.15,79.78,0
2025-01-01 00:20:53,27.64,68.0,100.28,49.16,79.88,0
2025-01-01 00:20:54,27.61,68.04,100.16,49.02,79.87,0
2025-01-01 00:20:55,27.62,68.05,100.09,48.99,79.94,0
2025-01-01 00:20:56,27.61,68.01,100.09,49.07,79.94,0
2025-01-01 00:20:57,27.56,67.95,100.01,49.06,80.0,0
2025-01-01 00:20:58,27.57,68.07,99.94,48.98,79.99,0
2025-01-01 00:20:59,27.61,67.95,99.8,48.92,80.07,0
2025-01-01 00:21:00,27.55,67.93,99.84,48.96,80.04,0
2025-01-01 00:21:01,27.6,67.96,99.77,48.87,80.18,0
2025-01-01 00:21:02,27.53,68.06,99.6,48.88,80.27,0
2025-01-01 00:21:03,27.57,68.11,99.58,48.87,80.25,0
2025-01-01 00:21:04,27.58,67.99,99.52,48.86,80.27,0
2025-01-01 00:21:05,27.44,67.97,99.51,48.84,80.34,0
2025-01-01 00:21:06,27.57,67.92,99.39,48.73,80.37,0
2025-01-01 00:21:07,27.49,68.02,99.33,48.72,80.41,0
2025-01-01 00:21:08,27.43,67.98,99.29,48.68,80.46,0
2025-01-01 00:21:09,27.47,67.96,99.29,48.61,80.46,0
2025-01-01 00:21:10,27.59,67.93,99.1,48.68,80.43,0
2025-01-01 00:21:11,27.43,68.09,99.03,48.52,80.5,0
2025-01-01 00:21:12,27.48,68.03,99.02,48.63,80.68,0
2025-01-01 00:21:13,27.51,67.96,98.87,48.53,80.63,0
2025-01-01 00:21:14,27.39,67.96,98.98,48.61,80.68,0
2025-01-01 00:21:15,27.45,67.98,98.87,48.57,80.73,0
2025-01-01 00:21:16,27.49,67.89,98.78,48.5,80.79,0
2025-01-01 00:21:17,27.43,67.96,98.67,48.52,80.85,0
2025-01-01 00:21:18,27.26,67.95,98.6,48.43,80.8,0
2025-01-01 00:21:19,27.39,67.96,98.56,48.48,80.82,0
2025-01-01 00:21:20,27.35,67.9,98.54,48.44,80.95,0
2025-01-01 00:21:21,27.39,67.94,98.52,48.38,80.97,0
2025-01-01 00:21:22,27.33,67.93,98.35,48.39,81.02,0
2025-01-01 00:21:23,27.26,67.87,98.46,48.38,81.03,0
2025-01-01 00:21:24,27.23,67.88,98.39,48.35,81.05,0
2025-01-01 00:21:25,27.3,67.88,98.34,48.39,81.1,0
2025-01-01 00:21:26,27.23,67.78,98.13,48.24,81.16,0
2025-01-01 00:21:27,27.23,67.84,98.13,48.31,81.22,0
2025-01-01 00:21:28,27.14,67.9,98.02,48.31,81.27,0
2025-01-01 00:21:29,27.17,67.86,98.01,48.14,81.29,0
2025-01-01 00:21:30,27.19,67.94,97.92,48.21,81.23,0
2025-01-01 00:21:31,27.14,67.82,97.97,48.19,81.35,0
2025-01-01 00:21:32,27.16,67.81,97.85,48.24,81.32,0
2025-01-01 00:21:33,27.2,67.83,97.78,48.22,81.39,0
2025-01-01 00:21:34,27.15,67.85,97.76,48.06,81.37,0
2025-01-01 00:21:35,27.16,67.91,97.65,48.15,81.51,0
2025-01-01 00:21:36,27.15,67.74,97.59,48.13,81.57,0
2025-01-01 00:21:37,27.23,67.83,97.51,48.16,81.64,0
2025-01-01 00:21:38,27.1,67.78,97.58,48.16,81.56,0
2025-01-01 00:21:39,27.1,67.87,97.53,48.11,81.63,0
2025-01-01 00:21:40,27.12,67.75,97.44,48.04,81.73,0
2025-01-01 00:21:41,27.04,67.87,97.39,48.03,81.79,0
2025-01-01 00:21:42,27.11,67.84,97.28,48.07,81.76,0
2025-01-01 00:21:43,26.98,67.87,97.27,47.94,81.81,0
2025-01-01 00:21:44,26.99,67.77,97.19,48.11,81.88,0
2025-01-01 00:21:45,27.0,67.75,97.16,48.06,81.82,0
2025-01-01 00:21:46,27.0,67.78,97.18,48.11,81.86,0
2025-01-01 00:21:47,27.0,67.7,97.09,48.02,81.88,0
2025-01-01 00:21:48,26.96,67.6,96.92,48.03,81.97,0
2025-01-01 00:21:49,26.91,67.65,96.92,48.05,82.03,0
2025-01-01 00:21:50,26.91,67.77,96.93,47.99,82.02,0
2025-01-01 00:21:51,26.83,67.7,96.91,48.05,82.14,0
2025-01-01 00:21:52,26.87,67.76,96.8,48.09,82.1,0
2025-01-01 00:21:53,26.9,67.76,96.75,48.02,82.2,0
2025-01-01 00:21:54,26.84,67.61,96.82,47.98,82.18,0
2025-01-01 00:21:55,26.89,67.63,96.62,48.02,82.11,0
2025-01-01 00:21:56,26.8,67.66,96.61,47.93,82.32,0
2025-01-01 00:21:57,26.81,67.71,96.56,47.96,82.28,0
2025-01-01 00:21:58,26.78,67.57,96.6,47.97,82.21,0
2025-01-01 00:21:59,26.84,67.59,96.45,47.91,82.42,0
2025-01-01 00:22:00,26.69,67.6,96.49,48.02,82.37,0
2025-01-01 00:22:01,26.65,67.55,96.41,47.96,82.41,0
2025-01-01 00:22:02,26.76,67.62,96.29,48.11,82.47,0
2025-01-01 00:22:03,26.71,67.62,96.43,47.93,82.45,0
2025-01-01 00:22:04,26.57,67.56,96.29,48.0,82.46,0
2025-01-01 00:22:05,26.57,67.56,96.3,47.98,82.55,0
2025-01-01 00:22:06,26.58,67.55,96.17,47.97,82.52,0
2025-01-01 00:22:07,26.62,67.53,96.08,48.0,82.59,0
2025-01-01 00:22:08,26.57,67.59,96.07,47.99,82.57,0
2025-01-01 00:22:09,26.7,67.51,96.02,48.08,82.66,0
2025-01-01 00:22:10,26.6,67.45,95.99,48.05,82.65,0
2025-01-01 00:22:11,26.66,67.39,96.07,48.03,82.72,0
2025-01-01 00:22:12,26.6,67.41,96.0,47.91,82.7,0
2025-01-01 00:22:13,26.49,67.36,95.91,48.07,82.8,0
2025-01-01 00:22:14,26.53,67.38,95.9,48.06,82.84,0
2025-01-01 00:22:15,26.54,67.4,95.8,48.03,82.8,0
2025-01-01 00:22:16,26.47,67.39,95.85,48.07,82.85,0
2025-01-01 00:22:17,26.48,67.34,95.73,48.0,82.84,0
2025-01-01 00:22:18,26.47,67.31,95.74,48.12,82.93,0
2025-01-01 00:22:19,26.38,67.38,95.77,48.05,82.89,0
2025-01-01 00:22:20,26.48,67.31,95.57,48.05,82.95,0
2025-01-01 00:22:21,26.34,67.28,95.65,48.2,82.97,0
2025-01-01 00:22:22,26.43,67.35,95.69,48.15,82.92,0
2025-01-01 00:22:23,26.39,67.32,95.59,48.24,83.08,0
2025-01-01 00:22:24,26.37,67.3,95.58,48.04,83.04,0
2025-01-01 00:22:25,26.39,67.19,95.52,48.13,83.18,0
2025-01-01 00:22:26,26.39,67.17,95.51,48.16,83.15,0
2025-01-01 00:22:27,26.32,67.24,95.5,48.35,83.09,0
2025-01-01 00:22:28,26.19,67.16,95.37,48.15,83.12,0
2025-01-01 00:22:29,26.21,67.11,95.45,48.21,83.18,0
2025-01-01 00:22:30,26.28,67.11,95.39,48.27,83.12,0
2025-01-01 00:22:31,26.1,67.14,95.4,48.37,83.25,0
2025-01-01 00:22:32,26.24,67.1,95.37,48.37,83.16,0
2025-01-01 00:22:33,26.2,67.2,95.35,48.39,83.25,0
2025-01-01 00:22:34,26.16,67.07,95.2,48.26,83.25,0
2025-01-01 00:22:35,26.19,67.1,95.3,48.38,83.32,0
2025-01-01 00:22:36,26.19,67.03,95.27,48.35,83.39,0
2025-01-01 00:22:37,26.09,67.06,95.19,48.32,83.41,0
2025-01-01 00:22:38,26.08,66.97,95.27,48.37,83.39,0
2025-01-01 00:22:39,26.14,67.05,95.29,48.4,83.48,0
2025-01-01 00:22:40,26.0,66.91,95.08,48.52,83.39,0
2025-01-01 00:22:41,26.03,66.89,95.21,48.44,83.39,0
2025-01-01 00:22:42,26.04,66.84,95.12,48.38,83.41,0
2025-01-01 00:22:43,26.0,66.8,95.07,48.5,83.47,0
2025-01-01 00:22:44,26.08,66.97,95.09,48.55,83.55,0
2025-01-01 00:22:45,25.93,66.78,95.12,48.54,83.51,0
2025-01-01 00:22:46,25.96,66.8,95.05,48.58,83.57,0
2025-01-01 00:22:47,25.86,66.86,95.0,48.57,83.56,0
2025-01-01 00:22:48,25.87,66.76,95.17,48.58,83.71,0
2025-01-01 00:22:49,25.9,66.77,95.09,48.77,83.56,0
2025-01-01 00:22:50,25.81,66.71,95.06,48.58,83.62,0
2025-01-01 00:22:51,25.93,66.73,95.04,48.66,83.69,0
2025-01-01 00:22:52,25.78,66.8,95.14,48.73,83.66,0
2025-01-01 00:22:53,25.86,66.74,94.99,48.72,83.61,0
2025-01-01 00:22:54,25.81,66.7,94.96,48.75,83.62,0
2025-01-01 00:22:55,25.72,66.67,94.98,48.78,83.62,0
2025-01-01 00:22:56,25.76,66.61,94.98,48.81,83.73,0
2025-01-01 00:22:57,25.69,66.52,95.1,48.82,83.73,0
2025-01-01 00:22:58,25.76,66.75,94.94,48.9,83.71,0
2025-01-01 00:22:59,25.66,66.51,94.95,48.9,83.69,0
2025-01-01 00:23:00,25.72,66.53,95.02,48.91,83.76,0
2025-01-01 00:23:01,25.66,66.44,94.98,48.92,83.74,0
2025-01-01 00:23:02,25.52,66.55,94.97,49.05,83.85,0
2025-01-01 00:23:03,25.55,66.4,95.13,49.11,83.81,0
2025-01-01 00:23:04,25.6,66.4,95.02,49.01,83.72,0
2025-01-01 00:23:05,25.5,66.41,94.95,49.08,83.78,0
2025-01-01 00:23:06,25.51,66.43,95.02,49.11,83.89,0
2025-01-01 00:23:07,25.56,66.43,94.99,49.12,83.79,0
2025-01-01 00:23:08,25.49,66.38,95.08,49.22,83.78,0
2025-01-01 00:23:09,25.55,66.22,95.06,49.18,83.91,0
2025-01-01 00:23:10,25.41,66.34,94.95,49.2,83.84,0
2025-01-01 00:23:11,25.36,66.27,95.12,49.39,83.9,0
2025-01-01 00:23:12,25.49,66.25,95.06,49.27,83.92,0
2025-01-01 00:23:13,25.44,66.18,95.04,49.32,83.96,0
2025-01-01 00:23:14,25.34,66.18,95.15,49.41,83.99,0
2025-01-01 00:23:15,25.37,66.18,95.11,49.46,83.83,0
2025-01-01 00:23:16,25.29,66.2,95.06,49.38,83.87,0
2025-01-01 00:23:17,25.31,66.04,95.19,49.45,83.94,0
2025-01-01 00:23:18,25.34,66.13,95.14,49.54,83.92,0
2025-01-01 00:23:19,25.28,66.1,95.08,49.51,83.98,0
2025-01-01 00:23:20,25.31,65.94,95.16,49.54,84.0,0
2025-01-01 00:23:21,25.29,66.09,95.2,49.65,84.04,0
2025-01-01 00:23:22,25.25,65.98,95.19,49.65,83.96,0
2025-01-01 00:23:23,25.23,65.95,95.12,49.71,83.98,0
2025-01-01 00:23:24,25.3,65.84,95.15,49.68,84.04,0
2025-01-01 00:23:25,25.19,65.91,95.14,49.65,84.0,0
2025-01-01 00:23:26,25.09,65.84,95.24,49.69,84.07,0
2025-01-01 00:23:27,25.2,65.77,95.19,49.66,83.95,0
2025-01-01 00:23:28,25.15,65.8,95.28,49.73,84.03,0
2025-01-01 00:23:29,25.07,65.79,95.27,49.78,83.94,0
2025-01-01 00:23:30,25.12,65.78,95.35,49.89,84.0,0
2025-01-01 00:23:31,24.97,65.72,95.32,50.01,84.03,0
2025-01-01 00:23:32,25.11,65.74,95.31,49.95,84.01,0
2025-01-01 00:23:33,24.97,65.66,95.35,50.06,83.9,0
2025-01-01 00:23:34,25.05,65.6,95.32,50.07,84.04,0
2025-01-01 00:23:35,25.04,65.66,95.51,50.07,83.99,0
2025-01-01 00:23:36,24.97,65.65,95.4,50.04,83.98,0
2025-01-01 00:23:37,24.83,65.57,95.37,50.11,84.04,0
2025-01-01 00:23:38,24.89,65.62,95.42,50.2,84.03,0
2025-01-01 00:23:39,24.81,65.64,95.51,50.13,83.92,0
2025-01-01 00:23:40,24.86,65.47,95.55,50.19,84.02,0
2025-01-01 00:23:41,24.84,65.35,95.57,50.12,84.01,0
2025-01-01 00:23:42,24.79,65.43,95.67,50.23,84.04,0
2025-01-01 00:23:43,24.79,65.48,95.61,50.27,84.02,0
2025-01-01 00:23:44,24.77,65.32,95.64,50.34,84.05,0
2025-01-01 00:23:45,24.68,65.33,95.73,50.38,84.04,0
2025-01-01 00:23:46,24.75,65.29,95.76,50.41,83.95,0
2025-01-01 00:23:47,24.76,65.24,95.73,50.41,84.03,0
2025-01-01 00:23:48,24.55,65.26,95.8,50.39,83.97,0
2025-01-01 00:23:49,24.72,65.24,95.7,50.57,83.92,0
2025-01-01 00:23:50,24.71,65.22,95.82,50.57,83.93,0
2025-01-01 00:23:51,24.55,65.21,95.86,50.53,83.92,0
2025-01-01 00:23:52,24.65,65.11,95.96,50.53,83.9,0
2025-01-01 00:23:53,24.61,65.18,95.97,50.69,83.93,0
2025-01-01 00:23:54,24.57,65.04,96.0,50.69,83.99,0
2025-01-01 00:23:55,24.59,65.08,96.0,50.67,83.87,0
2025-01-01 00:23:56,24.57,64.97,96.12,50.68,83.9,0
2025-01-01 00:23:57,24.57,64.86,96.23,50.74,83.79,0
2025-01-01 00:23:58,24.52,64.93,96.16,50.84,83.92,0
2025-01-01 00:23:59,24.51,64.92,96.2,50.91,83.8,0
2025-01-01 00:24:00,24.48,64.87,96.29,50.81,83.78,0
2025-01-01 00:24:01,24.47,64.85,96.36,50.81,83.91,0
2025-01-01 00:24:02,24.56,64.78,96.26,50.89,83.84,0
2025-01-01 00:24:03,24.45,64.74,96.45,50.88,83.74,0
2025-01-01 00:24:04,24.45,64.63,96.4,51.12,83.82,0
2025-01-01 00:24:05,24.32,64.7,96.46,51.0,83.84,0
2025-01-01 00:24:06,24.31,64.76,96.52,51.06,83.76,0
2025-01-01 00:24:07,24.4,64.63,96.56,51.01,83.73,0
2025-01-01 00:24:08,24.35,64.59,96.55,51.05,83.8,0
2025-01-01 00:24:09,24.27,64.57,96.64,51.01,83.68,0
2025-01-01 00:24:10,24.3,64.51,96.74,51.19,83.78,0
2025-01-01 00:24:11,24.35,64.51,96.77,51.14,83.85,0
2025-01-01 00:24:12,24.34,64.48,96.8,51.26,83.7,0
2025-01-01 00:24:13,24.19,64.49,96.83,51.23,83.65,0
2025-01-01 00:24:14,24.12,64.42,96.92,51.23,83.75,0
2025-01-01 00:24:15,24.15,64.32,96.92,51.27,83.7,0
2025-01-01 00:24:16,24.13,64.41,97.07,51.29,83.71,0
2025-01-01 00:24:17,24.09,64.36,97.08,51.36,83.63,0
2025-01-01 00:24:18,23.98,64.24,97.05,51.3,83.62,0
2025-01-01 00:24:19,24.09,64.2,97.07,51.33,83.65,0
2025-01-01 00:24:20,24.06,64.18,97.16,51.41,83.6,0
2025-01-01 00:24:21,23.92,64.23,97.3,51.37,83.51,0
2025-01-01 00:24:22,24.03,64.1,97.29,51.34,83.49,0
2025-01-01 00:24:23,24.11,64.06,97.4,51.48,83.43,0
2025-01-01 00:24:24,24.04,64.07,97.37,51.5,83.53,0
2025-01-01 00:24:25,24.03,64.1,97.46,51.44,83.46,0
2025-01-01 00:24:26,24.12,64.04,97.61,51.6,83.48,0
2025-01-01 00:24:27,23.97,63.97,97.46,51.55,83.51,0
2025-01-01 00:24:28,23.91,63.95,97.65,51.53,83.4,0
2025-01-01 00:24:29,23.87,63.86,97.6,51.55,83.48,0
2025-01-01 00:24:30,23.85,63.87,97.69,51.67,83.45,0
2025-01-01 00:24:31,23.93,63.84,97.76,51.57,83.46,0
2025-01-01 00:24:32,23.83,63.83,97.88,51.62,83.39,0
2025-01-01 00:24:33,23.88,63.84,97.86,51.61,83.29,0
2025-01-01 00:24:34,23.84,63.73,97.92,51.59,83.32,0
2025-01-01 00:24:35,23.91,63.71,98.03,51.73,83.29,0
2025-01-01 00:24:36,23.84,63.67,98.04,51.68,83.24,0
2025-01-01 00:24:37,23.79,63.6,98.13,51.76,83.27,0
2025-01-01 00:24:38,23.82,63.58,98.11,51.74,83.2,0
2025-01-01 00:24:39,23.64,63.61,98.24,51.79,83.25,0
2025-01-01 00:24:40,23.69,63.54,98.28,51.78,83.11,0
2025-01-01 00:24:41,23.78,63.45,98.38,51.71,83.19,0
2025-01-01 00:24:42,23.73,63.44,98.39,51.84,83.22,0
2025-01-01 00:24:43,23.57,63.44,98.42,51.83,83.07,0
2025-01-01 00:24:44,23.62,63.36,98.47,51.89,82.96,0
2025-01-01 00:24:45,23.65,63.31,98.53,51.87,82.95,0
2025-01-01 00:24:46,23.61,63.22,98.67,51.82,82.98,0
2025-01-01 00:24:47,23.61,63.22,98.7,51.8,83.0,0
2025-01-01 00:24:48,23.66,63.36,98.77,51.93,82.86,0
2025-01-01 00:24:49,23.63,63.22,98.8,51.96,82.91,0
2025-01-01 00:24:50,23.52,63.17,98.83,51.96,82.84,0
2025-01-01 00:24:51,23.47,63.06,98.99,51.89,82.8,0
2025-01-01 00:24:52,23.47,63.07,98.95,51.87,82.94,0
2025-01-01 00:24:53,23.44,63.02,99.05,51.92,82.84,0
2025-01-01 00:24:54,23.52,62.98,99.07,52.01,82.77,0
2025-01-01 00:24:55,23.54,62.85,99.2,52.05,82.73,0
2025-01-01 00:24:56,23.42,62.94,99.23,51.94,82.7,0
2025-01-01 00:24:57,23.39,62.95,99.34,51.98,82.73,0
2025-01-01 00:24:58,23.39,62.81,99.35,51.97,82.61,0
2025-01-01 00:24:59,23.36,62.78,99.55,51.84,82.62,0
2025-01-01 00:25:00,23.45,62.78,99.54,51.99,82.57,0
2025-01-01 00:25:01,23.24,62.75,99.53,51.95,82.55,0
2025-01-01 00:25:02,23.42,62.82,99.64,51.97,82.48,0
2025-01-01 00:25:03,23.34,62.75,99.68,51.87,82.54,0
2025-01-01 00:25:04,23.35,62.54,99.76,52.02,82.47,0
2025-01-01 00:25:05,23.25,62.64,99.79,51.92,82.34,0
2025-01-01 00:25:06,23.33,62.58,99.88,51.98,82.39,0
2025-01-01 00:25:07,23.2,62.49,99.83,51.96,82.37,0
2025-01-01 00:25:08,23.27,62.47,100.04,52.07,82.4,0
2025-01-01 00:25:09,23.24,62.43,100.02,52.04,82.4,0
2025-01-01 00:25:10,23.22,62.49,100.05,51.94,82.33,0
2025-01-01 00:25:11,23.2,62.42,100.19,51.95,82.24,0
2025-01-01 00:25:12,23.1,62.26,100.3,52.04,82.24,0
2025-01-01 00:25:13,23.07,62.26,100.25,52.05,82.16,0
2025-01-01 00:25:14,23.09,62.24,100.34,52.06,82.11,0
2025-01-01 00:25:15,23.05,62.1,100.44,51.96,82.05,0
2025-01-01 00:25:16,23.17,62.2,100.5,52.05,82.12,0
2025-01-01 00:25:17,23.05,62.07,100.6,52.0,82.06,0
2025-01-01 00:25:18,23.04,62.12,100.59,51.97,82.09,0
2025-01-01 00:25:19,23.03,61.97,100.63,52.02,81.99,0
2025-01-01 00:25:20,23.04,61.98,100.77,51.92,81.96,0
2025-01-01 00:25:21,23.0,61.93,100.78,51.93,81.91,0
2025-01-01 00:25:22,23.03,61.75,100.83,51.93,81.95,0
2025-01-01 00:25:23,22.95,61.9,101.01,51.87,81.86,0
2025-01-01 00:25:24,22.95,61.83,100.96,51.89,81.94,0
2025-01-01 00:25:25,23.02,61.87,101.08,51.84,81.79,0
2025-01-01 00:25:26,23.01,61.73,101.17,51.95,81.83,0
2025-01-01 00:25:27,22.92,61.68,101.16,51.97,81.6,0
2025-01-01 00:25:28,22.83,61.7,101.22,51.89,81.71,0
2025-01-01 00:25:29,22.89,61.57,101.4,51.83,81.57,0
2025-01-01 00:25:30,22.96,61.6,101.36,51.89,81.64,0
2025-01-01 00:25:31,22.87,61.66,101.31,51.89,81.51,0
2025-01-01 00:25:32,22.94,61.55,101.45,51.87,81.56,0
2025-01-01 00:25:33,22.89,61.45,101.52,51.83,81.47,0
2025-01-01 00:25:34,22.88,61.36,101.62,51.8,81.4,0
2025-01-01 00:25:35,22.79,61.41,101.48,51.77,81.36,0
2025-01-01 00:25:36,22.84,61.34,101.71,51.86,81.41,0
2025-01-01 00:25:37,22.85,61.32,101.8,51.76,81.32,0
2025-01-01 00:25:38,22.81,61.28,101.91,51.75,81.32,0
2025-01-01 00:25:39,22.85,61.32,101.82,51.76,81.29,0
2025-01-01 00:25:40,22.81,61.17,101.92,51.77,81.17,0
2025-01-01 00:25:41,22.73,61.27,102.0,51.67,81.13,0
2025-01-01 00:25:42,22.75,61.08,102.05,51.7,81.2,0
2025-01-01 00:25:43,22.76,61.07,102.18,51.65,81.04,0
2025-01-01 00:25:44,22.7,61.14,102.19,51.65,81.14,0
2025-01-01 00:25:45,22.63,60.96,102.15,51.65,81.03,0
2025-01-01 00:25:46,22.76,61.0,102.27,51.61,80.99,0
2025-01-01 00:25:47,22.59,61.09,102.37,51.6,80.97,0
2025-01-01 00:25:48,22.69,60.9,102.37,51.6,80.92,0
2025-01-01 00:25:49,22.61,60.94,102.47,51.59,80.93,0
2025-01-01 00:25:50,22.64,60.85,102.55,51.49,80.83,0
2025-01-01 00:25:51,22.63,60.74,102.68,51.44,80.72,0
2025-01-01 00:25:52,22.68,60.79,102.56,51.52,80.82,0
2025-01-01 00:25:53,22.6,60.84,102.58,51.5,80.77,0
2025-01-01 00:25:54,22.63,60.66,102.71,51.46,80.71,0
2025-01-01 00:25:55,22.6,60.68,102.72,51.4,80.58,0
2025-01-01 00:25:56,22.54,60.64,102.83,51.52,80.6,0
2025-01-01 00:25:57,22.55,60.56,102.84,51.37,80.61,0
2025-01-01 00:25:58,22.54,60.47,102.88,51.32,80.51,0
2025-01-01 00:25:59,22.59,60.4,102.96,51.33,80.38,0
2025-01-01 00:26:00,22.47,60.4,102.99,51.3,80.42,0
2025-01-01 00:26:01,22.48,60.41,103.16,51.35,80.3,0
2025-01-01 00:26:02,22.52,60.34,103.13,51.22,80.36,0
2025-01-01 00:26:03,22.49,60.28,103.13,51.19,80.32,0
2025-01-01 00:26:04,22.5,60.31,103.2,51.2,80.32,0
2025-01-01 00:26:05,22.52,60.23,103.26,51.17,80.17,0
2025-01-01 00:26:06,22.44,60.23,103.35,51.12,80.2,0
2025-01-01 00:26:07,22.4,60.19,103.36,51.09,80.13,0
2025-01-01 00:26:08,22.43,60.09,103.44,51.06,80.19,0
2025-01-01 00:26:09,22.49,60.03,103.46,51.02,80.06,0
2025-01-01 00:26:10,22.51,60.02,103.52,51.05,79.98,0
2025-01-01 00:26:11,22.36,59.93,103.5,50.85,80.02,0
2025-01-01 00:26:12,22.49,59.96,103.52,50.93,79.93,0
2025-01-01 00:26:13,22.33,59.95,103.67,50.88,79.95,0
2025-01-01 00:26:14,22.45,59.97,103.82,50.86,80.01,0
2025-01-01 00:26:15,22.34,59.8,103.73,50.85,79.85,0
2025-01-01 00:26:16,22.29,59.78,103.82,50.84,79.8,0
2025-01-01 00:26:17,22.37,59.81,103.72,50.85,79.74,0
2025-01-01 00:26:18,22.34,59.76,103.78,50.73,79.62,0
2025-01-01 00:26:19,22.3,59.74,103.87,50.69,79.65,0
2025-01-01 00:26:20,22.24,59.58,103.94,50.66,79.69,0
2025-01-01 00:26:21,22.3,59.6,103.94,50.73,79.63,0
2025-01-01 00:26:22,22.31,59.58,103.98,50.69,79.54,0
2025-01-01 00:26:23,22.29,59.5,104.01,50.6,79.54,0
2025-01-01 00:26:24,22.35,59.53,104.01,50.66,79.46,0
2025-01-01 00:26:25,22.3,59.39,104.11,50.58,79.36,0
2025-01-01 00:26:26,22.29,59.46,104.13,50.6,79.38,0
2025-01-01 00:26:27,22.3,59.24,104.3,50.58,79.34,0
2025-01-01 00:26:28,22.15,59.33,104.14,50.49,79.34,0
2025-01-01 00:26:29,22.19,59.33,104.28,50.49,79.28,0
2025-01-01 00:26:30,22.16,59.28,104.26,50.33,79.3,0
2025-01-01 00:26:31,22.33,59.19,104.41,50.38,79.18,0
2025-01-01 00:26:32,22.18,59.24,104.3,50.38,79.13,0
2025-01-01 00:26:33,22.19,59.17,104.35,50.29,79.18,0
2025-01-01 00:26:34,22.28,59.11,104.37,50.25,79.08,0
2025-01-01 00:26:35,22.21,58.98,104.46,50.24,78.96,0
2025-01-01 00:26:36,22.14,58.97,104.45,50.3,79.01,0
2025-01-01 00:26:37,22.14,58.97,104.47,50.19,78.99,0
2025-01-01 00:26:38,22.23,58.91,104.59,50.19,78.89,0
2025-01-01 00:26:39,22.28,58.89,104.5,50.19,78.99,0
2025-01-01 00:26:40,22.16,58.81,104.56,50.11,78.91,0
2025-01-01 00:26:41,22.18,58.8,104.66,50.02,78.86,0
2025-01-01 00:26:42,22.13,58.78,104.61,50.0,78.75,0
2025-01-01 00:26:43,22.21,58.68,104.6,50.08,78.78,0
2025-01-01 00:26:44,22.02,58.65,104.57,49.89,78.54,0
2025-01-01 00:26:45,22.12,58.58,104.69,49.83,78.66,0
2025-01-01 00:26:46,22.1,58.67,104.78,49.91,78.6,0
2025-01-01 00:26:47,22.22,58.48,104.66,49.84,78.7,0
2025-01-01 00:26:48,22.1,58.51,104.67,49.85,78.59,0
2025-01-01 00:26:49,22.15,58.45,104.73,49.71,78.51,0
2025-01-01 00:26:50,22.05,58.38,104.76,49.72,78.44,0
2025-01-01 00:26:51,22.12,58.41,104.79,49.72,78.39,0
2025-01-01 00:26:52,22.1,58.37,104.74,49.72,78.35,0
2025-01-01 00:26:53,22.09,58.38,104.88,49.64,78.34,0
2025-01-01 00:26:54,22.13,58.32,104.82,49.57,78.22,0
2025-01-01 00:26:55,22.09,58.24,104.92,49.59,78.36,0
2025-01-01 00:26:56,22.04,58.26,104.85,49.58,78.18,0
2025-01-01 00:26:57,22.08,58.07,104.88,49.53,78.19,0
2025-01-01 00:26:58,22.01,58.17,104.9,49.46,78.18,0
2025-01-01 00:26:59,22.19,58.15,104.97,49.47,78.15,0
2025-01-01 00:27:00,21.94,58.02,104.9,49.32,78.05,0
2025-01-01 00:27:01,21.95,58.01,104.98,49.44,78.1,0
2025-01-01 00:27:02,22.0,57.88,104.86,49.29,78.0,0
2025-01-01 00:27:03,22.04,57.88,104.97,49.31,78.01,0
2025-01-01 00:27:04,22.1,57.84,104.98,49.29,77.95,0
2025-01-01 00:27:05,22.08,57.9,104.92,49.25,77.95,0
2025-01-01 00:27:06,22.02,57.85,104.99,49.32,77.83,0
2025-01-01 00:27:07,22.03,57.74,105.01,49.12,77.89,0
2025-01-01 00:27:08,22.0,57.71,104.92,49.14,77.89,0
2025-01-01 00:27:09,22.03,57.74,105.07,49.15,77.77,0
2025-01-01 00:27:10,22.05,57.64,104.97,49.03,77.81,0
2025-01-01 00:27:11,22.0,57.64,104.95,49.1,77.7,0
2025-01-01 00:27:12,22.01,57.63,105.04,49.05,77.61,0
2025-01-01 00:27:13,22.17,57.64,105.04,48.98,77.66,0
2025-01-01 00:27:14,21.99,57.58,105.01,48.95,77.61,0
2025-01-01 00:27:15,22.07,57.56,105.08,49.0,77.59,0
2025-01-01 00:27:16,21.85,57.45,105.0,48.94,77.58,0
2025-01-01 00:27:17,21.94,57.43,105.03,48.94,77.59,0
2025-01-01 00:27:18,22.04,57.34,104.99,48.88,77.52,0
2025-01-01 00:27:19,22.06,57.36,105.09,48.96,77.48,0
2025-01-01 00:27:20,21.81,57.35,104.96,48.78,77.43,0
2025-01-01 00:27:21,21.98,57.28,104.9,48.74,77.43,0
2025-01-01 00:27:22,22.03,57.24,104.93,48.72,77.36,0
2025-01-01 00:27:23,22.01,57.25,104.86,48.73,77.29,0
2025-01-01 00:27:24,21.92,57.19,104.99,48.74,77.37,0
2025-01-01 00:27:25,21.98,57.08,105.06,48.68,77.33,0
2025-01-01 00:27:26,22.0,56.97,104.84,48.64,77.32,0
2025-01-01 00:27:27,22.04,57.07,104.88,48.72,77.19,0
2025-01-01 00:27:28,22.01,56.99,104.91,48.68,77.17,0
2025-01-01 00:27:29,21.93,56.95,104.89,48.76,77.21,0
2025-01-01 00:27:30,21.98,56.86,104.8,48.52,77.16,0
2025-01-01 00:27:31,22.07,56.93,104.89,48.53,77.14,0
2025-01-01 00:27:32,21.97,56.93,104.86,48.52,76.99,0
2025-01-01 00:27:33,21.99,56.85,104.8,48.46,77.11,0
2025-01-01 00:27:34,21.93,56.82,104.81,48.46,76.99,0
2025-01-01 00:27:35,22.02,56.85,104.86,48.42,77.07,0
2025-01-01 00:27:36,21.99,56.76,104.85,48.29,76.94,0
2025-01-01 00:27:37,22.05,56.67,104.74,48.39,76.87,0
2025-01-01 00:27:38,22.0,56.73,104.81,48.51,76.98,0
2025-01-01 00:27:39,22.06,56.68,104.77,48.37,76.96,0
2025-01-01 00:27:40,22.08,56.52,104.69,48.36,76.93,0
2025-01-01 00:27:41,22.05,56.44,104.81,48.31,76.85,0
2025-01-01 00:27:42,21.97,56.61,104.7,48.28,76.88,0
2025-01-01 00:27:43,22.05,56.43,104.71,48.26,76.79,0
2025-01-01 00:27:44,21.91,56.34,104.73,48.37,76.79,0
2025-01-01 00:27:45,22.1,56.36,104.61,48.27,76.76,0
2025-01-01 00:27:46,22.01,56.39,104.6,48.29,76.79,0
2025-01-01 00:27:47,22.04,56.25,104.5,48.24,76.71,0
2025-01-01 00:27:48,22.03,56.26,104.67,48.15,76.6,0
2025-01-01 00:27:49,22.04,56.21,104.53,48.24,76.74,0
2025-01-01 00:27:50,21.95,56.16,104.51,48.23,76.76,0
2025-01-01 00:27:51,22.08,56.15,104.42,48.15,76.6,0
2025-01-01 00:27:52,22.07,56.14,104.37,48.14,76.65,0
2025-01-01 00:27:53,22.05,56.12,104.43,48.23,76.6,0
2025-01-01 00:27:54,22.02,56.01,104.39,48.02,76.56,0
2025-01-01 00:27:55,22.03,55.95,104.3,48.17,76.56,0
2025-01-01 00:27:56,22.05,56.0,104.32,48.18,76.53,0
2025-01-01 00:27:57,21.98,56.03,104.3,48.07,76.44,0
2025-01-01 00:27:58,22.07,55.91,104.33,48.08,76.45,0
2025-01-01 00:27:59,22.1,55.93,104.23,48.12,76.47,0
2025-01-01 00:28:00,22.07,55.9,104.21,48.07,76.52,0
2025-01-01 00:28:01,21.95,55.91,104.06,48.03,76.43,0
2025-01-01 00:28:02,22.06,55.83,104.06,48.07,76.38,0
2025-01-01 00:28:03,22.09,55.74,104.08,48.02,76.37,0
2025-01-01 00:28:04,22.09,55.76,104.01,48.0,76.41,0
2025-01-01 00:28:05,22.08,55.72,103.96,47.95,76.34,0
2025-01-01 00:28:06,22.05,55.64,103.93,48.07,76.33,0
2025-01-01 00:28:07,22.1,55.62,103.94,48.02,76.36,0
2025-01-01 00:28:08,22.06,55.65,103.88,47.95,76.32,0
2025-01-01 00:28:09,22.06,55.58,103.96,47.98,76.32,0
2025-01-01 00:28:10,22.02,55.53,103.76,47.98,76.23,0
2025-01-01 00:28:11,22.15,55.53,103.77,47.97,76.35,0
2025-01-01 00:28:12,22.08,55.34,103.75,47.95,76.3,0
2025-01-01 00:28:13,22.11,55.44,103.76,47.94,76.21,0
2025-01-01 00:28:14,22.13,55.45,103.61,47.97,76.25,0
2025-01-01 00:28:15,22.11,55.35,103.52,48.11,76.15,0
2025-01-01 00:28:16,22.13,55.31,103.65,47.93,76.3,0
2025-01-01 00:28:17,22.19,55.3,103.46,48.03,76.15,0
2025-01-01 00:28:18,22.22,55.2,103.46,47.97,76.13,0
2025-01-01 00:28:19,22.2,55.24,103.48,47.91,76.22,0
2025-01-01 00:28:20,22.29,55.16,103.47,47.99,76.09,0
2025-01-01 00:28:21,22.16,55.2,103.29,47.98,76.17,0
2025-01-01 00:28:22,22.18,55.15,103.29,48.03,76.11,0
2025-01-01 00:28:23,22.2,55.04,103.3,47.98,76.18,0
2025-01-01 00:28:24,22.19,55.07,103.16,47.96,76.03,0
2025-01-01 00:28:25,22.15,55.01,103.15,48.07,76.08,0
2025-01-01 00:28:26,22.17,54.92,103.11,48.09,76.16,0
2025-01-01 00:28:27,22.25,55.0,103.13,48.05,76.12,0
2025-01-01 00:28:28,22.21,54.86,102.96,48.04,76.08,0
2025-01-01 00:28:29,22.33,54.91,103.0,48.02,76.06,0
2025-01-01 00:28:30,22.18,54.83,102.92,48.05,76.11,0
2025-01-01 00:28:31,22.26,54.82,102.95,48.05,76.11,0
2025-01-01 00:28:32,22.24,54.85,102.83,48.08,75.93,0
2025-01-01 00:28:33,22.27,54.84,102.76,48.1,75.96,0
2025-01-01 00:28:34,22.24,54.77,102.7,48.15,76.03,0
2025-01-01 00:28:35,22.3,54.72,102.58,47.98,76.05,0
2025-01-01 00:28:36,22.3,54.66,102.49,48.14,76.01,0
2025-01-01 00:28:37,22.33,54.75,102.41,48.08,76.01,0
2025-01-01 00:28:38,22.38,54.55,102.56,48.13,76.01,0
2025-01-01 00:28:39,22.31,54.58,102.47,48.09,76.03,0
2025-01-01 00:28:40,22.31,54.53,102.49,48.17,76.04,0
2025-01-01 00:28:41,22.39,54.47,102.39,48.04,75.97,0
2025-01-01 00:28:42,22.32,54.54,102.26,48.17,76.01,0
2025-01-01 00:28:43,22.31,54.41,102.23,48.23,76.08,0
2025-01-01 00:28:44,22.32,54.49,102.12,48.27,76.05,0
2025-01-01 00:28:45,22.38,54.41,102.13,48.25,75.97,0
2025-01-01 00:28:46,22.32,54.38,102.1,48.29,75.95,0
2025-01-01 00:28:47,22.33,54.43,101.91,48.28,75.97,0
2025-01-01 00:28:48,22.48,54.3,101.96,48.28,76.01,0
2025-01-01 00:28:49,22.31,54.2,101.84,48.3,75.94,0
2025-01-01 00:28:50,22.37,54.31,101.82,48.3,76.04,0
2025-01-01 00:28:51,22.38,54.24,101.81,48.33,76.01,0
2025-01-01 00:28:52,22.56,54.16,101.71,48.42,75.99,0
2025-01-01 00:28:53,22.5,54.15,101.58,48.38,76.05,0
2025-01-01 00:28:54,22.52,54.25,101.55,48.44,75.99,0
2025-01-01 00:28:55,22.52,54.16,101.52,48.42,75.93,0
2025-01-01 00:28:56,22.43,54.12,101.35,48.46,76.06,0
2025-01-01 00:28:57,22.51,54.03,101.44,48.54,76.02,0
2025-01-01 00:28:58,22.53,54.07,101.34,48.45,76.02,0
2025-01-01 00:28:59,22.57,54.15,101.18,48.48,75.97,0
2025-01-01 00:29:00,22.61,53.98,101.12,48.54,76.12,0
2025-01-01 00:29:01,22.58,53.99,101.15,48.6,75.99,0
2025-01-01 00:29:02,22.55,53.94,101.01,48.53,76.1,0
2025-01-01 00:29:03,22.59,53.96,101.02,48.6,76.01,0
2025-01-01 00:29:04,22.56,53.92,100.96,48.61,76.04,0
2025-01-01 00:29:05,22.57,54.04,100.93,48.64,76.05,0
2025-01-01 00:29:06,22.58,53.85,100.84,48.55,75.99,0
2025-01-01 00:29:07,22.58,53.84,100.75,48.74,76.0,0
2025-01-01 00:29:08,22.59,53.88,100.71,48.74,76.18,0
2025-01-01 00:29:09,22.6,53.77,100.63,48.62,76.07,0
2025-01-01 00:29:10,22.69,53.78,100.61,48.73,76.06,0
2025-01-01 00:29:11,22.73,53.7,100.53,48.78,76.18,0
2025-01-01 00:29:12,22.72,53.64,100.4,48.83,76.11,0
2025-01-01 00:29:13,22.67,53.73,100.4,48.83,76.16,0
2025-01-01 00:29:14,22.68,53.73,100.29,48.88,76.21,0
2025-01-01 00:29:15,22.65,53.61,100.33,48.94,76.14,0
2025-01-01 00:29:16,22.69,53.65,100.26,48.85,76.1,0
2025-01-01 00:29:17,22.75,53.61,100.13,48.97,76.13,0
2025-01-01 00:29:18,22.65,53.54,100.08,48.95,76.12,0
2025-01-01 00:29:19,22.68,53.51,100.06,49.05,76.25,0
2025-01-01 00:29:20,22.74,53.45,99.98,49.05,76.22,0
2025-01-01 00:29:21,22.69,53.44,99.89,49.07,76.26,0
2025-01-01 00:29:22,22.81,53.48,99.84,49.11,76.25,0
2025-01-01 00:29:23,22.82,53.43,99.77,49.13,76.26,0
2025-01-01 00:29:24,22.85,53.49,99.72,49.11,76.3,0
2025-01-01 00:29:25,22.78,53.34,99.66,49.19,76.21,0
2025-01-01 00:29:26,22.84,53.34,99.56,49.25,76.32,0
2025-01-01 00:29:27,22.88,53.32,99.45,49.3,76.33,0
2025-01-01 00:29:28,22.86,53.37,99.45,49.25,76.34,0
2025-01-01 00:29:29,22.87,53.29,99.4,49.27,76.37,0
2025-01-01 00:29:30,23.01,53.25,99.25,49.22,76.34,0
2025-01-01 00:29:31,22.9,53.27,99.28,49.27,76.28,0
2025-01-01 00:29:32,22.96,53.25,99.19,49.3,76.41,0
2025-01-01 00:29:33,23.03,53.23,99.11,49.42,76.33,0
2025-01-01 00:29:34,23.03,53.2,99.0,49.44,76.44,0
2025-01-01 00:29:35,22.98,53.17,98.96,49.51,76.4,0
2025-01-01 00:29:36,22.9,53.14,99.01,49.5,76.54,0
2025-01-01 00:29:37,23.04,53.15,98.9,49.54,76.46,0
2025-01-01 00:29:38,23.02,53.14,98.79,49.53,76.44,0
2025-01-01 00:29:39,23.16,53.12,98.8,49.56,76.54,0
2025-01-01 00:29:40,23.06,53.09,98.67,49.65,76.51,0
2025-01-01 00:29:41,23.05,53.09,98.58,49.71,76.59,0
2025-01-01 00:29:42,23.05,53.0,98.59,49.72,76.56,0
2025-01-01 00:29:43,23.14,53.11,98.51,49.66,76.63,0
2025-01-01 00:29:44,23.21,53.02,98.43,49.77,76.56,0
2025-01-01 00:29:45,23.18,52.91,98.41,49.76,76.64,0
2025-01-01 00:29:46,23.14,52.97,98.36,49.79,76.69,0
2025-01-01 00:29:47,23.17,52.89,98.41,49.9,76.67,0
2025-01-01 00:29:48,23.26,53.01,98.24,49.93,76.65,0
2025-01-01 00:29:49,23.2,52.89,98.19,49.96,76.75,0
2025-01-01 00:29:50,23.24,52.82,98.08,49.95,76.73,0
2025-01-01 00:29:51,23.29,52.81,98.05,50.06,76.76,0
2025-01-01 00:29:52,23.28,52.84,98.03,50.03,76.83,0
2025-01-01 00:29:53,23.2,52.81,97.97,50.1,76.89,0
2025-01-01 00:29:54,23.27,52.89,97.87,50.18,76.88,0
2025-01-01 00:29:55,23.26,52.81,97.84,50.17,76.86,0
2025-01-01 00:29:56,23.31,52.85,97.78,50.22,76.88,0
2025-01-01 00:29:57,23.42,52.73,97.7,50.29,76.9,0
2025-01-01 00:29:58,23.44,52.79,97.67,50.15,76.94,0
2025-01-01 00:29:59,23.38,52.79,97.7,50.24,77.01,0
2025-01-01 00:30:00,23.43,52.76,97.59,50.21,76.99,0
2025-01-01 00:30:01,23.35,52.68,97.56,50.36,77.08,0
2025-01-01 00:30:02,23.44,52.61,97.33,50.38,77.04,0
2025-01-01 00:30:03,23.39,52.58,97.37,50.4,77.11,0
2025-01-01 00:30:04,23.47,52.73,97.3,50.48,77.11,0
2025-01-01 00:30:05,23.51,52.61,97.35,50.49,77.1,0
2025-01-01 00:30:06,23.49,52.6,97.27,50.45,77.16,0
2025-01-01 00:30:07,23.53,52.6,97.26,50.58,77.19,0
2025-01-01 00:30:08,23.54,52.6,97.16,50.48,77.2,0
2025-01-01 00:30:09,23.47,52.63,97.09,50.59,77.29,0
2025-01-01 00:30:10,23.58,52.5,97.04,50.62,77.19,0
2025-01-01 00:30:11,23.55,52.53,96.98,50.59,77.36,0
2025-01-01 00:30:12,23.59,52.53,96.96,50.66,77.36,0
2025-01-01 00:30:13,23.6,52.47,96.92,50.8,77.4,0
2025-01-01 00:30:14,23.68,52.47,96.76,50.83,77.5,0
2025-01-01 00:30:15,23.73,52.47,96.74,50.73,77.34,0
2025-01-01 00:30:16,23.66,52.55,96.74,50.83,77.52,0
2025-01-01 00:30:17,23.67,52.56,96.8,50.84,77.46,0
2025-01-01 00:30:18,23.74,52.43,96.59,50.94,77.58,0
2025-01-01 00:30:19,23.73,52.37,96.54,50.91,77.52,0
2025-01-01 00:30:20,23.72,52.47,96.6,51.01,77.53,0
2025-01-01 00:30:21,23.74,52.44,96.54,51.04,77.63,0
2025-01-01 00:30:22,23.87,52.42,96.52,50.98,77.65,0
2025-01-01 00:30:23,23.84,52.46,96.46,51.02,77.75,0
2025-01-01 00:30:24,23.7,52.3,96.42,51.05,77.74,0
2025-01-01 00:30:25,23.84,52.39,96.3,51.11,77.79,0
2025-01-01 00:30:26,23.91,52.45,96.31,51.12,77.7,0
2025-01-01 00:30:27,23.84,52.32,96.31,51.11,77.85,0
2025-01-01 00:30:28,23.89,52.31,96.23,51.15,77.82,0
2025-01-01 00:30:29,23.82,52.3,96.15,51.17,77.9,0
2025-01-01 00:30:30,23.96,52.31,96.18,51.25,77.9,0
2025-01-01 00:30:31,23.92,52.31,96.12,51.31,78.0,0
2025-01-01 00:30:32,23.94,52.27,96.09,51.32,78.03,0
2025-01-01 00:30:33,23.98,52.21,95.97,51.31,78.03,0
2025-01-01 00:30:34,23.95,52.26,96.01,51.26,78.1,0
2025-01-01 00:30:35,24.0,52.31,95.92,51.29,78.06,0
2025-01-01 00:30:36,24.03,52.22,95.9,51.39,78.11,0
2025-01-01 00:30:37,24.05,52.14,95.89,51.39,78.23,0
2025-01-01 00:30:38,24.03,52.13,95.87,51.44,78.14,0
2025-01-01 00:30:39,24.02,52.29,95.87,51.32,78.2,0
2025-01-01 00:30:40,24.2,52.18,95.74,51.45,78.21,0
2025-01-01 00:30:41,24.05,52.25,95.64,51.5,78.34,0
2025-01-01 00:30:42,24.08,52.14,95.76,51.54,78.3,0
2025-01-01 00:30:43,24.23,52.24,95.69,51.49,78.35,0
2025-01-01 00:30:44,24.21,52.16,95.69,51.48,78.33,0
2025-01-01 00:30:45,24.22,52.13,95.58,51.48,78.44,0
2025-01-01 00:30:46,24.23,52.18,95.58,51.59,78.54,0
2025-01-01 00:30:47,24.18,52.17,95.47,51.57,78.46,0
2025-01-01 00:30:48,24.31,52.13,95.52,51.58,78.54,0
2025-01-01 00:30:49,24.25,52.15,95.45,51.72,78.51,0
2025-01-01 00:30:50,24.27,52.21,95.45,51.6,78.64,0
2025-01-01 00:30:51,24.3,52.07,95.39,51.83,78.66,0
2025-01-01 00:30:52,24.25,52.18,95.45,51.67,78.66,0
2025-01-01 00:30:53,24.4,52.09,95.3,51.81,78.72,0
2025-01-01 00:30:54,24.46,52.16,95.32,51.79,78.75,0
2025-01-01 00:30:55,24.31,52.07,95.37,51.73,78.8,0
2025-01-01 00:30:56,24.48,52.09,95.28,51.81,78.87,0
2025-01-01 00:30:57,24.32,52.1,95.32,51.79,78.94,0
2025-01-01 00:30:58,24.43,52.09,95.2,51.82,79.03,0
2025-01-01 00:30:59,24.43,52.03,95.23,51.82,78.92,0
2025-01-01 00:31:00,24.52,52.1,95.27,51.74,79.06,0
2025-01-01 00:31:01,24.57,52.1,95.24,51.85,79.1,0
2025-01-01 00:31:02,24.64,52.0,95.26,51.85,79.08,0
2025-01-01 00:31:03,24.49,52.03,95.14,51.84,79.07,0
2025-01-01 00:31:04,24.56,52.02,95.18,51.8,79.1,0
2025-01-01 00:31:05,24.62,52.0,95.21,51.9,79.24,0
2025-01-01 00:31:06,24.69,52.02,95.11,51.94,79.27,0
2025-01-01 00:31:07,24.63,52.1,95.11,51.91,79.29,0
2025-01-01 00:31:08,24.61,52.03,95.18,51.94,79.33,0
2025-01-01 00:31:09,24.67,52.04,95.14,51.96,79.35,0
2025-01-01 00:31:10,24.72,52.05,95.04,51.95,79.3,0
2025-01-01 00:31:11,24.75,52.05,95.11,51.93,79.46,0
2025-01-01 00:31:12,24.81,52.09,95.06,51.96,79.54,0
2025-01-01 00:31:13,24.69,52.0,95.12,52.01,79.54,0
2025-01-01 00:31:14,24.71,52.01,95.02,51.98,79.52,0
2025-01-01 00:31:15,24.75,51.91,95.1,51.95,79.61,0
2025-01-01 00:31:16,24.82,51.95,94.97,51.93,79.61,0
2025-01-01 00:31:17,24.86,51.97,95.11,52.03,79.72,0
2025-01-01 00:31:18,24.85,52.08,95.01,51.99,79.73,0
2025-01-01 00:31:19,24.92,52.04,94.99,51.96,79.79,0
2025-01-01 00:31:20,24.94,51.98,94.93,51.98,79.83,0
2025-01-01 00:31:21,25.01,51.94,94.98,51.98,79.91,0
2025-01-01 00:31:22,24.94,51.96,95.03,51.98,79.82,0
2025-01-01 00:31:23,24.92,52.09,95.02,52.0,79.91,0
2025-01-01 00:31:24,25.0,52.01,95.01,52.01,80.01,0
2025-01-01 00:31:25,25.0,51.95,94.97,51.9,80.1,0
2025-01-01 00:31:26,25.06,51.96,94.99,51.97,80.12,0
2025-01-01 00:31:27,24.97,52.01,95.0,52.04,80.08,0
2025-01-01 00:31:28,24.97,51.99,94.96,52.0,80.19,0
2025-01-01 00:31:29,24.99,51.96,94.98,51.98,80.2,0
2025-01-01 00:31:30,25.09,52.02,94.98,52.0,80.24,0
2025-01-01 00:31:31,25.08,52.04,95.02,52.04,80.23,0
2025-01-01 00:31:32,25.16,52.0,95.01,52.0,80.31,0
2025-01-01 00:31:33,25.1,52.08,94.93,51.95,80.32,0
2025-01-01 00:31:34,25.2,52.09,94.94,51.95,80.25,0
2025-01-01 00:31:35,25.2,52.02,95.12,51.98,80.45,0
2025-01-01 00:31:36,25.25,51.99,94.98,51.98,80.37,0
2025-01-01 00:31:37,25.31,52.01,95.12,51.94,80.49,0
2025-01-01 00:31:38,25.27,52.01,95.04,51.97,80.47,0
2025-01-01 00:31:39,25.22,52.08,95.11,51.95,80.64,0
2025-01-01 00:31:40,25.29,52.09,95.1,51.89,80.69,0
2025-01-01 00:31:41,25.37,52.02,95.14,51.91,80.68,0
2025-01-01 00:31:42,25.22,51.98,95.16,51.91,80.69,0
2025-01-01 00:31:43,25.29,52.12,95.19,51.9,80.7,0
2025-01-01 00:31:44,25.43,52.14,95.19,52.01,80.71,0
2025-01-01 00:31:45,25.36,51.98,95.18,51.9,80.79,0
2025-01-01 00:31:46,25.46,52.11,95.1,51.85,80.88,0
2025-01-01 00:31:47,25.42,52.01,95.24,51.8,80.86,0
2025-01-01 00:31:48,25.48,52.02,95.25,51.83,80.98,0
2025-01-01 00:31:49,25.47,52.09,95.26,51.81,80.85,0
2025-01-01 00:31:50,25.52,52.07,95.27,51.82,80.97,0
2025-01-01 00:31:51,25.62,51.99,95.3,51.79,81.01,0
2025-01-01 00:31:52,25.52,52.03,95.31,51.87,81.09,0
2025-01-01 00:31:53,25.56,52.03,95.33,51.89,81.09,0
2025-01-01 00:31:54,25.56,52.06,95.3,51.63,81.17,0
2025-01-01 00:31:55,25.55,52.01,95.39,51.7,81.17,0
2025-01-01 00:31:56,25.69,52.03,95.3,51.75,81.28,0
2025-01-01 00:31:57,25.56,52.12,95.42,51.62,81.3,0
2025-01-01 00:31:58,25.7,52.09,95.48,51.76,81.3,0
2025-01-01 00:31:59,25.65,52.07,95.44,51.72,81.32,0
2025-01-01 00:32:00,25.58,52.19,95.48,51.65,81.42,0
2025-01-01 00:32:01,25.79,51.99,95.52,51.58,81.44,0
2025-01-01 00:32:02,25.74,52.17,95.5,51.54,81.43,0
2025-01-01 00:32:03,25.77,52.2,95.5,51.66,81.45,0
2025-01-01 00:32:04,25.79,52.13,95.59,51.64,81.46,0
2025-01-01 00:32:05,25.76,52.17,95.73,51.53,81.66,0
2025-01-01 00:32:06,25.91,52.16,95.63,51.52,81.59,0
2025-01-01 00:32:07,25.76,52.17,95.75,51.5,81.62,0
2025-01-01 00:32:08,25.76,52.2,95.72,51.51,81.66,0
2025-01-01 00:32:09,25.85,52.22,95.74,51.5,81.72,0
2025-01-01 00:32:10,25.94,52.24,95.78,51.54,81.76,0
2025-01-01 00:32:11,25.97,52.24,95.71,51.5,81.78,0
2025-01-01 00:32:12,25.92,52.23,95.82,51.43,81.78,0
2025-01-01 00:32:13,26.01,52.22,95.86,51.35,81.86,0
2025-01-01 00:32:14,25.97,52.26,95.86,51.29,81.92,0
2025-01-01 00:32:15,26.06,52.2,96.03,51.36,81.92,0
2025-01-01 00:32:16,25.98,52.19,96.03,51.28,81.92,0
2025-01-01 00:32:17,26.07,52.18,95.95,51.29,82.0,0
2025-01-01 00:32:18,26.06,52.26,96.19,51.26,82.01,0
2025-01-01 00:32:19,26.02,52.3,96.13,51.3,81.98,0
2025-01-01 00:32:20,26.06,52.32,96.17,51.22,82.12,0
2025-01-01 00:32:21,26.05,52.39,96.23,51.12,82.07,0
2025-01-01 00:32:22,26.06,52.36,96.15,51.15,82.18,0
2025-01-01 00:32:23,26.13,52.35,96.21,51.16,82.16,0
2025-01-01 00:32:24,26.13,52.36,96.31,51.11,82.19,0
2025-01-01 00:32:25,26.15,52.36,96.27,51.06,82.28,0
2025-01-01 00:32:26,26.12,52.43,96.45,50.99,82.36,0
2025-01-01 00:32:27,26.2,52.4,96.41,51.07,82.35,0
2025-01-01 00:32:28,26.18,52.34,96.4,51.0,82.39,0
2025-01-01 00:32:29,26.27,52.4,96.46,50.93,82.45,0
2025-01-01 00:32:30,26.24,52.43,96.51,50.95,82.4,0
2025-01-01 00:32:31,26.33,52.47,96.58,50.9,82.43,0
2025-01-01 00:32:32,26.23,52.4,96.67,50.89,82.49,0
2025-01-01 00:32:33,26.3,52.51,96.71,50.88,82.43,0
2025-01-01 00:32:34,26.14,52.49,96.68,50.81,82.53,0
2025-01-01 00:32:35,26.43,52.51,96.81,50.83,82.6,0
2025-01-01 00:32:36,26.35,52.55,96.79,50.77,82.53,0
2025-01-01 00:32:37,26.4,52.52,96.98,50.65,82.61,0
2025-01-01 00:32:38,26.44,52.54,96.95,50.64,82.64,0
2025-01-01 00:32:39,26.48,52.54,97.01,50.66,82.64,0
2025-01-01 00:32:40,26.49,52.58,97.16,50.58,82.77,0
2025-01-01 00:32:41,26.39,52.58,97.14,50.49,82.75,0
2025-01-01 00:32:42,26.45,52.55,97.16,50.62,82.78,0
2025-01-01 00:32:43,26.5,52.61,97.2,50.48,82.87,0
2025-01-01 00:32:44,26.52,52.64,97.21,50.48,82.83,0
2025-01-01 00:32:45,26.45,52.55,97.27,50.5,82.84,0
2025-01-01 00:32:46,26.49,52.61,97.33,50.42,83.01,0
2025-01-01 00:32:47,26.61,52.71,97.47,50.35,82.86,0
2025-01-01 00:32:48,26.52,52.75,97.43,50.31,82.93,0
2025-01-01 00:32:49,26.58,52.71,97.53,50.3,83.01,0
2025-01-01 00:32:50,26.58,52.7,97.6,50.27,82.98,0
2025-01-01 00:32:51,26.66,52.69,97.6,50.3,83.14,0
2025-01-01 00:32:52,26.68,52.77,97.71,50.19,83.06,0
2025-01-01 00:32:53,26.66,52.78,97.74,50.23,83.07,0
2025-01-01 00:32:54,26.68,52.72,97.77,50.24,83.13,0
2025-01-01 00:32:55,26.69,52.89,97.78,50.08,83.22,0
2025-01-01 00:32:56,26.71,52.8,97.84,50.13,83.19,0
2025-01-01 00:32:57,26.67,52.83,97.94,50.09,83.13,0
2025-01-01 00:32:58,26.81,52.9,98.0,50.03,83.2,0
2025-01-01 00:32:59,26.72,52.85,98.06,50.09,83.28,0
2025-01-01 00:33:00,26.82,52.9,98.08,49.97,83.3,0
2025-01-01 00:33:01,26.73,52.94,98.31,49.99,83.35,0
2025-01-01 00:33:02,26.82,52.97,98.21,49.95,83.33,0
2025-01-01 00:33:03,26.84,53.01,98.28,49.86,83.33,0
2025-01-01 00:33:04,26.79,52.97,98.28,49.89,83.35,0
2025-01-01 00:33:05,26.83,52.94,98.41,49.84,83.39,0
2025-01-01 00:33:06,26.84,52.96,98.52,49.74,83.39,0
2025-01-01 00:33:07,26.89,53.03,98.59,49.68,83.31,0
2025-01-01 00:33:08,26.87,53.13,98.71,49.8,83.42,0
2025-01-01 00:33:09,26.83,52.94,98.63,49.66,83.52,0
2025-01-01 00:33:10,26.98,53.09,98.68,49.59,83.48,0
2025-01-01 00:33:11,26.98,53.12,98.73,49.64,83.51,0
2025-01-01 00:33:12,26.91,53.08,98.88,49.56,83.59,0
2025-01-01 00:33:13,27.0,53.11,98.91,49.55,83.49,0
2025-01-01 00:33:14,26.95,53.19,99.01,49.54,83.62,0
2025-01-01 00:33:15,26.98,53.26,98.98,49.43,83.48,0
2025-01-01 00:33:16,27.0,53.18,99.12,49.46,83.52,0
2025-01-01 00:33:17,27.02,53.2,99.06,49.37,83.56,0
2025-01-01 00:33:18,27.12,53.25,99.25,49.31,83.68,0
2025-01-01 00:33:19,27.13,53.17,99.24,49.38,83.67,0
2025-01-01 00:33:20,27.05,53.27,99.31,49.33,83.71,0
2025-01-01 00:33:21,27.06,53.36,99.36,49.25,83.71,0
2025-01-01 00:33:22,27.16,53.37,99.4,49.23,83.72,0
2025-01-01 00:33:23,27.13,53.3,99.55,49.19,83.79,0
2025-01-01 00:33:24,27.22,53.41,99.65,49.2,83.75,0
2025-01-01 00:33:25,27.23,53.41,99.64,49.08,83.72,0
2025-01-01 00:33:26,27.21,53.47,99.74,49.11,83.64,0
2025-01-01 00:33:27,27.16,53.43,99.76,49.14,83.86,0
2025-01-01 00:33:28,27.2,53.46,99.82,49.08,83.73,0
2025-01-01 00:33:29,27.21,53.51,99.91,49.07,83.81,0
2025-01-01 00:33:30,27.13,53.55,99.93,48.96,83.74,0
2025-01-01 00:33:31,27.26,53.53,99.94,49.01,83.74,0
2025-01-01 00:33:32,27.25,53.57,100.13,49.05,83.75,0
2025-01-01 00:33:33,27.26,53.57,100.17,48.94,83.81,0
2025-01-01 00:33:34,27.25,53.55,100.26,48.93,83.89,0
2025-01-01 00:33:35,27.27,53.6,100.22,48.89,83.8,0
2025-01-01 00:33:36,27.39,53.59,100.35,48.93,83.9,0
2025-01-01 00:33:37,27.32,53.63,100.33,48.86,83.95,0
2025-01-01 00:33:38,27.3,53.65,100.34,48.75,83.88,0
2025-01-01 00:33:39,27.42,53.76,100.54,48.75,83.87,0
2025-01-01 00:33:40,27.42,53.77,100.48,48.71,83.86,0
2025-01-01 00:33:41,27.34,53.81,100.64,48.71,83.98,0
2025-01-01 00:33:42,27.34,53.9,100.68,48.7,83.91,0
2025-01-01 00:33:43,27.39,53.85,100.79,48.63,83.87,0
2025-01-01 00:33:44,27.52,53.83,100.87,48.56,83.92,0
2025-01-01 00:33:45,27.4,53.91,100.76,48.63,83.88,0
2025-01-01 00:33:46,27.44,53.86,100.91,48.58,83.9,0
2025-01-01 00:33:47,27.41,53.87,100.92,48.62,83.89,0
2025-01-01 00:33:48,27.44,54.0,101.05,48.51,83.97,0
2025-01-01 00:33:49,27.51,53.93,101.13,48.44,83.95,0
2025-01-01 00:33:50,27.47,53.97,101.18,48.43,83.97,0
2025-01-01 00:33:51,27.53,53.98,101.23,48.51,84.04,0
2025-01-01 00:33:52,27.42,54.06,101.33,48.45,83.86,0
2025-01-01 00:33:53,27.53,54.17,101.39,48.39,83.96,0
2025-01-01 00:33:54,27.6,54.17,101.47,48.43,83.95,0
2025-01-01 00:33:55,27.51,54.14,101.53,48.47,84.05,0
2025-01-01 00:33:56,27.46,54.19,101.6,48.41,83.96,0
2025-01-01 00:33:57,27.69,54.14,101.56,48.37,84.1,0
2025-01-01 00:33:58,27.51,54.22,101.73,48.34,83.98,0
2025-01-01 00:33:59,27.6,54.27,101.79,48.39,84.01,0
2025-01-01 00:34:00,27.59,54.3,101.82,48.31,84.0,0
2025-01-01 00:34:01,27.65,54.39,101.78,48.29,83.97,0
2025-01-01 00:34:02,27.58,54.36,101.94,48.26,83.9,0
2025-01-01 00:34:03,27.56,54.42,101.83,48.31,84.03,0
2025-01-01 00:34:04,27.68,54.39,101.92,48.26,84.06,0
2025-01-01 00:34:05,27.67,54.39,102.09,48.19,83.96,0
2025-01-01 00:34:06,27.68,54.4,102.1,48.15,83.92,0
2025-01-01 00:34:07,27.65,54.54,102.19,48.12,84.04,0
2025-01-01 00:34:08,27.74,54.48,102.23,48.2,84.07,0
2025-01-01 00:34:09,27.64,54.48,102.34,48.2,83.99,0
2025-01-01 00:34:10,27.65,54.62,102.39,48.11,83.99,0
2025-01-01 00:34:11,27.62,54.64,102.4,48.12,83.98,0
2025-01-01 00:34:12,27.69,54.68,102.5,48.12,84.02,0
2025-01-01 00:34:13,27.72,54.64,102.52,48.11,84.0,0
2025-01-01 00:34:14,27.69,54.67,102.68,48.15,83.93,0
2025-01-01 00:34:15,27.75,54.73,102.65,48.1,84.03,0
2025-01-01 00:34:16,27.74,54.75,102.74,48.1,83.97,0
2025-01-01 00:34:17,27.75,54.78,102.74,48.05,83.92,0
2025-01-01 00:34:18,27.69,54.74,102.75,48.06,83.95,0
2025-01-01 00:34:19,27.74,54.72,102.92,48.11,83.96,0
2025-01-01 00:34:20,27.85,54.82,102.99,48.0,83.95,0
2025-01-01 00:34:21,27.7,54.9,102.96,48.04,83.96,0
2025-01-01 00:34:22,27.78,54.91,102.97,48.08,83.89,0
2025-01-01 00:34:23,27.83,55.03,102.96,48.09,84.02,0
2025-01-01 00:34:24,27.8,55.03,103.15,48.01,83.91,0
2025-01-01 00:34:25,27.73,55.04,103.17,48.05,83.95,0
2025-01-01 00:34:26,27.76,55.03,103.29,48.01,83.9,0
2025-01-01 00:34:27,27.81,55.05,103.32,47.99,83.82,0
2025-01-01 00:34:28,27.8,55.02,103.25,47.96,83.9,0
2025-01-01 00:34:29,27.79,55.2,103.4,48.04,83.84,0
2025-01-01 00:34:30,27.84,55.11,103.37,47.96,83.88,0
2025-01-01 00:34:31,27.97,55.24,103.33,47.98,83.84,0
2025-01-01 00:34:32,27.85,55.21,103.48,47.94,83.77,0
2025-01-01 00:34:33,27.88,55.23,103.54,47.93,83.9,0
2025-01-01 00:34:34,27.82,55.3,103.58,47.97,83.8,0
2025-01-01 00:34:35,27.89,55.4,103.64,47.99,83.78,0
2025-01-01 00:34:36,27.99,55.43,103.6,48.01,83.75,0
2025-01-01 00:34:37,27.87,55.35,103.67,48.09,83.79,0
2025-01-01 00:34:38,27.76,55.51,103.79,47.99,83.78,0
2025-01-01 00:34:39,27.84,55.46,103.85,47.99,83.64,0
2025-01-01 00:34:40,27.89,55.51,103.87,48.01,83.69,0
2025-01-01 00:34:41,27.95,55.55,103.82,48.07,83.71,0
2025-01-01 00:34:42,27.9,55.59,103.84,47.99,83.68,0
2025-01-01 00:34:43,27.9,55.68,103.94,48.07,83.67,0
2025-01-01 00:34:44,27.96,55.67,103.97,48.03,83.61,0
2025-01-01 00:34:45,27.94,55.68,103.98,48.09,83.57,0
2025-01-01 00:34:46,27.9,55.76,104.06,48.04,83.63,0
2025-01-01 00:34:47,27.93,55.67,104.06,48.13,83.57,0
2025-01-01 00:34:48,27.91,55.75,104.11,48.03,83.61,0
2025-01-01 00:34:49,27.94,55.85,104.1,48.05,83.56,0
2025-01-01 00:34:50,27.96,55.81,104.23,48.13,83.5,0
2025-01-01 00:34:51,27.92,55.86,104.35,48.06,83.61,0
2025-01-01 00:34:52,27.88,55.87,104.22,48.05,83.5,0
2025-01-01 00:34:53,27.91,55.91,104.34,48.17,83.54,0
2025-01-01 00:34:54,27.98,55.99,104.29,48.07,83.49,0
2025-01-01 00:34:55,27.9,55.97,104.41,48.22,83.47,0
2025-01-01 00:34:56,28.02,56.04,104.31,48.17,83.46,0
2025-01-01 00:34:57,27.97,56.08,104.46,48.1,83.37,0
2025-01-01 00:34:58,27.92,56.13,104.38,48.13,83.35,0
2025-01-01 00:34:59,27.96,56.09,104.47,48.24,83.38,0
2025-01-01 00:35:00,28.05,56.26,104.53,48.2,83.35,0
2025-01-01 00:35:01,28.01,56.21,104.43,48.23,83.27,0
2025-01-01 00:35:02,27.93,56.27,104.54,48.15,83.31,0
2025-01-01 00:35:03,28.03,56.25,104.64,48.16,83.39,0
2025-01-01 00:35:04,27.96,56.34,104.5,48.25,83.27,0
2025-01-01 00:35:05,27.98,56.34,104.58,48.33,83.23,0
2025-01-01 00:35:06,28.06,56.38,104.62,48.33,83.13,0
2025-01-01 00:35:07,27.93,56.5,104.61,48.21,83.28,0
2025-01-01 00:35:08,27.92,56.49,104.69,48.18,83.15,0
2025-01-01 00:35:09,28.01,56.53,104.76,48.32,83.17,0
2025-01-01 00:35:10,27.96,56.48,104.67,48.29,83.16,0
2025-01-01 00:35:11,27.92,56.6,104.74,48.37,83.15,0
2025-01-01 00:35:12,27.97,56.66,104.77,48.39,83.18,0
2025-01-01 00:35:13,27.92,56.73,104.82,48.39,83.12,0
2025-01-01 00:35:14,27.9,56.67,104.75,48.46,82.95,0
2025-01-01 00:35:15,28.02,56.72,104.8,48.48,82.97,0
2025-01-01 00:35:16,27.94,56.91,104.82,48.37,82.91,0
2025-01-01 00:35:17,27.94,56.85,104.87,48.52,82.91,0
2025-01-01 00:35:18,27.99,56.83,104.87,48.57,82.92,0
2025-01-01 00:35:19,28.02,56.91,104.93,48.56,82.89,0
2025-01-01 00:35:20,28.06,56.88,104.85,48.51,82.85,0
2025-01-01 00:35:21,27.91,56.98,104.9,48.65,82.78,0
2025-01-01 00:35:22,27.99,57.05,104.99,48.59,82.8,0
2025-01-01 00:35:23,28.01,57.05,104.92,48.71,82.66,0
2025-01-01 00:35:24,27.98,57.09,104.96,48.74,82.79,0
2025-01-01 00:35:25,27.98,57.17,104.91,48.74,82.79,0
2025-01-01 00:35:26,28.06,57.15,104.94,48.64,82.69,0
2025-01-01 00:35:27,27.94,57.14,104.91,48.72,82.64,0
2025-01-01 00:35:28,28.01,57.18,105.03,48.76,82.57,0
2025-01-01 00:35:29,28.01,57.35,105.0,48.78,82.5,0
2025-01-01 00:35:30,27.98,57.3,104.97,48.74,82.51,0
2025-01-01 00:35:31,28.07,57.4,104.94,48.89,82.46,0
2025-01-01 00:35:32,28.06,57.38,105.04,48.79,82.52,0
2025-01-01 00:35:33,27.99,57.45,105.04,48.91,82.43,0
2025-01-01 00:35:34,28.03,57.44,104.95,48.89,82.35,0
2025-01-01 00:35:35,27.96,57.53,105.01,48.94,82.43,0
2025-01-01 00:35:36,27.94,57.52,104.99,49.03,82.28,0
2025-01-01 00:35:37,27.94,57.47,104.99,49.08,82.3,0
2025-01-01 00:35:38,27.95,57.64,105.05,49.05,82.33,0
2025-01-01 00:35:39,27.92,57.7,105.1,49.11,82.16,0
2025-01-01 00:35:40,27.95,57.7,104.97,49.17,82.26,0
2025-01-01 00:35:41,27.94,57.71,104.95,49.13,82.17,0
2025-01-01 00:35:42,28.03,57.85,104.92,49.07,82.15,0
2025-01-01 00:35:43,27.89,57.79,105.02,49.27,82.14,0
2025-01-01 00:35:44,27.95,57.72,104.98,49.23,82.13,0
2025-01-01 00:35:45,27.92,57.84,104.9,49.15,82.01,0
2025-01-01 00:35:46,27.88,57.92,104.94,49.27,81.98,0
2025-01-01 00:35:47,27.79,58.01,104.91,49.3,81.92,0
2025-01-01 00:35:48,28.0,57.98,104.91,49.34,82.04,0
2025-01-01 00:35:49,27.94,58.01,104.89,49.29,81.91,0
2025-01-01 00:35:50,27.96,58.11,104.81,49.36,81.86,0
2025-01-01 00:35:51,27.94,58.09,104.91,49.47,81.81,0
2025-01-01 00:35:52,27.98,58.15,104.89,49.56,81.89,0
2025-01-01 00:35:53,27.98,58.02,104.97,49.55,81.88,0
2025-01-01 00:35:54,27.99,58.29,104.92,49.61,81.84,0
2025-01-01 00:35:55,27.93,58.17,104.85,49.6,81.71,0
2025-01-01 00:35:56,27.85,58.21,104.81,49.65,81.75,0
2025-01-01 00:35:57,27.96,58.38,104.83,49.56,81.61,0
2025-01-01 00:35:58,27.89,58.34,104.82,49.7,81.64,0
2025-01-01 00:35:59,27.89,58.31,104.78,49.71,81.62,0
2025-01-01 00:36:00,27.87,58.47,104.8,49.75,81.57,0
2025-01-01 00:36:01,27.86,58.46,104.76,49.75,81.51,0
2025-01-01 00:36:02,27.85,58.54,104.74,49.82,81.43,0
2025-01-01 00:36:03,27.86,58.57,104.73,49.84,81.5,0
2025-01-01 00:36:04,27.83,58.6,104.62,49.9,81.32,0
2025-01-01 00:36:05,27.86,58.62,104.7,49.88,81.31,0
2025-01-01 00:36:06,27.94,58.7,104.63,49.93,81.38,0
2025-01-01 00:36:07,27.85,58.69,104.6,49.95,81.23,0
2025-01-01 00:36:08,27.79,58.7,104.57,50.04,81.21,0
2025-01-01 00:36:09,27.83,58.86,104.65,50.03,81.15,0
2025-01-01 00:36:10,27.8,58.87,104.55,50.06,81.11,0
2025-01-01 00:36:11,27.79,58.9,104.47,50.16,81.08,0
2025-01-01 00:36:12,27.82,58.85,104.51,50.13,81.07,0
2025-01-01 00:36:13,27.89,58.97,104.44,50.14,81.06,0
2025-01-01 00:36:14,27.88,59.01,104.49,50.24,81.07,0
2025-01-01 00:36:15,27.71,59.07,104.47,50.18,80.91,0
2025-01-01 00:36:16,27.75,59.04,104.37,50.29,80.96,0
2025-01-01 00:36:17,27.84,59.08,104.32,50.37,80.91,0
2025-01-01 00:36:18,27.79,59.18,104.33,50.37,80.82,0
2025-01-01 00:36:19,27.79,59.12,104.27,50.34,80.78,0
2025-01-01 00:36:20,27.72,59.21,104.2,50.43,80.76,0
2025-01-01 00:36:21,27.67,59.23,104.26,50.41,80.69,0
2025-01-01 00:36:22,27.75,59.33,104.13,50.5,80.64,0
2025-01-01 00:36:23,27.74,59.35,104.15,50.45,80.63,0
2025-01-01 00:36:24,27.82,59.33,104.22,50.52,80.6,0
2025-01-01 00:36:25,27.67,59.4,104.08,50.52,80.55,0
2025-01-01 00:36:26,27.7,59.57,104.01,50.61,80.54,0
2025-01-01 00:36:27,27.66,59.55,104.01,50.51,80.52,0
2025-01-01 00:36:28,27.65,59.5,104.03,50.65,80.49,0
2025-01-01 00:36:29,27.75,59.56,103.99,50.66,80.52,0
2025-01-01 00:36:30,27.65,59.69,103.96,50.74,80.33,0
2025-01-01 00:36:31,27.67,59.57,103.89,50.77,80.33,0
2025-01-01 00:36:32,27.52,59.65,103.8,50.8,80.3,0
2025-01-01 00:36:33,27.65,59.79,103.74,50.85,80.27,0
2025-01-01 00:36:34,27.67,59.79,103.85,50.87,80.16,0
2025-01-01 00:36:35,27.65,59.87,103.68,50.93,80.18,0
2025-01-01 00:36:36,27.51,59.89,103.65,50.94,80.17,0
2025-01-01 00:36:37,27.63,60.0,103.62,50.97,80.12,0
2025-01-01 00:36:38,27.6,59.99,103.55,50.95,79.98,0
2025-01-01 00:36:39,27.61,60.01,103.6,51.04,79.99,0
2025-01-01 00:36:40,27.53,60.06,103.55,51.06,80.02,0
2025-01-01 00:36:41,27.57,60.05,103.41,51.05,79.92,0
2025-01-01 00:36:42,27.58,60.11,103.4,51.04,79.93,0
2025-01-01 00:36:43,27.56,60.15,103.32,51.04,79.91,0
2025-01-01 00:36:44,27.58,60.11,103.35,51.18,79.81,0
2025-01-01 00:36:45,27.62,60.25,103.2,51.18,79.78,0
2025-01-01 00:36:46,27.5,60.3,103.14,51.24,79.68,0
2025-01-01 00:36:47,27.47,60.31,103.19,51.23,79.65,0
2025-01-01 00:36:48,27.48,60.3,103.11,51.3,79.64,0
2025-01-01 00:36:49,27.54,60.47,103.04,51.26,79.71,0
2025-01-01 00:36:50,27.55,60.35,103.04,51.3,79.61,0
2025-01-01 00:36:51,27.43,60.43,102.94,51.29,79.57,0
2025-01-01 00:36:52,27.4,60.48,102.83,51.4,79.55,0
2025-01-01 00:36:53,27.43,60.54,102.89,51.44,79.47,0
2025-01-01 00:36:54,27.4,60.51,102.76,51.4,79.37,0
2025-01-01 00:36:55,27.43,60.61,102.72,51.36,79.45,0
2025-01-01 00:36:56,27.46,60.76,102.74,51.42,79.39,0
2025-01-01 00:36:57,27.4,60.73,102.66,51.32,79.37,0
2025-01-01 00:36:58,27.41,60.77,102.61,51.5,79.22,0
2025-01-01 00:36:59,27.41,60.73,102.57,51.54,79.2,0
2025-01-01 00:37:00,27.38,60.78,102.45,51.54,79.2,0
2025-01-01 00:37:01,27.26,60.9,102.42,51.54,79.06,0
2025-01-01 00:37:02,27.3,60.96,102.4,51.55,79.09,0
2025-01-01 00:37:03,27.35,60.98,102.34,51.65,79.1,0
2025-01-01 00:37:04,27.34,61.0,102.32,51.63,79.07,0
2025-01-01 00:37:05,27.35,60.98,102.17,51.6,79.02,0
2025-01-01 00:37:06,27.21,61.09,102.19,51.71,78.95,0
2025-01-01 00:37:07,27.21,61.06,102.06,51.64,78.89,0
2025-01-01 00:37:08,27.2,61.22,101.99,51.76,78.92,0
2025-01-01 00:37:09,27.29,61.16,102.02,51.64,78.87,0
2025-01-01 00:37:10,27.23,61.21,101.88,51.6,78.73,0
2025-01-01 00:37:11,27.28,61.25,101.88,51.77,78.84,0
2025-01-01 00:37:12,27.28,61.26,101.73,51.87,78.82,0
2025-01-01 00:37:13,27.21,61.29,101.82,51.77,78.66,0
2025-01-01 00:37:14,27.23,61.41,101.65,51.77,78.67,0
2025-01-01 00:37:15,27.19,61.44,101.7,51.78,78.6,0
2025-01-01 00:37:16,26.99,61.44,101.63,51.8,78.53,0
2025-01-01 00:37:17,27.09,61.56,101.56,51.87,78.43,0
2025-01-01 00:37:18,27.12,61.53,101.46,51.81,78.47,0
2025-01-01 00:37:19,27.16,61.49,101.5,51.88,78.44,0
2025-01-01 00:37:20,27.14,61.55,101.32,51.86,78.48,0
2025-01-01 00:37:21,27.08,61.69,101.26,51.9,78.46,0
2025-01-01 00:37:22,27.12,61.7,101.27,51.92,78.36,0
2025-01-01 00:37:23,27.11,61.8,101.17,51.93,78.28,0
2025-01-01 00:37:24,26.99,61.77,101.11,51.83,78.31,0
2025-01-01 00:37:25,26.89,61.96,101.13,51.91,78.23,0
2025-01-01 00:37:26,27.03,61.83,101.0,51.92,78.19,0
2025-01-01 00:37:27,27.01,61.83,100.93,51.95,78.16,0
2025-01-01 00:37:28,26.97,61.99,100.85,51.96,78.19,0
2025-01-01 00:37:29,26.96,61.99,100.8,52.02,78.07,0
2025-01-01 00:37:30,27.02,62.01,100.7,51.99,78.04,0
2025-01-01 00:37:31,26.97,61.92,100.68,51.94,77.96,0
2025-01-01 00:37:32,26.89,62.06,100.62,51.9,78.0,0
2025-01-01 00:37:33,26.97,62.14,100.6,52.03,78.01,0
2025-01-01 00:37:34,26.98,62.14,100.46,52.02,77.95,0
2025-01-01 00:37:35,26.91,62.3,100.43,52.01,77.83,0
2025-01-01 00:37:36,26.96,62.23,100.36,51.97,77.81,0
2025-01-01 00:37:37,26.81,62.26,100.24,51.95,77.91,0
2025-01-01 00:37:38,26.86,62.37,100.31,52.09,77.69,0
2025-01-01 00:37:39,26.75,62.32,100.16,51.98,77.72,0
2025-01-01 00:37:40,26.81,62.4,100.09,51.89,77.66,0
2025-01-01 00:37:41,26.75,62.42,100.0,51.98,77.62,0
2025-01-01 00:37:42,26.76,62.42,99.95,51.93,77.64,0
2025-01-01 00:37:43,26.7,62.56,99.95,52.0,77.58,0
2025-01-01 00:37:44,26.75,62.58,99.88,52.08,77.61,0
2025-01-01 00:37:45,26.76,62.59,99.84,51.96,77.53,0
2025-01-01 00:37:46,26.71,62.64,99.77,52.05,77.45,0
2025-01-01 00:37:47,26.63,62.68,99.65,52.16,77.51,0
2025-01-01 00:37:48,26.66,62.68,99.6,51.99,77.46,0
2025-01-01 00:37:49,26.62,62.73,99.63,52.06,77.44,0
2025-01-01 00:37:50,26.56,62.8,99.58,52.05,77.43,0
2025-01-01 00:37:51,26.68,62.82,99.47,51.94,77.38,0
2025-01-01 00:37:52,26.66,62.82,99.33,51.98,77.32,0
2025-01-01 00:37:53,26.61,62.87,99.4,51.9,77.37,0
2025-01-01 00:37:54,26.52,62.84,99.26,51.95,77.22,0
2025-01-01 00:37:55,26.46,62.96,99.24,51.98,77.25,0
2025-01-01 00:37:56,26.55,63.0,99.05,51.87,77.21,0
2025-01-01 00:37:57,26.5,63.08,99.1,51.97,77.18,0
2025-01-01 00:37:58,26.42,63.09,99.03,51.81,77.12,0
2025-01-01 00:37:59,26.44,63.12,98.9,51.92,77.12,0
2025-01-01 00:38:00,26.45,63.11,98.85,51.86,77.13,0
2025-01-01 00:38:01,26.47,63.15,98.9,51.88,77.16,0
2025-01-01 00:38:02,26.39,63.12,98.78,51.9,77.05,0
2025-01-01 00:38:03,26.37,63.26,98.67,51.86,77.07,0
2025-01-01 00:38:04,26.4,63.32,98.63,51.85,76.94,0
2025-01-01 00:38:05,26.35,63.16,98.55,51.85,77.0,0
2025-01-01 00:38:06,26.34,63.38,98.41,51.84,76.86,0
2025-01-01 00:38:07,26.27,63.39,98.52,51.85,76.92,0
2025-01-01 00:38:08,26.32,63.4,98.37,51.84,76.83,0
2025-01-01 00:38:09,26.33,63.46,98.38,51.85,76.79,0
2025-01-01 00:38:10,26.25,63.47,98.19,51.73,76.97,0
2025-01-01 00:38:11,26.29,63.64,98.27,51.73,76.8,0
2025-01-01 00:38:12,26.27,63.61,98.14,51.68,76.96,0
2025-01-01 00:38:13,26.22,63.6,98.11,51.73,76.78,0
2025-01-01 00:38:14,26.27,63.65,97.99,51.71,76.73,0
2025-01-01 00:38:15,26.26,63.75,98.0,51.64,76.66,0
2025-01-01 00:38:16,26.17,63.74,97.92,51.66,76.67,0
2025-01-01 00:38:17,26.15,63.64,97.82,51.64,76.74,0
2025-01-01 00:38:18,26.09,63.81,97.83,51.71,76.72,0
2025-01-01 00:38:19,26.11,63.81,97.73,51.62,76.61,0
2025-01-01 00:38:20,26.13,63.89,97.74,51.67,76.71,0
2025-01-01 00:38:21,26.09,63.96,97.64,51.65,76.65,0
2025-01-01 00:38:22,26.11,63.94,97.57,51.5,76.57,0
2025-01-01 00:38:23,26.12,63.96,97.58,51.59,76.54,0
2025-01-01 00:38:24,26.09,63.86,97.43,51.48,76.49,0
2025-01-01 00:38:25,26.02,64.05,97.46,51.54,76.47,0
2025-01-01 00:38:26,25.92,64.09,97.35,51.41,76.54,0
2025-01-01 00:38:27,26.04,64.19,97.34,51.49,76.54,0
2025-01-01 00:38:28,25.92,64.2,97.29,51.48,76.46,0
2025-01-01 00:38:29,25.99,64.19,97.15,51.49,76.39,0
2025-01-01 00:38:30,25.97,64.21,97.23,51.45,76.44,0
2025-01-01 00:38:31,25.92,64.27,97.02,51.37,76.35,0
2025-01-01 00:38:32,25.88,64.22,97.01,51.42,76.44,0
2025-01-01 00:38:33,25.85,64.32,97.01,51.35,76.33,0
2025-01-01 00:38:34,25.88,64.33,96.95,51.29,76.32,0
2025-01-01 00:38:35,25.83,64.35,96.95,51.33,76.3,0
2025-01-01 00:38:36,25.79,64.44,96.85,51.27,76.35,0
2025-01-01 00:38:37,25.83,64.42,96.78,51.2,76.25,0
2025-01-01 00:38:38,25.78,64.42,96.89,51.25,76.29,0
2025-01-01 00:38:39,25.78,64.43,96.86,51.13,76.27,0
2025-01-01 00:38:40,25.62,64.57,96.63,51.14,76.23,0
2025-01-01 00:38:41,25.64,64.54,96.65,51.04,76.21,0
2025-01-01 00:38:42,25.71,64.74,96.61,51.03,76.21,0
2025-01-01 00:38:43,25.66,64.63,96.59,51.06,76.26,0
2025-01-01 00:38:44,25.62,64.74,96.49,50.97,76.31,0
2025-01-01 00:38:45,25.53,64.67,96.42,51.12,76.28,0
2025-01-01 00:38:46,25.67,64.73,96.53,50.98,76.23,0
2025-01-01 00:38:47,25.59,64.77,96.36,50.92,76.2,0
2025-01-01 00:38:48,25.58,64.8,96.4,50.76,76.18,0
2025-01-01 00:38:49,25.58,64.9,96.28,50.89,76.2,0
2025-01-01 00:38:50,25.6,64.85,96.25,50.93,76.03,0
2025-01-01 00:38:51,25.47,64.97,96.26,50.84,76.1,0
2025-01-01 00:38:52,25.44,64.9,96.24,50.75,76.12,0
2025-01-01 00:38:53,25.42,65.01,96.09,50.75,76.02,0
2025-01-01 00:38:54,25.36,65.0,96.02,50.83,76.0,0
2025-01-01 00:38:55,25.38,65.03,96.02,50.64,76.04,0
2025-01-01 00:38:56,25.35,65.04,96.1,50.66,76.14,0
2025-01-01 00:38:57,25.41,65.14,95.83,50.61,76.14,0
2025-01-01 00:38:58,25.33,65.21,96.01,50.57,76.04,0
2025-01-01 00:38:59,25.29,65.12,95.83,50.59,75.99,0
2025-01-01 00:39:00,25.35,65.21,95.78,50.61,76.08,0
2025-01-01 00:39:01,25.34,65.17,95.86,50.56,76.04,0
2025-01-01 00:39:02,25.38,65.24,95.85,50.48,76.07,0
2025-01-01 00:39:03,25.18,65.29,95.72,50.39,76.12,0
2025-01-01 00:39:04,25.23,65.25,95.71,50.34,76.1,0
2025-01-01 00:39:05,25.19,65.36,95.76,50.35,76.05,0
2025-01-01 00:39:06,25.15,65.48,95.71,50.33,75.98,0
2025-01-01 00:39:07,25.18,65.37,95.73,50.24,76.02,0
2025-01-01 00:39:08,25.16,65.41,95.6,50.27,76.06,0
2025-01-01 00:39:09,25.17,65.47,95.42,50.25,75.93,0
2025-01-01 00:39:10,25.16,65.55,95.5,50.19,75.98,0
2025-01-01 00:39:11,25.17,65.51,95.6,50.19,76.02,0
2025-01-01 00:39:12,25.09,65.58,95.4,50.14,76.0,0
2025-01-01 00:39:13,25.1,65.56,95.41,50.11,75.95,0
2025-01-01 00:39:14,24.95,65.63,95.46,50.1,76.07,0
2025-01-01 00:39:15,24.99,65.55,95.41,50.02,75.96,0
2025-01-01 00:39:16,25.0,65.62,95.29,49.98,75.94,0
2025-01-01 00:39:17,25.0,65.65,95.42,50.05,76.03,0
2025-01-01 00:39:18,24.89,65.78,95.42,49.94,76.07,0
2025-01-01 00:39:19,24.92,65.64,95.28,49.99,75.93,0
2025-01-01 00:39:20,24.92,65.77,95.27,49.85,76.01,0
2025-01-01 00:39:21,24.88,65.72,95.28,49.89,76.05,0
2025-01-01 00:39:22,24.84,65.76,95.24,49.89,76.04,0
2025-01-01 00:39:23,24.9,65.89,95.26,49.78,76.04,0
2025-01-01 00:39:24,24.82,65.8,95.25,49.8,75.96,0
2025-01-01 00:39:25,24.87,65.98,95.2,49.67,76.02,0
2025-01-01 00:39:26,24.78,65.9,95.2,49.59,75.95,0
2025-01-01 00:39:27,24.79,65.95,95.18,49.74,76.03,0
2025-01-01 00:39:28,24.79,65.93,95.19,49.58,76.03,0
2025-01-01 00:39:29,24.74,66.06,95.07,49.46,76.02,0
2025-01-01 00:39:30,24.75,66.04,95.18,49.57,76.01,0
2025-01-01 00:39:31,24.59,66.05,95.16,49.49,76.05,0
2025-01-01 00:39:32,24.71,66.04,95.13,49.56,76.04,0
2025-01-01 00:39:33,24.61,66.11,94.97,49.46,76.08,0
2025-01-01 00:39:34,24.73,66.13,95.09,49.37,76.05,0
2025-01-01 00:39:35,24.55,66.15,95.05,49.4,76.04,0
2025-01-01 00:39:36,24.61,66.17,95.04,49.36,76.08,0
2025-01-01 00:39:37,24.62,66.21,95.03,49.31,76.05,0
2025-01-01 00:39:38,24.55,66.34,94.99,49.28,76.08,0
2025-01-01 00:39:39,24.53,66.25,95.04,49.17,76.16,0
2025-01-01 00:39:40,24.56,66.23,94.91,49.18,76.1,0
2025-01-01 00:39:41,24.64,66.34,94.93,49.16,76.12,0
2025-01-01 00:39:42,24.5,66.27,95.01,49.13,76.08,0
2025-01-01 00:39:43,24.48,66.4,95.05,49.16,76.12,0
2025-01-01 00:39:44,24.48,66.4,95.01,49.08,76.13,0
2025-01-01 00:39:45,24.43,66.53,95.02,49.05,76.12,0
2025-01-01 00:39:46,24.38,66.54,94.98,49.09,76.16,0
2025-01-01 00:39:47,24.4,66.5,94.97,48.99,76.27,0
2025-01-01 00:39:48,24.42,66.52,95.04,49.01,76.3,0
2025-01-01 00:39:49,24.35,66.53,94.93,48.92,76.15,0
2025-01-01 00:39:50,24.39,66.4,94.98,48.78,76.18,0
2025-01-01 00:39:51,24.29,66.62,95.02,48.86,76.29,0
2025-01-01 00:39:52,24.29,66.58,94.95,48.83,76.21,0
2025-01-01 00:39:53,24.27,66.6,95.09,48.87,76.13,0
2025-01-01 00:39:54,24.27,66.55,94.97,48.78,76.25,0
2025-01-01 00:39:55,24.16,66.65,94.95,48.81,76.41,0
2025-01-01 00:39:56,24.15,66.65,94.9,48.75,76.34,0
2025-01-01 00:39:57,24.23,66.69,95.08,48.87,76.41,0
2025-01-01 00:39:58,24.15,66.64,95.02,48.67,76.37,0
2025-01-01 00:39:59,24.1,66.73,95.09,48.69,76.31,0
2025-01-01 00:40:00,24.2,66.66,95.04,48.66,76.38,0
2025-01-01 00:40:01,24.13,66.8,95.07,48.62,76.37,0
2025-01-01 00:40:02,24.07,66.83,95.05,48.66,76.41,0
2025-01-01 00:40:03,24.05,66.85,95.06,48.63,76.44,0
2025-01-01 00:40:04,24.03,66.86,95.13,48.63,76.5,0
2025-01-01 00:40:05,24.07,66.8,95.24,48.48,76.51,0
2025-01-01 00:40:06,24.04,66.82,95.13,48.52,76.55,0
2025-01-01 00:40:07,23.97,66.88,95.03,48.59,76.45,0
2025-01-01 00:40:08,24.0,66.91,95.16,48.52,76.61,0
2025-01-01 00:40:09,23.98,66.97,95.19,48.51,76.52,0
2025-01-01 00:40:10,24.0,67.01,95.25,48.4,76.56,0
2025-01-01 00:40:11,23.94,66.91,95.29,48.42,76.6,0
2025-01-01 00:40:12,23.88,66.93,95.2,48.41,76.64,0
2025-01-01 00:40:13,23.9,67.03,95.23,48.4,76.7,0
2025-01-01 00:40:14,23.91,67.08,95.28,48.28,76.6,0
2025-01-01 00:40:15,23.88,67.05,95.31,48.42,76.71,0
2025-01-01 00:40:16,23.9,67.08,95.27,48.32,76.65,0
2025-01-01 00:40:17,23.89,67.13,95.36,48.36,76.62,0
2025-01-01 00:40:18,23.83,67.04,95.36,48.27,76.77,0
2025-01-01 00:40:19,23.79,67.19,95.35,48.3,76.77,0
2025-01-01 00:40:20,23.68,67.1,95.4,48.31,76.81,0
2025-01-01 00:40:21,23.69,67.16,95.53,48.24,76.79,0
2025-01-01 00:40:22,23.75,67.22,95.43,48.25,76.82,0
2025-01-01 00:40:23,23.74,67.21,95.51,48.17,76.82,0
2025-01-01 00:40:24,23.74,67.21,95.52,48.18,76.93,0
2025-01-01 00:40:25,23.64,67.23,95.58,48.24,76.88,0
2025-01-01 00:40:26,23.75,67.27,95.51,48.18,76.92,0
2025-01-01 00:40:27,23.66,67.27,95.6,48.11,77.01,0
2025-01-01 00:40:28,23.56,67.23,95.64,48.22,76.97,0
2025-01-01 00:40:29,23.64,67.35,95.7,48.11,76.96,0
2025-01-01 00:40:30,23.47,67.3,95.74,48.06,77.08,0
2025-01-01 00:40:31,23.52,67.34,95.75,48.07,77.08,0
2025-01-01 00:40:32,23.53,67.38,95.76,48.1,77.17,0
2025-01-01 00:40:33,23.56,67.33,95.78,48.08,77.13,0
2025-01-01 00:40:34,23.64,67.4,95.72,48.05,77.05,0
2025-01-01 00:40:35,23.48,67.3,95.81,47.99,77.2,0
2025-01-01 00:40:36,23.48,67.43,95.88,47.99,77.23,0
2025-01-01 00:40:37,23.56,67.45,95.9,47.98,77.19,0
2025-01-01 00:40:38,23.47,67.49,95.97,48.08,77.3,0
2025-01-01 00:40:39,23.45,67.42,96.01,47.99,77.3,0
2025-01-01 00:40:40,23.43,67.55,95.97,48.05,77.4,0
2025-01-01 00:40:41,23.43,67.52,96.1,48.09,77.3,0
2025-01-01 00:40:42,23.31,67.5,96.0,48.08,77.45,0
2025-01-01 00:40:43,23.34,67.49,96.15,48.02,77.42,0
2025-01-01 00:40:44,23.37,67.52,96.24,48.03,77.42,0
2025-01-01 00:40:45,23.39,67.47,96.23,48.06,77.44,0
2025-01-01 00:40:46,23.32,67.58,96.23,48.0,77.5,0
2025-01-01 00:40:47,23.27,67.68,96.28,48.05,77.52,0
2025-01-01 00:40:48,23.22,67.58,96.39,48.05,77.65,0
2025-01-01 00:40:49,23.41,67.6,96.37,48.02,77.59,0
2025-01-01 00:40:50,23.29,67.54,96.56,48.04,77.55,0
2025-01-01 00:40:51,23.19,67.66,96.55,47.94,77.7,0
2025-01-01 00:40:52,23.11,67.62,96.59,47.97,77.62,0
2025-01-01 00:40:53,23.2,67.61,96.61,47.96,77.69,0
2025-01-01 00:40:54,23.08,67.66,96.62,47.94,77.78,0
2025-01-01 00:40:55,23.22,67.65,96.68,48.02,77.74,0
2025-01-01 00:40:56,23.25,67.65,96.75,48.05,77.83,0
2025-01-01 00:40:57,23.16,67.7,96.69,48.0,77.84,0
2025-01-01 00:40:58,23.09,67.63,96.87,48.1,77.95,0
2025-01-01 00:40:59,23.16,67.69,96.83,47.98,77.97,0
2025-01-01 00:41:00,23.1,67.71,96.98,48.05,77.93,0
2025-01-01 00:41:01,23.04,67.76,97.01,48.06,78.1,0
2025-01-01 00:41:02,23.14,67.76,96.97,47.97,78.02,0
2025-01-01 00:41:03,23.08,67.84,97.08,48.1,78.06,0
2025-01-01 00:41:04,23.06,67.8,97.01,48.03,78.16,0
2025-01-01 00:41:05,23.02,67.71,97.04,48.04,78.14,0
2025-01-01 00:41:06,22.95,67.78,97.24,48.1,78.06,0
2025-01-01 00:41:07,22.91,67.77,97.3,48.1,78.24,0
2025-01-01 00:41:08,22.95,67.78,97.28,48.12,78.2,0
2025-01-01 00:41:09,22.99,67.82,97.37,48.06,78.22,0
2025-01-01 00:41:10,22.9,67.8,97.31,48.1,78.37,0
2025-01-01 00:41:11,22.95,67.8,97.48,48.09,78.37,0
2025-01-01 00:41:12,22.98,67.88,97.56,48.1,78.43,0
2025-01-01 00:41:13,22.81,67.83,97.62,48.18,78.47,0
2025-01-01 00:41:14,22.89,67.84,97.67,48.1,78.43,0
2025-01-01 00:41:15,22.87,67.86,97.61,48.19,78.54,0
2025-01-01 00:41:16,22.85,67.98,97.72,48.16,78.52,0
2025-01-01 00:41:17,22.83,67.85,97.74,48.17,78.58,0
2025-01-01 00:41:18,22.88,67.99,97.93,48.17,78.58,0
2025-01-01 00:41:19,22.8,67.97,97.91,48.16,78.63,0
2025-01-01 00:41:20,22.83,67.92,97.97,48.27,78.58,0
2025-01-01 00:41:21,22.79,67.94,98.0,48.21,78.64,0
2025-01-01 00:41:22,22.85,67.87,98.11,48.3,78.84,0
2025-01-01 00:41:23,22.75,67.88,98.16,48.35,78.8,0
2025-01-01 00:41:24,22.69,67.84,98.15,48.35,78.83,0
2025-01-01 00:41:25,22.7,67.88,98.27,48.31,78.87,0
2025-01-01 00:41:26,22.78,68.0,98.25,48.36,78.88,0
2025-01-01 00:41:27,22.69,67.95,98.38,48.37,78.99,0
2025-01-01 00:41:28,22.7,67.9,98.42,48.31,78.96,0
2025-01-01 00:41:29,22.78,67.9,98.45,48.41,79.03,0
2025-01-01 00:41:30,22.66,68.02,98.59,48.39,79.06,0
2025-01-01 00:41:31,22.63,67.99,98.61,48.35,79.11,0
2025-01-01 00:41:32,22.56,68.06,98.64,48.45,79.17,0
2025-01-01 00:41:33,22.61,67.94,98.77,48.56,79.23,0
2025-01-01 00:41:34,22.69,67.91,98.82,48.51,79.25,0
2025-01-01 00:41:35,22.67,67.96,98.85,48.55,79.18,0
2025-01-01 00:41:36,22.58,67.96,98.88,48.6,79.26,0
2025-01-01 00:41:37,22.57,67.99,99.06,48.57,79.4,0
2025-01-01 00:41:38,22.6,67.98,99.0,48.52,79.4,0
2025-01-01 00:41:39,22.53,68.03,99.15,48.61,79.37,0
2025-01-01 00:41:40,22.57,67.93,99.14,48.6,79.46,0
2025-01-01 00:41:41,22.59,67.98,99.21,48.59,79.54,0
2025-01-01 00:41:42,22.48,67.99,99.28,48.74,79.54,0
2025-01-01 00:41:43,22.51,68.01,99.46,48.76,79.59,0
2025-01-01 00:41:44,22.5,67.97,99.37,48.72,79.59,0
2025-01-01 00:41:45,22.52,67.94,99.55,48.81,79.67,0
2025-01-01 00:41:46,22.48,67.97,99.56,48.85,79.67,0
2025-01-01 00:41:47,22.39,68.03,99.62,48.77,79.71,0
2025-01-01 00:41:48,22.41,67.96,99.65,48.84,79.76,0
2025-01-01 00:41:49,22.41,67.99,99.74,48.86,79.89,0
2025-01-01 00:41:50,22.46,67.92,99.82,48.94,79.85,0
2025-01-01 00:41:51,22.35,68.0,99.86,48.88,79.84,0
2025-01-01 00:41:52,22.41,67.99,99.9,48.96,79.89,0
2025-01-01 00:41:53,22.38,68.03,99.97,48.91,79.97,0
2025-01-01 00:41:54,22.34,68.01,100.06,48.94,80.07,0
2025-01-01 00:41:55,22.33,68.08,100.11,48.99,80.01,0
2025-01-01 00:41:56,22.39,67.98,100.17,49.16,80.07,0
2025-01-01 00:41:57,22.37,68.07,100.25,49.03,80.17,0
2025-01-01 00:41:58,22.3,68.07,100.25,49.29,80.26,0
2025-01-01 00:41:59,22.31,68.0,100.4,49.21,80.25,0
2025-01-01 00:42:00,22.4,67.99,100.4,49.18,80.31,0
2025-01-01 00:42:01,22.35,68.01,100.52,49.13,80.32,0
2025-01-01 00:42:02,22.33,68.08,100.47,49.34,80.35,0
2025-01-01 00:42:03,22.33,68.07,100.63,49.31,80.4,0
2025-01-01 00:42:04,22.28,67.99,100.63,49.32,80.31,0
2025-01-01 00:42:05,22.31,67.98,100.71,49.37,80.4,0
2025-01-01 00:42:06,22.38,67.98,100.78,49.34,80.51,0
2025-01-01 00:42:07,22.35,68.03,100.9,49.45,80.53,0
2025-01-01 00:42:08,22.19,67.97,100.9,49.5,80.6,0
2025-01-01 00:42:09,22.34,68.04,100.95,49.39,80.7,0
2025-01-01 00:42:10,22.32,67.9,101.11,49.53,80.67,0
2025-01-01 00:42:11,22.32,68.04,101.13,49.57,80.74,0
2025-01-01 00:42:12,22.22,67.96,101.11,49.56,80.73,0
2025-01-01 00:42:13,22.2,67.97,101.2,49.64,80.7,0
2025-01-01 00:42:14,22.21,67.96,101.27,49.64,80.74,0
2025-01-01 00:42:15,22.23,67.99,101.37,49.73,80.87,0
2025-01-01 00:42:16,22.23,67.96,101.44,49.63,80.86,0
2025-01-01 00:42:17,22.28,67.82,101.45,49.8,80.94,0
2025-01-01 00:42:18,22.17,67.95,101.5,49.78,80.94,0
2025-01-01 00:42:19,22.24,68.01,101.57,49.74,80.99,0
2025-01-01 00:42:20,22.17,67.95,101.59,49.81,81.08,0
2025-01-01 00:42:21,22.22,67.89,101.63,50.04,81.13,0
2025-01-01 00:42:22,22.15,67.96,101.75,49.95,81.14,0
2025-01-01 00:42:23,22.16,67.91,101.74,50.04,81.12,0
2025-01-01 00:42:24,22.08,67.9,101.83,49.97,81.24,0
2025-01-01 00:42:25,22.19,67.94,101.92,50.01,81.27,0
2025-01-01 00:42:26,22.05,67.92,101.92,50.15,81.27,0
2025-01-01 00:42:27,22.12,67.85,102.01,50.19,81.37,0
2025-01-01 00:42:28,22.05,67.95,102.16,50.1,81.38,0
2025-01-01 00:42:29,22.12,67.97,102.12,50.15,81.38,0
2025-01-01 00:42:30,22.04,67.98,102.16,50.19,81.35,0
2025-01-01 00:42:31,22.09,67.88,102.23,50.24,81.46,0
2025-01-01 00:42:32,22.16,67.92,102.3,50.25,81.52,0
2025-01-01 00:42:33,22.13,67.84,102.39,50.26,81.55,0
2025-01-01 00:42:34,22.16,67.87,102.47,50.35,81.58,0
2025-01-01 00:42:35,22.11,67.77,102.55,50.2,81.62,0
2025-01-01 00:42:36,22.14,67.75,102.57,50.34,81.64,0
2025-01-01 00:42:37,22.13,67.82,102.5,50.36,81.74,0
2025-01-01 00:42:38,22.1,67.89,102.74,50.42,81.86,0
2025-01-01 00:42:39,22.07,67.74,102.67,50.36,81.85,0
2025-01-01 00:42:40,22.15,67.73,102.75,50.51,81.75,0
2025-01-01 00:42:41,21.98,67.76,102.79,50.52,81.85,0
2025-01-01 00:42:42,22.13,67.75,102.87,50.61,81.9,0
2025-01-01 00:42:43,22.02,67.76,102.94,50.54,81.97,0
2025-01-01 00:42:44,22.12,67.71,102.97,50.66,81.92,0
2025-01-01 00:42:45,22.07,67.74,102.94,50.69,81.92,0
2025-01-01 00:42:46,22.09,67.69,103.05,50.76,82.04,0
2025-01-01 00:42:47,21.99,67.66,103.08,50.75,82.07,0
2025-01-01 00:42:48,22.0,67.64,103.17,50.75,82.19,0
2025-01-01 00:42:49,22.04,67.78,103.15,50.71,82.06,0
2025-01-01 00:42:50,22.09,67.77,103.22,50.8,82.09,0
2025-01-01 00:42:51,21.94,67.7,103.31,50.85,82.11,0
2025-01-01 00:42:52,22.11,67.63,103.38,50.81,82.21,0
2025-01-01 00:42:53,22.04,67.66,103.4,50.93,82.19,0
2025-01-01 00:42:54,22.03,67.64,103.45,50.94,82.22,0
2025-01-01 00:42:55,21.95,67.51,103.53,51.01,82.36,0
2025-01-01 00:42:56,22.03,67.5,103.48,51.01,82.35,0
2025-01-01 00:42:57,22.0,67.62,103.58,51.03,82.35,0
2025-01-01 00:42:58,22.06,67.56,103.55,51.02,82.39,0
2025-01-01 00:42:59,22.06,67.57,103.65,51.02,82.48,0
2025-01-01 00:43:00,21.98,67.55,103.78,51.14,82.39,0
2025-01-01 00:43:01,21.92,67.54,103.68,51.17,82.51,0
2025-01-01 00:43:02,22.01,67.5,103.87,51.31,82.52,0
2025-01-01 00:43:03,22.02,67.52,103.81,51.15,82.51,0
2025-01-01 00:43:04,21.95,67.53,103.84,51.09,82.62,0
2025-01-01 00:43:05,22.0,67.56,103.92,51.17,82.52,0
2025-01-01 00:43:06,21.97,67.45,103.99,51.27,82.72,0
2025-01-01 00:43:07,21.94,67.51,104.02,51.2,82.76,0
2025-01-01 00:43:08,22.01,67.47,103.98,51.39,82.66,0
2025-01-01 00:43:09,22.04,67.47,104.01,51.45,82.76,0
2025-01-01 00:43:10,22.03,67.34,104.2,51.31,82.83,0
2025-01-01 00:43:11,21.95,67.37,104.17,51.45,82.74,0
2025-01-01 00:43:12,22.05,67.44,104.12,51.5,82.76,0
2025-01-01 00:43:13,21.97,67.4,104.16,51.46,82.87,0
2025-01-01 00:43:14,21.99,67.4,104.22,51.48,82.95,0
2025-01-01 00:43:15,22.04,67.38,104.21,51.51,82.87,0
2025-01-01 00:43:16,21.94,67.32,104.25,51.55,82.99,0
2025-01-01 00:43:17,21.91,67.27,104.26,51.51,82.99,0
2025-01-01 00:43:18,21.99,67.26,104.42,51.44,83.06,0
2025-01-01 00:43:19,21.98,67.27,104.36,51.65,82.96,0
2025-01-01 00:43:20,22.01,67.29,104.34,51.55,83.04,0
2025-01-01 00:43:21,21.96,67.2,104.43,51.65,83.06,0
2025-01-01 00:43:22,22.06,67.18,104.41,51.73,83.07,0
2025-01-01 00:43:23,21.94,67.12,104.56,51.63,83.11,0
2025-01-01 00:43:24,22.0,67.24,104.52,51.79,83.16,0
2025-01-01 00:43:25,22.06,67.21,104.55,51.66,83.19,0
2025-01-01 00:43:26,22.04,67.13,104.59,51.77,83.3,0
2025-01-01 00:43:27,22.06,67.23,104.58,51.76,83.29,0
2025-01-01 00:43:28,21.97,67.1,104.72,51.69,83.18,0
2025-01-01 00:43:29,22.1,67.16,104.68,51.75,83.25,0
2025-01-01 00:43:30,22.04,67.16,104.69,51.88,83.25,0
2025-01-01 00:43:31,22.02,67.05,104.64,51.78,83.34,0
2025-01-01 00:43:32,22.05,67.15,104.74,51.86,83.34,0
2025-01-01 00:43:33,22.11,67.15,104.77,51.77,83.33,0
2025-01-01 00:43:34,22.05,67.03,104.79,51.85,83.38,0
2025-01-01 00:43:35,22.0,67.01,104.87,51.89,83.43,0
2025-01-01 00:43:36,22.09,66.95,104.77,51.82,83.42,0
2025-01-01 00:43:37,22.02,67.01,104.79,51.83,83.54,0
2025-01-01 00:43:38,22.02,66.94,104.85,51.82,83.53,0
2025-01-01 00:43:39,22.08,66.99,104.81,51.9,83.49,0
2025-01-01 00:43:40,22.07,66.82,104.87,51.83,83.52,0
2025-01-01 00:43:41,21.95,66.77,104.92,51.88,83.47,0
2025-01-01 00:43:42,22.12,66.86,104.93,51.91,83.68,0
2025-01-01 00:43:43,22.03,66.91,104.9,51.85,83.58,0
2025-01-01 00:43:44,22.08,66.75,104.87,51.94,83.6,0
2025-01-01 00:43:45,21.95,66.84,104.9,51.88,83.64,0
2025-01-01 00:43:46,22.08,66.82,104.96,51.95,83.61,0
2025-01-01 00:43:47,22.11,66.72,104.9,51.99,83.62,0
2025-01-01 00:43:48,22.09,66.77,104.95,51.97,83.62,0
2025-01-01 00:43:49,22.11,66.72,105.01,51.94,83.64,0
2025-01-01 00:43:50,22.14,66.69,104.92,52.04,83.59,0
2025-01-01 00:43:51,22.14,66.59,105.07,51.91,83.75,0
2025-01-01 00:43:52,22.1,66.61,104.99,52.02,83.66,0
2025-01-01 00:43:53,22.07,66.64,104.9,51.96,83.88,0
2025-01-01 00:43:54,22.07,66.64,104.96,52.02,83.77,0
2025-01-01 00:43:55,22.18,66.55,105.09,51.97,83.76,0
2025-01-01 00:43:56,22.14,66.48,104.98,52.01,83.74,0
2025-01-01 00:43:57,22.26,66.48,105.06,52.04,83.78,0
2025-01-01 00:43:58,22.1,66.46,104.97,51.91,83.74,0
2025-01-01 00:43:59,22.07,66.54,105.03,52.04,83.83,0
2025-01-01 00:44:00,22.16,66.52,104.97,52.01,83.85,0
2025-01-01 00:44:01,22.09,66.58,105.0,52.01,83.89,0
2025-01-01 00:44:02,22.21,66.4,105.0,51.92,83.81,0
2025-01-01 00:44:03,22.2,66.4,105.05,51.99,83.78,0
2025-01-01 00:44:04,22.23,66.42,105.03,51.98,83.91,0
2025-01-01 00:44:05,22.36,66.33,104.92,51.96,83.9,0
2025-01-01 00:44:06,22.11,66.31,105.0,52.06,83.95,0
2025-01-01 00:44:07,22.24,66.17,105.02,52.02,83.9,0
2025-01-01 00:44:08,22.12,66.21,104.91,51.88,83.9,0
2025-01-01 00:44:09,22.18,66.36,104.95,52.04,83.83,0
2025-01-01 00:44:10,22.2,66.21,104.91,51.94,83.91,0
2025-01-01 00:44:11,22.22,66.27,104.96,51.98,83.95,0
2025-01-01 00:44:12,22.27,66.15,104.92,51.96,83.99,0
2025-01-01 00:44:13,22.3,66.11,104.96,51.94,83.94,0
2025-01-01 00:44:14,22.23,66.09,104.98,51.94,83.95,0
2025-01-01 00:44:15,22.19,66.06,104.89,51.89,83.95,0
2025-01-01 00:44:16,22.25,66.05,104.89,51.87,83.94,0
2025-01-01 00:44:17,22.28,66.08,104.89,51.88,83.98,0
2025-01-01 00:44:18,22.37,66.04,104.89,51.94,84.04,0
2025-01-01 00:44:19,22.35,66.0,104.9,51.84,83.9,0
2025-01-01 00:44:20,22.31,65.95,104.8,51.92,83.89,0
2025-01-01 00:44:21,22.29,65.89,104.73,51.94,83.91,0
2025-01-01 00:44:22,22.29,65.93,104.83,51.8,84.02,0
2025-01-01 00:44:23,22.35,65.98,104.8,51.83,83.95,0
2025-01-01 00:44:24,22.3,65.79,104.83,51.83,84.02,0
2025-01-01 00:44:25,22.43,65.69,104.8,51.82,84.02,0
2025-01-01 00:44:26,22.32,65.74,104.74,51.92,84.05,0
2025-01-01 00:44:27,22.43,65.74,104.67,51.75,83.97,0
2025-01-01 00:44:28,22.28,65.69,104.65,51.76,84.01,0
2025-01-01 00:44:29,22.41,65.69,104.62,51.66,83.97,0
2025-01-01 00:44:30,22.35,65.69,104.67,51.78,84.04,0
2025-01-01 00:44:31,22.4,65.61,104.57,51.65,84.05,0
2025-01-01 00:44:32,22.41,65.55,104.54,51.66,84.0,0
2025-01-01 00:44:33,22.48,65.56,104.44,51.68,83.99,0
2025-01-01 00:44:34,22.43,65.52,104.54,51.67,84.0,0
2025-01-01 00:44:35,22.47,65.5,104.48,51.72,84.02,0
2025-01-01 00:44:36,22.5,65.56,104.5,51.68,83.91,0
2025-01-01 00:44:37,22.48,65.46,104.53,51.66,83.96,0
2025-01-01 00:44:38,22.5,65.44,104.44,51.54,84.01,0
2025-01-01 00:44:39,22.48,65.42,104.35,51.54,84.04,0
2025-01-01 00:44:40,22.45,65.33,104.35,51.51,83.94,0
2025-01-01 00:44:41,22.52,65.27,104.27,51.63,84.0,0
2025-01-01 00:44:42,22.49,65.34,104.32,51.56,83.97,0
2025-01-01 00:44:43,22.59,65.19,104.21,51.49,83.98,0
2025-01-01 00:44:44,22.5,65.27,104.2,51.45,84.01,0
2025-01-01 00:44:45,22.61,65.18,104.14,51.42,83.96,0
2025-01-01 00:44:46,22.54,65.25,104.18,51.44,83.89,0
2025-01-01 00:44:47,22.64,65.03,104.17,51.44,83.92,0
2025-01-01 00:44:48,22.66,65.13,104.09,51.38,84.1,0
2025-01-01 00:44:49,22.68,65.14,104.01,51.35,83.89,0
2025-01-01 00:44:50,22.66,65.08,103.96,51.32,83.88,0
2025-01-01 00:44:51,22.64,65.0,103.98,51.33,83.91,0
2025-01-01 00:44:52,22.63,65.02,103.97,51.21,83.92,0
2025-01-01 00:44:53,22.72,65.01,103.9,51.27,83.92,0
2025-01-01 00:44:54,22.71,64.85,103.78,51.27,83.81,0
2025-01-01 00:44:55,22.7,64.9,103.77,51.21,83.89,0
2025-01-01 00:44:56,22.8,64.86,103.85,51.18,83.84,0
2025-01-01 00:44:57,22.75,64.88,103.74,51.15,83.83,0
2025-01-01 00:44:58,22.68,64.86,103.69,51.1,83.86,0
2025-01-01 00:44:59,22.75,64.72,103.72,51.08,83.83,0
2025-01-01 00:45:00,22.77,64.77,103.65,51.08,83.86,0
2025-01-01 00:45:01,22.83,64.77,103.56,50.97,83.9,0
2025-01-01 00:45:02,22.76,64.67,103.44,51.01,83.81,0
2025-01-01 00:45:03,22.71,64.69,103.46,51.1,83.76,0
2025-01-01 00:45:04,22.78,64.59,103.5,50.92,83.74,0
2025-01-01 00:45:05,22.85,64.53,103.42,50.99,83.79,0
2025-01-01 00:45:06,22.86,64.61,103.43,50.94,83.77,0
2025-01-01 00:45:07,22.89,64.49,103.34,50.8,83.72,0
2025-01-01 00:45:08,22.7,64.52,103.22,50.87,83.74,0
2025-01-01 00:45:09,22.93,64.41,103.25,50.89,83.74,0
2025-01-01 00:45:10,22.92,64.44,103.13,50.79,83.61,0
2025-01-01 00:45:11,22.88,64.31,103.07,50.75,83.7,0
2025-01-01 00:45:12,22.92,64.37,102.96,50.67,83.62,0
2025-01-01 00:45:13,22.89,64.36,102.96,50.63,83.54,0
2025-01-01 00:45:14,22.93,64.24,102.96,50.58,83.63,0
2025-01-01 00:45:15,22.95,64.35,102.93,50.5,83.54,0
2025-01-01 00:45:16,22.97,64.18,102.71,50.63,83.63,0
2025-01-01 00:45:17,23.01,64.17,102.82,50.5,83.58,0
2025-01-01 00:45:18,22.95,64.24,102.67,50.56,83.56,0
2025-01-01 00:45:19,22.99,64.14,102.73,50.54,83.55,0
2025-01-01 00:45:20,22.99,64.1,102.74,50.5,83.56,0
2025-01-01 00:45:21,23.09,64.09,102.65,50.38,83.43,0
2025-01-01 00:45:22,23.06,63.98,102.49,50.33,83.6,0
2025-01-01 00:45:23,23.08,64.01,102.42,50.25,83.42,0
2025-01-01 00:45:24,23.16,63.97,102.46,50.34,83.41,0
2025-01-01 00:45:25,23.18,63.89,102.45,50.29,83.33,0
2025-01-01 00:45:26,23.09,63.8,102.38,50.24,83.29,0
2025-01-01 00:45:27,23.16,63.82,102.19,50.29,83.38,0
2025-01-01 00:45:28,23.14,63.8,102.13,50.11,83.42,0
2025-01-01 00:45:29,23.15,63.78,102.05,50.07,83.36,0
2025-01-01 00:45:30,23.2,63.83,102.16,50.09,83.33,0
2025-01-01 00:45:31,23.19,63.81,102.1,50.08,83.3,0
2025-01-01 00:45:32,23.29,63.7,102.06,49.93,83.29,0
2025-01-01 00:45:33,23.21,63.73,102.0,50.01,83.32,0
2025-01-01 00:45:34,23.34,63.61,101.99,49.97,83.21,0
2025-01-01 00:45:35,23.31,63.55,101.81,50.01,83.19,0
2025-01-01 00:45:36,23.2,63.55,101.71,49.95,83.2,0
2025-01-01 00:45:37,23.37,63.54,101.75,49.84,83.18,0
2025-01-01 00:45:38,23.41,63.42,101.72,49.81,83.08,0
2025-01-01 00:45:39,23.35,63.46,101.62,49.76,83.12,0
2025-01-01 00:45:40,23.31,63.31,101.47,49.74,83.09,0
2025-01-01 00:45:41,23.42,63.28,101.47,49.68,83.07,0
2025-01-01 00:45:42,23.35,63.26,101.43,49.68,83.0,0
2025-01-01 00:45:43,23.29,63.33,101.37,49.67,82.91,0
2025-01-01 00:45:44,23.48,63.21,101.25,49.76,82.93,0
2025-01-01 00:45:45,23.47,63.23,101.23,49.62,82.96,0
2025-01-01 00:45:46,23.46,63.17,101.23,49.51,82.96,0
2025-01-01 00:45:47,23.51,63.17,101.15,49.54,82.79,0
2025-01-01 00:45:48,23.48,63.04,100.99,49.45,82.83,0
2025-01-01 00:45:49,23.47,62.94,101.0,49.59,82.86,0
2025-01-01 00:45:50,23.51,63.02,100.89,49.45,82.8,0
2025-01-01 00:45:51,23.49,63.07,100.77,49.45,82.76,0
2025-01-01 00:45:52,23.65,62.96,100.77,49.37,82.74,0
2025-01-01 00:45:53,23.51,62.87,100.63,49.31,82.71,0
2025-01-01 00:45:54,23.6,62.77,100.65,49.35,82.67,0
2025-01-01 00:45:55,23.58,62.81,100.57,49.26,82.66,0
2025-01-01 00:45:56,23.74,62.76,100.52,49.26,82.59,0
2025-01-01 00:45:57,23.7,62.64,100.45,49.27,82.58,0
2025-01-01 00:45:58,23.62,62.74,100.46,49.21,82.52,0
2025-01-01 00:45:59,23.7,62.66,100.39,49.24,82.4,0
2025-01-01 00:46:00,23.7,62.56,100.41,49.11,82.53,0
2025-01-01 00:46:01,23.71,62.57,100.18,49.18,82.51,0
2025-01-01 00:46:02,23.83,62.57,100.18,49.06,82.42,0
2025-01-01 00:46:03,23.7,62.54,100.06,49.07,82.41,0
2025-01-01 00:46:04,23.78,62.58,100.04,49.06,82.47,0
2025-01-01 00:46:05,23.85,62.51,99.96,49.0,82.27,0
2025-01-01 00:46:06,23.83,62.43,99.91,49.01,82.25,0
2025-01-01 00:46:07,23.91,62.43,99.85,48.92,82.3,0
2025-01-01 00:46:08,23.92,62.35,99.79,48.9,82.33,0
2025-01-01 00:46:09,23.84,62.3,99.8,48.88,82.26,0
2025-01-01 00:46:10,23.83,62.26,99.74,48.81,82.17,0
2025-01-01 00:46:11,23.91,62.18,99.58,48.83,82.14,0
2025-01-01 00:46:12,23.98,62.27,99.5,48.8,82.14,0
2025-01-01 00:46:13,24.01,62.19,99.49,48.8,82.11,0
2025-01-01 00:46:14,23.91,62.12,99.49,48.73,82.04,0
2025-01-01 00:46:15,23.96,61.96,99.35,48.73,81.98,0
2025-01-01 00:46:16,23.93,61.99,99.33,48.79,82.04,0
2025-01-01 00:46:17,23.94,62.04,99.2,48.64,81.91,0
2025-01-01 00:46:18,24.06,62.01,99.16,48.64,81.92,0
2025-01-01 00:46:19,24.08,61.98,99.04,48.62,81.81,0
2025-01-01 00:46:20,24.06,61.87,99.04,48.55,81.75,0
2025-01-01 00:46:21,23.98,61.83,98.96,48.54,81.86,0
2025-01-01 00:46:22,24.06,61.87,99.0,48.45,81.76,0
2025-01-01 00:46:23,24.1,61.62,98.79,48.56,81.82,0
2025-01-01 00:46:24,24.19,61.74,98.8,48.59,81.79,0
2025-01-01 00:46:25,24.13,61.58,98.63,48.55,81.64,0
2025-01-01 00:46:26,24.19,61.56,98.64,48.44,81.62,0
2025-01-01 00:46:27,24.18,61.55,98.58,48.5,81.59,0
2025-01-01 00:46:28,24.25,61.52,98.41,48.39,81.49,0
2025-01-01 00:46:29,24.26,61.69,98.53,48.53,81.53,0
2025-01-01 00:46:30,24.23,61.51,98.53,48.47,81.43,0
2025-01-01 00:46:31,24.29,61.38,98.42,48.44,81.43,0
2025-01-01 00:46:32,24.26,61.43,98.34,48.34,81.4,0
2025-01-01 00:46:33,24.31,61.42,98.3,48.27,81.3,0
2025-01-01 00:46:34,24.32,61.37,98.21,48.27,81.33,0
2025-01-01 00:46:35,24.34,61.34,98.16,48.27,81.29,0
2025-01-01 00:46:36,24.44,61.22,98.11,48.26,81.26,0
2025-01-01 00:46:37,24.36,61.22,98.09,48.2,81.13,0
2025-01-01 00:46:38,24.35,61.11,98.0,48.17,81.15,0
2025-01-01 00:46:39,24.47,61.15,97.9,48.23,81.13,0
2025-01-01 00:46:40,24.44,61.08,97.97,48.25,81.21,0
2025-01-01 00:46:41,24.45,61.05,97.74,48.15,81.14,0
2025-01-01 00:46:42,24.47,61.11,97.68,48.12,80.99,0
2025-01-01 00:46:43,24.51,61.02,97.71,48.14,80.96,0
2025-01-01 00:46:44,24.52,60.89,97.59,48.2,80.84,0
2025-01-01 00:46:45,24.63,60.88,97.54,48.18,80.96,0
2025-01-01 00:46:46,24.63,60.88,97.58,48.04,80.82,0
2025-01-01 00:46:47,24.55,60.88,97.45,48.16,80.84,0
2025-01-01 00:46:48,24.57,60.75,97.48,48.07,80.78,0
2025-01-01 00:46:49,24.59,60.72,97.36,48.05,80.69,0
2025-01-01 00:46:50,24.67,60.65,97.27,48.04,80.69,0
2025-01-01 00:46:51,24.72,60.73,97.22,48.18,80.6,0
2025-01-01 00:46:52,24.75,60.58,97.16,48.03,80.61,0
2025-01-01 00:46:53,24.74,60.61,97.11,48.01,80.53,0
2025-01-01 00:46:54,24.73,60.53,97.06,48.06,80.65,0
2025-01-01 00:46:55,24.73,60.48,97.08,48.01,80.53,0
2025-01-01 00:46:56,24.74,60.55,97.02,48.01,80.43,0
2025-01-01 00:46:57,24.77,60.49,96.89,48.0,80.39,0
2025-01-01 00:46:58,24.81,60.36,96.83,48.0,80.37,0
2025-01-01 00:46:59,24.8,60.37,96.9,48.02,80.35,0
2025-01-01 00:47:00,24.74,60.28,96.86,47.99,80.26,0
2025-01-01 00:47:01,24.99,60.35,96.78,48.07,80.15,0
2025-01-01 00:47:02,24.85,60.19,96.7,47.98,80.09,0
2025-01-01 00:47:03,24.93,60.2,96.75,47.97,80.13,0
2025-01-01 00:47:04,24.8,60.12,96.66,47.97,80.24,0
2025-01-01 00:47:05,24.94,60.1,96.51,48.02,80.0,0
2025-01-01 00:47:06,25.01,60.09,96.6,47.95,80.07,0
2025-01-01 00:47:07,25.02,60.04,96.44,47.88,80.03,0
2025-01-01 00:47:08,25.0,59.95,96.48,48.0,79.91,0
2025-01-01 00:47:09,24.93,59.88,96.52,48.04,79.95,0
2025-01-01 00:47:10,25.04,59.88,96.41,47.98,79.93,0
2025-01-01 00:47:11,25.05,59.95,96.35,48.07,79.83,0
2025-01-01 00:47:12,25.14,59.8,96.27,48.09,79.77,0
2025-01-01 00:47:13,25.12,59.8,96.25,47.99,79.88,0
2025-01-01 00:47:14,25.07,59.81,96.25,48.11,79.66,0
2025-01-01 00:47:15,25.11,59.77,96.05,47.94,79.67,0
2025-01-01 00:47:16,25.18,59.74,96.1,47.99,79.67,0
2025-01-01 00:47:17,25.21,59.64,96.06,47.93,79.57,0
2025-01-01 00:47:18,25.28,59.59,96.01,48.09,79.52,0
2025-01-01 00:47:19,25.22,59.54,95.97,48.04,79.53,0
2025-01-01 00:47:20,25.18,59.51,95.89,48.05,79.57,0
2025-01-01 00:47:21,25.26,59.4,95.91,48.01,79.49,0
2025-01-01 00:47:22,25.28,59.5,95.94,48.05,79.46,0
2025-01-01 00:47:23,25.29,59.38,95.83,48.11,79.45,0
2025-01-01 00:47:24,25.37,59.38,95.86,48.1,79.28,0
2025-01-01 00:47:25,25.44,59.39,95.77,48.07,79.33,0
2025-01-01 00:47:26,25.4,59.25,95.68,48.11,79.29,0
2025-01-01 00:47:27,25.43,59.24,95.7,48.16,79.23,0
2025-01-01 00:47:28,25.39,59.17,95.59,48.11,79.22,0
2025-01-01 00:47:29,25.45,59.22,95.64,48.15,79.18,0
2025-01-01 00:47:30,25.57,59.11,95.57,48.18,79.2,0
2025-01-01 00:47:31,25.45,59.1,95.65,48.2,79.07,0
2025-01-01 00:47:32,25.45,59.02,95.58,48.21,79.04,0
2025-01-01 00:47:33,25.49,59.01,95.58,48.2,78.95,0
2025-01-01 00:47:34,25.52,58.99,95.44,48.09,79.03,0
2025-01-01 00:47:35,25.57,58.93,95.42,48.24,78.93,0
2025-01-01 00:47:36,25.49,58.93,95.46,48.2,78.85,0
2025-01-01 00:47:37,25.49,58.85,95.44,48.23,78.9,0
2025-01-01 00:47:38,25.54,58.75,95.36,48.24,78.8,0
2025-01-01 00:47:39,25.65,58.73,95.33,48.35,78.88,0
2025-01-01 00:47:40,25.65,58.67,95.43,48.22,78.7,0
2025-01-01 00:47:41,25.63,58.61,95.32,48.26,78.68,0
2025-01-01 00:47:42,25.69,58.59,95.29,48.31,78.69,0
2025-01-01 00:47:43,25.7,58.63,95.32,48.37,78.68,0
2025-01-01 00:47:44,25.67,58.52,95.36,48.35,78.43,0
2025-01-01 00:47:45,25.73,58.51,95.12,48.45,78.5,0
2025-01-01 00:47:46,25.78,58.46,95.16,48.35,78.45,0
2025-01-01 00:47:47,25.84,58.42,95.18,48.37,78.52,0
2025-01-01 00:47:48,25.87,58.45,95.22,48.45,78.36,0
2025-01-01 00:47:49,25.81,58.32,95.08,48.51,78.35,0
2025-01-01 00:47:50,25.9,58.35,95.19,48.51,78.32,0
2025-01-01 00:47:51,25.95,58.27,95.16,48.47,78.27,0
2025-01-01 00:47:52,25.9,58.24,95.09,48.45,78.21,0
2025-01-01 00:47:53,25.96,58.16,95.1,48.62,78.18,0
2025-01-01 00:47:54,25.88,58.12,95.18,48.67,78.24,0
2025-01-01 00:47:55,25.97,58.09,95.19,48.61,78.21,0
2025-01-01 00:47:56,25.95,58.06,95.16,48.65,78.21,0
2025-01-01 00:47:57,25.99,58.0,95.04,48.65,78.07,0
2025-01-01 00:47:58,25.94,58.06,95.03,48.68,78.08,0
2025-01-01 00:47:59,25.98,58.03,94.99,48.71,78.04,0
2025-01-01 00:48:00,26.03,57.86,95.08,48.76,77.96,0
2025-01-01 00:48:01,26.08,57.9,94.97,48.7,78.02,0
2025-01-01 00:48:02,26.08,57.82,94.98,48.75,77.9,0
2025-01-01 00:48:03,26.04,57.72,95.08,48.85,77.83,0
2025-01-01 00:48:04,26.11,57.72,95.0,48.81,77.83,0
2025-01-01 00:48:05,26.22,57.71,94.97,48.81,77.87,0
2025-01-01 00:48:06,26.06,57.65,95.08,48.89,77.8,0
2025-01-01 00:48:07,26.27,57.66,94.97,48.89,77.7,0
2025-01-01 00:48:08,26.24,57.64,95.06,49.0,77.7,0
2025-01-01 00:48:09,26.15,57.57,94.96,48.97,77.75,0
2025-01-01 00:48:10,26.21,57.55,95.0,49.03,77.62,0
2025-01-01 00:48:11,26.12,57.52,95.05,49.04,77.59,0
2025-01-01 00:48:12,26.2,57.49,95.01,49.04,77.68,0
2025-01-01 00:48:13,26.22,57.51,95.0,48.99,77.55,0
2025-01-01 00:48:14,26.34,57.37,94.93,49.1,77.49,0
2025-01-01 00:48:15,26.33,57.39,94.96,49.1,77.54,0
2025-01-01 00:48:16,26.28,57.26,94.95,49.19,77.48,0
2025-01-01 00:48:17,26.31,57.27,95.09,49.15,77.34,0
2025-01-01 00:48:18,26.38,57.23,94.99,49.26,77.45,0
2025-01-01 00:48:19,26.27,57.17,95.15,49.29,77.41,0
2025-01-01 00:48:20,26.45,57.16,95.08,49.33,77.37,0
2025-01-01 00:48:21,26.4,57.13,95.02,49.32,77.26,0
2025-01-01 00:48:22,26.39,57.07,95.01,49.33,77.28,0
2025-01-01 00:48:23,26.47,57.1,95.04,49.45,77.3,0
2025-01-01 00:48:24,26.49,57.02,95.09,49.48,77.29,0
2025-01-01 00:48:25,26.55,56.98,95.11,49.52,77.17,0
2025-01-01 00:48:26,26.48,56.94,95.14,49.53,77.16,0
2025-01-01 00:48:27,26.44,56.91,95.06,49.44,77.08,0
2025-01-01 00:48:28,26.55,56.93,95.12,49.56,77.17,0
2025-01-01 00:48:29,26.47,56.85,95.14,49.61,77.06,0
2025-01-01 00:48:30,26.53,56.8,95.23,49.66,77.03,0
2025-01-01 00:48:31,26.52,56.67,95.23,49.6,77.02,0
2025-01-01 00:48:32,26.67,56.64,95.26,49.67,76.95,0
2025-01-01 00:48:33,26.61,56.64,95.22,49.68,76.88,0
2025-01-01 00:48:34,26.63,56.58,95.23,49.69,76.93,0
2025-01-01 00:48:35,26.66,56.6,95.25,49.81,76.87,0
2025-01-01 00:48:36,26.67,56.41,95.27,49.8,76.85,0
2025-01-01 00:48:37,26.7,56.59,95.25,49.8,76.89,0
2025-01-01 00:48:38,26.64,56.47,95.36,49.88,76.76,0
2025-01-01 00:48:39,26.63,56.47,95.36,49.83,76.85,0
2025-01-01 00:48:40,26.8,56.52,95.36,49.97,76.7,0
2025-01-01 00:48:41,26.86,56.36,95.32,49.96,76.86,0
2025-01-01 00:48:42,26.88,56.36,95.44,50.01,76.7,0
2025-01-01 00:48:43,26.86,56.29,95.49,50.11,76.76,0
2025-01-01 00:48:44,26.89,56.4,95.43,50.04,76.62,0
2025-01-01 00:48:45,26.93,56.23,95.52,50.07,76.76,0
2025-01-01 00:48:46,26.8,56.16,95.48,50.12,76.7,0
2025-01-01 00:48:47,26.85,56.21,95.5,50.14,76.61,0
2025-01-01 00:48:48,26.97,56.16,95.45,50.18,76.63,0
2025-01-01 00:48:49,26.97,56.16,95.53,50.36,76.6,0
2025-01-01 00:48:50,26.96,56.02,95.48,50.21,76.42,0
2025-01-01 00:48:51,27.02,56.05,95.59,50.33,76.57,0
2025-01-01 00:48:52,26.96,56.07,95.65,50.3,76.58,0
2025-01-01 00:48:53,26.98,55.98,95.81,50.35,76.47,0
2025-01-01 00:48:54,26.98,55.9,95.75,50.37,76.48,0
2025-01-01 00:48:55,27.07,55.88,95.72,50.5,76.43,0
2025-01-01 00:48:56,26.95,55.9,95.84,50.53,76.42,0
2025-01-01 00:48:57,27.03,55.81,95.8,50.57,76.42,0
2025-01-01 00:48:58,27.03,55.81,95.81,50.59,76.45,0
2025-01-01 00:48:59,26.93,55.78,95.86,50.62,76.33,0
2025-01-01 00:49:00,27.03,55.75,95.94,50.64,76.31,0
2025-01-01 00:49:01,27.14,55.72,96.04,50.68,76.37,0
2025-01-01 00:49:02,27.01,55.64,96.09,50.73,76.33,0
2025-01-01 00:49:03,26.95,55.62,96.03,50.68,76.37,0
2025-01-01 00:49:04,27.15,55.65,96.11,50.64,76.31,0
2025-01-01 00:49:05,27.23,55.58,96.14,50.78,76.33,0
2025-01-01 00:49:06,27.01,55.52,96.16,50.85,76.3,0
2025-01-01 00:49:07,27.06,55.52,96.17,50.76,76.24,0
2025-01-01 00:49:08,27.19,55.53,96.27,50.88,76.29,0
2025-01-01 00:49:09,27.18,55.47,96.17,50.89,76.2,0
2025-01-01 00:49:10,27.25,55.39,96.33,50.83,76.29,0
2025-01-01 00:49:11,27.23,55.39,96.33,50.9,76.23,0
2025-01-01 00:49:12,27.18,55.36,96.31,50.94,76.3,0
2025-01-01 00:49:13,27.25,55.31,96.56,50.88,76.16,0
2025-01-01 00:49:14,27.22,55.31,96.55,50.98,76.23,0
2025-01-01 00:49:15,27.23,55.3,96.5,51.05,76.15,0
2025-01-01 00:49:16,27.32,55.18,96.59,51.11,76.19,0
2025-01-01 00:49:17,27.33,55.18,96.62,51.09,76.15,0
2025-01-01 00:49:18,27.31,55.13,96.69,51.06,76.17,0
2025-01-01 00:49:19,27.32,55.16,96.73,51.08,76.11,0
2025-01-01 00:49:20,27.31,55.11,96.68,51.19,76.15,0
2025-01-01 00:49:21,27.3,55.05,96.8,51.18,76.09,0
2025-01-01 00:49:22,27.31,55.05,96.84,51.2,76.19,0
2025-01-01 00:49:23,27.41,54.89,96.89,51.28,76.11,0
2025-01-01 00:49:24,27.29,55.01,97.02,51.32,76.15,0
2025-01-01 00:49:25,27.4,54.94,97.11,51.38,76.03,0
2025-01-01 00:49:26,27.43,54.86,97.1,51.37,76.0,0
2025-01-01 00:49:27,27.4,54.87,97.11,51.39,76.1,0
2025-01-01 00:49:28,27.42,54.84,97.25,51.42,76.06,0
2025-01-01 00:49:29,27.38,54.83,97.25,51.48,76.05,0
2025-01-01 00:49:30,27.35,54.68,97.32,51.41,76.06,0
2025-01-01 00:49:31,27.46,54.73,97.33,51.42,76.04,0
2025-01-01 00:49:32,27.43,54.69,97.37,51.48,76.08,0
2025-01-01 00:49:33,27.47,54.73,97.52,51.55,76.05,0
2025-01-01 00:49:34,27.5,54.69,97.5,51.58,76.05,0
2025-01-01 00:49:35,27.48,54.66,97.56,51.55,75.99,0
2025-01-01 00:49:36,27.52,54.64,97.65,51.59,76.04,0
2025-01-01 00:49:37,27.58,54.55,97.61,51.66,75.98,0
2025-01-01 00:49:38,27.5,54.44,97.75,51.53,75.97,0
2025-01-01 00:49:39,27.57,54.54,97.74,51.63,75.96,0
2025-01-01 00:49:40,27.52,54.49,97.8,51.64,75.93,0
2025-01-01 00:49:41,27.62,54.47,97.93,51.74,75.96,0
2025-01-01 00:49:42,27.55,54.32,98.1,51.68,76.05,0
2025-01-01 00:49:43,27.52,54.44,98.09,51.7,75.95,0
2025-01-01 00:49:44,27.59,54.25,98.06,51.76,76.0,0
2025-01-01 00:49:45,27.59,54.36,98.14,51.66,76.0,0
2025-01-01 00:49:46,27.73,54.23,98.17,51.85,76.06,0
2025-01-01 00:49:47,27.6,54.28,98.23,51.73,76.0,0
2025-01-01 00:49:48,27.62,54.25,98.25,51.72,76.0,0
2025-01-01 00:49:49,27.73,54.22,98.33,51.84,76.0,0
2025-01-01 00:49:50,27.74,54.19,98.44,51.78,76.03,0
2025-01-01 00:49:51,27.67,54.16,98.44,51.8,76.02,0
2025-01-01 00:49:52,27.7,54.13,98.54,51.84,76.02,0
2025-01-01 00:49:53,27.67,54.11,98.72,51.87,76.05,0
2025-01-01 00:49:54,27.71,54.07,98.71,51.85,76.07,0
2025-01-01 00:49:55,27.68,54.01,98.73,51.82,76.05,0
2025-01-01 00:49:56,27.65,54.01,98.7,52.03,75.94,0
2025-01-01 00:49:57,27.71,54.06,98.88,51.94,76.02,0
2025-01-01 00:49:58,27.79,54.02,98.9,51.92,76.02,0
2025-01-01 00:49:59,27.69,54.01,99.02,51.88,76.03,0
2025-01-01 00:50:00,37.73,33.92,129.01,36.98,101.01,1
2025-01-01 00:50:01,37.7,33.96,129.05,36.88,101.03,1
2025-01-01 00:50:02,37.74,33.95,129.18,37.0,101.1,1
2025-01-01 00:50:03,37.81,33.81,129.19,36.9,101.06,1
2025-01-01 00:50:04,37.8,33.83,129.32,36.9,101.1,1
2025-01-01 00:50:05,37.72,33.8,129.36,36.96,101.11,1
2025-01-01 00:50:06,37.74,33.69,129.41,37.06,101.04,1
2025-01-01 00:50:07,37.85,33.75,129.38,36.92,101.1,1
2025-01-01 00:50:08,37.78,33.65,129.42,36.94,101.12,1
2025-01-01 00:50:09,37.81,33.67,129.58,37.04,101.14,1
2025-01-01 00:50:10,37.81,33.72,129.58,36.98,101.12,1
2025-01-01 00:50:11,37.76,33.62,129.59,37.09,101.09,1
2025-01-01 00:50:12,37.91,33.62,129.78,36.97,101.16,1
2025-01-01 00:50:13,37.87,33.63,129.86,36.98,101.14,1
2025-01-01 00:50:14,37.76,33.6,129.93,37.08,101.19,1
2025-01-01 00:50:15,37.81,33.46,129.99,36.91,101.17,1
2025-01-01 00:50:16,37.84,33.52,130.01,37.01,101.08,1
2025-01-01 00:50:17,37.86,33.39,130.1,36.97,101.1,1
2025-01-01 00:50:18,37.82,33.45,130.19,37.01,101.24,1
2025-01-01 00:50:19,37.93,33.45,130.23,37.03,101.17,1
2025-01-01 00:50:20,27.95,53.36,100.3,51.92,76.28,0
2025-01-01 00:50:21,27.98,53.4,100.3,52.02,76.25,0
2025-01-01 00:50:22,27.98,53.4,100.36,51.96,76.23,0
2025-01-01 00:50:23,27.86,53.35,100.42,51.95,76.4,0
2025-01-01 00:50:24,27.85,53.35,100.53,52.01,76.3,0
2025-01-01 00:50:25,27.89,53.34,100.58,51.96,76.25,0
2025-01-01 00:50:26,27.89,53.24,100.59,51.97,76.36,0
2025-01-01 00:50:27,28.0,53.25,100.73,51.98,76.42,0
2025-01-01 00:50:28,27.95,53.21,100.67,51.98,76.35,0
2025-01-01 00:50:29,27.87,53.17,100.82,52.03,76.37,0
2025-01-01 00:50:30,27.96,53.21,100.81,51.98,76.35,0
2025-01-01 00:50:31,27.93,53.18,100.98,51.88,76.44,0
2025-01-01 00:50:32,27.89,53.15,100.82,52.03,76.47,0
2025-01-01 00:50:33,27.9,53.09,101.03,51.96,76.37,0
2025-01-01 00:50:34,27.94,53.22,101.06,51.91,76.59,0
2025-01-01 00:50:35,27.98,53.12,101.21,51.88,76.56,0
2025-01-01 00:50:36,27.93,52.99,101.22,51.84,76.5,0
2025-01-01 00:50:37,27.94,53.13,101.34,51.89,76.54,0
2025-01-01 00:50:38,27.91,52.94,101.37,51.91,76.55,0
2025-01-01 00:50:39,27.93,53.05,101.42,51.94,76.64,0
2025-01-01 00:50:40,28.01,53.05,101.42,51.87,76.62,0
2025-01-01 00:50:41,28.0,53.02,101.56,51.96,76.62,0
2025-01-01 00:50:42,28.02,52.95,101.64,51.86,76.66,0
2025-01-01 00:50:43,28.06,52.91,101.64,51.81,76.71,0
2025-01-01 00:50:44,27.98,53.0,101.69,51.73,76.7,0
2025-01-01 00:50:45,27.97,52.94,101.78,51.75,76.71,0
2025-01-01 00:50:46,27.98,52.88,101.83,51.73,76.78,0
2025-01-01 00:50:47,27.99,52.99,101.9,51.71,76.89,0
2025-01-01 00:50:48,28.01,52.91,101.98,51.75,76.81,0
2025-01-01 00:50:49,27.93,52.86,101.94,51.7,76.77,0
2025-01-01 00:50:50,28.01,52.84,102.09,51.7,76.8,0
2025-01-01 00:50:51,27.98,52.85,102.18,51.61,76.78,0
2025-01-01 00:50:52,27.96,52.84,102.24,51.6,76.89,0
2025-01-01 00:50:53,28.08,52.79,102.31,51.68,76.86,0
2025-01-01 00:50:54,27.99,52.76,102.3,51.66,76.95,0
2025-01-01 00:50:55,27.85,52.67,102.24,51.6,76.97,0
2025-01-01 00:50:56,28.01,52.67,102.43,51.61,76.92,0
2025-01-01 00:50:57,27.92,52.7,102.55,51.63,77.03,0
2025-01-01 00:50:58,27.96,52.73,102.49,51.49,76.93,0
2025-01-01 00:50:59,28.0,52.64,102.57,51.39,77.07,0
2025-01-01 00:51:00,27.88,52.71,102.64,51.47,77.11,0
2025-01-01 00:51:01,27.95,52.64,102.71,51.31,77.09,0
2025-01-01 00:51:02,28.0,52.62,102.8,51.38,77.11,0
2025-01-01 00:51:03,27.9,52.69,102.76,51.39,77.17,0
2025-01-01 00:51:04,28.03,52.61,102.96,51.41,77.18,0
2025-01-01 00:51:05,27.97,52.56,102.8,51.37,77.27,0
2025-01-01 00:51:06,27.97,52.52,103.0,51.27,77.15,0
2025-01-01 00:51:07,27.94,52.47,103.0,51.3,77.27,0
2025-01-01 00:51:08,28.06,52.5,103.07,51.37,77.29,0
2025-01-01 00:51:09,28.03,52.51,103.13,51.19,77.26,0
2025-01-01 00:51:10,27.98,52.46,103.1,51.23,77.41,0
2025-01-01 00:51:11,27.98,52.45,103.16,51.18,77.36,0
2025-01-01 00:51:12,27.91,52.48,103.2,51.24,77.36,0
2025-01-01 00:51:13,27.97,52.56,103.23,51.15,77.41,0
2025-01-01 00:51:14,27.92,52.53,103.33,51.14,77.41,0
2025-01-01 00:51:15,28.01,52.5,103.42,51.14,77.47,0
2025-01-01 00:51:16,28.0,52.46,103.32,51.02,77.6,0
2025-01-01 00:51:17,28.03,52.34,103.5,51.06,77.63,0
2025-01-01 00:51:18,27.95,52.43,103.54,51.0,77.63,0
2025-01-01 00:51:19,27.95,52.47,103.54,50.95,77.62,0
2025-01-01 00:51:20,27.99,52.41,103.52,51.06,77.7,0
2025-01-01 00:51:21,28.0,52.36,103.63,50.93,77.77,0
2025-01-01 00:51:22,27.98,52.39,103.65,50.91,77.71,0
2025-01-01 00:51:23,28.03,52.3,103.7,50.86,77.77,0
2025-01-01 00:51:24,28.01,52.31,103.83,50.8,77.83,0
2025-01-01 00:51:25,27.93,52.34,103.8,50.81,77.91,0
2025-01-01 00:51:26,27.93,52.34,103.8,50.79,77.83,0
2025-01-01 00:51:27,27.93,52.29,103.97,50.76,78.01,0
2025-01-01 00:51:28,27.97,52.27,104.0,50.74,77.93,0
2025-01-01 00:51:29,27.98,52.26,103.86,50.74,78.05,0
2025-01-01 00:51:30,28.04,52.29,103.98,50.7,78.07,0
2025-01-01 00:51:31,28.03,52.25,104.02,50.59,78.09,0
2025-01-01 00:51:32,27.87,52.28,104.1,50.63,78.1,0
2025-01-01 00:51:33,28.02,52.28,104.08,50.54,78.09,0
2025-01-01 00:51:34,27.96,52.18,104.2,50.6,78.12,0
2025-01-01 00:51:35,27.92,52.22,104.22,50.58,78.12,0
2025-01-01 00:51:36,27.91,52.19,104.14,50.44,78.26,0
2025-01-01 00:51:37,27.91,52.12,104.39,50.45,78.28,0
2025-01-01 00:51:38,27.86,52.2,104.27,50.31,78.26,0
2025-01-01 00:51:39,27.95,52.28,104.33,50.43,78.34,0
2025-01-01 00:51:40,27.91,52.23,104.42,50.4,78.33,0
2025-01-01 00:51:41,27.9,52.18,104.36,50.32,78.46,0
2025-01-01 00:51:42,27.95,52.24,104.38,50.2,78.48,0
2025-01-01 00:51:43,27.99,52.12,104.46,50.27,78.5,0
2025-01-01 00:51:44,27.89,52.09,104.34,50.15,78.51,0
2025-01-01 00:51:45,27.94,52.13,104.46,50.13,78.6,0
2025-01-01 00:51:46,27.95,52.18,104.54,50.07,78.59,0
2025-01-01 00:51:47,27.97,52.18,104.46,50.1,78.66,0
2025-01-01 00:51:48,27.83,52.0,104.57,50.03,78.64,0
2025-01-01 00:51:49,27.84,52.1,104.59,50.0,78.71,0
2025-01-01 00:51:50,27.77,52.12,104.47,49.99,78.8,0
2025-01-01 00:51:51,27.8,52.13,104.7,49.81,78.79,0
2025-01-01 00:51:52,27.7,52.08,104.66,49.82,78.93,0
2025-01-01 00:51:53,27.85,52.04,104.76,49.82,78.81,0
2025-01-01 00:51:54,27.71,52.17,104.72,49.91,78.93,0
2025-01-01 00:51:55,27.85,52.07,104.74,49.84,78.92,0
2025-01-01 00:51:56,27.81,52.08,104.75,49.73,78.92,0
2025-01-01 00:51:57,27.86,52.05,104.79,49.72,78.95,0
2025-01-01 00:51:58,27.76,52.04,104.75,49.8,79.07,0
2025-01-01 00:51:59,27.89,52.07,104.68,49.76,79.03,0
2025-01-01 00:52:00,27.8,52.01,104.93,49.75,79.11,0
2025-01-01 00:52:01,27.77,52.05,104.88,49.64,79.13,0
2025-01-01 00:52:02,27.74,52.04,104.91,49.63,79.18,0
2025-01-01 00:52:03,27.8,52.02,104.91,49.7,79.24,0
2025-01-01 00:52:04,27.8,51.99,104.87,49.54,79.29,0
2025-01-01 00:52:05,27.87,52.01,104.92,49.41,79.36,0
2025-01-01 00:52:06,27.8,52.0,104.78,49.48,79.38,0
2025-01-01 00:52:07,27.77,52.12,104.9,49.4,79.36,0
2025-01-01 00:52:08,27.73,52.04,104.9,49.45,79.48,0
2025-01-01 00:52:09,27.72,51.97,104.91,49.26,79.51,0
2025-01-01 00:52:10,27.71,52.02,104.97,49.37,79.53,0
2025-01-01 00:52:11,27.7,51.94,104.93,49.32,79.54,0
2025-01-01 00:52:12,27.73,51.98,104.97,49.29,79.65,0
2025-01-01 00:52:13,27.72,52.04,104.87,49.32,79.73,0
2025-01-01 00:52:14,27.65,52.02,104.93,49.13,79.66,0
2025-01-01 00:52:15,27.63,51.99,104.94,49.16,79.74,0
2025-01-01 00:52:16,27.61,52.03,105.02,49.28,79.83,0
2025-01-01 00:52:17,27.65,51.97,105.01,49.15,79.79,0
2025-01-01 00:52:18,27.67,51.93,104.98,49.13,79.84,0
2025-01-01 00:52:19,27.61,51.99,104.96,49.13,79.85,0
2025-01-01 00:52:20,27.63,52.02,104.95,49.05,79.89,0
2025-01-01 00:52:21,27.67,51.94,104.97,48.96,79.91,0
2025-01-01 00:52:22,27.67,52.03,105.01,48.96,80.06,0
2025-01-01 00:52:23,27.54,52.04,104.96,48.93,80.09,0
2025-01-01 00:52:24,27.62,52.03,104.95,48.91,80.1,0
2025-01-01 00:52:25,27.52,52.07,104.88,48.86,80.11,0
2025-01-01 00:52:26,27.41,51.93,105.02,48.88,80.25,0
2025-01-01 00:52:27,27.62,52.02,105.0,48.85,80.08,0
2025-01-01 00:52:28,27.46,52.01,105.01,48.84,80.21,0
2025-01-01 00:52:29,27.57,52.08,105.03,48.84,80.27,0
2025-01-01 00:52:30,27.56,52.01,105.0,48.79,80.33,0
2025-01-01 00:52:31,27.46,52.0,105.01,48.72,80.42,0
2025-01-01 00:52:32,27.52,52.0,105.03,48.7,80.49,0
2025-01-01 00:52:33,27.5,52.01,104.9,48.69,80.45,0
2025-01-01 00:52:34,27.4,52.0,104.9,48.69,80.56,0
2025-01-01 00:52:35,27.39,52.1,104.92,48.59,80.57,0
2025-01-01 00:52:36,27.42,52.02,104.9,48.58,80.61,0
2025-01-01 00:52:37,27.42,51.95,104.94,48.53,80.56,0
2025-01-01 00:52:38,27.48,51.97,104.78,48.6,80.64,0
2025-01-01 00:52:39,27.4,52.01,104.89,48.51,80.77,0
2025-01-01 00:52:40,27.32,52.06,104.9,48.49,80.68,0
2025-01-01 00:52:41,27.43,51.99,104.82,48.55,80.77,0
2025-01-01 00:52:42,27.28,52.13,104.81,48.46,80.82,0
2025-01-01 00:52:43,27.39,52.14,104.74,48.5,80.89,0
2025-01-01 00:52:44,27.34,52.09,104.85,48.37,80.98,0
2025-01-01 00:52:45,27.26,52.0,104.77,48.51,80.91,0
2025-01-01 00:52:46,27.32,52.13,104.75,48.34,80.95,0
2025-01-01 00:52:47,27.38,52.07,104.85,48.41,80.97,0
2025-01-01 00:52:48,27.3,52.03,104.7,48.58,81.09,0
2025-01-01 00:52:49,27.33,52.04,104.79,48.39,81.18,0
2025-01-01 00:52:50,27.36,52.01,104.63,48.27,81.07,0
2025-01-01 00:52:51,27.27,52.06,104.77,48.4,81.16,0
2025-01-01 00:52:52,27.34,52.17,104.62,48.18,81.19,0
2025-01-01 00:52:53,27.2,52.11,104.62,48.27,81.26,0
2025-01-01 00:52:54,27.16,52.13,104.57,48.26,81.32,0
2025-01-01 00:52:55,27.14,52.1,104.56,48.21,81.36,0
2025-01-01 00:52:56,27.15,52.09,104.51,48.27,81.32,0
2025-01-01 00:52:57,27.2,52.22,104.51,48.26,81.47,0
2025-01-01 00:52:58,27.21,52.13,104.52,48.13,81.39,0
2025-01-01 00:52:59,27.12,52.25,104.42,48.14,81.41,0
2025-01-01 00:53:00,27.16,52.15,104.49,48.2,81.43,0
2025-01-01 00:53:01,27.08,52.22,104.4,48.21,81.53,0
2025-01-01 00:53:02,27.06,52.15,104.33,48.11,81.58,0
2025-01-01 00:53:03,27.12,52.09,104.34,48.1,81.58,0
2025-01-01 00:53:04,27.08,52.15,104.38,48.17,81.7,0
2025-01-01 00:53:05,27.04,52.14,104.29,48.1,81.65,0
2025-01-01 00:53:06,26.99,52.19,104.23,48.13,81.75,0
2025-01-01 00:53:07,27.09,52.14,104.24,48.05,81.69,0
2025-01-01 00:53:08,27.0,52.27,104.16,48.15,81.82,0
2025-01-01 00:53:09,26.98,52.28,104.17,48.02,81.92,0
2025-01-01 00:53:10,27.0,52.23,104.07,48.12,81.89,0
2025-01-01 00:53:11,27.0,52.22,104.12,48.1,81.86,0
2025-01-01 00:53:12,26.89,52.28,103.96,48.05,81.91,0
2025-01-01 00:53:13,27.0,52.24,104.06,48.01,82.02,0
2025-01-01 00:53:14,27.03,52.22,103.98,48.17,82.0,0
2025-01-01 00:53:15,26.92,52.32,103.93,47.94,82.09,0
2025-01-01 00:53:16,26.8,52.27,103.95,48.0,82.04,0
2025-01-01 00:53:17,26.93,52.26,103.79,48.03,82.1,0
2025-01-01 00:53:18,26.8,52.35,103.83,47.99,82.12,0
2025-01-01 00:53:19,26.87,52.39,103.75,48.04,82.2,0
2025-01-01 00:53:20,26.88,52.34,103.68,47.98,82.22,0
2025-01-01 00:53:21,26.91,52.33,103.72,47.99,82.24,0
2025-01-01 00:53:22,26.88,52.4,103.58,47.97,82.33,0
2025-01-01 00:53:23,26.79,52.32,103.56,48.04,82.35,0
2025-01-01 00:53:24,26.77,52.51,103.6,47.99,82.3,0
2025-01-01 00:53:25,26.71,52.42,103.49,48.08,82.44,0
2025-01-01 00:53:26,26.77,52.35,103.43,48.06,82.37,0
2025-01-01 00:53:27,26.78,52.45,103.42,47.97,82.43,0
2025-01-01 00:53:28,26.71,52.49,103.33,47.99,82.47,0
2025-01-01 00:53:29,26.72,52.4,103.26,48.04,82.42,0
2025-01-01 00:53:30,26.74,52.46,103.2,47.98,82.55,0
2025-01-01 00:53:31,26.63,52.48,103.27,48.0,82.51,0
2025-01-01 00:53:32,26.62,52.56,103.27,47.91,82.64,0
2025-01-01 00:53:33,26.63,52.55,103.11,47.93,82.65,0
2025-01-01 00:53:34,26.56,52.45,103.02,48.06,82.66,0
2025-01-01 00:53:35,26.63,52.57,103.02,48.03,82.65,0
2025-01-01 00:53:36,26.56,52.5,103.01,48.09,82.67,0
2025-01-01 00:53:37,26.62,52.57,102.95,47.96,82.65,0
2025-01-01 00:53:38,26.54,52.62,102.85,48.13,82.8,0
2025-01-01 00:53:39,26.47,52.59,102.96,48.0,82.82,0
2025-01-01 00:53:40,26.49,52.64,102.85,48.05,82.88,0
2025-01-01 00:53:41,26.6,52.63,102.77,48.05,82.85,0
2025-01-01 00:53:42,26.46,52.68,102.74,48.08,82.96,0
2025-01-01 00:53:43,26.53,52.7,102.6,48.06,82.87,0
2025-01-01 00:53:44,26.48,52.61,102.61,48.05,82.98,0
2025-01-01 00:53:45,26.42,52.75,102.58,48.19,83.04,0
2025-01-01 00:53:46,26.4,52.64,102.41,48.02,82.94,0
2025-01-01 00:53:47,26.38,52.69,102.4,48.16,83.0,0
2025-01-01 00:53:48,26.31,52.73,102.31,48.14,83.11,0
2025-01-01 00:53:49,26.33,52.84,102.37,48.14,83.01,0
2025-01-01 00:53:50,26.32,52.83,102.22,48.22,83.15,0
2025-01-01 00:53:51,26.27,52.75,102.22,48.2,83.08,0
2025-01-01 00:53:52,26.27,52.8,102.05,48.25,83.12,0
2025-01-01 00:53:53,26.13,52.82,102.04,48.31,83.14,0
2025-01-01 00:53:54,26.2,52.86,101.99,48.2,83.22,0
2025-01-01 00:53:55,26.18,52.78,102.05,48.28,83.2,0
2025-01-01 00:53:56,26.22,52.9,101.95,48.23,83.26,0
2025-01-01 00:53:57,26.17,52.88,101.85,48.29,83.3,0
2025-01-01 00:53:58,26.2,52.84,101.72,48.29,83.38,0
2025-01-01 00:53:59,26.12,52.92,101.7,48.3,83.32,0
2025-01-01 00:54:00,26.21,52.97,101.63,48.48,83.33,0
2025-01-01 00:54:01,26.1,53.04,101.59,48.44,83.31,0
2025-01-01 00:54:02,26.18,53.0,101.62,48.47,83.32,0
2025-01-01 00:54:03,26.15,52.94,101.44,48.36,83.42,0
2025-01-01 00:54:04,26.07,53.02,101.44,48.45,83.45,0
2025-01-01 00:54:05,26.11,53.14,101.37,48.41,83.47,0
2025-01-01 00:54:06,25.97,53.03,101.36,48.46,83.4,0
2025-01-01 00:54:07,25.94,53.09,101.31,48.54,83.48,0
2025-01-01 00:54:08,26.09,53.1,101.19,48.38,83.47,0
2025-01-01 00:54:09,26.02,53.2,101.09,48.55,83.57,0
2025-01-01 00:54:10,25.96,53.03,101.08,48.59,83.49,0
2025-01-01 00:54:11,25.92,53.11,100.88,48.62,83.55,0
2025-01-01 00:54:12,26.0,53.23,100.93,48.59,83.6,0
2025-01-01 00:54:13,25.95,53.23,100.94,48.61,83.54,0
2025-01-01 00:54:14,25.88,53.24,100.76,48.58,83.63,0
2025-01-01 00:54:15,25.84,53.24,100.75,48.75,83.69,0
2025-01-01 00:54:16,25.78,53.25,100.74,48.72,83.64,0
2025-01-01 00:54:17,25.77,53.26,100.61,48.73,83.74,0
2025-01-01 00:54:18,25.77,53.27,100.57,48.8,83.6,0
2025-01-01 00:54:19,25.86,53.33,100.48,48.69,83.72,0
2025-01-01 00:54:20,25.76,53.37,100.41,48.78,83.68,0
2025-01-01 00:54:21,25.74,53.35,100.31,48.96,83.65,0
2025-01-01 00:54:22,25.74,53.32,100.23,48.86,83.74,0
2025-01-01 00:54:23,25.77,53.45,100.26,48.83,83.82,0
2025-01-01 00:54:24,25.73,53.39,100.21,48.91,83.74,0
2025-01-01 00:54:25,25.71,53.52,100.13,48.92,83.85,0
2025-01-01 00:54:26,25.69,53.5,100.0,48.98,83.82,0
2025-01-01 00:54:27,25.49,53.53,100.0,48.98,83.76,0
2025-01-01 00:54:28,25.6,53.61,99.93,49.07,83.77,0
2025-01-01 00:54:29,25.63,53.57,99.91,49.05,83.86,0
2025-01-01 00:54:30,25.44,53.52,99.85,48.98,83.81,0
2025-01-01 00:54:31,25.55,53.58,99.73,49.12,83.9,0
2025-01-01 00:54:32,25.48,53.61,99.67,49.02,83.87,0
2025-01-01 00:54:33,25.56,53.72,99.6,49.11,83.87,0
2025-01-01 00:54:34,25.53,53.7,99.59,49.26,83.84,0
2025-01-01 00:54:35,25.46,53.8,99.51,49.17,83.85,0
2025-01-01 00:54:36,25.4,53.76,99.41,49.28,83.86,0
2025-01-01 00:54:37,25.33,53.78,99.4,49.32,83.87,0
2025-01-01 00:54:38,25.37,53.81,99.41,49.33,83.94,0
2025-01-01 00:54:39,25.38,53.74,99.32,49.4,83.96,0
2025-01-01 00:54:40,25.36,53.87,99.25,49.47,83.98,0
2025-01-01 00:54:41,25.36,53.8,99.15,49.43,83.97,0
2025-01-01 00:54:42,25.4,53.89,99.19,49.36,83.97,0
2025-01-01 00:54:43,25.27,53.82,99.01,49.41,83.94,0
2025-01-01 00:54:44,25.29,54.0,98.89,49.56,83.96,0
2025-01-01 00:54:45,25.32,53.95,98.83,49.49,83.9,0
2025-01-01 00:54:46,25.28,54.07,98.81,49.61,83.89,0
2025-01-01 00:54:47,25.24,54.06,98.71,49.6,84.01,0
2025-01-01 00:54:48,25.07,54.12,98.74,49.68,83.96,0
2025-01-01 00:54:49,25.11,54.1,98.65,49.68,84.04,0
2025-01-01 00:54:50,25.21,54.2,98.61,49.68,83.98,0
2025-01-01 00:54:51,25.17,54.18,98.46,49.75,84.07,0
2025-01-01 00:54:52,25.12,54.2,98.5,49.83,83.95,0
2025-01-01 00:54:53,25.07,54.19,98.34,49.8,84.01,0
2025-01-01 00:54:54,25.18,54.23,98.39,49.9,83.95,0
2025-01-01 00:54:55,25.07,54.36,98.3,49.93,84.05,0
2025-01-01 00:54:56,24.98,54.28,98.25,49.93,83.96,0
2025-01-01 00:54:57,24.98,54.27,98.18,50.0,84.09,0
2025-01-01 00:54:58,25.08,54.37,98.08,49.96,84.01,0
2025-01-01 00:54:59,24.96,54.38,98.1,50.04,84.05,0
2025-01-01 00:55:00,24.93,54.43,97.98,50.0,84.03,0
2025-01-01 00:55:01,25.01,54.43,97.95,50.09,84.01,0
2025-01-01 00:55:02,24.88,54.38,97.89,50.11,84.0,0
2025-01-01 00:55:03,24.95,54.46,97.87,50.14,84.09,0
2025-01-01 00:55:04,24.9,54.61,97.8,50.17,83.95,0
2025-01-01 00:55:05,24.8,54.48,97.68,50.23,83.97,0
2025-01-01 00:55:06,24.86,54.62,97.67,50.35,83.93,0
2025-01-01 00:55:07,24.83,54.56,97.66,50.16,83.91,0
2025-01-01 00:55:08,24.81,54.69,97.57,50.24,83.92,0
2025-01-01 00:55:09,24.88,54.61,97.46,50.42,84.03,0
2025-01-01 00:55:10,24.84,54.62,97.38,50.38,83.99,0
2025-01-01 00:55:11,24.77,54.78,97.31,50.45,83.91,0
2025-01-01 00:55:12,24.78,54.71,97.31,50.41,83.89,0
2025-01-01 00:55:13,24.72,54.72,97.33,50.51,84.04,0
2025-01-01 00:55:14,24.71,54.82,97.31,50.47,83.88,0
2025-01-01 00:55:15,24.68,54.75,97.31,50.61,84.05,0
2025-01-01 00:55:16,24.66,54.88,97.12,50.61,83.88,0
2025-01-01 00:55:17,24.51,54.85,97.01,50.68,84.02,0
2025-01-01 00:55:18,24.54,54.98,97.08,50.55,83.91,0
2025-01-01 00:55:19,24.57,54.98,96.93,50.66,83.88,0
2025-01-01 00:55:20,24.6,54.97,96.91,50.69,84.01,0
2025-01-01 00:55:21,24.53,54.96,96.92,50.72,83.83,0
2025-01-01 00:55:22,24.65,55.02,96.82,50.77,83.98,0
2025-01-01 00:55:23,24.43,55.09,96.9,50.8,83.82,0
2025-01-01 00:55:24,24.46,55.11,96.81,50.8,83.91,0
2025-01-01 00:55:25,24.4,55.06,96.67,50.92,83.87,0
2025-01-01 00:55:26,24.47,55.18,96.71,50.85,83.89,0
2025-01-01 00:55:27,24.4,55.3,96.56,50.87,83.87,0
2025-01-01 00:55:28,24.42,55.25,96.57,50.88,83.91,0
2025-01-01 00:55:29,24.44,55.33,96.49,50.99,83.83,0
2025-01-01 00:55:30,24.43,55.35,96.48,50.92,83.89,0
2025-01-01 00:55:31,24.39,55.3,96.44,50.95,83.85,0
2025-01-01 00:55:32,24.27,55.35,96.39,51.11,83.79,0
2025-01-01 00:55:33,24.35,55.39,96.34,51.09,83.76,0
2025-01-01 00:55:34,24.22,55.39,96.31,51.1,83.75,0
2025-01-01 00:55:35,24.26,55.41,96.23,51.12,83.74,0
2025-01-01 00:55:36,24.28,55.48,96.16,51.1,83.85,0
2025-01-01 00:55:37,24.19,55.5,96.2,51.21,83.74,0
2025-01-01 00:55:38,24.2,55.57,96.14,51.2,83.71,0
2025-01-01 00:55:39,24.26,55.59,96.09,51.3,83.73,0
2025-01-01 00:55:40,24.26,55.54,96.1,51.3,83.62,0
2025-01-01 00:55:41,24.18,55.71,95.98,51.32,83.69,0
2025-01-01 00:55:42,24.09,55.68,95.99,51.28,83.59,0
2025-01-01 00:55:43,24.12,55.77,95.97,51.3,83.65,0
2025-01-01 00:55:44,24.07,55.68,95.89,51.43,83.63,0
2025-01-01 00:55:45,24.09,55.77,95.85,51.4,83.52,0
2025-01-01 00:55:46,24.05,55.82,95.77,51.38,83.58,0
2025-01-01 00:55:47,24.05,55.85,95.76,51.52,83.5,0
2025-01-01 00:55:48,24.04,55.87,95.77,51.49,83.45,0
2025-01-01 00:55:49,24.01,55.99,95.82,51.48,83.51,0
2025-01-01 00:55:50,24.1,56.02,95.67,51.48,83.53,0
2025-01-01 00:55:51,23.92,56.05,95.69,51.56,83.45,0
2025-01-01 00:55:52,23.92,56.11,95.63,51.53,83.44,0
2025-01-01 00:55:53,23.95,56.02,95.58,51.54,83.47,0
2025-01-01 00:55:54,23.87,56.02,95.48,51.52,83.47,0
2025-01-01 00:55:55,23.9,56.16,95.58,51.62,83.38,0
2025-01-01 00:55:56,23.93,56.18,95.59,51.66,83.33,0
2025-01-01 00:55:57,23.84,56.17,95.56,51.63,83.3,0
2025-01-01 00:55:58,23.86,56.24,95.48,51.77,83.36,0
2025-01-01 00:55:59,23.83,56.21,95.42,51.72,83.24,0
2025-01-01 00:56:00,23.91,56.32,95.42,51.67,83.3,0
2025-01-01 00:56:01,23.73,56.46,95.46,51.77,83.18,0
2025-01-01 00:56:02,23.78,56.45,95.4,51.69,83.19,0
2025-01-01 00:56:03,23.73,56.39,95.42,51.66,83.23,0
2025-01-01 00:56:04,23.67,56.41,95.22,51.74,83.25,0
2025-01-01 00:56:05,23.73,56.43,95.35,51.85,83.16,0
2025-01-01 00:56:06,23.8,56.57,95.31,51.76,83.16,0
2025-01-01 00:56:07,23.69,56.59,95.23,51.82,83.06,0
2025-01-01 00:56:08,23.55,56.65,95.17,51.84,83.09,0
2025-01-01 00:56:09,23.66,56.62,95.24,51.87,83.09,0
2025-01-01 00:56:10,23.71,56.69,95.21,51.81,83.05,0
2025-01-01 00:56:11,23.64,56.7,95.21,51.85,83.03,0
2025-01-01 00:56:12,23.64,56.79,95.18,51.83,82.94,0
2025-01-01 00:56:13,23.6,56.91,95.14,51.91,82.92,0
2025-01-01 00:56:14,23.51,56.79,95.04,51.97,82.81,0
2025-01-01 00:56:15,23.53,56.8,95.08,51.98,82.9,0
2025-01-01 00:56:16,23.47,56.86,95.07,51.92,82.87,0
2025-01-01 00:56:17,23.6,56.83,95.1,51.91,82.88,0
2025-01-01 00:56:18,23.5,57.0,95.1,51.89,82.87,0
2025-01-01 00:56:19,23.51,57.05,95.14,51.97,82.85,0
2025-01-01 00:56:20,23.47,57.03,95.06,51.95,82.72,0
2025-01-01 00:56:21,23.52,57.09,95.06,51.98,82.87,0
2025-01-01 00:56:22,23.36,57.07,94.98,51.96,82.7,0
2025-01-01 00:56:23,23.38,57.13,95.05,51.95,82.68,0
2025-01-01 00:56:24,23.44,57.22,95.08,52.03,82.64,0
2025-01-01 00:56:25,23.36,57.19,95.0,51.96,82.64,0
2025-01-01 00:56:26,23.37,57.3,94.96,52.06,82.55,0
2025-01-01 00:56:27,23.28,57.28,95.14,51.97,82.52,0
2025-01-01 00:56:28,23.31,57.33,94.97,52.0,82.56,0
2025-01-01 00:56:29,23.32,57.32,94.99,51.97,82.48,0
2025-01-01 00:56:30,23.35,57.41,95.0,52.09,82.49,0
2025-01-01 00:56:31,23.3,57.55,95.03,51.9,82.45,0
2025-01-01 00:56:32,23.17,57.52,94.91,51.98,82.36,0
2025-01-01 00:56:33,23.2,57.51,95.05,51.96,82.38,0
2025-01-01 00:56:34,23.17,57.56,95.02,51.95,82.25,0
2025-01-01 00:56:35,23.23,57.66,95.0,51.98,82.29,0
2025-01-01 00:56:36,23.19,57.66,94.88,51.94,82.21,0
2025-01-01 00:56:37,23.18,57.69,95.04,52.01,82.15,0
2025-01-01 00:56:38,23.23,57.79,94.95,52.01,82.15,0
2025-01-01 00:56:39,23.15,57.81,95.12,52.03,82.16,0
2025-01-01 00:56:40,23.11,57.81,95.09,51.98,82.07,0
2025-01-01 00:56:41,23.03,57.86,95.04,51.95,82.13,0
2025-01-01 00:56:42,23.07,57.87,95.03,51.96,82.06,0
2025-01-01 00:56:43,23.14,57.86,95.06,51.98,82.02,0
2025-01-01 00:56:44,23.11,57.96,95.07,52.0,81.95,0
2025-01-01 00:56:45,23.06,57.98,95.05,51.94,81.97,0
2025-01-01 00:56:46,23.04,58.05,95.07,51.87,81.91,0
2025-01-01 00:56:47,23.02,58.08,95.05,51.89,81.9,0
2025-01-01 00:56:48,22.99,58.12,95.07,51.94,81.82,0
2025-01-01 00:56:49,22.94,58.17,95.07,51.94,81.82,0
2025-01-01 00:56:50,22.94,58.13,95.23,51.89,81.8,0
2025-01-01 00:56:51,23.05,58.26,95.11,51.91,81.69,0
2025-01-01 00:56:52,22.99,58.29,95.12,51.85,81.63,0
2025-01-01 00:56:53,22.98,58.31,95.17,51.85,81.59,0
2025-01-01 00:56:54,22.96,58.34,95.22,51.86,81.61,0
2025-01-01 00:56:55,22.94,58.42,95.23,51.85,81.62,0
2025-01-01 00:56:56,22.94,58.42,95.18,51.92,81.52,0
2025-01-01 00:56:57,22.9,58.46,95.13,51.9,81.37,0
2025-01-01 00:56:58,22.76,58.53,95.27,51.8,81.48,0
2025-01-01 00:56:59,22.72,58.57,95.28,51.81,81.44,0
2025-01-01 00:57:00,22.85,58.58,95.19,51.91,81.46,0
2025-01-01 00:57:01,22.75,58.6,95.29,51.84,81.25,0
2025-01-01 00:57:02,22.78,58.57,95.31,51.75,81.33,0
2025-01-01 00:57:03,22.76,58.66,95.38,51.78,81.31,0
2025-01-01 00:57:04,22.77,58.71,95.37,51.76,81.14,0
2025-01-01 00:57:05,22.78,58.79,95.4,51.71,81.08,0
2025-01-01 00:57:06,22.73,58.9,95.42,51.69,81.17,0
2025-01-01 00:57:07,22.75,58.89,95.44,51.71,81.22,0
2025-01-01 00:57:08,22.77,59.01,95.44,51.75,81.06,0
2025-01-01 00:57:09,22.73,58.97,95.47,51.65,81.1,0
2025-01-01 00:57:10,22.66,59.06,95.46,51.73,81.07,0
2025-01-01 00:57:11,22.68,58.99,95.53,51.6,80.98,0
2025-01-01 00:57:12,22.73,59.15,95.59,51.55,80.91,0
2025-01-01 00:57:13,22.65,59.04,95.56,51.67,80.92,0
2025-01-01 00:57:14,22.6,59.17,95.59,51.49,80.82,0
2025-01-01 00:57:15,22.72,59.16,95.55,51.59,80.81,0
2025-01-01 00:57:16,22.53,59.2,95.73,51.53,80.87,0
2025-01-01 00:57:17,22.57,59.25,95.71,51.41,80.79,0
2025-01-01 00:57:18,22.62,59.31,95.79,51.43,80.66,0
2025-01-01 00:57:19,22.59,59.39,95.89,51.48,80.67,0
2025-01-01 00:57:20,22.59,59.37,95.79,51.42,80.56,0
2025-01-01 00:57:21,22.56,59.49,95.92,51.35,80.58,0
2025-01-01 00:57:22,22.51,59.45,95.96,51.4,80.67,0
2025-01-01 00:57:23,22.6,59.5,95.98,51.33,80.45,0
2025-01-01 00:57:24,22.59,59.58,95.97,51.33,80.53,0
2025-01-01 00:57:25,22.56,59.5,96.03,51.28,80.48,0
2025-01-01 00:57:26,22.56,59.68,96.0,51.23,80.45,0
2025-01-01 00:57:27,22.46,59.57,96.13,51.21,80.44,0
2025-01-01 00:57:28,22.5,59.7,96.12,51.29,80.33,0
2025-01-01 00:57:29,22.45,59.69,96.18,51.14,80.32,0
2025-01-01 00:57:30,22.37,59.76,96.25,51.18,80.19,0
2025-01-01 00:57:31,22.48,59.77,96.26,51.17,80.21,0
2025-01-01 00:57:32,22.41,59.91,96.31,51.14,80.23,0
2025-01-01 00:57:33,22.49,59.95,96.35,51.12,80.12,0
2025-01-01 00:57:34,22.36,59.95,96.4,51.08,80.06,0
2025-01-01 00:57:35,22.37,60.0,96.37,51.09,80.02,0
2025-01-01 00:57:36,22.41,60.04,96.5,50.92,80.03,0
2025-01-01 00:57:37,22.4,60.02,96.48,50.95,79.89,0
2025-01-01 00:57:38,22.47,60.16,96.59,50.92,79.9,0
2025-01-01 00:57:39,22.41,60.22,96.58,50.85,79.95,0
2025-01-01 00:57:40,22.27,60.12,96.64,50.8,79.89,0
2025-01-01 00:57:41,22.39,60.18,96.77,50.92,79.78,0
2025-01-01 00:57:42,22.32,60.36,96.79,50.83,79.82,0
2025-01-01 00:57:43,22.35,60.26,96.8,50.84,79.61,0
2025-01-01 00:57:44,22.31,60.4,96.82,50.83,79.74,0
2025-01-01 00:57:45,22.31,60.34,96.88,50.86,79.72,0
2025-01-01 00:57:46,22.31,60.38,96.95,50.7,79.53,0
2025-01-01 00:57:47,22.3,60.52,96.9,50.7,79.62,0
2025-01-01 00:57:48,22.26,60.57,97.01,50.65,79.5,0
2025-01-01 00:57:49,22.26,60.5,97.13,50.64,79.47,0
2025-01-01 00:57:50,22.2,60.59,97.17,50.55,79.53,0
2025-01-01 00:57:51,22.18,60.5,97.16,50.57,79.34,0
2025-01-01 00:57:52,22.21,60.7,97.27,50.52,79.39,0
2025-01-01 00:57:53,22.23,60.67,97.34,50.4,79.21,0
2025-01-01 00:57:54,22.22,60.78,97.37,50.48,79.17,0
2025-01-01 00:57:55,22.25,60.8,97.34,50.45,79.23,0
2025-01-01 00:57:56,22.38,60.7,97.53,50.35,79.11,0
2025-01-01 00:57:57,22.19,60.86,97.57,50.42,79.23,0
2025-01-01 00:57:58,22.16,60.94,97.59,50.27,79.11,0
2025-01-01 00:57:59,22.17,60.93,97.59,50.22,79.1,0
2025-01-01 00:58:00,22.23,60.96,97.75,50.23,79.02,0
2025-01-01 00:58:01,22.22,61.0,97.74,50.08,79.0,0
2025-01-01 00:58:02,22.09,60.99,97.73,50.12,78.93,0
2025-01-01 00:58:03,22.15,61.12,97.86,50.04,78.93,0
2025-01-01 00:58:04,22.18,61.11,97.9,50.12,78.92,0
2025-01-01 00:58:05,22.08,61.15,98.04,50.14,78.89,0
2025-01-01 00:58:06,22.18,61.29,98.12,50.03,78.76,0
2025-01-01 00:58:07,22.13,61.4,98.0,49.98,78.7,0
2025-01-01 00:58:08,22.15,61.22,98.13,49.87,78.76,0
2025-01-01 00:58:09,22.2,61.3,98.19,49.93,78.7,0
2025-01-01 00:58:10,22.13,61.4,98.31,49.86,78.64,0
2025-01-01 00:58:11,22.17,61.33,98.21,49.88,78.64,0
2025-01-01 00:58:12,22.08,61.41,98.33,49.8,78.62,0
2025-01-01 00:58:13,22.05,61.47,98.38,49.73,78.59,0
2025-01-01 00:58:14,22.08,61.53,98.41,49.74,78.54,0
2025-01-01 00:58:15,22.23,61.46,98.54,49.76,78.44,0
2025-01-01 00:58:16,22.14,61.56,98.61,49.68,78.49,0
2025-01-01 00:58:17,22.06,61.62,98.71,49.62,78.4,0
2025-01-01 00:58:18,22.0,61.62,98.75,49.59,78.33,0
2025-01-01 00:58:19,22.11,61.69,98.83,49.62,78.35,0
2025-01-01 00:58:20,22.14,61.77,98.93,49.62,78.26,0
2025-01-01 00:58:21,22.14,61.81,98.89,49.56,78.31,0
2025-01-01 00:58:22,22.09,61.92,99.03,49.54,78.16,0
2025-01-01 00:58:23,22.06,61.88,99.07,49.51,78.19,0
2025-01-01 00:58:24,22.07,61.95,99.05,49.53,78.04,0
2025-01-01 00:58:25,22.13,61.95,99.21,49.43,78.13,0
2025-01-01 00:58:26,22.08,62.03,99.2,49.43,78.02,0
2025-01-01 00:58:27,22.05,62.07,99.33,49.37,78.02,0
2025-01-01 00:58:28,22.09,62.03,99.43,49.32,77.93,0
2025-01-01 00:58:29,21.98,62.11,99.41,49.39,77.92,0
2025-01-01 00:58:30,22.04,62.09,99.44,49.34,77.88,0
2025-01-01 00:58:31,22.07,62.2,99.53,49.25,77.84,0
2025-01-01 00:58:32,22.12,62.32,99.59,49.32,77.85,0
2025-01-01 00:58:33,22.05,62.33,99.63,49.1,77.75,0
2025-01-01 00:58:34,22.13,62.27,99.7,49.08,77.85,0
2025-01-01 00:58:35,21.99,62.31,99.79,49.05,77.76,0
2025-01-01 00:58:36,22.09,62.4,99.85,49.09,77.71,0
2025-01-01 00:58:37,22.12,62.37,99.91,49.05,77.75,0
2025-01-01 00:58:38,22.07,62.45,99.98,49.03,77.55,0
2025-01-01 00:58:39,21.94,62.46,100.0,48.93,77.67,0
2025-01-01 00:58:40,22.01,62.52,100.03,48.96,77.47,0
2025-01-01 00:58:41,22.0,62.57,100.16,48.85,77.58,0
2025-01-01 00:58:42,21.96,62.56,100.25,49.0,77.54,0
2025-01-01 00:58:43,21.97,62.65,100.32,48.91,77.65,0
2025-01-01 00:58:44,21.97,62.69,100.42,48.92,77.38,0
2025-01-01 00:58:45,22.01,62.79,100.55,48.86,77.43,0
2025-01-01 00:58:46,21.95,62.86,100.5,48.75,77.41,0
2025-01-01 00:58:47,22.02,62.82,100.48,48.74,77.3,0
2025-01-01 00:58:48,22.05,62.81,100.61,48.81,77.37,0
2025-01-01 00:58:49,22.0,62.87,100.65,48.78,77.34,0
2025-01-01 00:58:50,21.97,62.95,100.77,48.62,77.37,0
2025-01-01 00:58:51,22.02,62.95,100.82,48.64,77.31,0
2025-01-01 00:58:52,21.98,62.9,100.78,48.67,77.19,0
2025-01-01 00:58:53,22.08,63.07,100.96,48.62,77.22,0
2025-01-01 00:58:54,21.94,63.1,100.98,48.62,77.26,0
2025-01-01 00:58:55,21.97,63.08,101.04,48.52,77.14,0
2025-01-01 00:58:56,22.02,63.11,101.15,48.47,77.18,0
2025-01-01 00:58:57,22.03,63.13,101.09,48.42,77.06,0
2025-01-01 00:58:58,22.05,63.2,101.26,48.47,77.1,0
2025-01-01 00:58:59,21.97,63.19,101.26,48.45,76.96,0
2025-01-01 00:59:00,21.99,63.28,101.39,48.5,77.08,0
2025-01-01 00:59:01,22.04,63.32,101.32,48.44,77.02,0
2025-01-01 00:59:02,22.08,63.38,101.5,48.36,76.95,0
2025-01-01 00:59:03,22.03,63.44,101.5,48.39,76.97,0
2025-01-01 00:59:04,21.95,63.5,101.52,48.28,76.91,0
2025-01-01 00:59:05,22.09,63.48,101.66,48.36,76.88,0
2025-01-01 00:59:06,21.93,63.38,101.69,48.4,76.88,0
2025-01-01 00:59:07,22.04,63.6,101.76,48.31,76.79,0
2025-01-01 00:59:08,22.11,63.59,101.75,48.24,76.87,0
2025-01-01 00:59:09,21.96,63.69,101.72,48.36,76.81,0
2025-01-01 00:59:10,22.02,63.62,102.01,48.3,76.72,0
2025-01-01 00:59:11,21.93,63.68,101.97,48.18,76.74,0
2025-01-01 00:59:12,21.99,63.7,102.06,48.31,76.76,0
2025-01-01 00:59:13,21.99,63.76,102.09,48.15,76.71,0
2025-01-01 00:59:14,22.12,63.78,102.06,48.21,76.61,0
2025-01-01 00:59:15,22.07,63.84,102.19,48.17,76.64,0
2025-01-01 00:59:16,22.03,63.81,102.18,48.23,76.61,0
2025-01-01 00:59:17,22.04,63.89,102.33,48.1,76.52,0
2025-01-01 00:59:18,22.01,63.93,102.33,48.13,76.69,0
2025-01-01 00:59:19,21.95,63.91,102.51,48.14,76.53,0
2025-01-01 00:59:20,22.1,63.99,102.46,48.14,76.51,0
2025-01-01 00:59:21,22.0,64.01,102.48,48.12,76.54,0
2025-01-01 00:59:22,22.09,64.11,102.56,48.13,76.53,0
2025-01-01 00:59:23,22.07,64.06,102.58,48.12,76.4,0
2025-01-01 00:59:24,22.05,63.99,102.62,48.04,76.52,0
2025-01-01 00:59:25,22.1,64.13,102.78,48.12,76.44,0
2025-01-01 00:59:26,22.0,64.18,102.79,48.0,76.45,0
2025-01-01 00:59:27,22.09,64.25,102.86,48.09,76.4,0
2025-01-01 00:59:28,22.09,64.24,102.87,48.12,76.29,0
2025-01-01 00:59:29,22.12,64.26,102.91,48.06,76.3,0
2025-01-01 00:59:30,22.04,64.28,102.99,48.0,76.44,0
2025-01-01 00:59:31,22.18,64.26,103.07,48.07,76.37,0
2025-01-01 00:59:32,22.06,64.38,103.06,48.0,76.27,0
2025-01-01 00:59:33,22.09,64.35,103.13,47.96,76.32,0
2025-01-01 00:59:34,22.07,64.47,103.25,48.09,76.17,0
2025-01-01 00:59:35,22.07,64.48,103.26,47.93,76.23,0
2025-01-01 00:59:36,22.12,64.53,103.31,48.03,76.29,0
2025-01-01 00:59:37,22.13,64.56,103.37,47.89,76.33,0
2025-01-01 00:59:38,22.02,64.54,103.37,48.04,76.09,0
2025-01-01 00:59:39,22.13,64.66,103.48,47.97,76.21,0
2025-01-01 00:59:40,22.11,64.64,103.42,47.96,76.24,0
2025-01-01 00:59:41,22.15,64.71,103.53,48.04,76.24,0
2025-01-01 00:59:42,22.06,64.68,103.55,48.0,76.16,0
2025-01-01 00:59:43,22.2,64.85,103.61,48.0,76.22,0
2025-01-01 00:59:44,22.07,64.79,103.7,47.97,76.1,0
2025-01-01 00:59:45,22.16,64.81,103.64,48.11,76.13,0
2025-01-01 00:59:46,22.12,64.84,103.78,48.01,76.17,0
2025-01-01 00:59:47,22.14,64.96,103.8,48.06,76.15,0
2025-01-01 00:59:48,22.23,64.87,103.79,48.08,76.2,0
2025-01-01 00:59:49,22.14,64.96,103.83,47.98,76.13,0
2025-01-01 00:59:50,22.26,65.0,103.88,48.05,76.09,0
2025-01-01 00:59:51,22.23,65.08,103.83,48.07,76.02,0
2025-01-01 00:59:52,22.28,65.01,103.91,48.07,76.1,0
2025-01-01 00:59:53,22.18,65.01,104.0,47.98,76.03,0
2025-01-01 00:59:54,22.24,65.05,104.07,48.12,76.06,0
2025-01-01 00:59:55,22.25,65.23,104.02,48.11,76.12,0
2025-01-01 00:59:56,22.29,65.23,104.13,48.03,76.11,0
2025-01-01 00:59:57,22.32,65.25,104.16,48.03,76.06,0
2025-01-01 00:59:58,22.31,65.27,104.17,48.09,75.98,0
2025-01-01 00:59:59,22.32,65.21,104.26,48.03,76.09,0
2025-01-01 01:00:00,22.3,65.24,104.29,48.07,76.07,0
2025-01-01 01:00:01,22.28,65.23,104.24,48.08,76.1,0
2025-01-01 01:00:02,22.35,65.42,104.4,48.09,76.01,0
2025-01-01 01:00:03,22.29,65.34,104.26,48.13,75.96,0
2025-01-01 01:00:04,22.32,65.51,104.36,48.15,76.06,0
2025-01-01 01:00:05,22.34,65.45,104.39,48.14,75.96,0
2025-01-01 01:00:06,22.38,65.37,104.49,48.1,76.06,0
2025-01-01 01:00:07,22.33,65.43,104.5,48.23,75.98,0
2025-01-01 01:00:08,22.39,65.4,104.43,48.26,75.99,0
2025-01-01 01:00:09,22.27,65.51,104.48,48.2,75.98,0
2025-01-01 01:00:10,22.38,65.57,104.62,48.24,76.02,0
2025-01-01 01:00:11,22.44,65.59,104.51,48.3,76.01,0
2025-01-01 01:00:12,22.4,65.6,104.57,48.3,76.05,0
2025-01-01 01:00:13,22.44,65.7,104.65,48.28,75.99,0
2025-01-01 01:00:14,22.47,65.67,104.67,48.25,75.97,0
2025-01-01 01:00:15,22.41,65.68,104.71,48.24,76.01,0
2025-01-01 01:00:16,22.44,65.66,104.67,48.34,76.02,0
2025-01-01 01:00:17,22.43,65.81,104.71,48.34,76.02,0
2025-01-01 01:00:18,22.5,65.77,104.71,48.33,75.99,0
2025-01-01 01:00:19,22.54,65.86,104.7,48.35,76.03,0
2025-01-01 01:00:20,22.43,65.82,104.84,48.37,76.06,0
2025-01-01 01:00:21,22.55,65.85,104.75,48.41,75.96,0
2025-01-01 01:00:22,22.5,65.9,104.83,48.51,76.06,0
2025-01-01 01:00:23,22.53,65.84,104.85,48.55,75.87,0
2025-01-01 01:00:24,22.56,65.96,104.8,48.52,76.11,0
2025-01-01 01:00:25,22.57,65.97,104.81,48.51,76.07,0
2025-01-01 01:00:26,22.52,66.0,105.01,48.58,76.09,0
2025-01-01 01:00:27,22.48,66.01,104.89,48.5,76.12,0
2025-01-01 01:00:28,22.64,66.04,104.99,48.57,76.18,0
2025-01-01 01:00:29,22.59,66.12,104.98,48.66,76.08,0
2025-01-01 01:00:30,22.58,66.15,104.88,48.63,76.0,0
2025-01-01 01:00:31,22.51,66.15,104.99,48.69,76.06,0
2025-01-01 01:00:32,22.7,66.14,104.85,48.56,76.01,0
2025-01-01 01:00:33,22.67,66.17,104.97,48.78,76.03,0
2025-01-01 01:00:34,22.66,66.25,104.92,48.79,76.07,0
2025-01-01 01:00:35,22.63,66.35,104.99,48.79,76.17,0
2025-01-01 01:00:36,22.63,66.34,104.95,48.74,76.09,0
2025-01-01 01:00:37,22.65,66.34,104.99,48.77,76.15,0
2025-01-01 01:00:38,22.68,66.31,104.99,48.85,76.15,0
2025-01-01 01:00:39,22.68,66.39,104.98,48.82,76.06,0
2025-01-01 01:00:40,22.76,66.37,105.0,48.93,76.12,0
2025-01-01 01:00:41,22.66,66.4,105.01,48.89,76.23,0
2025-01-01 01:00:42,22.62,66.47,105.04,48.96,76.0,0
2025-01-01 01:00:43,22.82,66.39,104.97,48.96,76.2,0
2025-01-01 01:00:44,22.8,66.51,105.04,49.01,76.21,0
2025-01-01 01:00:45,22.73,66.45,105.04,49.06,76.24,0
2025-01-01 01:00:46,22.77,66.56,104.94,49.1,76.2,0
2025-01-01 01:00:47,22.89,66.46,105.09,49.06,76.21,0
2025-01-01 01:00:48,22.83,66.52,104.99,49.07,76.21,0
2025-01-01 01:00:49,22.86,66.54,104.95,49.07,76.23,0
2025-01-01 01:00:50,22.91,66.56,104.95,49.18,76.25,0
2025-01-01 01:00:51,22.97,66.62,105.0,49.25,76.33,0
2025-01-01 01:00:52,22.89,66.64,105.08,49.23,76.28,0
2025-01-01 01:00:53,22.86,66.59,105.01,49.14,76.32,0
2025-01-01 01:00:54,22.9,66.81,104.87,49.25,76.33,0
2025-01-01 01:00:55,22.91,66.69,104.95,49.26,76.37,0
2025-01-01 01:00:56,22.82,66.74,104.92,49.41,76.45,0
2025-01-01 01:00:57,22.93,66.83,104.92,49.34,76.47,0
2025-01-01 01:00:58,22.99,66.78,104.96,49.43,76.4,0
2025-01-01 01:00:59,22.91,66.79,104.95,49.45,76.46,0
2025-01-01 01:01:00,23.01,66.78,104.84,49.48,76.41,0
2025-01-01 01:01:01,23.02,66.81,104.86,49.57,76.46,0
2025-01-01 01:01:02,22.99,66.86,104.95,49.56,76.5,0
2025-01-01 01:01:03,23.0,66.94,104.98,49.54,76.43,0
2025-01-01 01:01:04,23.06,66.95,104.84,49.56,76.51,0
2025-01-01 01:01:05,23.1,66.9,104.86,49.7,76.54,0
2025-01-01 01:01:06,23.08,66.99,104.77,49.63,76.54,0
2025-01-01 01:01:07,23.07,66.92,104.89,49.82,76.55,0
2025-01-01 01:01:08,23.12,66.97,104.84,49.81,76.5,0
2025-01-01 01:01:09,23.15,66.94,104.85,49.8,76.57,0
2025-01-01 01:01:10,23.13,67.01,104.77,49.86,76.58,0
2025-01-01 01:01:11,23.25,67.12,104.68,49.85,76.74,0
2025-01-01 01:01:12,23.24,67.04,104.74,50.03,76.69,0
2025-01-01 01:01:13,23.16,67.09,104.69,49.89,76.72,0
2025-01-01 01:01:14,23.15,67.06,104.7,49.86,76.77,0
2025-01-01 01:01:15,23.13,67.03,104.61,49.99,76.81,0
2025-01-01 01:01:16,23.24,67.12,104.64,49.97,76.78,0
2025-01-01 01:01:17,23.2,67.16,104.58,50.0,76.8,0
2025-01-01 01:01:18,23.28,67.23,104.48,50.07,76.78,0
2025-01-01 01:01:19,23.33,67.23,104.56,50.08,76.89,0
2025-01-01 01:01:20,23.23,67.12,104.45,50.14,76.9,0
2025-01-01 01:01:21,23.18,67.29,104.49,50.1,76.9,0
2025-01-01 01:01:22,23.4,67.27,104.51,50.14,76.9,0
2025-01-01 01:01:23,23.31,67.34,104.46,50.39,76.92,0
2025-01-01 01:01:24,23.34,67.27,104.46,50.26,76.98,0
2025-01-01 01:01:25,23.4,67.29,104.33,50.3,76.99,0
2025-01-01 01:01:26,23.41,67.35,104.42,50.3,77.0,0
2025-01-01 01:01:27,23.38,67.33,104.28,50.39,77.11,0
2025-01-01 01:01:28,23.32,67.36,104.25,50.43,77.03,0
2025-01-01 01:01:29,23.52,67.4,104.27,50.48,77.07,0
2025-01-01 01:01:30,23.45,67.41,104.17,50.55,77.12,0
2025-01-01 01:01:31,23.52,67.49,104.13,50.51,77.21,0
2025-01-01 01:01:32,23.56,67.38,104.11,50.53,77.26,0
2025-01-01 01:01:33,23.51,67.42,104.08,50.61,77.23,0
2025-01-01 01:01:34,23.5,67.38,103.96,50.56,77.29,0
2025-01-01 01:01:35,23.63,67.48,104.05,50.63,77.31,0
2025-01-01 01:01:36,23.6,67.55,103.98,50.73,77.35,0
2025-01-01 01:01:37,23.64,67.37,104.0,50.69,77.31,0
2025-01-01 01:01:38,23.54,67.49,103.91,50.66,77.29,0
2025-01-01 01:01:39,23.66,67.55,103.88,50.82,77.39,0
2025-01-01 01:01:40,23.65,67.47,103.76,50.88,77.48,0
2025-01-01 01:01:41,23.6,67.54,103.79,50.81,77.44,0
2025-01-01 01:01:42,23.71,67.58,103.77,50.84,77.48,0
2025-01-01 01:01:43,23.75,67.58,103.71,50.88,77.54,0
2025-01-01 01:01:44,23.7,67.61,103.62,50.89,77.58,0
2025-01-01 01:01:45,23.69,67.5,103.63,50.85,77.52,0
2025-01-01 01:01:46,23.8,67.58,103.65,50.91,77.61,0
2025-01-01 01:01:47,23.8,67.55,103.59,51.02,77.57,0
2025-01-01 01:01:48,23.79,67.64,103.47,50.95,77.69,0
2025-01-01 01:01:49,23.93,67.61,103.53,51.02,77.72,0
2025-01-01 01:01:50,23.87,67.64,103.39,51.12,77.84,0
2025-01-01 01:01:51,23.87,67.63,103.35,51.24,77.78,0
2025-01-01 01:01:52,23.84,67.61,103.22,51.16,77.84,0
2025-01-01 01:01:53,23.87,67.68,103.21,51.17,77.87,0
2025-01-01 01:01:54,23.88,67.77,103.17,51.21,77.92,0
2025-01-01 01:01:55,23.92,67.69,103.1,51.29,77.9,0
2025-01-01 01:01:56,23.97,67.74,103.09,51.24,78.01,0
2025-01-01 01:01:57,23.91,67.83,103.03,51.21,77.99,0
2025-01-01 01:01:58,24.09,67.64,103.01,51.32,78.02,0
2025-01-01 01:01:59,24.02,67.71,102.94,51.31,77.99,0
2025-01-01 01:02:00,24.02,67.73,102.9,51.36,77.99,0
2025-01-01 01:02:01,24.03,67.88,102.82,51.44,78.12,0
2025-01-01 01:02:02,24.03,67.71,102.83,51.47,78.14,0
2025-01-01 01:02:03,24.07,67.83,102.78,51.34,78.2,0
2025-01-01 01:02:04,24.17,67.79,102.58,51.46,78.22,0
2025-01-01 01:02:05,24.02,67.72,102.71,51.43,78.22,0
2025-01-01 01:02:06,24.13,67.78,102.61,51.48,78.24,0
2025-01-01 01:02:07,24.13,67.84,102.56,51.51,78.43,0
2025-01-01 01:02:08,24.21,67.87,102.49,51.54,78.35,0
2025-01-01 01:02:09,24.23,67.83,102.46,51.56,78.41,0
2025-01-01 01:02:10,24.36,67.81,102.36,51.61,78.42,0
2025-01-01 01:02:11,24.22,67.79,102.36,51.62,78.47,0
2025-01-01 01:02:12,24.29,67.76,102.25,51.61,78.46,0
2025-01-01 01:02:13,24.18,67.85,102.26,51.7,78.53,0
2025-01-01 01:02:14,24.33,67.9,102.23,51.63,78.5,0
2025-01-01 01:02:15,24.31,67.83,102.08,51.66,78.61,0
2025-01-01 01:02:16,24.33,67.92,102.04,51.71,78.67,0
2025-01-01 01:02:17,24.39,67.88,102.0,51.69,78.7,0
2025-01-01 01:02:18,24.33,67.85,101.98,51.67,78.73,0
2025-01-01 01:02:19,24.44,67.89,101.93,51.71,78.73,0
2025-01-01 01:02:20,24.33,67.98,101.77,51.79,78.77,0
2025-01-01 01:02:21,24.49,68.03,101.68,51.72,78.9,0
2025-01-01 01:02:22,24.47,67.96,101.68,51.89,78.9,0
2025-01-01 01:02:23,24.4,67.92,101.59,51.88,78.9,0
2025-01-01 01:02:24,24.51,67.91,101.56,51.72,79.01,0
2025-01-01 01:02:25,24.57,67.89,101.45,51.87,78.93,0
2025-01-01 01:02:26,24.58,67.9,101.42,51.86,79.0,0
2025-01-01 01:02:27,24.51,67.97,101.29,51.94,79.09,0
2025-01-01 01:02:28,24.5,67.9,101.4,51.9,79.2,0
2025-01-01 01:02:29,24.55,67.97,101.31,51.91,79.23,0
2025-01-01 01:02:30,24.57,67.95,101.2,51.89,79.24,0
2025-01-01 01:02:31,24.54,68.02,101.11,51.89,79.31,0
2025-01-01 01:02:32,24.66,67.98,101.05,51.86,79.33,0
2025-01-01 01:02:33,24.63,67.95,101.1,51.87,79.34,0
2025-01-01 01:02:34,24.68,67.97,100.96,51.9,79.31,0
2025-01-01 01:02:35,24.73,67.94,100.97,51.93,79.35,0
2025-01-01 01:02:36,24.71,67.96,100.92,51.93,79.43,0
2025-01-01 01:02:37,24.81,68.01,100.89,52.02,79.44,0
2025-01-01 01:02:38,24.81,68.06,100.82,52.01,79.57,0
2025-01-01 01:02:39,24.77,67.95,100.66,51.88,79.63,0
2025-01-01 01:02:40,24.79,68.05,100.56,52.03,79.58,0
2025-01-01 01:02:41,24.76,68.07,100.61,51.99,79.65,0
2025-01-01 01:02:42,24.86,68.0,100.45,51.96,79.78,0
2025-01-01 01:02:43,25.0,68.07,100.46,51.97,79.68,0
2025-01-01 01:02:44,24.85,67.97,100.48,52.08,79.8,0
2025-01-01 01:02:45,24.85,68.04,100.29,51.89,79.82,0
2025-01-01 01:02:46,24.88,67.96,100.23,51.97,79.84,0
2025-01-01 01:02:47,24.94,67.91,100.26,51.95,79.84,0
2025-01-01 01:02:48,24.95,67.99,100.19,52.01,79.95,0
2025-01-01 01:02:49,25.0,68.01,100.07,51.9,79.95,0
2025-01-01 01:02:50,25.06,68.2,99.93,52.02,79.98,0
2025-01-01 01:02:51,25.12,67.93,99.96,51.93,80.03,0
2025-01-01 01:02:52,25.04,68.05,99.82,52.03,80.08,0
2025-01-01 01:02:53,25.08,68.05,99.74,52.04,80.1,0
2025-01-01 01:02:54,25.14,68.02,99.73,51.97,80.2,0
2025-01-01 01:02:55,25.16,67.97,99.63,52.03,80.13,0
2025-01-01 01:02:56,25.06,67.94,99.6,51.92,80.15,0
2025-01-01 01:02:57,25.08,68.03,99.49,51.97,80.38,0
2025-01-01 01:02:58,25.16,68.01,99.45,52.09,80.3,0
2025-01-01 01:02:59,25.17,68.06,99.42,51.98,80.35,0
2025-01-01 01:03:00,25.19,68.01,99.4,51.94,80.36,0
2025-01-01 01:03:01,25.19,67.92,99.23,51.98,80.49,0
2025-01-01 01:03:02,25.29,67.87,99.24,51.9,80.49,0
2025-01-01 01:03:03,25.24,68.01,99.18,51.86,80.47,0
2025-01-01 01:03:04,25.28,67.98,99.05,51.87,80.56,0
2025-01-01 01:03:05,25.23,67.89,99.04,51.91,80.56,0
2025-01-01 01:03:06,25.29,67.97,98.97,51.93,80.62,0
2025-01-01 01:03:07,25.35,68.01,98.98,51.98,80.72,0
2025-01-01 01:03:08,25.37,67.95,98.86,51.87,80.72,0
2025-01-01 01:03:09,25.42,67.93,98.82,51.87,80.77,0
2025-01-01 01:03:10,25.37,67.92,98.72,51.91,80.79,0
2025-01-01 01:03:11,25.4,67.97,98.68,51.93,80.79,0
2025-01-01 01:03:12,25.43,67.88,98.62,51.78,80.91,0
2025-01-01 01:03:13,25.5,67.99,98.58,51.81,80.88,0
2025-01-01 01:03:14,25.56,68.01,98.52,51.82,81.02,0
2025-01-01 01:03:15,25.46,67.95,98.53,51.79,81.03,0
2025-01-01 01:03:16,25.55,67.93,98.35,51.78,81.05,0
2025-01-01 01:03:17,25.47,67.93,98.37,51.85,81.0,0
2025-01-01 01:03:18,25.62,68.01,98.3,51.73,81.09,0
2025-01-01 01:03:19,25.58,67.93,98.22,51.78,81.14,0
2025-01-01 01:03:20,25.61,67.89,98.15,51.72,81.28,0
2025-01-01 01:03:21,25.69,67.93,98.17,51.78,81.23,0
2025-01-01 01:03:22,25.56,67.88,98.03,51.66,81.19,0
2025-01-01 01:03:23,25.68,67.91,97.93,51.67,81.36,0
2025-01-01 01:03:24,25.63,67.89,97.92,51.71,81.29,0
2025-01-01 01:03:25,25.7,67.89,97.89,51.67,81.39,0
2025-01-01 01:03:26,25.82,68.0,97.79,51.53,81.44,0
2025-01-01 01:03:27,25.74,67.92,97.78,51.63,81.51,0
2025-01-01 01:03:28,25.82,67.79,97.67,51.61,81.49,0
2025-01-01 01:03:29,25.76,67.87,97.7,51.68,81.55,0
2025-01-01 01:03:30,25.75,67.83,97.59,51.6,81.58,0
2025-01-01 01:03:31,25.91,67.81,97.56,51.67,81.57,0
2025-01-01 01:03:32,25.84,67.78,97.49,51.49,81.69,0
2025-01-01 01:03:33,25.86,67.77,97.48,51.52,81.72,0
2025-01-01 01:03:34,25.81,67.82,97.42,51.46,81.64,0
2025-01-01 01:03:35,25.89,67.86,97.39,51.44,81.68,0
2025-01-01 01:03:36,25.89,67.77,97.3,51.43,81.74,0
2025-01-01 01:03:37,25.98,67.79,97.25,51.33,81.69,0
2025-01-01 01:03:38,25.87,67.75,97.2,51.27,81.93,0
2025-01-01 01:03:39,25.97,67.83,97.08,51.39,81.89,0
2025-01-01 01:03:40,26.02,67.74,97.09,51.4,81.89,0
2025-01-01 01:03:41,26.01,67.65,97.05,51.42,81.89,0
2025-01-01 01:03:42,26.02,67.77,96.97,51.3,81.97,0
2025-01-01 01:03:43,26.02,67.72,96.92,51.21,82.02,0
2025-01-01 01:03:44,26.14,67.69,96.81,51.23,82.02,0
2025-01-01 01:03:45,26.01,67.71,96.79,51.18,82.1,0
2025-01-01 01:03:46,26.02,67.6,96.81,51.09,82.08,0
2025-01-01 01:03:47,26.02,67.65,96.75,51.17,82.28,0
2025-01-01 01:03:48,26.19,67.62,96.62,51.27,82.25,0
2025-01-01 01:03:49,26.18,67.66,96.65,51.03,82.24,0
2025-01-01 01:03:50,26.17,67.6,96.56,51.15,82.26,0
2025-01-01 01:03:51,26.29,67.54,96.52,50.97,82.23,0
2025-01-01 01:03:52,26.17,67.63,96.51,50.99,82.22,0
2025-01-01 01:03:53,26.3,67.59,96.4,51.01,82.37,0
2025-01-01 01:03:54,26.23,67.6,96.35,51.0,82.34,0
2025-01-01 01:03:55,26.23,67.61,96.43,51.01,82.48,0
2025-01-01 01:03:56,26.26,67.49,96.39,50.97,82.42,0
2025-01-01 01:03:57,26.34,67.54,96.36,50.85,82.59,0
2025-01-01 01:03:58,26.35,67.63,96.22,50.86,82.47,0
2025-01-01 01:03:59,26.38,67.57,96.32,50.84,82.59,0
2025-01-01 01:04:00,26.33,67.54,96.14,50.79,82.59,0
2025-01-01 01:04:01,26.35,67.5,96.1,50.73,82.66,0
2025-01-01 01:04:02,26.4,67.5,96.01,50.74,82.67,0
2025-01-01 01:04:03,26.38,67.58,95.93,50.73,82.71,0
2025-01-01 01:04:04,26.45,67.47,96.03,50.7,82.66,0
2025-01-01 01:04:05,26.45,67.43,95.91,50.66,82.7,0
2025-01-01 01:04:06,26.38,67.4,95.89,50.65,82.77,0
2025-01-01 01:04:07,26.54,67.38,95.94,50.71,82.8,0
2025-01-01 01:04:08,26.54,67.43,95.79,50.56,82.83,0
2025-01-01 01:04:09,26.5,67.34,95.86,50.45,82.95,0
2025-01-01 01:04:10,26.53,67.31,95.76,50.45,82.99,0
2025-01-01 01:04:11,26.5,67.35,95.73,50.46,82.87,0
2025-01-01 01:04:12,26.5,67.33,95.71,50.37,82.9,0
2025-01-01 01:04:13,26.64,67.3,95.63,50.35,82.96,0
2025-01-01 01:04:14,26.53,67.38,95.7,50.41,83.0,0
2025-01-01 01:04:15,26.51,67.36,95.59,50.27,83.02,0
2025-01-01 01:04:16,26.7,67.32,95.64,50.26,83.02,0
2025-01-01 01:04:17,26.66,67.25,95.61,50.28,83.09,0
2025-01-01 01:04:18,26.54,67.24,95.54,50.21,83.05,0
2025-01-01 01:04:19,26.61,67.24,95.5,50.2,83.08,0
2025-01-01 01:04:20,26.77,67.25,95.5,50.13,83.18,0
2025-01-01 01:04:21,26.73,67.2,95.51,50.18,83.1,0
2025-01-01 01:04:22,26.68,67.13,95.36,50.07,83.21,0
2025-01-01 01:04:23,26.74,67.12,95.47,50.05,83.23,0
2025-01-01 01:04:24,26.82,67.12,95.49,49.98,83.33,0
2025-01-01 01:04:25,26.73,67.14,95.33,50.03,83.23,0
2025-01-01 01:04:26,26.81,67.06,95.38,49.91,83.36,0
2025-01-01 01:04:27,26.76,67.01,95.36,49.88,83.3,0
2025-01-01 01:04:28,26.81,66.99,95.29,49.94,83.37,0
2025-01-01 01:04:29,26.85,67.09,95.22,49.82,83.37,0
2025-01-01 01:04:30,26.85,67.01,95.19,49.7,83.41,0
2025-01-01 01:04:31,26.88,67.04,95.21,49.74,83.39,0
2025-01-01 01:04:32,26.93,66.97,95.26,49.69,83.4,0
2025-01-01 01:04:33,26.9,67.02,95.21,49.79,83.36,0
2025-01-01 01:04:34,26.93,66.95,95.21,49.63,83.54,0
2025-01-01 01:04:35,26.93,66.87,95.16,49.62,83.61,0
2025-01-01 01:04:36,27.0,66.9,95.14,49.66,83.54,0
2025-01-01 01:04:37,26.82,66.91,95.14,49.51,83.55,0
2025-01-01 01:04:38,27.09,66.89,95.18,49.63,83.49,0
2025-01-01 01:04:39,26.9,66.87,95.09,49.44,83.54,0
2025-01-01 01:04:40,27.05,66.81,95.06,49.47,83.57,0
2025-01-01 01:04:41,26.93,66.79,95.02,49.48,83.51,0
2025-01-01 01:04:42,27.09,66.76,95.04,49.43,83.56,0
2025-01-01 01:04:43,27.07,66.72,95.03,49.4,83.56,0
2025-01-01 01:04:44,27.0,66.75,95.05,49.36,83.65,0
2025-01-01 01:04:45,27.09,66.74,95.05,49.22,83.57,0
2025-01-01 01:04:46,27.19,66.69,95.08,49.27,83.67,0
2025-01-01 01:04:47,27.09,66.79,95.04,49.23,83.6,0
2025-01-01 01:04:48,27.22,66.64,95.06,49.27,83.68,0
2025-01-01 01:04:49,27.17,66.59,94.97,49.25,83.71,0
2025-01-01 01:04:50,27.18,66.62,95.04,49.09,83.7,0
2025-01-01 01:04:51,27.15,66.54,95.03,49.19,83.81,0
2025-01-01 01:04:52,27.16,66.57,95.03,49.14,83.71,0
2025-01-01 01:04:53,27.29,66.58,95.05,49.14,83.8,0
2025-01-01 01:04:54,27.16,66.5,94.92,49.07,83.78,0
2025-01-01 01:04:55,27.22,66.55,94.98,49.0,83.8,0
2025-01-01 01:04:56,27.14,66.45,94.88,48.96,83.85,0
2025-01-01 01:04:57,27.27,66.41,95.0,48.91,83.82,0
2025-01-01 01:04:58,27.41,66.51,95.0,48.94,83.78,0
2025-01-01 01:04:59,27.23,66.41,94.98,48.95,83.92,0
2025-01-01 01:05:00,27.3,66.37,94.92,48.91,83.8,0
2025-01-01 01:05:01,27.28,66.39,95.06,48.82,83.85,0
2025-01-01 01:05:02,27.28,66.26,94.98,48.74,83.91,0
2025-01-01 01:05:03,27.35,66.32,94.97,48.73,83.89,0
2025-01-01 01:05:04,27.34,66.26,95.01,48.85,83.92,0
2025-01-01 01:05:05,27.45,66.31,95.12,48.69,83.93,0
2025-01-01 01:05:06,27.34,66.14,95.12,48.7,83.86,0
2025-01-01 01:05:07,27.35,66.15,95.02,48.68,84.01,0
2025-01-01 01:05:08,27.35,66.25,95.1,48.69,83.97,0
2025-01-01 01:05:09,27.4,66.21,95.1,48.56,83.95,0
2025-01-01 01:05:10,27.45,66.1,95.09,48.59,83.87,0
2025-01-01 01:05:11,27.35,66.01,95.13,48.47,83.92,0
2025-01-01 01:05:12,27.4,66.05,95.01,48.59,83.89,0
2025-01-01 01:05:13,27.5,66.01,95.11,48.55,83.97,0
2025-01-01 01:05:14,27.46,65.99,95.15,48.55,83.93,0
2025-01-01 01:05:15,27.49,66.05,95.18,48.55,83.98,0
2025-01-01 01:05:16,27.43,65.92,95.18,48.53,84.12,0
2025-01-01 01:05:17,27.54,65.87,95.14,48.57,83.97,0
2025-01-01 01:05:18,27.51,65.86,95.27,48.46,83.95,0
2025-01-01 01:05:19,27.46,65.89,95.22,48.46,84.01,0
2025-01-01 01:05:20,27.51,65.82,95.22,48.37,83.98,0
2025-01-01 01:05:21,27.54,65.78,95.28,48.36,83.95,0
2025-01-01 01:05:22,27.53,65.81,95.27,48.38,84.04,0
2025-01-01 01:05:23,27.62,65.78,95.24,48.32,83.95,0
2025-01-01 01:05:24,27.65,65.84,95.34,48.36,84.01,0
2025-01-01 01:05:25,27.6,65.63,95.33,48.26,84.01,0
2025-01-01 01:05:26,27.59,65.78,95.4,48.3,83.99,0
2025-01-01 01:05:27,27.68,65.66,95.4,48.27,83.98,0
2025-01-01 01:05:28,27.61,65.53,95.33,48.27,84.08,0
2025-01-01 01:05:29,27.64,65.56,95.36,48.27,83.97,0
2025-01-01 01:05:30,27.66,65.59,95.48,48.22,84.02,0
2025-01-01 01:05:31,27.63,65.51,95.43,48.09,83.99,0
2025-01-01 01:05:32,27.72,65.55,95.52,48.15,84.04,0
2025-01-01 01:05:33,27.65,65.56,95.49,48.14,83.95,0
2025-01-01 01:05:34,27.59,65.41,95.57,48.13,83.8,0
2025-01-01 01:05:35,27.73,65.34,95.62,48.15,84.09,0
2025-01-01 01:05:36,27.73,65.37,95.59,48.21,83.91,0
2025-01-01 01:05:37,27.7,65.36,95.64,48.14,83.99,0
2025-01-01 01:05:38,27.72,65.34,95.71,48.12,83.94,0
2025-01-01 01:05:39,27.71,65.27,95.68,48.09,83.97,0
2025-01-01 01:05:40,27.72,65.32,95.73,48.1,83.97,0
2025-01-01 01:05:41,27.7,65.25,95.83,48.09,83.97,0
2025-01-01 01:05:42,27.7,65.32,95.79,47.99,84.0,0
2025-01-01 01:05:43,27.74,65.17,95.83,48.16,83.97,0
2025-01-01 01:05:44,27.78,65.16,95.9,48.13,83.93,0
2025-01-01 01:05:45,27.69,65.17,95.95,48.06,83.96,0
2025-01-01 01:05:46,27.75,65.1,95.95,48.01,83.99,0
2025-01-01 01:05:47,27.7,65.18,96.04,47.95,83.91,0
2025-01-01 01:05:48,27.77,65.05,95.99,48.03,83.91,0
2025-01-01 01:05:49,27.75,64.96,96.12,47.94,83.93,0
2025-01-01 01:05:50,27.84,64.96,96.12,48.08,83.86,0
2025-01-01 01:05:51,27.77,64.91,96.21,48.08,83.82,0
2025-01-01 01:05:52,27.86,64.95,96.27,48.03,83.87,0
2025-01-01 01:05:53,27.88,64.91,96.35,48.06,83.87,0
2025-01-01 01:05:54,27.77,64.81,96.2,47.99,83.9,0
2025-01-01 01:05:55,27.83,64.86,96.33,47.98,83.85,0
2025-01-01 01:05:56,27.86,64.79,96.37,47.96,83.81,0
2025-01-01 01:05:57,27.96,64.81,96.33,47.88,83.83,0
2025-01-01 01:05:58,27.9,64.69,96.5,48.0,83.8,0
2025-01-01 01:05:59,27.89,64.66,96.48,48.03,83.8,0
2025-01-01 01:06:00,27.96,64.69,96.57,48.0,83.83,0
2025-01-01 01:06:01,27.85,64.63,96.54,48.05,83.79,0
2025-01-01 01:06:02,27.97,64.7,96.66,48.01,83.71,0
2025-01-01 01:06:03,27.93,64.56,96.7,48.09,83.7,0
2025-01-01 01:06:04,27.84,64.51,96.76,48.04,83.68,0
2025-01-01 01:06:05,27.93,64.43,96.73,48.01,83.69,0
2025-01-01 01:06:06,27.94,64.47,96.9,48.0,83.69,0
2025-01-01 01:06:07,27.96,64.42,96.94,48.05,83.57,0
2025-01-01 01:06:08,27.97,64.43,96.96,47.93,83.64,0
2025-01-01 01:06:09,27.88,64.31,97.05,48.03,83.65,0
2025-01-01 01:06:10,27.94,64.35,96.85,48.0,83.57,0
2025-01-01 01:06:11,27.94,64.27,97.06,47.94,83.6,0
2025-01-01 01:06:12,27.98,64.32,97.15,47.98,83.66,0
2025-01-01 01:06:13,27.97,64.21,97.06,48.11,83.55,0
2025-01-01 01:06:14,27.95,64.19,97.29,48.06,83.57,0
2025-01-01 01:06:15,28.02,64.12,97.31,48.07,83.5,0
2025-01-01 01:06:16,27.94,64.15,97.39,48.16,83.51,0
2025-01-01 01:06:17,27.9,64.07,97.31,48.08,83.49,0
2025-01-01 01:06:18,27.99,63.94,97.39,48.07,83.55,0
2025-01-01 01:06:19,27.9,64.02,97.47,48.17,83.5,0
2025-01-01 01:06:20,27.96,63.95,97.44,48.14,83.48,0
2025-01-01 01:06:21,27.88,63.88,97.6,48.16,83.38,0
2025-01-01 01:06:22,27.93,63.82,97.71,48.09,83.44,0
2025-01-01 01:06:23,27.96,63.94,97.66,48.17,83.3,0
2025-01-01 01:06:24,27.87,63.87,97.67,48.17,83.42,0
2025-01-01 01:06:25,28.01,63.77,97.73,48.22,83.41,0
2025-01-01 01:06:26,27.94,63.73,97.84,48.24,83.38,0
2025-01-01 01:06:27,27.92,63.66,98.04,48.21,83.31,0
2025-01-01 01:06:28,27.94,63.72,98.03,48.25,83.37,0
2025-01-01 01:06:29,27.97,63.65,98.05,48.28,83.27,0
2025-01-01 01:06:30,27.92,63.64,98.08,48.24,83.23,0
2025-01-01 01:06:31,27.94,63.53,98.02,48.38,83.24,0
2025-01-01 01:06:32,27.98,63.52,98.07,48.27,83.22,0
2025-01-01 01:06:33,28.04,63.55,98.28,48.39,83.14,0
2025-01-01 01:06:34,28.05,63.46,98.29,48.29,83.08,0
2025-01-01 01:06:35,28.03,63.41,98.34,48.4,83.13,0
2025-01-01 01:06:36,28.04,63.44,98.41,48.38,83.09,0
2025-01-01 01:06:37,27.95,63.32,98.47,48.5,83.04,0
2025-01-01 01:06:38,28.06,63.31,98.61,48.47,83.08,0
2025-01-01 01:06:39,28.02,63.37,98.65,48.53,82.93,0
2025-01-01 01:06:40,28.02,63.28,98.64,48.49,82.91,0
2025-01-01 01:06:41,27.97,63.13,98.83,48.47,83.06,0
2025-01-01 01:06:42,28.04,63.21,98.78,48.45,82.95,0
2025-01-01 01:06:43,28.0,63.09,98.79,48.48,82.99,0
2025-01-01 01:06:44,28.11,63.13,98.94,48.53,82.82,0
2025-01-01 01:06:45,28.07,63.17,98.95,48.57,82.82,0
2025-01-01 01:06:46,27.98,63.1,98.99,48.62,82.85,0
2025-01-01 01:06:47,27.99,63.05,99.12,48.68,82.71,0
2025-01-01 01:06:48,27.98,62.97,99.04,48.59,82.72,0
2025-01-01 01:06:49,28.05,62.9,99.2,48.71,82.65,0
2025-01-01 01:06:50,27.9,62.88,99.23,48.62,82.73,0
2025-01-01 01:06:51,28.04,62.9,99.42,48.78,82.56,0
2025-01-01 01:06:52,28.02,62.79,99.39,48.77,82.55,0
2025-01-01 01:06:53,27.91,62.82,99.51,48.78,82.57,0
2025-01-01 01:06:54,28.03,62.78,99.55,48.74,82.56,0
2025-01-01 01:06:55,28.04,62.77,99.59,48.81,82.54,0
2025-01-01 01:06:56,28.01,62.64,99.53,48.91,82.61,0
2025-01-01 01:06:57,27.96,62.58,99.73,48.87,82.54,0
2025-01-01 01:06:58,27.99,62.56,99.73,48.95,82.48,0
2025-01-01 01:06:59,28.04,62.51,99.95,48.85,82.46,0
2025-01-01 01:07:00,27.89,62.48,100.0,49.01,82.36,0
2025-01-01 01:07:01,27.96,62.49,100.01,49.06,82.34,0
2025-01-01 01:07:02,27.9,62.45,100.02,48.96,82.34,0
2025-01-01 01:07:03,27.97,62.42,100.07,49.08,82.23,0
2025-01-01 01:07:04,27.94,62.35,100.26,49.12,82.31,0
2025-01-01 01:07:05,28.05,62.51,100.24,49.18,82.28,0
2025-01-01 01:07:06,28.02,62.38,100.28,49.12,82.21,0
2025-01-01 01:07:07,27.96,62.27,100.44,49.15,82.15,0
2025-01-01 01:07:08,27.98,62.2,100.33,49.17,82.16,0
2025-01-01 01:07:09,28.04,62.12,100.43,49.23,81.99,0
2025-01-01 01:07:10,27.94,62.05,100.61,49.22,82.14,0
2025-01-01 01:07:11,28.01,62.07,100.55,49.28,82.02,0
2025-01-01 01:07:12,27.97,62.02,100.71,49.34,81.97,0
2025-01-01 01:07:13,27.91,62.01,100.69,49.36,81.96,0
2025-01-01 01:07:14,27.96,62.07,100.79,49.44,81.93,0
2025-01-01 01:07:15,27.93,61.94,100.85,49.43,81.84,0
2025-01-01 01:07:16,27.87,61.94,100.96,49.49,81.86,0
2025-01-01 01:07:17,27.97,61.9,101.02,49.44,81.76,0
2025-01-01 01:07:18,27.91,61.83,101.03,49.42,81.86,0
2025-01-01 01:07:19,27.91,61.8,101.16,49.43,81.72,0
2025-01-01 01:07:20,27.9,61.73,101.15,49.65,81.74,0
2025-01-01 01:07:21,27.96,61.71,101.15,49.51,81.59,0
2025-01-01 01:07:22,27.93,61.67,101.27,49.63,81.73,0
2025-01-01 01:07:23,27.87,61.68,101.34,49.68,81.66,0
2025-01-01 01:07:24,27.98,61.58,101.44,49.73,81.56,0
2025-01-01 01:07:25,27.91,61.52,101.45,49.72,81.57,0
2025-01-01 01:07:26,27.89,61.45,101.49,49.62,81.46,0
2025-01-01 01:07:27,27.89,61.47,101.68,49.84,81.48,0
2025-01-01 01:07:28,27.8,61.42,101.62,49.81,81.37,0
2025-01-01 01:07:29,27.78,61.33,101.74,49.87,81.35,0
2025-01-01 01:07:30,27.87,61.41,101.76,49.94,81.29,0
2025-01-01 01:07:31,27.83,61.33,101.91,50.02,81.33,0
2025-01-01 01:07:32,27.86,61.35,101.92,49.86,81.21,0
2025-01-01 01:07:33,27.87,61.15,101.89,49.98,81.21,0
2025-01-01 01:07:34,27.83,61.18,102.03,50.03,81.17,0
2025-01-01 01:07:35,27.77,61.21,102.01,50.02,81.16,0
2025-01-01 01:07:36,27.79,61.09,102.12,50.1,81.22,0
2025-01-01 01:07:37,27.82,61.11,102.06,50.1,81.02,0
2025-01-01 01:07:38,27.77,61.06,102.27,50.2,81.02,0
2025-01-01 01:07:39,27.78,61.06,102.38,50.22,81.04,0
2025-01-01 01:07:40,27.82,61.0,102.27,50.22,80.97,0
2025-01-01 01:07:41,27.86,60.88,102.28,50.25,80.97,0
2025-01-01 01:07:42,27.71,60.82,102.45,50.3,80.91,0
2025-01-01 01:07:43,27.72,60.83,102.55,50.28,80.91,0
2025-01-01 01:07:44,27.72,60.84,102.53,50.32,80.77,0
2025-01-01 01:07:45,27.79,60.76,102.66,50.48,80.7,0
2025-01-01 01:07:46,27.7,60.66,102.61,50.5,80.75,0
2025-01-01 01:07:47,27.72,60.68,102.78,50.57,80.69,0
2025-01-01 01:07:48,27.61,60.66,102.81,50.52,80.68,0
2025-01-01 01:07:49,27.75,60.54,102.77,50.52,80.65,0
2025-01-01 01:07:50,27.69,60.59,102.88,50.65,80.56,0
2025-01-01 01:07:51,27.63,60.55,103.02,50.64,80.48,0
2025-01-01 01:07:52,27.66,60.43,103.06,50.62,80.45,0
2025-01-01 01:07:53,27.69,60.43,103.09,50.61,80.5,0
2025-01-01 01:07:54,27.7,60.46,103.14,50.7,80.39,0
2025-01-01 01:07:55,27.69,60.36,103.03,50.81,80.37,0
2025-01-01 01:07:56,27.62,60.22,103.05,50.8,80.29,0
2025-01-01 01:07:57,27.64,60.31,103.18,50.82,80.29,0
2025-01-01 01:07:58,27.65,60.16,103.22,50.85,80.21,0
2025-01-01 01:07:59,27.71,60.32,103.34,50.92,80.24,0
2025-01-01 01:08:00,27.61,60.17,103.45,50.85,80.11,0
2025-01-01 01:08:01,27.57,60.11,103.35,50.99,80.13,0
2025-01-01 01:08:02,27.67,60.07,103.39,50.87,80.04,0
2025-01-01 01:08:03,27.63,60.07,103.52,50.89,80.04,0
2025-01-01 01:08:04,27.55,60.02,103.56,50.94,80.05,0
2025-01-01 01:08:05,27.71,60.0,103.57,51.01,79.95,0
2025-01-01 01:08:06,27.54,59.94,103.56,50.96,79.93,0
2025-01-01 01:08:07,27.57,59.85,103.6,51.1,79.83,0
2025-01-01 01:08:08,27.55,59.93,103.74,51.04,79.78,0
2025-01-01 01:08:09,27.55,59.73,103.65,51.17,79.82,0
2025-01-01 01:08:10,27.56,59.78,103.78,51.13,79.79,0
2025-01-01 01:08:11,27.6,59.7,103.78,51.14,79.68,0
2025-01-01 01:08:12,27.53,59.58,103.89,51.25,79.59,0
2025-01-01 01:08:13,27.46,59.65,103.9,51.27,79.64,0
2025-01-01 01:08:14,27.56,59.59,103.9,51.22,79.64,0
2025-01-01 01:08:15,27.48,59.59,104.01,51.2,79.51,0
2025-01-01 01:08:16,27.42,59.48,104.0,51.37,79.58,0
2025-01-01 01:08:17,27.44,59.47,104.02,51.35,79.49,0
2025-01-01 01:08:18,27.49,59.48,103.98,51.36,79.51,0
2025-01-01 01:08:19,27.41,59.46,104.11,51.4,79.35,0
2025-01-01 01:08:20,27.37,59.4,104.21,51.42,79.3,0
2025-01-01 01:08:21,27.41,59.39,104.29,51.43,79.24,0
2025-01-01 01:08:22,27.44,59.27,104.28,51.48,79.24,0
2025-01-01 01:08:23,27.39,59.31,104.26,51.44,79.17,0
2025-01-01 01:08:24,27.34,59.18,104.34,51.45,79.29,0
2025-01-01 01:08:25,27.3,59.28,104.42,51.54,79.09,0
2025-01-01 01:08:26,27.35,59.11,104.3,51.57,79.09,0
2025-01-01 01:08:27,27.3,59.07,104.36,51.68,79.06,0
2025-01-01 01:08:28,27.35,59.05,104.44,51.62,79.1,0
2025-01-01 01:08:29,27.33,59.02,104.45,51.61,78.97,0
2025-01-01 01:08:30,27.3,58.98,104.5,51.64,78.96,0
2025-01-01 01:08:31,27.29,58.9,104.52,51.64,78.94,0
2025-01-01 01:08:32,27.33,58.85,104.56,51.67,79.0,0
2025-01-01 01:08:33,27.25,58.88,104.56,51.62,78.83,0
2025-01-01 01:08:34,27.29,58.79,104.47,51.71,78.77,0
2025-01-01 01:08:35,27.24,58.85,104.65,51.8,78.75,0
2025-01-01 01:08:36,27.22,58.68,104.6,51.69,78.68,0
2025-01-01 01:08:37,27.28,58.58,104.72,51.82,78.73,0
2025-01-01 01:08:38,27.14,58.57,104.65,51.8,78.67,0
2025-01-01 01:08:39,27.13,58.67,104.78,51.78,78.64,0
2025-01-01 01:08:40,27.09,58.55,104.75,51.82,78.57,0
2025-01-01 01:08:41,27.14,58.51,104.73,51.84,78.46,0
2025-01-01 01:08:42,27.14,58.51,104.73,51.81,78.5,0
2025-01-01 01:08:43,27.1,58.45,104.78,51.74,78.51,0
2025-01-01 01:08:44,27.1,58.51,104.74,51.81,78.43,0
2025-01-01 01:08:45,27.12,58.28,104.77,51.9,78.36,0
2025-01-01 01:08:46,27.15,58.31,104.79,51.91,78.45,0
2025-01-01 01:08:47,27.09,58.36,104.93,51.84,78.38,0
2025-01-01 01:08:48,26.98,58.28,104.86,51.96,78.36,0
2025-01-01 01:08:49,27.07,58.23,104.9,51.91,78.26,0
2025-01-01 01:08:50,27.1,58.26,104.88,51.93,78.23,0
2025-01-01 01:08:51,26.93,58.12,104.98,51.89,78.3,0
2025-01-01 01:08:52,27.05,58.12,104.94,51.89,78.14,0
2025-01-01 01:08:53,27.05,58.03,104.98,51.88,78.06,0
2025-01-01 01:08:54,27.06,58.02,104.91,52.02,78.15,0
2025-01-01 01:08:55,27.0,57.96,104.93,51.98,78.08,0
2025-01-01 01:08:56,26.91,57.95,104.97,52.03,78.05,0
2025-01-01 01:08:57,26.84,57.9,104.92,52.0,78.03,0
2025-01-01 01:08:58,26.91,57.86,104.97,51.99,77.91,0
2025-01-01 01:08:59,26.83,57.73,105.04,52.01,77.93,0
2025-01-01 01:09:00,26.94,57.73,104.89,52.01,77.89,0
2025-01-01 01:09:01,26.77,57.77,104.97,51.95,77.83,0
2025-01-01 01:09:02,26.72,57.69,104.96,52.02,77.8,0
2025-01-01 01:09:03,26.86,57.55,104.95,52.02,77.76,0
2025-01-01 01:09:04,26.85,57.55,105.03,51.97,77.71,0
2025-01-01 01:09:05,26.84,57.66,105.05,52.1,77.77,0
2025-01-01 01:09:06,26.74,57.57,104.98,52.1,77.73,0
2025-01-01 01:09:07,26.75,57.57,104.94,52.01,77.6,0
2025-01-01 01:09:08,26.66,57.53,105.04,52.02,77.6,0
2025-01-01 01:09:09,26.67,57.39,104.95,51.99,77.64,0
2025-01-01 01:09:10,26.77,57.33,104.96,51.96,77.42,0
2025-01-01 01:09:11,26.72,57.36,104.99,52.06,77.52,0
2025-01-01 01:09:12,26.66,57.36,105.04,52.01,77.52,0
2025-01-01 01:09:13,26.66,57.29,104.99,51.95,77.43,0
2025-01-01 01:09:14,26.72,57.36,105.06,51.92,77.35,0
2025-01-01 01:09:15,26.57,57.23,104.83,51.95,77.47,0
2025-01-01 01:09:16,26.66,57.16,104.95,52.01,77.41,0
2025-01-01 01:09:17,26.57,57.14,104.93,51.91,77.32,0
2025-01-01 01:09:18,26.56,57.05,104.98,51.99,77.34,0
2025-01-01 01:09:19,26.52,56.97,104.97,51.93,77.23,0
2025-01-01 01:09:20,26.48,57.02,105.01,51.93,77.19,0
2025-01-01 01:09:21,26.56,57.01,104.82,51.98,77.32,0
2025-01-01 01:09:22,26.38,56.9,104.77,51.93,77.24,0
2025-01-01 01:09:23,26.5,56.99,104.94,52.01,77.22,0
2025-01-01 01:09:24,26.46,56.89,104.84,51.91,77.14,0
2025-01-01 01:09:25,26.45,56.92,104.86,51.86,77.06,0
2025-01-01 01:09:26,26.47,56.74,104.85,51.97,77.09,0
2025-01-01 01:09:27,26.42,56.78,104.79,51.85,77.04,0
2025-01-01 01:09:28,26.42,56.79,104.83,51.95,77.1,0
2025-01-01 01:09:29,26.43,56.77,104.76,51.81,77.02,0
2025-01-01 01:09:30,26.3,56.65,104.83,51.92,76.96,0
2025-01-01 01:09:31,26.32,56.65,104.72,51.83,76.94,0
2025-01-01 01:09:32,26.33,56.6,104.71,51.79,76.88,0
2025-01-01 01:09:33,26.24,56.58,104.78,51.85,76.88,0
2025-01-01 01:09:34,26.26,56.56,104.75,51.81,76.96,0
2025-01-01 01:09:35,26.28,56.47,104.67,51.71,76.88,0
2025-01-01 01:09:36,26.26,56.48,104.76,51.75,76.7,0
2025-01-01 01:09:37,26.27,56.42,104.61,51.77,76.83,0
2025-01-01 01:09:38,26.18,56.36,104.7,51.7,76.77,0
2025-01-01 01:09:39,26.08,56.27,104.61,51.78,76.68,0
2025-01-01 01:09:40,26.19,56.29,104.63,51.64,76.75,0
2025-01-01 01:09:41,26.14,56.28,104.56,51.67,76.73,0
2025-01-01 01:09:42,26.15,56.23,104.51,51.67,76.69,0
2025-01-01 01:09:43,26.08,56.18,104.45,51.65,76.63,0
2025-01-01 01:09:44,26.15,56.2,104.43,51.63,76.67,0
2025-01-01 01:09:45,26.09,56.1,104.39,51.65,76.66,0
2025-01-01 01:09:46,26.07,56.14,104.27,51.66,76.59,0
2025-01-01 01:09:47,26.07,56.05,104.45,51.52,76.65,0
2025-01-01 01:09:48,26.06,56.06,104.34,51.48,76.6,0
2025-01-01 01:09:49,26.04,56.06,104.31,51.51,76.6,0
2025-01-01 01:09:50,26.1,55.96,104.25,51.55,76.5,0
2025-01-01 01:09:51,26.01,55.91,104.34,51.45,76.52,0
2025-01-01 01:09:52,25.94,55.88,104.21,51.5,76.52,0
2025-01-01 01:09:53,25.97,55.85,104.2,51.48,76.5,0
2025-01-01 01:09:54,25.79,55.81,104.15,51.45,76.43,0
2025-01-01 01:09:55,25.94,55.73,104.14,51.44,76.34,0
2025-01-01 01:09:56,26.02,55.81,104.09,51.33,76.39,0
2025-01-01 01:09:57,25.87,55.74,104.13,51.32,76.41,0
2025-01-01 01:09:58,25.79,55.66,104.03,51.35,76.33,0
2025-01-01 01:09:59,25.81,55.72,104.03,51.3,76.24,0
2025-01-01 01:10:00,25.94,55.62,103.92,51.24,76.35,0
2025-01-01 01:10:01,25.81,55.63,103.85,51.23,76.42,0
2025-01-01 01:10:02,25.79,55.54,103.81,51.24,76.35,0
2025-01-01 01:10:03,25.8,55.51,103.84,51.27,76.34,0
2025-01-01 01:10:04,25.7,55.36,103.79,51.2,76.22,0
2025-01-01 01:10:05,25.72,55.44,103.74,51.11,76.32,0
2025-01-01 01:10:06,25.7,55.38,103.74,51.04,76.31,0
2025-01-01 01:10:07,25.73,55.46,103.65,51.05,76.24,0
2025-01-01 01:10:08,25.65,55.32,103.58,51.03,76.16,0
2025-01-01 01:10:09,25.67,55.32,103.55,50.97,76.15,0
2025-01-01 01:10:10,25.72,55.26,103.55,51.0,76.05,0
2025-01-01 01:10:11,25.69,55.29,103.44,50.96,76.12,0
2025-01-01 01:10:12,25.67,55.18,103.41,50.9,76.17,0
2025-01-01 01:10:13,25.63,55.28,103.37,50.92,76.16,0
2025-01-01 01:10:14,25.49,55.28,103.41,50.88,76.23,0
2025-01-01 01:10:15,25.58,55.13,103.31,50.92,76.09,0
2025-01-01 01:10:16,25.58,55.09,103.32,50.81,76.14,0
2025-01-01 01:10:17,25.48,55.04,103.19,50.85,76.0,0
2025-01-01 01:10:18,25.4,55.0,103.1,50.83,76.17,0
2025-01-01 01:10:19,25.47,54.97,103.17,50.64,76.2,0
2025-01-01 01:10:20,25.39,54.96,103.03,50.64,76.19,0
2025-01-01 01:10:21,25.44,55.0,102.94,50.67,76.11,0
2025-01-01 01:10:22,25.4,54.85,103.01,50.63,76.03,0
2025-01-01 01:10:23,25.27,54.91,103.03,50.55,76.07,0
2025-01-01 01:10:24,25.4,54.78,102.83,50.52,76.11,0
2025-01-01 01:10:25,25.39,54.83,102.76,50.51,76.02,0
2025-01-01 01:10:26,25.25,54.78,102.78,50.52,76.05,0
2025-01-01 01:10:27,25.29,54.75,102.63,50.48,76.01,0
2025-01-01 01:10:28,25.2,54.75,102.61,50.45,76.08,0
2025-01-01 01:10:29,25.2,54.7,102.5,50.48,75.96,0
2025-01-01 01:10:30,25.2,54.73,102.52,50.31,76.06,0
2025-01-01 01:10:31,25.24,54.61,102.46,50.31,76.01,0
2025-01-01 01:10:32,25.09,54.6,102.52,50.26,75.99,0
2025-01-01 01:10:33,25.1,54.61,102.43,50.33,75.95,0
2025-01-01 01:10:34,25.17,54.62,102.34,50.26,75.99,0
2025-01-01 01:10:35,25.13,54.58,102.28,50.14,75.98,0
2025-01-01 01:10:36,25.16,54.51,102.21,50.14,76.06,0
2025-01-01 01:10:37,25.17,54.52,102.22,50.12,75.98,0
2025-01-01 01:10:38,25.06,54.43,102.17,50.16,76.03,0
2025-01-01 01:10:39,24.97,54.32,102.05,50.12,76.0,0
2025-01-01 01:10:40,25.12,54.32,101.92,50.01,75.97,0
2025-01-01 01:10:41,25.03,54.33,101.84,50.05,75.91,0
2025-01-01 01:10:42,24.93,54.24,101.87,49.98,76.1,0
2025-01-01 01:10:43,25.01,54.36,101.82,49.89,76.01,0
2025-01-01 01:10:44,24.97,54.3,101.72,49.93,75.95,0
2025-01-01 01:10:45,24.87,54.18,101.69,49.81,75.98,0
2025-01-01 01:10:46,24.95,54.16,101.6,49.84,76.02,0
2025-01-01 01:10:47,24.86,54.22,101.6,49.86,76.0,0
2025-01-01 01:10:48,24.84,54.12,101.53,49.75,75.98,0
2025-01-01 01:10:49,24.82,54.09,101.46,49.67,76.03,0
2025-01-01 01:10:50,24.86,54.07,101.49,49.71,75.94,0
2025-01-01 01:10:51,24.79,54.07,101.35,49.66,75.97,0
2025-01-01 01:10:52,24.73,54.01,101.24,49.58,75.99,0
2025-01-01 01:10:53,24.8,54.1,101.25,49.67,76.08,0
2025-01-01 01:10:54,24.78,53.97,101.16,49.55,76.02,0
2025-01-01 01:10:55,24.73,54.0,101.11,49.53,76.04,0
2025-01-01 01:10:56,24.73,53.97,100.95,49.46,76.1,0
2025-01-01 01:10:57,24.68,53.89,100.95,49.46,76.08,0
2025-01-01 01:10:58,24.61,53.89,100.92,49.47,76.07,0
2025-01-01 01:10:59,24.67,53.83,100.8,49.54,76.05,0
2025-01-01 01:11:00,24.61,53.87,100.86,49.35,76.02,0
2025-01-01 01:11:01,24.54,53.89,100.67,49.35,76.03,0
2025-01-01 01:11:02,24.51,53.77,100.61,49.28,76.19,0
2025-01-01 01:11:03,24.59,53.81,100.64,49.28,76.07,0
2025-01-01 01:11:04,24.56,53.74,100.51,49.26,76.07,0
2025-01-01 01:11:05,24.52,53.69,100.41,49.11,76.07,0
2025-01-01 01:11:06,24.6,53.67,100.45,49.09,76.07,0
2025-01-01 01:11:07,24.42,53.65,100.47,49.19,76.22,0
2025-01-01 01:11:08,24.45,53.71,100.39,49.13,76.12,0
2025-01-01 01:11:09,24.38,53.6,100.23,49.21,76.09,0
2025-01-01 01:11:10,24.43,53.5,100.14,49.09,76.19,0
2025-01-01 01:11:11,24.44,53.58,100.13,49.05,76.12,0
2025-01-01 01:11:12,24.29,53.51,100.03,49.08,76.18,0
2025-01-01 01:11:13,24.36,53.54,99.96,49.03,76.3,0
2025-01-01 01:11:14,24.46,53.5,99.93,49.04,76.21,0
2025-01-01 01:11:15,24.36,53.41,99.83,48.99,76.19,0
2025-01-01 01:11:16,24.3,53.37,99.89,48.97,76.25,0
2025-01-01 01:11:17,24.32,53.45,99.79,48.85,76.29,0
2025-01-01 01:11:18,24.32,53.46,99.55,48.82,76.22,0
2025-01-01 01:11:19,24.26,53.28,99.5,48.93,76.31,0
2025-01-01 01:11:20,24.24,53.38,99.54,48.84,76.27,0
2025-01-01 01:11:21,24.22,53.35,99.42,48.83,76.29,0
2025-01-01 01:11:22,24.24,53.32,99.49,48.69,76.27,0
2025-01-01 01:11:23,24.13,53.3,99.43,48.8,76.23,0
2025-01-01 01:11:24,24.17,53.11,99.33,48.75,76.36,0
2025-01-01 01:11:25,24.14,53.25,99.19,48.69,76.37,0
2025-01-01 01:11:26,24.16,53.22,99.12,48.56,76.3,0
2025-01-01 01:11:27,24.16,53.18,99.12,48.71,76.38,0
2025-01-01 01:11:28,24.05,53.18,99.04,48.69,76.51,0
2025-01-01 01:11:29,24.09,53.24,98.97,48.58,76.43,0
2025-01-01 01:11:30,23.98,53.2,98.95,48.55,76.47,0
2025-01-01 01:11:31,23.95,53.07,98.87,48.5,76.48,0
2025-01-01 01:11:32,24.0,53.07,98.75,48.42,76.5,0
2025-01-01 01:11:33,24.01,53.0,98.74,48.49,76.48,0
2025-01-01 01:11:34,24.04,53.04,98.67,48.45,76.46,0
2025-01-01 01:11:35,24.0,52.99,98.6,48.47,76.64,0
2025-01-01 01:11:36,23.87,53.0,98.63,48.44,76.62,0
2025-01-01 01:11:37,23.86,52.98,98.49,48.35,76.52,0
2025-01-01 01:11:38,23.86,53.05,98.44,48.44,76.64,0
2025-01-01 01:11:39,23.83,53.03,98.39,48.4,76.6,0
2025-01-01 01:11:40,23.9,53.0,98.33,48.3,76.67,0
2025-01-01 01:11:41,23.87,52.94,98.29,48.37,76.66,0
2025-01-01 01:11:42,23.76,52.91,98.19,48.34,76.66,0
2025-01-01 01:11:43,23.85,52.96,98.14,48.29,76.7,0
2025-01-01 01:11:44,23.75,52.85,98.16,48.26,76.7,0
2025-01-01 01:11:45,23.77,52.89,98.03,48.32,76.83,0
2025-01-01 01:11:46,23.69,52.81,97.98,48.15,76.83,0
2025-01-01 01:11:47,23.64,52.87,97.96,48.25,76.8,0
2025-01-01 01:11:48,23.72,52.77,97.81,48.19,76.9,0
2025-01-01 01:11:49,23.69,52.86,97.84,48.22,76.81,0
2025-01-01 01:11:50,23.66,52.71,97.74,48.14,76.89,0
2025-01-01 01:11:51,23.71,52.77,97.74,48.08,76.94,0
2025-01-01 01:11:52,23.68,52.81,97.56,48.13,77.01,0
2025-01-01 01:11:53,23.61,52.67,97.5,48.09,76.9,0
2025-01-01 01:11:54,23.6,52.74,97.46,48.14,77.06,0
2025-01-01 01:11:55,23.58,52.6,97.49,48.11,77.03,0
2025-01-01 01:11:56,23.54,52.67,97.44,48.22,77.07,0
2025-01-01 01:11:57,23.62,52.67,97.36,48.1,77.04,0
2025-01-01 01:11:58,23.54,52.54,97.27,48.09,77.18,0
2025-01-01 01:11:59,23.58,52.61,97.27,48.12,77.09,0
2025-01-01 01:12:00,23.51,52.56,97.2,48.04,77.2,0
2025-01-01 01:12:01,23.5,52.63,97.17,48.07,77.3,0
2025-01-01 01:12:02,23.38,52.66,97.09,48.08,77.22,0
2025-01-01 01:12:03,23.41,52.58,97.1,48.07,77.24,0
2025-01-01 01:12:04,23.61,52.6,97.05,48.02,77.26,0
2025-01-01 01:12:05,23.39,52.58,96.9,47.98,77.35,0
2025-01-01 01:12:06,23.41,52.48,96.85,48.1,77.37,0
2025-01-01 01:12:07,23.31,52.44,96.84,48.06,77.42,0
2025-01-01 01:12:08,23.42,52.41,96.82,48.09,77.48,0
2025-01-01 01:12:09,23.36,52.59,96.79,48.06,77.45,0
2025-01-01 01:12:10,23.29,52.42,96.72,48.0,77.39,0
2025-01-01 01:12:11,23.26,52.43,96.7,48.0,77.51,0
2025-01-01 01:12:12,23.24,52.44,96.68,48.01,77.46,0
2025-01-01 01:12:13,23.21,52.45,96.56,48.0,77.54,0
2025-01-01 01:12:14,23.28,52.39,96.52,47.96,77.65,0
2025-01-01 01:12:15,23.23,52.43,96.42,48.09,77.7,0
2025-01-01 01:12:16,23.13,52.34,96.46,47.93,77.66,0
2025-01-01 01:12:17,23.23,52.36,96.42,47.97,77.59,0
2025-01-01 01:12:18,23.24,52.41,96.48,47.89,77.77,0
2025-01-01 01:12:19,23.08,52.44,96.33,47.96,77.81,0
2025-01-01 01:12:20,23.14,52.35,96.28,48.09,77.89,0
2025-01-01 01:12:21,23.12,52.38,96.24,47.94,77.8,0
2025-01-01 01:12:22,23.25,52.33,96.24,48.0,77.84,0
2025-01-01 01:12:23,23.12,52.29,96.07,47.97,77.94,0
2025-01-01 01:12:24,23.08,52.29,96.12,48.04,77.99,0
2025-01-01 01:12:25,23.03,52.31,96.1,48.07,77.9,0
2025-01-01 01:12:26,23.08,52.36,96.02,48.06,78.04,0
2025-01-01 01:12:27,23.0,52.35,96.02,48.06,77.96,0
2025-01-01 01:12:28,23.08,52.28,96.03,48.03,78.02,0
2025-01-01 01:12:29,22.99,52.22,95.86,48.12,78.18,0
2025-01-01 01:12:30,23.0,52.21,95.79,48.09,78.23,0
2025-01-01 01:12:31,22.96,52.22,95.87,48.15,78.19,0
2025-01-01 01:12:32,22.99,52.22,95.74,48.0,78.18,0
2025-01-01 01:12:33,23.02,52.19,95.75,48.06,78.24,0
2025-01-01 01:12:34,23.04,52.19,95.71,48.1,78.38,0
2025-01-01 01:12:35,22.91,52.13,95.69,48.11,78.36,0
2025-01-01 01:12:36,22.97,52.13,95.63,48.1,78.39,0
2025-01-01 01:12:37,22.84,52.14,95.62,48.18,78.42,0
2025-01-01 01:12:38,22.94,52.23,95.6,48.08,78.37,0
2025-01-01 01:12:39,22.79,52.13,95.57,48.19,78.47,0
2025-01-01 01:12:40,22.84,52.14,95.51,48.22,78.47,0
2025-01-01 01:12:41,22.79,52.18,95.56,48.09,78.59,0
2025-01-01 01:12:42,22.8,52.11,95.51,48.22,78.6,0
2025-01-01 01:12:43,22.82,52.1,95.5,48.2,78.71,0
2025-01-01 01:12:44,22.84,52.07,95.43,48.23,78.72,0
2025-01-01 01:12:45,22.87,52.09,95.38,48.19,78.71,0
2025-01-01 01:12:46,22.9,52.13,95.32,48.22,78.7,0
2025-01-01 01:12:47,22.73,52.08,95.39,48.31,78.83,0
2025-01-01 01:12:48,22.78,51.99,95.3,48.28,78.82,0
2025-01-01 01:12:49,22.78,52.09,95.33,48.32,78.83,0
2025-01-01 01:12:50,22.73,52.14,95.3,48.32,78.88,0
2025-01-01 01:12:51,22.78,52.02,95.38,48.28,78.89,0
2025-01-01 01:12:52,22.74,52.12,95.2,48.31,78.98,0
2025-01-01 01:12:53,22.81,52.13,95.23,48.26,79.01,0
2025-01-01 01:12:54,22.7,52.04,95.19,48.41,78.99,0
2025-01-01 01:12:55,22.76,52.13,95.24,48.42,79.05,0
2025-01-01 01:12:56,22.65,52.13,95.24,48.45,79.16,0
2025-01-01 01:12:57,22.67,52.06,95.22,48.49,79.2,0
2025-01-01 01:12:58,22.64,52.03,95.13,48.45,79.12,0
2025-01-01 01:12:59,22.57,51.99,95.12,48.58,79.23,0
2025-01-01 01:13:00,22.62,52.05,95.21,48.5,79.26,0
2025-01-01 01:13:01,22.59,52.09,95.18,48.57,79.38,0
2025-01-01 01:13:02,22.59,52.02,95.16,48.6,79.32,0
2025-01-01 01:13:03,22.62,52.01,95.07,48.64,79.39,0
2025-01-01 01:13:04,22.58,52.05,95.04,48.64,79.5,0
2025-01-01 01:13:05,22.5,52.04,95.03,48.7,79.52,0
2025-01-01 01:13:06,22.51,52.13,95.11,48.71,79.54,0
2025-01-01 01:13:07,22.57,51.96,95.06,48.71,79.53,0
2025-01-01 01:13:08,22.53,52.07,95.02,48.72,79.55,0
2025-01-01 01:13:09,22.41,52.05,95.03,48.75,79.58,0
2025-01-01 01:13:10,22.48,52.06,95.03,48.77,79.68,0
2025-01-01 01:13:11,22.42,52.04,94.96,48.75,79.66,0
2025-01-01 01:13:12,22.46,51.99,95.02,48.78,79.8,0
2025-01-01 01:13:13,22.5,51.99,94.99,48.82,79.78,0
2025-01-01 01:13:14,22.38,51.95,95.05,48.9,79.91,0
2025-01-01 01:13:15,22.42,51.98,94.98,48.89,79.84,0
2025-01-01 01:13:16,22.44,52.0,94.98,49.0,80.01,0
2025-01-01 01:13:17,22.47,52.03,95.04,49.06,79.99,0
2025-01-01 01:13:18,22.37,52.02,95.03,48.94,79.98,0
2025-01-01 01:13:19,22.45,51.91,94.94,49.01,80.05,0
2025-01-01 01:13:20,22.32,51.99,95.06,49.05,80.12,0
2025-01-01 01:13:21,22.35,51.96,95.05,49.1,80.05,0
2025-01-01 01:13:22,22.33,52.08,94.96,49.16,80.13,0
2025-01-01 01:13:23,22.36,52.02,94.9,49.07,80.2,0
2025-01-01 01:13:24,22.31,52.05,94.93,49.2,80.16,0
2025-01-01 01:13:25,22.32,51.95,95.11,49.13,80.26,0
2025-01-01 01:13:26,22.24,52.09,95.04,49.24,80.38,0
2025-01-01 01:13:27,22.33,52.02,95.04,49.29,80.33,0
2025-01-01 01:13:28,22.3,52.05,95.05,49.29,80.32,0
2025-01-01 01:13:29,22.38,51.98,95.09,49.33,80.37,0
2025-01-01 01:13:30,22.35,52.03,95.12,49.35,80.5,0
2025-01-01 01:13:31,22.2,51.99,95.0,49.37,80.53,0
2025-01-01 01:13:32,22.25,52.06,95.03,49.46,80.61,0
2025-01-01 01:13:33,22.32,52.0,94.98,49.48,80.58,0
2025-01-01 01:13:34,22.21,52.0,95.17,49.43,80.65,0
2025-01-01 01:13:35,22.26,52.01,95.14,49.6,80.65,0
2025-01-01 01:13:36,22.23,52.06,95.17,49.54,80.69,0
2025-01-01 01:13:37,22.12,52.0,95.08,49.62,80.73,0
2025-01-01 01:13:38,22.21,52.04,95.11,49.69,80.85,0
2025-01-01 01:13:39,22.3,52.08,95.17,49.73,80.79,0
2025-01-01 01:13:40,22.17,52.02,95.21,49.64,80.86,0
2025-01-01 01:13:41,22.12,52.08,95.13,49.67,80.96,0
2025-01-01 01:13:42,22.26,52.08,95.23,49.72,80.9,0
2025-01-01 01:13:43,22.17,51.99,95.25,49.78,80.93,0
2025-01-01 01:13:44,22.26,52.1,95.29,49.79,81.02,0
2025-01-01 01:13:45,22.21,52.08,95.36,49.84,81.03,0
2025-01-01 01:13:46,22.2,52.01,95.34,49.81,81.13,0
2025-01-01 01:13:47,22.13,52.11,95.37,49.92,81.08,0
2025-01-01 01:13:48,22.11,52.05,95.25,50.0,81.18,0
2025-01-01 01:13:49,22.09,52.17,95.33,49.99,81.17,0
2025-01-01 01:13:50,22.04,52.03,95.37,50.06,81.27,0
2025-01-01 01:13:51,22.15,52.01,95.48,50.06,81.28,0
2025-01-01 01:13:52,22.19,52.18,95.5,50.07,81.28,0
2025-01-01 01:13:53,22.18,52.05,95.56,50.11,81.31,0
2025-01-01 01:13:54,22.06,52.06,95.5,50.14,81.34,0
2025-01-01 01:13:55,22.1,52.07,95.55,50.18,81.42,0
2025-01-01 01:13:56,22.05,52.13,95.53,50.23,81.48,0
2025-01-01 01:13:57,22.14,52.13,95.48,50.29,81.47,0
2025-01-01 01:13:58,22.04,52.16,95.62,50.25,81.52,0
2025-01-01 01:13:59,22.08,52.24,95.64,50.26,81.54,0
2025-01-01 01:14:00,22.08,52.19,95.69,50.35,81.58,0
2025-01-01 01:14:01,22.06,52.22,95.64,50.35,81.69,0
2025-01-01 01:14:02,22.12,52.18,95.71,50.34,81.72,0
2025-01-01 01:14:03,22.14,52.33,95.78,50.44,81.69,0
2025-01-01 01:14:04,21.98,52.22,95.91,50.54,81.82,0
2025-01-01 01:14:05,22.08,52.24,95.71,50.54,81.77,0
2025-01-01 01:14:06,22.03,52.21,95.85,50.5,81.84,0
2025-01-01 01:14:07,22.03,52.24,95.83,50.56,81.82,0
2025-01-01 01:14:08,22.02,52.25,95.86,50.56,81.94,0
2025-01-01 01:14:09,21.98,52.35,96.03,50.61,81.91,0
2025-01-01 01:14:10,22.06,52.19,95.91,50.64,81.97,0
2025-01-01 01:14:11,22.05,52.25,96.11,50.62,81.96,0
2025-01-01 01:14:12,22.07,52.23,96.03,50.73,82.0,0
2025-01-01 01:14:13,22.03,52.26,96.08,50.65,82.09,0
2025-01-01 01:14:14,21.97,52.3,96.14,50.78,82.11,0
2025-01-01 01:14:15,22.04,52.28,96.27,50.73,82.14,0
2025-01-01 01:14:16,22.07,52.36,96.2,50.81,82.13,0
2025-01-01 01:14:17,22.06,52.31,96.3,50.89,82.34,0
2025-01-01 01:14:18,22.04,52.31,96.26,50.9,82.25,0
2025-01-01 01:14:19,21.91,52.33,96.39,50.91,82.33,0
2025-01-01 01:14:20,21.94,52.41,96.46,51.02,82.24,0
2025-01-01 01:14:21,22.03,52.36,96.39,50.98,82.3,0
2025-01-01 01:14:22,22.06,52.43,96.45,50.99,82.36,0
2025-01-01 01:14:23,22.01,52.47,96.59,51.06,82.4,0
2025-01-01 01:14:24,21.92,52.49,96.57,51.16,82.46,0
2025-01-01 01:14:25,22.11,52.47,96.57,51.08,82.47,0
2025-01-01 01:14:26,21.96,52.44,96.62,51.14,82.52,0
2025-01-01 01:14:27,21.96,52.57,96.74,51.13,82.46,0
2025-01-01 01:14:28,22.01,52.47,96.82,51.19,82.51,0
2025-01-01 01:14:29,22.09,52.52,96.82,51.23,82.62,0
2025-01-01 01:14:30,21.93,52.52,96.86,51.27,82.59,0
2025-01-01 01:14:31,21.97,52.61,96.99,51.11,82.72,0
2025-01-01 01:14:32,22.0,52.5,96.93,51.25,82.66,0
2025-01-01 01:14:33,21.94,52.48,96.98,51.34,82.72,0
2025-01-01 01:14:34,22.03,52.56,97.01,51.37,82.7,0
2025-01-01 01:14:35,22.03,52.52,97.1,51.35,82.81,0
2025-01-01 01:14:36,22.01,52.6,97.28,51.3,82.75,0
2025-01-01 01:14:37,21.95,52.52,97.2,51.45,82.81,0
2025-01-01 01:14:38,21.98,52.54,97.25,51.42,82.9,0
2025-01-01 01:14:39,21.92,52.62,97.39,51.44,82.79,0
2025-01-01 01:14:40,22.06,52.7,97.44,51.4,82.99,0
2025-01-01 01:14:41,21.96,52.65,97.41,51.56,82.94,0
2025-01-01 01:14:42,22.03,52.7,97.49,51.48,83.06,0
2025-01-01 01:14:43,21.93,52.73,97.57,51.61,83.07,0
2025-01-01 01:14:44,22.0,52.75,97.7,51.57,82.97,0
2025-01-01 01:14:45,21.99,52.68,97.68,51.65,83.05,0
2025-01-01 01:14:46,21.92,52.81,97.63,51.54,83.07,0
2025-01-01 01:14:47,22.02,52.8,97.77,51.72,83.11,0
2025-01-01 01:14:48,22.06,52.83,97.77,51.64,83.23,0
2025-01-01 01:14:49,21.98,52.78,97.9,51.65,83.11,0
2025-01-01 01:14:50,21.99,52.9,97.94,51.62,83.1,0
2025-01-01 01:14:51,22.12,52.83,98.02,51.67,83.22,0
2025-01-01 01:14:52,22.09,52.83,98.08,51.65,83.33,0
2025-01-01 01:14:53,22.03,52.86,98.1,51.72,83.23,0
2025-01-01 01:14:54,21.9,52.89,98.17,51.78,83.25,0
2025-01-01 01:14:55,21.98,52.92,98.15,51.78,83.2,0
2025-01-01 01:14:56,22.08,52.97,98.25,51.82,83.32,0
2025-01-01 01:14:57,21.98,52.85,98.37,51.76,83.39,0
2025-01-01 01:14:58,22.03,52.94,98.5,51.85,83.18,0
2025-01-01 01:14:59,22.01,52.92,98.43,51.82,83.4,0
2025-01-01 01:15:00,22.05,53.07,98.56,51.87,83.41,0
2025-01-01 01:15:01,22.1,53.02,98.57,51.76,83.48,0
2025-01-01 01:15:02,22.04,53.2,98.63,51.87,83.47,0
2025-01-01 01:15:03,21.99,53.09,98.71,51.86,83.52,0
2025-01-01 01:15:04,22.0,53.11,98.84,51.86,83.47,0
2025-01-01 01:15:05,22.17,53.14,98.8,51.94,83.48,0
2025-01-01 01:15:06,21.98,53.2,98.84,52.03,83.5,0
2025-01-01 01:15:07,22.17,53.09,99.0,51.95,83.58,0
2025-01-01 01:15:08,22.11,53.15,98.95,51.93,83.57,0
2025-01-01 01:15:09,22.05,53.21,99.09,51.89,83.6,0
2025-01-01 01:15:10,22.06,53.18,99.18,51.91,83.57,0
2025-01-01 01:15:11,22.08,53.31,99.21,51.98,83.6,0
2025-01-01 01:15:12,22.08,53.26,99.27,51.95,83.7,0
2025-01-01 01:15:13,22.07,53.2,99.46,51.95,83.71,0
2025-01-01 01:15:14,22.16,53.35,99.37,51.99,83.6,0
2025-01-01 01:15:15,22.2,53.28,99.43,51.98,83.67,0
2025-01-01 01:15:16,22.07,53.42,99.55,52.0,83.67,0
2025-01-01 01:15:17,22.16,53.35,99.65,51.99,83.77,0
2025-01-01 01:15:18,22.11,53.4,99.69,52.1,83.8,0
2025-01-01 01:15:19,22.16,53.44,99.67,52.01,83.69,0
2025-01-01 01:15:20,22.14,53.46,99.66,52.0,83.77,0
2025-01-01 01:15:21,22.13,53.48,99.75,51.96,83.82,0
2025-01-01 01:15:22,22.14,53.5,99.85,52.0,83.67,0
2025-01-01 01:15:23,22.18,53.6,99.89,51.95,83.82,0
2025-01-01 01:15:24,22.22,53.53,99.95,51.99,83.75,0
2025-01-01 01:15:25,22.12,53.54,100.02,51.96,83.82,0
2025-01-01 01:15:26,22.17,53.51,100.15,51.98,83.87,0
2025-01-01 01:15:27,22.21,53.57,100.22,51.96,83.91,0
2025-01-01 01:15:28,22.13,53.64,100.25,51.94,83.9,0
2025-01-01 01:15:29,22.15,53.57,100.17,51.95,83.93,0
2025-01-01 01:15:30,22.25,53.64,100.36,51.97,83.81,0
2025-01-01 01:15:31,22.15,53.75,100.47,52.0,83.82,0
2025-01-01 01:15:32,22.21,53.61,100.55,51.99,83.82,0
2025-01-01 01:15:33,22.29,53.66,100.59,52.0,83.84,0
2025-01-01 01:15:34,22.21,53.69,100.49,51.92,83.88,0
2025-01-01 01:15:35,22.26,53.8,100.7,51.92,83.89,0
2025-01-01 01:15:36,22.18,53.76,100.72,51.96,83.9,0
2025-01-01 01:15:37,22.22,53.88,100.79,51.89,83.96,0
2025-01-01 01:15:38,22.26,53.89,100.91,51.97,83.94,0
2025-01-01 01:15:39,22.37,53.84,100.91,51.99,83.95,0
2025-01-01 01:15:40,22.3,53.94,101.07,51.88,84.02,0
2025-01-01 01:15:41,22.33,53.89,101.09,51.92,83.93,0
2025-01-01 01:15:42,22.18,53.93,101.16,51.95,83.95,0
2025-01-01 01:15:43,22.33,54.05,101.19,51.86,83.99,0
2025-01-01 01:15:44,22.32,54.07,101.29,51.82,83.95,0
2025-01-01 01:15:45,22.21,54.1,101.29,51.9,83.9,0
2025-01-01 01:15:46,22.38,54.03,101.4,51.87,83.97,0
2025-01-01 01:15:47,22.31,54.08,101.49,51.85,83.92,0
2025-01-01 01:15:48,22.31,54.15,101.53,51.81,83.96,0
2025-01-01 01:15:49,22.34,54.21,101.48,51.85,83.97,0
2025-01-01 01:15:50,22.33,54.3,101.59,51.85,84.03,0
2025-01-01 01:15:51,22.3,54.13,101.7,51.75,83.91,0
2025-01-01 01:15:52,22.42,54.2,101.68,51.88,83.91,0
2025-01-01 01:15:53,22.32,54.26,101.77,51.72,83.94,0
2025-01-01 01:15:54,22.46,54.32,101.87,51.75,84.01,0
2025-01-01 01:15:55,22.45,54.28,101.91,51.77,84.08,0
2025-01-01 01:15:56,22.51,54.37,102.01,51.59,84.08,0
2025-01-01 01:15:57,22.38,54.38,102.03,51.7,84.01,0
2025-01-01 01:15:58,22.51,54.4,102.01,51.78,84.02,0
2025-01-01 01:15:59,22.54,54.49,102.06,51.7,83.95,0
2025-01-01 01:16:00,22.45,54.47,102.1,51.61,84.11,0
2025-01-01 01:16:01,22.47,54.5,102.33,51.61,83.99,0
2025-01-01 01:16:02,22.52,54.52,102.26,51.5,83.94,0
2025-01-01 01:16:03,22.43,54.57,102.32,51.7,83.94,0
2025-01-01 01:16:04,22.56,54.61,102.44,51.61,83.87,0
2025-01-01 01:16:05,22.5,54.61,102.4,51.57,84.07,0
2025-01-01 01:16:06,22.38,54.63,102.45,51.53,83.96,0
2025-01-01 01:16:07,22.5,54.72,102.65,51.64,83.94,0
2025-01-01 01:16:08,22.45,54.74,102.7,51.52,84.05,0
2025-01-01 01:16:09,22.54,54.71,102.68,51.44,84.0,0
2025-01-01 01:16:10,22.61,54.83,102.75,51.45,84.0,0
2025-01-01 01:16:11,22.47,54.81,102.78,51.43,83.95,0
2025-01-01 01:16:12,22.61,54.81,102.89,51.41,83.95,0
2025-01-01 01:16:13,22.56,54.91,102.89,51.33,83.93,0
2025-01-01 01:16:14,22.64,54.92,102.96,51.35,83.98,0
2025-01-01 01:16:15,22.68,54.96,102.95,51.26,83.9,0
2025-01-01 01:16:16,22.73,54.97,103.14,51.29,83.9,0
2025-01-01 01:16:17,22.64,54.98,103.04,51.21,83.93,0
2025-01-01 01:16:18,22.71,55.14,103.11,51.22,83.86,0
2025-01-01 01:16:19,22.73,55.09,103.13,51.17,83.94,0
2025-01-01 01:16:20,22.7,55.12,103.18,51.09,83.83,0
2025-01-01 01:16:21,22.73,55.22,103.25,51.27,83.91,0
2025-01-01 01:16:22,22.64,55.16,103.36,51.01,83.89,0
2025-01-01 01:16:23,22.78,55.2,103.36,51.1,83.84,0
2025-01-01 01:16:24,22.68,55.18,103.39,51.08,83.81,0
2025-01-01 01:16:25,22.7,55.28,103.48,51.02,83.85,0
2025-01-01 01:16:26,22.74,55.28,103.55,50.99,83.75,0
2025-01-01 01:16:27,22.77,55.24,103.53,50.98,83.68,0
2025-01-01 01:16:28,22.81,55.33,103.65,50.97,83.82,0
2025-01-01 01:16:29,22.86,55.37,103.63,50.85,83.84,0
2025-01-01 01:16:30,22.81,55.35,103.71,50.8,83.74,0
2025-01-01 01:16:31,22.87,55.42,103.68,50.85,83.65,0
2025-01-01 01:16:32,22.88,55.46,103.75,50.83,83.73,0
2025-01-01 01:16:33,22.89,55.5,103.73,50.84,83.74,0
2025-01-01 01:16:34,22.88,55.59,103.84,50.84,83.77,0
2025-01-01 01:16:35,22.91,55.53,103.88,50.81,83.61,0
2025-01-01 01:16:36,22.88,55.59,103.88,50.77,83.69,0
2025-01-01 01:16:37,22.88,55.67,103.95,50.65,83.62,0
2025-01-01 01:16:38,22.95,55.72,103.97,50.69,83.72,0
2025-01-01 01:16:39,22.88,55.72,104.08,50.62,83.69,0
2025-01-01 01:16:40,23.07,55.75,104.06,50.64,83.65,0
2025-01-01 01:16:41,22.85,55.77,104.09,50.58,83.58,0
2025-01-01 01:16:42,22.98,55.76,104.18,50.61,83.53,0
2025-01-01 01:16:43,22.93,55.84,104.18,50.56,83.49,0
2025-01-01 01:16:44,22.99,55.77,104.28,50.48,83.51,0
2025-01-01 01:16:45,22.96,55.85,104.27,50.38,83.52,0
2025-01-01 01:16:46,23.15,55.92,104.23,50.42,83.44,0
2025-01-01 01:16:47,23.15,56.05,104.3,50.32,83.46,0
2025-01-01 01:16:48,23.06,56.03,104.39,50.28,83.51,0
2025-01-01 01:16:49,23.12,56.02,104.32,50.31,83.38,0
2025-01-01 01:16:50,23.16,56.02,104.43,50.27,83.39,0
2025-01-01 01:16:51,23.12,56.17,104.37,50.22,83.36,0
2025-01-01 01:16:52,23.14,56.12,104.37,50.15,83.46,0
2025-01-01 01:16:53,23.17,56.2,104.47,50.17,83.33,0
2025-01-01 01:16:54,23.2,56.23,104.46,50.15,83.21,0
2025-01-01 01:16:55,23.21,56.19,104.54,50.04,83.31,0
2025-01-01 01:16:56,23.23,56.37,104.49,50.12,83.29,0
2025-01-01 01:16:57,23.2,56.37,104.58,50.07,83.21,0
2025-01-01 01:16:58,23.2,56.41,104.69,50.0,83.1,0
2025-01-01 01:16:59,23.24,56.4,104.63,49.99,83.19,0
2025-01-01 01:17:00,23.31,56.38,104.72,50.02,83.15,0
2025-01-01 01:17:01,23.24,56.49,104.63,49.88,83.22,0
2025-01-01 01:17:02,23.34,56.61,104.71,49.84,83.15,0
2025-01-01 01:17:03,23.31,56.54,104.73,49.79,83.13,0
2025-01-01 01:17:04,23.26,56.54,104.74,49.69,83.13,0
2025-01-01 01:17:05,23.25,56.65,104.7,49.75,83.09,0
2025-01-01 01:17:06,23.48,56.66,104.69,49.79,83.03,0
2025-01-01 01:17:07,23.39,56.72,104.69,49.71,82.99,0
2025-01-01 01:17:08,23.46,56.76,104.74,49.74,83.01,0
2025-01-01 01:17:09,23.34,56.76,104.89,49.58,83.03,0
2025-01-01 01:17:10,23.36,56.76,104.8,49.68,82.91,0
2025-01-01 01:17:11,23.39,56.86,104.9,49.61,82.89,0
2025-01-01 01:17:12,23.48,56.84,104.96,49.6,82.93,0
2025-01-01 01:17:13,23.53,56.93,104.83,49.54,82.86,0
2025-01-01 01:17:14,23.57,56.98,104.93,49.39,82.82,0
2025-01-01 01:17:15,23.49,56.99,104.9,49.43,82.82,0
2025-01-01 01:17:16,23.52,57.02,104.85,49.37,82.8,0
2025-01-01 01:17:17,23.49,57.12,104.99,49.37,82.89,0
2025-01-01 01:17:18,23.63,57.05,104.99,49.35,82.67,0
2025-01-01 01:17:19,23.54,57.18,104.93,49.31,82.63,0
2025-01-01 01:17:20,23.57,57.16,104.98,49.16,82.65,0
2025-01-01 01:17:21,23.59,57.27,105.12,49.24,82.53,0
2025-01-01 01:17:22,23.65,57.23,105.08,49.31,82.63,0
2025-01-01 01:17:23,23.63,57.31,105.0,49.21,82.48,0
2025-01-01 01:17:24,23.73,57.32,104.98,49.13,82.49,0
2025-01-01 01:17:25,23.71,57.27,105.03,49.08,82.39,0
2025-01-01 01:17:26,23.81,57.35,104.96,49.16,82.56,0
2025-01-01 01:17:27,23.66,57.38,104.95,49.12,82.52,0
2025-01-01 01:17:28,23.7,57.54,104.96,49.06,82.34,0
2025-01-01 01:17:29,23.76,57.5,104.98,49.04,82.32,0
2025-01-01 01:17:30,23.74,57.57,105.07,48.99,82.36,0
2025-01-01 01:17:31,23.84,57.62,104.95,48.92,82.27,0
2025-01-01 01:17:32,23.92,57.65,105.02,48.95,82.21,0
2025-01-01 01:17:33,23.94,57.68,105.03,48.81,82.28,0
2025-01-01 01:17:34,23.84,57.63,104.94,48.81,82.14,0
2025-01-01 01:17:35,23.88,57.72,105.01,48.93,82.17,0
2025-01-01 01:17:36,23.79,57.76,105.04,48.82,82.21,0
2025-01-01 01:17:37,23.94,57.72,104.98,48.81,82.16,0
2025-01-01 01:17:38,24.03,57.9,104.99,48.8,82.06,0
2025-01-01 01:17:39,23.88,57.89,104.98,48.68,82.1,0
2025-01-01 01:17:40,24.02,57.86,105.03,48.7,81.96,0
2025-01-01 01:17:41,24.05,57.96,105.04,48.65,81.88,0
2025-01-01 01:17:42,24.0,58.05,104.89,48.6,81.94,0
2025-01-01 01:17:43,23.96,58.06,104.91,48.66,81.83,0
2025-01-01 01:17:44,24.11,58.07,104.96,48.66,81.8,0
2025-01-01 01:17:45,24.11,58.05,104.84,48.69,81.88,0
2025-01-01 01:17:46,24.19,58.14,104.9,48.59,81.79,0
2025-01-01 01:17:47,24.07,58.16,104.89,48.49,81.7,0
2025-01-01 01:17:48,24.14,58.23,104.91,48.5,81.69,0
2025-01-01 01:17:49,24.17,58.24,104.82,48.47,81.67,0
2025-01-01 01:17:50,24.25,58.25,104.9,48.52,81.72,0
2025-01-01 01:17:51,24.34,58.43,104.87,48.39,81.55,0
2025-01-01 01:17:52,24.22,58.31,104.84,48.33,81.63,0
2025-01-01 01:17:53,24.21,58.44,104.75,48.32,81.6,0
2025-01-01 01:17:54,24.31,58.46,104.8,48.38,81.51,0
2025-01-01 01:17:55,24.3,58.54,104.82,48.4,81.46,0
2025-01-01 01:17:56,24.24,58.53,104.77,48.28,81.48,0
2025-01-01 01:17:57,24.28,58.55,104.65,48.37,81.39,0
2025-01-01 01:17:58,24.4,58.57,104.66,48.31,81.31,0
2025-01-01 01:17:59,24.34,58.69,104.69,48.38,81.25,0
2025-01-01 01:18:00,24.37,58.68,104.66,48.31,81.22,0
2025-01-01 01:18:01,24.33,58.78,104.62,48.26,81.27,0
2025-01-01 01:18:02,24.43,58.76,104.55,48.19,81.2,0
2025-01-01 01:18:03,24.34,58.83,104.63,48.22,81.13,0
2025-01-01 01:18:04,24.54,58.94,104.51,48.23,81.14,0
2025-01-01 01:18:05,24.47,59.0,104.52,48.22,81.12,0
2025-01-01 01:18:06,24.53,58.99,104.52,48.11,81.02,0
2025-01-01 01:18:07,24.54,59.0,104.5,48.27,80.95,0
2025-01-01 01:18:08,24.57,59.01,104.48,48.16,81.07,0
2025-01-01 01:18:09,24.54,59.03,104.43,48.17,80.98,0
2025-01-01 01:18:10,24.58,59.23,104.37,48.13,80.86,0
2025-01-01 01:18:11,24.58,59.16,104.36,48.13,80.82,0
2025-01-01 01:18:12,24.55,59.17,104.37,48.18,80.81,0
2025-01-01 01:18:13,24.57,59.22,104.39,48.15,80.8,0
2025-01-01 01:18:14,24.68,59.34,104.19,48.07,80.7,0
2025-01-01 01:18:15,24.68,59.31,104.25,48.06,80.76,0
2025-01-01 01:18:16,24.67,59.38,104.24,48.13,80.67,0
2025-01-01 01:18:17,24.73,59.47,104.17,48.03,80.64,0
2025-01-01 01:18:18,24.71,59.31,104.13,48.06,80.63,0
2025-01-01 01:18:19,24.7,59.39,104.08,48.07,80.54,0
2025-01-01 01:18:20,24.75,59.45,104.03,48.03,80.55,0
2025-01-01 01:18:21,24.79,59.53,104.09,48.02,80.48,0
2025-01-01 01:18:22,24.78,59.67,103.97,48.04,80.41,0
2025-01-01 01:18:23,24.82,59.68,103.97,48.03,80.46,0
2025-01-01 01:18:24,24.88,59.64,103.82,48.0,80.36,0
2025-01-01 01:18:25,24.88,59.77,103.79,47.99,80.24,0
2025-01-01 01:18:26,24.81,59.71,103.82,48.05,80.21,0
2025-01-01 01:18:27,24.85,59.7,103.78,47.97,80.3,0
2025-01-01 01:18:28,24.93,59.82,103.69,47.93,80.11,0
2025-01-01 01:18:29,24.9,59.83,103.63,48.02,80.16,0
2025-01-01 01:18:30,24.93,60.0,103.55,48.0,80.08,0
2025-01-01 01:18:31,24.94,59.91,103.6,47.99,80.04,0
2025-01-01 01:18:32,24.93,59.9,103.54,47.98,80.01,0
2025-01-01 01:18:33,25.01,60.0,103.5,47.96,80.05,0
2025-01-01 01:18:34,24.99,60.05,103.43,47.96,79.94,0
2025-01-01 01:18:35,25.05,60.08,103.4,47.97,79.92,0
2025-01-01 01:18:36,25.17,60.1,103.39,48.01,79.89,0
2025-01-01 01:18:37,25.13,60.19,103.32,47.98,79.78,0
2025-01-01 01:18:38,25.11,60.16,103.25,48.06,79.78,0
2025-01-01 01:18:39,25.18,60.34,103.22,48.02,79.72,0
2025-01-01 01:18:40,25.11,60.26,103.23,48.03,79.79,0
2025-01-01 01:18:41,25.22,60.31,103.18,48.01,79.72,0
2025-01-01 01:18:42,25.17,60.33,103.05,47.99,79.57,0
2025-01-01 01:18:43,25.18,60.47,103.13,47.96,79.64,0
2025-01-01 01:18:44,25.21,60.48,102.9,48.06,79.44,0
2025-01-01 01:18:45,25.27,60.52,102.95,48.01,79.52,0
2025-01-01 01:18:46,25.29,60.53,102.92,48.05,79.48,0
2025-01-01 01:18:47,25.29,60.59,102.86,48.04,79.36,0
2025-01-01 01:18:48,25.33,60.68,102.8,48.08,79.38,0
2025-01-01 01:18:49,25.37,60.65,102.71,48.13,79.31,0
2025-01-01 01:18:50,25.4,60.76,102.71,48.02,79.3,0
2025-01-01 01:18:51,25.36,60.72,102.63,48.13,79.24,0
2025-01-01 01:18:52,25.38,60.77,102.63,48.09,79.16,0
2025-01-01 01:18:53,25.33,60.84,102.48,48.15,79.11,0
2025-01-01 01:18:54,25.4,60.8,102.49,48.16,79.16,0
2025-01-01 01:18:55,25.4,60.87,102.42,48.06,79.09,0
2025-01-01 01:18:56,25.55,60.93,102.28,48.12,79.03,0
2025-01-01 01:18:57,25.6,61.07,102.34,48.15,79.09,0
2025-01-01 01:18:58,25.45,61.08,102.29,48.17,79.04,0
2025-01-01 01:18:59,25.51,61.0,102.24,48.19,78.98,0
2025-01-01 01:19:00,25.64,61.06,102.12,48.29,78.94,0
2025-01-01 01:19:01,25.53,61.09,102.05,48.19,78.88,0
2025-01-01 01:19:02,25.59,61.19,101.98,48.24,78.73,0
2025-01-01 01:19:03,25.62,61.28,101.89,48.28,78.76,0
2025-01-01 01:19:04,25.67,61.27,101.92,48.27,78.82,0
2025-01-01 01:19:05,25.66,61.26,101.85,48.27,78.73,0
2025-01-01 01:19:06,25.65,61.3,101.8,48.31,78.73,0
2025-01-01 01:19:07,25.67,61.28,101.71,48.24,78.66,0
2025-01-01 01:19:08,25.62,61.37,101.65,48.42,78.55,0
2025-01-01 01:19:09,25.73,61.49,101.68,48.4,78.62,0
2025-01-01 01:19:10,25.79,61.44,101.57,48.42,78.48,0
2025-01-01 01:19:11,25.73,61.49,101.53,48.4,78.48,0
2025-01-01 01:19:12,25.72,61.57,101.4,48.43,78.4,0
2025-01-01 01:19:13,25.81,61.59,101.31,48.37,78.36,0
2025-01-01 01:19:14,25.81,61.66,101.32,48.48,78.35,0
2025-01-01 01:19:15,25.89,61.67,101.27,48.48,78.37,0
2025-01-01 01:19:16,25.85,61.75,101.19,48.55,78.27,0
2025-01-01 01:19:17,25.79,61.72,101.18,48.52,78.28,0
2025-01-01 01:19:18,25.85,61.81,101.02,48.51,78.22,0
2025-01-01 01:19:19,25.94,61.88,101.04,48.49,78.2,0
2025-01-01 01:19:20,25.93,61.81,100.95,48.58,78.19,0
2025-01-01 01:19:21,25.96,61.9,100.93,48.51,78.13,0
2025-01-01 01:19:22,25.89,61.92,100.85,48.58,78.02,0
2025-01-01 01:19:23,26.11,61.93,100.84,48.66,78.03,0
2025-01-01 01:19:24,26.04,62.11,100.64,48.67,78.07,0
2025-01-01 01:19:25,26.05,62.14,100.66,48.81,78.0,0
2025-01-01 01:19:26,26.06,62.13,100.57,48.79,77.97,0
2025-01-01 01:19:27,26.11,62.2,100.53,48.8,77.87,0
2025-01-01 01:19:28,26.06,62.24,100.52,48.7,77.86,0
2025-01-01 01:19:29,26.11,62.19,100.35,48.85,77.93,0
2025-01-01 01:19:30,26.02,62.26,100.35,48.89,77.84,0
2025-01-01 01:19:31,26.23,62.31,100.33,48.85,77.79,0
2025-01-01 01:19:32,26.1,62.39,100.2,48.93,77.74,0
2025-01-01 01:19:33,26.21,62.41,100.09,48.89,77.72,0
2025-01-01 01:19:34,26.23,62.52,100.09,49.02,77.61,0
2025-01-01 01:19:35,26.32,62.49,100.01,48.99,77.6,0
2025-01-01 01:19:36,26.19,62.6,99.9,48.97,77.59,0
2025-01-01 01:19:37,26.19,62.54,99.94,49.02,77.52,0
2025-01-01 01:19:38,26.29,62.57,99.88,49.06,77.55,0
2025-01-01 01:19:39,26.28,62.62,99.74,49.08,77.44,0
2025-01-01 01:19:40,26.28,62.69,99.74,49.12,77.56,0
2025-01-01 01:19:41,26.32,62.62,99.56,49.23,77.45,0
2025-01-01 01:19:42,26.28,62.62,99.56,49.22,77.4,0
2025-01-01 01:19:43,26.31,62.74,99.58,49.16,77.37,0
2025-01-01 01:19:44,26.44,62.83,99.46,49.23,77.38,0
2025-01-01 01:19:45,26.37,62.8,99.34,49.33,77.34,0
2025-01-01 01:19:46,26.43,62.89,99.35,49.31,77.29,0
2025-01-01 01:19:47,26.39,62.84,99.21,49.34,77.2,0
2025-01-01 01:19:48,26.38,63.01,99.22,49.37,77.37,0
2025-01-01 01:19:49,26.38,63.04,99.14,49.46,77.23,0
2025-01-01 01:19:50,26.39,63.03,99.1,49.34,77.3,0
2025-01-01 01:19:51,26.52,63.1,98.96,49.52,77.22,0
2025-01-01 01:19:52,26.53,63.1,98.91,49.51,77.12,0
2025-01-01 01:19:53,26.56,63.1,98.93,49.51,77.1,0
2025-01-01 01:19:54,26.58,63.14,98.87,49.61,77.07,0
2025-01-01 01:19:55,26.63,63.22,98.83,49.7,77.05,0
2025-01-01 01:19:56,26.62,63.22,98.66,49.64,76.96,0
2025-01-01 01:19:57,26.56,63.31,98.63,49.72,77.02,0
2025-01-01 01:19:58,26.71,63.35,98.65,49.73,76.99,0
2025-01-01 01:19:59,26.7,63.39,98.55,49.76,76.98,0
2025-01-01 01:20:00,26.62,63.36,98.55,49.87,76.88,0
2025-01-01 01:20:01,26.64,63.49,98.44,49.85,76.95,0
2025-01-01 01:20:02,26.68,63.48,98.37,49.8,76.89,0
2025-01-01 01:20:03,26.77,63.49,98.31,49.89,76.84,0
2025-01-01 01:20:04,26.75,63.5,98.31,49.94,76.78,0
2025-01-01 01:20:05,26.82,63.58,98.15,50.0,76.83,0
2025-01-01 01:20:06,26.66,63.58,98.14,49.87,76.78,0
2025-01-01 01:20:07,26.78,63.59,98.08,50.01,76.7,0
2025-01-01 01:20:08,26.83,63.72,97.99,50.04,76.77,0
2025-01-01 01:20:09,26.79,63.62,97.98,50.04,76.69,0
2025-01-01 01:20:10,26.89,63.74,97.89,50.14,76.71,0
2025-01-01 01:20:11,26.79,63.78,97.84,50.16,76.68,0
2025-01-01 01:20:12,26.98,63.76,97.83,50.24,76.67,0
2025-01-01 01:20:13,26.83,63.94,97.62,50.18,76.68,0
2025-01-01 01:20:14,26.86,63.97,97.59,50.19,76.57,0
2025-01-01 01:20:15,26.92,63.92,97.59,50.35,76.65,0
2025-01-01 01:20:16,26.89,63.88,97.45,50.32,76.59,0
2025-01-01 01:20:17,26.93,63.99,97.47,50.38,76.62,0
2025-01-01 01:20:18,26.83,64.03,97.4,50.3,76.46,0
2025-01-01 01:20:19,26.98,64.09,97.47,50.41,76.41,0
2025-01-01 01:20:20,26.96,64.03,97.28,50.47,76.49,0
2025-01-01 01:20:21,27.02,64.12,97.33,50.45,76.52,0
2025-01-01 01:20:22,27.02,64.16,97.25,50.51,76.52,0
2025-01-01 01:20:23,27.03,64.2,97.18,50.58,76.46,0
2025-01-01 01:20:24,27.02,64.18,97.09,50.56,76.47,0
2025-01-01 01:20:25,27.03,64.24,97.0,50.68,76.42,0
2025-01-01 01:20:26,27.1,64.35,97.03,50.64,76.45,0
2025-01-01 01:20:27,27.08,64.37,97.03,50.7,76.35,0
2025-01-01 01:20:28,27.09,64.41,96.97,50.76,76.37,0
2025-01-01 01:20:29,27.13,64.38,96.86,50.77,76.29,0
2025-01-01 01:20:30,27.12,64.51,96.9,50.77,76.29,0
2025-01-01 01:20:31,27.13,64.51,96.79,50.76,76.35,0
2025-01-01 01:20:32,27.16,64.48,96.77,50.87,76.23,0
2025-01-01 01:20:33,27.15,64.52,96.72,50.88,76.24,0
2025-01-01 01:20:34,27.1,64.62,96.59,50.89,76.24,0
2025-01-01 01:20:35,27.2,64.69,96.75,50.83,76.28,0
2025-01-01 01:20:36,27.19,64.69,96.6,51.01,76.24,0
2025-01-01 01:20:37,27.17,64.71,96.52,50.96,76.19,0
2025-01-01 01:20:38,27.28,64.78,96.41,51.03,76.18,0
2025-01-01 01:20:39,27.17,64.74,96.38,50.95,76.15,0
2025-01-01 01:20:40,27.2,64.73,96.31,51.04,76.14,0
2025-01-01 01:20:41,27.29,64.83,96.35,51.07,76.15,0
2025-01-01 01:20:42,27.24,64.79,96.33,51.02,76.15,0
2025-01-01 01:20:43,27.28,64.89,96.18,51.14,76.16,0
2025-01-01 01:20:44,27.21,64.84,96.21,51.19,76.14,0
2025-01-01 01:20:45,27.35,64.87,96.09,51.2,76.06,0
2025-01-01 01:20:46,27.29,65.0,96.14,51.19,76.07,0
2025-01-01 01:20:47,27.38,65.0,96.03,51.15,76.19,0
2025-01-01 01:20:48,27.3,65.04,96.13,51.28,76.06,0
2025-01-01 01:20:49,27.3,64.98,96.03,51.37,76.06,0
2025-01-01 01:20:50,27.35,65.12,95.94,51.34,76.08,0
2025-01-01 01:20:51,27.37,65.11,96.03,51.38,76.12,0
2025-01-01 01:20:52,27.36,65.2,95.94,51.3,76.09,0
2025-01-01 01:20:53,27.39,65.1,95.88,51.42,76.06,0
2025-01-01 01:20:54,27.42,65.19,95.96,51.36,76.09,0
2025-01-01 01:20:55,27.44,65.19,95.8,51.37,76.01,0
2025-01-01 01:20:56,27.45,65.19,95.79,51.42,75.96,0
2025-01-01 01:20:57,27.41,65.4,95.63,51.51,75.99,0
2025-01-01 01:20:58,27.46,65.35,95.73,51.48,75.96,0
2025-01-01 01:20:59,27.52,65.38,95.66,51.55,76.0,0
2025-01-01 01:21:00,27.46,65.38,95.66,51.57,76.04,0
2025-01-01 01:21:01,27.47,65.49,95.59,51.57,75.95,0
2025-01-01 01:21:02,27.51,65.47,95.62,51.67,76.04,0
2025-01-01 01:21:03,27.54,65.45,95.52,51.66,76.06,0
2025-01-01 01:21:04,27.49,65.54,95.55,51.58,76.03,0
2025-01-01 01:21:05,27.5,65.41,95.49,51.67,76.0,0
2025-01-01 01:21:06,27.71,65.58,95.48,51.69,75.98,0
2025-01-01 01:21:07,27.62,65.6,95.46,51.66,75.92,0
2025-01-01 01:21:08,27.56,65.63,95.39,51.72,75.99,0
2025-01-01 01:21:09,27.61,65.59,95.4,51.69,75.92,0
2025-01-01 01:21:10,27.6,65.75,95.3,51.75,76.04,0
2025-01-01 01:21:11,27.73,65.68,95.31,51.7,76.06,0
2025-01-01 01:21:12,27.58,65.71,95.23,51.82,76.06,0
2025-01-01 01:21:13,27.67,65.68,95.33,51.7,76.01,0
2025-01-01 01:21:14,27.65,65.8,95.31,51.8,75.91,0
2025-01-01 01:21:15,27.68,65.82,95.21,51.74,76.08,0
2025-01-01 01:21:16,27.72,65.87,95.21,51.7,76.05,0
2025-01-01 01:21:17,27.69,65.85,95.28,51.89,76.02,0
2025-01-01 01:21:18,27.68,65.9,95.24,51.81,76.04,0
2025-01-01 01:21:19,27.64,65.99,95.21,51.83,76.02,0
2025-01-01 01:21:20,27.65,66.02,95.25,51.91,76.1,0
2025-01-01 01:21:21,27.71,66.01,95.21,51.89,76.03,0
2025-01-01 01:21:22,27.76,66.03,95.1,51.79,76.02,0
2025-01-01 01:21:23,27.62,65.98,95.08,51.88,76.08,0
2025-01-01 01:21:24,27.78,66.08,95.14,51.95,75.92,0
2025-01-01 01:21:25,27.74,65.99,95.12,51.83,76.04,0
2025-01-01 01:21:26,27.77,66.05,95.13,51.96,76.07,0
2025-01-01 01:21:27,27.79,66.11,95.08,51.95,76.06,0
2025-01-01 01:21:28,27.73,66.09,95.05,51.93,76.03,0
2025-01-01 01:21:29,27.81,66.12,95.05,52.02,76.12,0
2025-01-01 01:21:30,27.84,66.18,95.09,51.91,76.07,0
2025-01-01 01:21:31,27.78,66.2,95.02,51.95,76.04,0
2025-01-01 01:21:32,27.84,66.25,95.04,51.99,76.1,0
2025-01-01 01:21:33,27.81,66.27,95.1,52.02,76.11,0
2025-01-01 01:21:34,27.79,66.3,95.04,52.06,76.05,0
2025-01-01 01:21:35,27.85,66.39,94.94,51.98,76.08,0
2025-01-01 01:21:36,27.84,66.34,95.0,51.97,76.18,0
2025-01-01 01:21:37,27.84,66.39,95.01,52.02,76.14,0
2025-01-01 01:21:38,27.92,66.34,94.92,51.91,76.06,0
2025-01-01 01:21:39,27.87,66.46,95.06,51.95,76.21,0
2025-01-01 01:21:40,27.85,66.46,95.03,51.96,76.31,0
2025-01-01 01:21:41,27.92,66.45,94.95,52.0,76.21,0
2025-01-01 01:21:42,27.91,66.44,95.01,51.92,76.23,0
2025-01-01 01:21:43,27.86,66.62,94.92,52.07,76.14,0
2025-01-01 01:21:44,27.81,66.46,95.02,51.94,76.17,0
2025-01-01 01:21:45,27.89,66.59,95.01,51.99,76.34,0
2025-01-01 01:21:46,27.89,66.63,95.02,51.94,76.29,0
2025-01-01 01:21:47,27.86,66.61,95.03,51.89,76.2,0
2025-01-01 01:21:48,27.94,66.6,94.99,51.99,76.27,0
2025-01-01 01:21:49,27.92,66.66,95.04,51.95,76.32,0
2025-01-01 01:21:50,27.96,66.65,95.08,51.97,76.36,0
2025-01-01 01:21:51,27.92,66.7,95.06,52.03,76.35,0
2025-01-01 01:21:52,27.94,66.7,95.13,52.0,76.36,0
2025-01-01 01:21:53,27.91,66.79,95.03,51.87,76.38,0
2025-01-01 01:21:54,27.98,66.85,95.06,51.95,76.42,0
2025-01-01 01:21:55,27.91,66.81,95.07,52.0,76.44,0
2025-01-01 01:21:56,27.97,66.8,95.19,51.96,76.44,0
2025-01-01 01:21:57,27.9,66.82,95.11,51.89,76.43,0
2025-01-01 01:21:58,27.93,66.85,95.03,51.91,76.44,0
2025-01-01 01:21:59,27.94,66.92,95.23,51.94,76.42,0
2025-01-01 01:22:00,27.93,66.92,95.17,51.95,76.5,0
2025-01-01 01:22:01,27.93,67.0,95.16,51.84,76.59,0
2025-01-01 01:22:02,27.88,66.76,95.21,51.92,76.56,0
2025-01-01 01:22:03,27.89,66.95,95.18,51.84,76.63,0
2025-01-01 01:22:04,27.91,66.99,95.27,51.87,76.64,0
2025-01-01 01:22:05,27.99,67.01,95.24,51.87,76.58,0
2025-01-01 01:22:06,27.9,67.06,95.3,51.84,76.59,0
2025-01-01 01:22:07,27.89,67.03,95.2,51.74,76.64,0
2025-01-01 01:22:08,27.94,67.07,95.28,51.77,76.58,0
2025-01-01 01:22:09,27.93,67.03,95.24,51.77,76.63,0
2025-01-01 01:22:10,27.97,67.1,95.29,51.79,76.64,0
2025-01-01 01:22:11,27.93,67.1,95.38,51.8,76.81,0
2025-01-01 01:22:12,27.96,67.12,95.32,51.67,76.77,0
2025-01-01 01:22:13,27.95,67.2,95.32,51.74,76.73,0
2025-01-01 01:22:14,27.95,67.19,95.39,51.68,76.76,0
2025-01-01 01:22:15,28.08,67.15,95.45,51.68,76.84,0
2025-01-01 01:22:16,27.96,67.18,95.49,51.62,76.91,0
2025-01-01 01:22:17,28.05,67.24,95.5,51.5,76.9,0
2025-01-01 01:22:18,27.97,67.22,95.43,51.65,76.83,0
2025-01-01 01:22:19,28.0,67.29,95.53,51.67,76.89,0
2025-01-01 01:22:20,28.03,67.2,95.64,51.63,76.98,0
2025-01-01 01:22:21,27.98,67.21,95.6,51.62,76.99,0
2025-01-01 01:22:22,27.92,67.24,95.71,51.57,76.95,0
2025-01-01 01:22:23,27.91,67.28,95.58,51.52,77.16,0
2025-01-01 01:22:24,27.92,67.32,95.77,51.54,77.05,0
2025-01-01 01:22:25,27.99,67.29,95.73,51.5,77.14,0
2025-01-01 01:22:26,27.97,67.35,95.73,51.47,77.15,0
2025-01-01 01:22:27,28.03,67.32,95.82,51.4,77.19,0
2025-01-01 01:22:28,27.99,67.31,95.83,51.44,77.18,0
2025-01-01 01:22:29,27.97,67.38,95.83,51.37,77.16,0
2025-01-01 01:22:30,28.05,67.38,95.92,51.37,77.28,0
2025-01-01 01:22:31,28.05,67.47,95.97,51.29,77.2,0
2025-01-01 01:22:32,27.96,67.49,95.99,51.36,77.34,0
2025-01-01 01:22:33,27.96,67.47,96.02,51.28,77.29,0
2025-01-01 01:22:34,28.06,67.48,96.06,51.23,77.38,0
2025-01-01 01:22:35,27.95,67.52,96.13,51.22,77.39,0
2025-01-01 01:22:36,28.01,67.51,96.14,51.22,77.41,0
2025-01-01 01:22:37,28.0,67.47,96.17,51.2,77.44,0
2025-01-01 01:22:38,28.04,67.57,96.18,51.15,77.45,0
2025-01-01 01:22:39,27.99,67.55,96.29,51.14,77.56,0
2025-01-01 01:22:40,28.0,67.52,96.28,51.14,77.45,0
2025-01-01 01:22:41,27.92,67.57,96.39,51.14,77.55,0
2025-01-01 01:22:42,28.04,67.59,96.31,51.05,77.56,0
2025-01-01 01:22:43,28.03,67.6,96.37,50.95,77.62,0
2025-01-01 01:22:44,27.86,67.59,96.49,50.94,77.71,0
2025-01-01 01:22:45,28.04,67.57,96.51,51.01,77.69,0
2025-01-01 01:22:46,27.91,67.63,96.52,50.99,77.75,0
2025-01-01 01:22:47,27.96,67.66,96.55,50.87,77.83,0
2025-01-01 01:22:48,27.98,67.71,96.67,50.94,77.69,0
2025-01-01 01:22:49,27.96,67.75,96.75,50.91,77.82,0
2025-01-01 01:22:50,27.94,67.63,96.7,50.85,77.88,0
2025-01-01 01:22:51,27.96,67.72,96.81,50.83,77.94,0
2025-01-01 01:22:52,27.91,67.72,96.77,50.76,77.95,0
2025-01-01 01:22:53,27.89,67.69,96.9,50.73,77.95,0
2025-01-01 01:22:54,27.9,67.72,96.86,50.68,77.97,0
2025-01-01 01:22:55,27.94,67.71,96.92,50.64,78.07,0
2025-01-01 01:22:56,28.01,67.87,97.13,50.57,78.04,0
2025-01-01 01:22:57,27.94,67.75,97.1,50.72,78.04,0
2025-01-01 01:22:58,27.9,67.85,97.12,50.58,78.19,0
2025-01-01 01:22:59,27.96,67.78,97.25,50.49,78.14,0
2025-01-01 01:23:00,27.96,67.68,97.32,50.51,78.21,0
2025-01-01 01:23:01,27.85,67.73,97.28,50.51,78.14,0
2025-01-01 01:23:02,27.96,67.78,97.35,50.45,78.29,0
2025-01-01 01:23:03,27.88,67.84,97.29,50.38,78.32,0
2025-01-01 01:23:04,27.9,67.73,97.5,50.31,78.35,0
2025-01-01 01:23:05,27.92,67.83,97.58,50.33,78.41,0
2025-01-01 01:23:06,27.9,67.87,97.64,50.31,78.46,0
2025-01-01 01:23:07,27.97,67.91,97.61,50.32,78.47,0
2025-01-01 01:23:08,27.95,67.88,97.7,50.26,78.51,0
2025-01-01 01:23:09,27.9,67.85,97.73,50.29,78.56,0
2025-01-01 01:23:10,27.85,67.85,97.85,50.13,78.5,0
2025-01-01 01:23:11,27.81,67.79,97.79,50.08,78.68,0
2025-01-01 01:23:12,27.87,67.86,97.84,50.1,78.56,0
2025-01-01 01:23:13,27.85,67.99,98.0,50.06,78.72,0
2025-01-01 01:23:14,27.83,67.85,98.11,49.98,78.7,0
2025-01-01 01:23:15,27.87,67.85,98.11,49.99,78.79,0
2025-01-01 01:23:16,27.88,67.89,98.22,49.94,78.86,0
2025-01-01 01:23:17,27.9,68.0,98.2,49.9,78.94,0
2025-01-01 01:23:18,27.82,67.88,98.24,49.86,78.9,0
2025-01-01 01:23:19,27.8,67.91,98.36,49.9,78.91,0
2025-01-01 01:23:20,37.83,47.93,128.35,34.84,103.98,1
2025-01-01 01:23:21,37.81,47.96,128.39,34.77,103.95,1
2025-01-01 01:23:22,37.78,48.0,128.53,34.72,104.05,1
2025-01-01 01:23:23,37.78,47.91,128.48,34.79,104.0,1
2025-01-01 01:23:24,37.79,47.9,128.65,34.69,104.1,1
2025-01-01 01:23:25,37.78,47.97,128.67,34.67,104.12,1
2025-01-01 01:23:26,37.7,47.9,128.77,34.62,104.15,1
2025-01-01 01:23:27,37.7,47.88,128.76,34.65,104.2,1
2025-01-01 01:23:28,37.78,47.94,128.88,34.56,104.2,1
2025-01-01 01:23:29,37.74,48.06,129.0,34.57,104.29,1
2025-01-01 01:23:30,37.76,47.99,128.97,34.53,104.35,1
2025-01-01 01:23:31,37.72,47.92,129.01,34.52,104.38,1
2025-01-01 01:23:32,37.75,47.96,129.04,34.43,104.37,1
2025-01-01 01:23:33,37.67,48.04,129.14,34.38,104.54,1
2025-01-01 01:23:34,37.76,47.97,129.24,34.37,104.46,1
2025-01-01 01:23:35,37.73,47.97,129.28,34.4,104.58,1
2025-01-01 01:23:36,37.67,48.01,129.29,34.34,104.59,1
2025-01-01 01:23:37,37.71,47.98,129.51,34.24,104.67,1
2025-01-01 01:23:38,37.63,48.02,129.5,34.26,104.63,1
2025-01-01 01:23:39,37.68,48.01,129.62,34.18,104.67,1
2025-01-01 01:23:40,27.68,67.98,99.59,49.25,79.6,0
2025-01-01 01:23:41,27.62,67.91,99.59,49.28,79.81,0
2025-01-01 01:23:42,27.69,67.99,99.75,49.05,79.87,0
2025-01-01 01:23:43,27.59,67.97,99.8,49.12,79.86,0
2025-01-01 01:23:44,27.56,68.0,99.89,49.05,79.96,0
2025-01-01 01:23:45,27.57,68.0,99.98,49.01,79.99,0
2025-01-01 01:23:46,27.7,68.01,99.94,48.98,80.04,0
2025-01-01 01:23:47,27.66,68.07,100.03,49.04,80.02,0
2025-01-01 01:23:48,27.54,68.06,100.17,48.91,80.01,0
2025-01-01 01:23:49,27.58,68.05,100.1,48.94,80.07,0
2025-01-01 01:23:50,27.6,67.96,100.25,48.89,80.09,0
2025-01-01 01:23:51,27.56,67.9,100.25,48.89,80.09,0
2025-01-01 01:23:52,27.41,67.88,100.41,48.84,80.19,0
2025-01-01 01:23:53,27.58,67.98,100.42,48.82,80.23,0
2025-01-01 01:23:54,27.54,68.03,100.46,48.77,80.28,0
2025-01-01 01:23:55,27.39,68.01,100.47,48.8,80.33,0
2025-01-01 01:23:56,27.5,68.03,100.54,48.76,80.39,0
2025-01-01 01:23:57,27.48,67.94,100.68,48.75,80.42,0
2025-01-01 01:23:58,27.42,67.96,100.71,48.72,80.38,0
2025-01-01 01:23:59,27.44,67.96,100.77,48.6,80.49,0
2025-01-01 01:24:00,27.44,67.93,100.83,48.61,80.56,0
2025-01-01 01:24:01,27.4,67.98,100.86,48.59,80.59,0
2025-01-01 01:24:02,27.44,67.96,100.95,48.52,80.69,0
2025-01-01 01:24:03,27.45,68.01,100.94,48.54,80.64,0
2025-01-01 01:24:04,27.31,68.01,101.15,48.65,80.64,0
2025-01-01 01:24:05,27.4,68.03,101.13,48.49,80.64,0
2025-01-01 01:24:06,27.44,67.96,101.17,48.51,80.78,0
2025-01-01 01:24:07,27.38,67.95,101.35,48.47,80.89,0
2025-01-01 01:24:08,27.39,67.97,101.32,48.51,80.86,0
2025-01-01 01:24:09,27.3,67.9,101.41,48.39,80.89,0
2025-01-01 01:24:10,27.39,67.96,101.41,48.49,80.96,0
2025-01-01 01:24:11,27.37,67.83,101.52,48.44,81.05,0
2025-01-01 01:24:12,27.23,68.0,101.65,48.27,81.03,0
2025-01-01 01:24:13,27.33,67.91,101.6,48.39,81.02,0
2025-01-01 01:24:14,27.27,67.97,101.77,48.36,81.09,0
2025-01-01 01:24:15,27.24,67.87,101.8,48.31,81.18,0
2025-01-01 01:24:16,27.24,67.88,101.82,48.3,81.1,0
2025-01-01 01:24:17,27.33,67.88,101.9,48.33,81.14,0
2025-01-01 01:24:18,27.18,67.89,101.87,48.35,81.23,0
2025-01-01 01:24:19,27.26,67.92,101.99,48.25,81.34,0
2025-01-01 01:24:20,27.16,67.97,101.97,48.27,81.24,0
2025-01-01 01:24:21,27.17,67.89,102.06,48.21,81.28,0
2025-01-01 01:24:22,27.13,67.9,102.15,48.17,81.45,0
2025-01-01 01:24:23,27.1,67.85,102.17,48.22,81.43,0
2025-01-01 01:24:24,27.14,67.77,102.3,48.17,81.47,0
2025-01-01 01:24:25,27.1,67.81,102.39,48.07,81.45,0
2025-01-01 01:24:26,27.19,67.88,102.35,48.21,81.56,0
2025-01-01 01:24:27,27.12,67.85,102.45,48.16,81.68,0
2025-01-01 01:24:28,27.08,67.82,102.41,48.12,81.7,0
2025-01-01 01:24:29,27.13,67.79,102.53,48.05,81.6,0
2025-01-01 01:24:30,27.07,67.79,102.53,48.13,81.68,0
2025-01-01 01:24:31,26.97,67.7,102.61,48.01,81.63,0
2025-01-01 01:24:32,27.09,67.79,102.68,48.07,81.7,0
2025-01-01 01:24:33,27.04,67.78,102.7,48.04,81.73,0
2025-01-01 01:24:34,26.98,67.76,102.77,48.07,81.82,0
2025-01-01 01:24:35,27.0,67.81,102.88,48.1,81.82,0
2025-01-01 01:24:36,26.95,67.79,102.93,48.02,81.93,0
2025-01-01 01:24:37,26.91,67.77,102.95,47.97,81.91,0
2025-01-01 01:24:38,27.05,67.75,103.11,47.96,82.01,0
2025-01-01 01:24:39,26.8,67.73,103.08,48.07,81.96,0
2025-01-01 01:24:40,26.96,67.69,103.09,48.0,81.98,0
2025-01-01 01:24:41,26.97,67.71,103.2,48.07,82.02,0
2025-01-01 01:24:42,26.94,67.72,103.14,48.04,82.05,0
2025-01-01 01:24:43,26.95,67.72,103.24,48.07,82.06,0
2025-01-01 01:24:44,26.81,67.66,103.4,47.95,82.09,0
2025-01-01 01:24:45,26.76,67.71,103.31,48.0,82.25,0
2025-01-01 01:24:46,26.81,67.66,103.41,47.98,82.23,0
2025-01-01 01:24:47,26.81,67.68,103.39,47.85,82.31,0
2025-01-01 01:24:48,26.83,67.64,103.49,47.97,82.33,0
2025-01-01 01:24:49,26.81,67.62,103.64,47.92,82.35,0
2025-01-01 01:24:50,26.69,67.64,103.48,47.93,82.34,0
2025-01-01 01:24:51,26.75,67.56,103.58,47.99,82.39,0
2025-01-01 01:24:52,26.8,67.61,103.63,48.11,82.46,0
2025-01-01 01:24:53,26.66,67.58,103.72,47.97,82.41,0
2025-01-01 01:24:54,26.69,67.53,103.81,48.04,82.47,0
2025-01-01 01:24:55,26.69,67.6,103.71,47.96,82.53,0
2025-01-01 01:24:56,26.66,67.52,103.8,48.0,82.58,0
2025-01-01 01:24:57,26.69,67.48,103.98,48.11,82.66,0
2025-01-01 01:24:58,26.65,67.6,103.88,47.98,82.59,0
2025-01-01 01:24:59,26.55,67.49,103.95,48.04,82.65,0
2025-01-01 01:25:00,26.59,67.55,104.0,48.08,82.69,0
2025-01-01 01:25:01,26.49,67.36,104.11,48.01,82.68,0
2025-01-01 01:25:02,26.57,67.46,104.08,48.13,82.81,0
2025-01-01 01:25:03,26.5,67.47,104.06,48.04,82.71,0
2025-01-01 01:25:04,26.43,67.41,104.07,48.11,82.78,0
2025-01-01 01:25:05,26.52,67.46,104.08,48.03,82.83,0
2025-01-01 01:25:06,26.5,67.43,104.23,48.08,82.87,0
2025-01-01 01:25:07,26.48,67.29,104.21,48.1,82.9,0
2025-01-01 01:25:08,26.4,67.28,104.24,48.19,82.87,0
2025-01-01 01:25:09,26.49,67.41,104.29,48.07,82.96,0
2025-01-01 01:25:10,26.42,67.27,104.29,48.14,83.01,0
2025-01-01 01:25:11,26.38,67.29,104.38,48.12,82.98,0
2025-01-01 01:25:12,26.34,67.24,104.51,48.13,83.09,0
2025-01-01 01:25:13,26.45,67.25,104.43,48.16,82.96,0
2025-01-01 01:25:14,26.27,67.25,104.42,48.26,83.06,0
2025-01-01 01:25:15,26.42,67.21,104.56,48.2,83.12,0
2025-01-01 01:25:16,26.28,67.24,104.58,48.19,83.1,0
2025-01-01 01:25:17,26.28,67.28,104.57,48.28,83.16,0
2025-01-01 01:25:18,26.27,67.2,104.6,48.21,83.24,0
2025-01-01 01:25:19,26.27,67.04,104.62,48.18,83.24,0
2025-01-01 01:25:20,26.28,67.16,104.63,48.31,83.19,0
2025-01-01 01:25:21,26.26,67.18,104.71,48.22,83.26,0
2025-01-01 01:25:22,26.15,67.06,104.67,48.29,83.32,0
2025-01-01 01:25:23,26.16,67.08,104.68,48.26,83.25,0
2025-01-01 01:25:24,26.22,67.04,104.75,48.35,83.23,0
2025-01-01 01:25:25,26.17,67.08,104.73,48.34,83.29,0
2025-01-01 01:25:26,26.19,67.03,104.69,48.38,83.32,0
2025-01-01 01:25:27,26.06,66.99,104.72,48.33,83.42,0
2025-01-01 01:25:28,26.08,67.06,104.73,48.31,83.4,0
2025-01-01 01:25:29,26.16,67.0,104.95,48.44,83.43,0
2025-01-01 01:25:30,25.94,66.97,104.82,48.42,83.43,0
2025-01-01 01:25:31,26.03,66.92,104.93,48.44,83.47,0
2025-01-01 01:25:32,25.99,66.95,104.85,48.47,83.38,0
2025-01-01 01:25:33,26.01,66.88,104.85,48.45,83.57,0
2025-01-01 01:25:34,26.02,66.94,104.93,48.56,83.46,0
2025-01-01 01:25:35,26.05,66.81,104.87,48.59,83.57,0
2025-01-01 01:25:36,25.97,66.81,104.87,48.7,83.55,0
2025-01-01 01:25:37,25.91,66.78,104.92,48.61,83.57,0
2025-01-01 01:25:38,25.92,66.88,104.89,48.62,83.56,0
2025-01-01 01:25:39,25.89,66.74,104.91,48.57,83.61,0
2025-01-01 01:25:40,25.88,66.84,104.97,48.65,83.56,0
2025-01-01 01:25:41,25.78,66.66,105.04,48.71,83.61,0
2025-01-01 01:25:42,25.77,66.66,104.93,48.79,83.66,0
2025-01-01 01:25:43,25.73,66.8,104.91,48.72,83.74,0
2025-01-01 01:25:44,25.8,66.64,104.91,48.72,83.64,0
2025-01-01 01:25:45,25.76,66.65,104.97,48.8,83.65,0
2025-01-01 01:25:46,25.76,66.68,104.98,48.82,83.72,0
2025-01-01 01:25:47,25.78,66.55,105.06,48.87,83.74,0
2025-01-01 01:25:48,25.77,66.51,105.02,48.9,83.7,0
2025-01-01 01:25:49,25.71,66.56,104.99,48.95,83.73,0
2025-01-01 01:25:50,25.68,66.52,104.97,48.96,83.77,0
2025-01-01 01:25:51,25.57,66.41,105.04,48.9,83.8,0
2025-01-01 01:25:52,25.63,66.46,105.1,49.0,83.84,0
2025-01-01 01:25:53,25.62,66.44,105.0,49.1,83.87,0
2025-01-01 01:25:54,25.69,66.44,104.95,49.03,83.77,0
2025-01-01 01:25:55,25.61,66.38,104.84,49.2,83.81,0
2025-01-01 01:25:56,25.52,66.47,104.93,49.17,83.82,0
2025-01-01 01:25:57,25.46,66.44,105.04,49.19,83.88,0
2025-01-01 01:25:58,25.54,66.27,104.99,49.13,83.8,0
2025-01-01 01:25:59,25.51,66.37,104.96,49.19,83.82,0
2025-01-01 01:26:00,25.47,66.32,105.02,49.26,83.86,0
2025-01-01 01:26:01,25.42,66.3,105.01,49.25,83.88,0
2025-01-01 01:26:02,25.49,66.22,105.0,49.29,83.85,0
2025-01-01 01:26:03,25.49,66.22,104.92,49.26,83.85,0
2025-01-01 01:26:04,25.37,66.28,104.92,49.43,83.92,0
2025-01-01 01:26:05,25.31,66.13,104.87,49.35,83.89,0
2025-01-01 01:26:06,25.26,66.21,104.94,49.39,83.95,0
2025-01-01 01:26:07,25.29,65.97,105.06,49.46,83.92,0
2025-01-01 01:26:08,25.22,66.01,104.99,49.56,83.99,0
2025-01-01 01:26:09,25.24,66.13,104.91,49.55,83.98,0
2025-01-01 01:26:10,25.2,65.97,104.85,49.58,83.89,0
2025-01-01 01:26:11,25.24,65.99,104.9,49.62,83.92,0
2025-01-01 01:26:12,25.3,65.92,104.9,49.59,83.98,0
2025-01-01 01:26:13,25.22,65.96,104.87,49.67,84.02,0
2025-01-01 01:26:14,25.22,65.86,104.83,49.65,83.93,0
2025-01-01 01:26:15,25.16,65.9,104.81,49.77,84.05,0
2025-01-01 01:26:16,25.17,65.89,104.79,49.78,84.01,0
2025-01-01 01:26:17,25.13,65.95,104.73,49.85,83.92,0
2025-01-01 01:26:18,25.15,65.89,104.65,49.82,84.03,0
2025-01-01 01:26:19,25.11,65.81,104.73,49.79,84.11,0
2025-01-01 01:26:20,25.05,65.78,104.67,49.77,83.95,0
2025-01-01 01:26:21,24.98,65.79,104.65,49.89,83.95,0
2025-01-01 01:26:22,25.04,65.67,104.71,49.96,83.97,0
2025-01-01 01:26:23,25.06,65.67,104.64,49.91,84.0,0
2025-01-01 01:26:24,25.01,65.71,104.57,50.13,84.03,0
2025-01-01 01:26:25,24.9,65.58,104.66,50.11,84.0,0
2025-01-01 01:26:26,24.96,65.53,104.63,50.03,84.04,0
2025-01-01 01:26:27,25.0,65.56,104.58,50.2,84.01,0
2025-01-01 01:26:28,24.9,65.53,104.47,50.11,84.02,0
2025-01-01 01:26:29,24.88,65.52,104.41,50.17,84.05,0
2025-01-01 01:26:30,24.82,65.47,104.36,50.15,84.03,0
2025-01-01 01:26:31,24.84,65.54,104.45,50.27,83.94,0
2025-01-01 01:26:32,24.81,65.38,104.34,50.31,84.03,0
2025-01-01 01:26:33,24.83,65.34,104.38,50.22,84.05,0
2025-01-01 01:26:34,24.73,65.3,104.34,50.35,83.97,0
2025-01-01 01:26:35,24.72,65.38,104.22,50.3,83.97,0
2025-01-01 01:26:36,24.69,65.36,104.21,50.49,84.02,0
2025-01-01 01:26:37,24.79,65.36,104.24,50.39,83.96,0
2025-01-01 01:26:38,24.68,65.2,104.21,50.46,83.92,0
2025-01-01 01:26:39,24.68,65.23,104.22,50.43,83.94,0
2025-01-01 01:26:40,24.67,65.12,104.13,50.55,83.97,0
2025-01-01 01:26:41,24.66,65.1,104.2,50.61,83.97,0
2025-01-01 01:26:42,24.68,65.13,104.13,50.61,83.93,0
2025-01-01 01:26:43,24.65,65.16,104.1,50.66,83.95,0
2025-01-01 01:26:44,24.63,65.1,104.05,50.65,83.98,0
2025-01-01 01:26:45,24.59,65.05,104.02,50.73,83.95,0
2025-01-01 01:26:46,24.53,65.06,103.95,50.73,83.96,0
2025-01-01 01:26:47,24.66,64.9,103.83,50.89,83.91,0
2025-01-01 01:26:48,24.52,64.92,103.89,50.92,83.85,0
2025-01-01 01:26:49,24.49,64.88,103.83,50.88,83.95,0
2025-01-01 01:26:50,24.51,64.99,103.72,50.81,83.94,0
2025-01-01 01:26:51,24.46,64.76,103.69,50.89,83.82,0
2025-01-01 01:26:52,24.39,64.79,103.61,50.94,83.74,0
2025-01-01 01:26:53,24.42,64.79,103.62,51.0,83.76,0
2025-01-01 01:26:54,24.36,64.72,103.62,50.98,83.92,0
2025-01-01 01:26:55,24.34,64.63,103.63,50.93,83.84,0
2025-01-01 01:26:56,24.31,64.57,103.47,51.07,83.73,0
2025-01-01 01:26:57,24.37,64.68,103.38,51.04,83.86,0
2025-01-01 01:26:58,24.35,64.59,103.42,51.05,83.82,0
2025-01-01 01:26:59,24.35,64.58,103.37,51.06,83.68,0
2025-01-01 01:27:00,24.26,64.54,103.36,51.19,83.75,0
2025-01-01 01:27:01,24.32,64.46,103.32,51.13,83.79,0
2025-01-01 01:27:02,24.24,64.37,103.25,51.23,83.69,0
2025-01-01 01:27:03,24.2,64.43,103.07,51.1,83.76,0
2025-01-01 01:27:04,24.16,64.5,103.19,51.32,83.65,0
2025-01-01 01:27:05,24.1,64.32,103.05,51.15,83.64,0
2025-01-01 01:27:06,24.15,64.28,102.97,51.29,83.66,0
2025-01-01 01:27:07,24.1,64.32,102.98,51.33,83.6,0
2025-01-01 01:27:08,24.06,64.36,102.95,51.4,83.61,0
2025-01-01 01:27:09,24.1,64.26,102.78,51.32,83.56,0
2025-01-01 01:27:10,24.06,64.16,102.83,51.4,83.65,0
2025-01-01 01:27:11,24.19,64.11,102.77,51.43,83.56,0
2025-01-01 01:27:12,23.99,64.09,102.72,51.4,83.55,0
2025-01-01 01:27:13,24.02,64.11,102.61,51.47,83.48,0
2025-01-01 01:27:14,24.02,64.14,102.62,51.5,83.54,0
2025-01-01 01:27:15,23.92,64.12,102.5,51.55,83.52,0
2025-01-01 01:27:16,23.93,64.05,102.52,51.63,83.47,0
2025-01-01 01:27:17,23.95,63.94,102.36,51.54,83.43,0
2025-01-01 01:27:18,23.95,63.86,102.38,51.6,83.46,0
2025-01-01 01:27:19,23.82,63.93,102.32,51.59,83.28,0
2025-01-01 01:27:20,23.97,63.87,102.2,51.63,83.4,0
2025-01-01 01:27:21,23.94,63.81,102.22,51.6,83.39,0
2025-01-01 01:27:22,23.82,63.75,102.16,51.59,83.42,0
2025-01-01 01:27:23,23.94,63.73,102.04,51.69,83.29,0
2025-01-01 01:27:24,23.88,63.68,102.08,51.7,83.26,0
2025-01-01 01:27:25,23.82,63.73,102.0,51.71,83.23,0
2025-01-01 01:27:26,23.85,63.7,101.92,51.72,83.32,0
2025-01-01 01:27:27,23.71,63.64,101.85,51.83,83.23,0
2025-01-01 01:27:28,23.81,63.54,101.76,51.75,83.21,0
2025-01-01 01:27:29,23.71,63.58,101.76,51.67,83.2,0
2025-01-01 01:27:30,23.67,63.49,101.78,51.88,83.12,0
2025-01-01 01:27:31,23.73,63.44,101.63,51.77,83.04,0
2025-01-01 01:27:32,23.68,63.45,101.56,51.87,83.08,0
2025-01-01 01:27:33,23.63,63.42,101.45,51.88,83.06,0
2025-01-01 01:27:34,23.69,63.43,101.5,51.8,82.99,0
2025-01-01 01:27:35,23.55,63.38,101.4,51.83,83.02,0
2025-01-01 01:27:36,23.66,63.33,101.37,51.9,83.01,0
2025-01-01 01:27:37,23.61,63.26,101.29,51.92,82.99,0
2025-01-01 01:27:38,23.53,63.24,101.24,51.92,82.94,0
2025-01-01 01:27:39,23.6,63.18,101.21,51.88,82.9,0
2025-01-01 01:27:40,23.57,63.12,101.22,51.94,82.89,0
2025-01-01 01:27:41,23.56,63.08,101.09,51.97,82.92,0
2025-01-01 01:27:42,23.48,63.01,100.96,51.92,82.92,0
2025-01-01 01:27:43,23.6,63.05,100.92,51.92,82.85,0
2025-01-01 01:27:44,23.58,63.08,100.92,52.0,82.82,0
2025-01-01 01:27:45,23.45,62.92,100.8,51.98,82.67,0
2025-01-01 01:27:46,23.43,62.88,100.79,51.93,82.73,0
2025-01-01 01:27:47,23.38,62.96,100.59,51.99,82.62,0
2025-01-01 01:27:48,23.37,62.85,100.63,51.98,82.67,0
2025-01-01 01:27:49,23.35,62.8,100.56,51.99,82.63,0
2025-01-01 01:27:50,23.4,62.77,100.5,51.96,82.55,0
2025-01-01 01:27:51,23.36,62.79,100.45,51.95,82.61,0
2025-01-01 01:27:52,23.32,62.73,100.35,52.01,82.51,0
2025-01-01 01:27:53,23.29,62.58,100.33,52.01,82.53,0
2025-01-01 01:27:54,23.31,62.58,100.29,52.05,82.44,0
2025-01-01 01:27:55,23.31,62.63,100.16,51.98,82.47,0
2025-01-01 01:27:56,23.19,62.49,100.07,51.91,82.47,0
2025-01-01 01:27:57,23.15,62.52,100.1,51.99,82.35,0
2025-01-01 01:27:58,23.25,62.47,100.04,51.87,82.3,0
2025-01-01 01:27:59,23.25,62.43,99.97,52.01,82.31,0
2025-01-01 01:28:00,23.19,62.51,99.94,52.02,82.29,0
2025-01-01 01:28:01,23.21,62.39,99.83,51.96,82.34,0
2025-01-01 01:28:02,23.18,62.42,99.75,51.98,82.28,0
2025-01-01 01:28:03,23.17,62.28,99.62,52.03,82.16,0
2025-01-01 01:28:04,23.12,62.21,99.64,51.91,82.14,0
2025-01-01 01:28:05,23.17,62.14,99.56,51.95,82.09,0
2025-01-01 01:28:06,23.19,62.08,99.53,51.96,82.05,0
2025-01-01 01:28:07,23.04,62.16,99.42,51.96,82.05,0
2025-01-01 01:28:08,23.07,61.98,99.34,52.02,81.94,0
2025-01-01 01:28:09,23.01,62.02,99.27,51.96,81.92,0
2025-01-01 01:28:10,23.03,62.0,99.28,52.02,81.93,0
2025-01-01 01:28:11,23.13,61.96,99.22,52.05,81.91,0
2025-01-01 01:28:12,22.95,61.93,99.09,51.93,81.97,0
2025-01-01 01:28:13,22.94,61.91,99.02,51.92,81.87,0
2025-01-01 01:28:14,23.0,61.84,98.97,51.94,81.89,0
2025-01-01 01:28:15,22.93,61.91,99.0,51.99,81.78,0
2025-01-01 01:28:16,23.02,61.72,98.84,51.95,81.74,0
2025-01-01 01:28:17,22.93,61.61,98.79,51.84,81.72,0
2025-01-01 01:28:18,22.92,61.66,98.89,51.94,81.71,0
2025-01-01 01:28:19,23.02,61.7,98.66,51.83,81.67,0
2025-01-01 01:28:20,22.8,61.61,98.53,51.87,81.63,0
2025-01-01 01:28:21,22.9,61.62,98.67,51.85,81.69,0
2025-01-01 01:28:22,22.88,61.59,98.48,51.92,81.56,0
2025-01-01 01:28:23,22.93,61.5,98.39,51.85,81.39,0
2025-01-01 01:28:24,22.83,61.47,98.51,51.83,81.44,0
2025-01-01 01:28:25,22.83,61.35,98.34,51.8,81.35,0
2025-01-01 01:28:26,22.76,61.36,98.28,51.76,81.31,0
2025-01-01 01:28:27,22.82,61.37,98.23,51.74,81.35,0
2025-01-01 01:28:28,22.78,61.24,98.21,51.77,81.28,0
2025-01-01 01:28:29,22.7,61.23,98.2,51.66,81.23,0
2025-01-01 01:28:30,22.76,61.24,97.97,51.73,81.12,0
2025-01-01 01:28:31,22.75,61.15,97.95,51.74,81.16,0
2025-01-01 01:28:32,22.76,61.17,97.99,51.62,81.18,0
2025-01-01 01:28:33,22.72,61.09,97.82,51.7,81.05,0
2025-01-01 01:28:34,22.73,61.16,97.87,51.72,81.02,0
2025-01-01 01:28:35,22.73,60.97,97.75,51.72,80.99,0
2025-01-01 01:28:36,22.74,61.04,97.76,51.55,81.0,0
2025-01-01 01:28:37,22.66,61.0,97.57,51.61,80.95,0
2025-01-01 01:28:38,22.56,60.86,97.5,51.53,80.93,0
2025-01-01 01:28:39,22.66,60.88,97.49,51.6,80.86,0
2025-01-01 01:28:40,22.63,60.87,97.44,51.54,80.84,0
2025-01-01 01:28:41,22.59,60.82,97.46,51.5,80.78,0
2025-01-01 01:28:42,22.63,60.79,97.38,51.54,80.78,0
2025-01-01 01:28:43,22.51,60.64,97.39,51.45,80.71,0
2025-01-01 01:28:44,22.64,60.67,97.28,51.39,80.68,0
2025-01-01 01:28:45,22.6,60.6,97.18,51.55,80.62,0
2025-01-01 01:28:46,22.53,60.62,97.17,51.34,80.61,0
2025-01-01 01:28:47,22.51,60.63,97.14,51.35,80.55,0
2025-01-01 01:28:48,22.58,60.52,97.17,51.4,80.53,0
2025-01-01 01:28:49,22.48,60.46,97.04,51.28,80.53,0
2025-01-01 01:28:50,22.47,60.4,96.94,51.33,80.39,0
2025-01-01 01:28:51,22.41,60.44,96.9,51.21,80.35,0
2025-01-01 01:28:52,22.58,60.32,96.86,51.22,80.29,0
2025-01-01 01:28:53,22.45,60.24,96.87,51.22,80.43,0
2025-01-01 01:28:54,22.44,60.23,96.85,51.24,80.29,0
2025-01-01 01:28:55,22.41,60.32,96.72,51.14,80.29,0
2025-01-01 01:28:56,22.45,60.13,96.68,51.09,80.04,0
2025-01-01 01:28:57,22.4,60.12,96.57,51.13,80.11,0
2025-01-01 01:28:58,22.45,60.05,96.63,51.01,79.99,0
2025-01-01 01:28:59,22.48,60.03,96.63,51.08,80.11,0
2025-01-01 01:29:00,22.46,60.03,96.5,51.08,80.03,0
2025-01-01 01:29:01,22.36,60.02,96.35,51.06,80.06,0
2025-01-01 01:29:02,22.45,60.01,96.4,50.96,79.89,0
2025-01-01 01:29:03,22.47,59.88,96.38,50.95,79.84,0
2025-01-01 01:29:04,22.28,59.87,96.3,50.9,79.92,0
2025-01-01 01:29:05,22.37,59.87,96.3,50.86,79.78,0
2025-01-01 01:29:06,22.36,59.79,96.28,50.84,79.77,0
2025-01-01 01:29:07,22.33,59.7,96.27,50.87,79.69,0
2025-01-01 01:29:08,22.37,59.62,96.21,50.75,79.73,0
2025-01-01 01:29:09,22.23,59.61,96.14,50.72,79.63,0
2025-01-01 01:29:10,22.38,59.74,96.13,50.67,79.72,0
2025-01-01 01:29:11,22.23,59.57,96.04,50.79,79.63,0
2025-01-01 01:29:12,22.27,59.5,96.05,50.63,79.56,0
2025-01-01 01:29:13,22.22,59.54,95.99,50.56,79.56,0
2025-01-01 01:29:14,22.31,59.51,95.91,50.6,79.47,0
2025-01-01 01:29:15,22.26,59.44,95.96,50.62,79.37,0
2025-01-01 01:29:16,22.31,59.45,95.85,50.56,79.42,0
2025-01-01 01:29:17,22.21,59.33,95.86,50.47,79.4,0
2025-01-01 01:29:18,22.31,59.37,95.89,50.46,79.32,0
2025-01-01 01:29:19,22.25,59.27,95.78,50.35,79.28,0
2025-01-01 01:29:20,22.16,59.18,95.76,50.39,79.27,0
2025-01-01 01:29:21,22.21,59.25,95.68,50.27,79.21,0
2025-01-01 01:29:22,22.11,59.08,95.61,50.29,79.13,0
2025-01-01 01:29:23,22.16,59.04,95.71,50.27,79.0,0
2025-01-01 01:29:24,22.18,59.01,95.55,50.31,79.05,0
2025-01-01 01:29:25,22.14,59.05,95.63,50.26,78.92,0
2025-01-01 01:29:26,22.13,58.99,95.53,50.19,78.95,0
2025-01-01 01:29:27,22.11,59.05,95.51,50.2,78.96,0
2025-01-01 01:29:28,22.18,58.91,95.43,50.06,78.94,0
2025-01-01 01:29:29,22.18,58.92,95.5,50.06,78.94,0
2025-01-01 01:29:30,22.2,58.87,95.55,50.17,78.88,0
2025-01-01 01:29:31,22.18,58.85,95.38,50.01,78.84,0
2025-01-01 01:29:32,22.1,58.78,95.39,49.96,78.77,0
2025-01-01 01:29:33,22.21,58.72,95.36,49.99,78.75,0
2025-01-01 01:29:34,22.12,58.69,95.28,49.9,78.66,0
2025-01-01 01:29:35,22.15,58.64,95.31,49.94,78.67,0
2025-01-01 01:29:36,22.11,58.54,95.25,49.8,78.62,0
2025-01-01 01:29:37,22.08,58.53,95.27,49.89,78.63,0
2025-01-01 01:29:38,22.11,58.58,95.15,49.9,78.58,0
2025-01-01 01:29:39,22.11,58.43,95.21,49.8,78.54,0
2025-01-01 01:29:40,22.14,58.4,95.17,49.75,78.51,0
2025-01-01 01:29:41,22.1,58.47,95.2,49.71,78.47,0
2025-01-01 01:29:42,22.15,58.29,95.12,49.66,78.55,0
2025-01-01 01:29:43,22.07,58.31,95.19,49.69,78.37,0
2025-01-01 01:29:44,22.14,58.22,95.11,49.66,78.32,0
2025-01-01 01:29:45,22.01,58.18,95.09,49.57,78.31,0
2025-01-01 01:29:46,22.06,58.22,95.1,49.6,78.38,0
2025-01-01 01:29:47,22.05,58.19,95.13,49.52,78.25,0
2025-01-01 01:29:48,22.09,58.1,95.16,49.49,78.16,0
2025-01-01 01:29:49,22.18,58.08,95.1,49.45,78.14,0
2025-01-01 01:29:50,22.08,58.01,95.1,49.32,78.04,0
2025-01-01 01:29:51,22.14,57.95,94.96,49.32,78.16,0
2025-01-01 01:29:52,21.96,57.92,94.98,49.34,78.02,0
2025-01-01 01:29:53,22.02,58.02,94.98,49.31,78.02,0
2025-01-01 01:29:54,21.99,57.92,95.02,49.31,77.96,0
2025-01-01 01:29:55,21.94,57.92,95.13,49.25,77.89,0
2025-01-01 01:29:56,22.11,57.91,95.01,49.21,77.9,0
2025-01-01 01:29:57,21.95,57.76,95.1,49.19,77.81,0
2025-01-01 01:29:58,22.05,57.71,95.01,49.1,77.78,0
2025-01-01 01:29:59,22.06,57.71,94.97,49.14,77.77,0
2025-01-01 01:30:00,21.99,57.72,95.04,49.1,77.77,0
2025-01-01 01:30:01,22.02,57.65,94.96,49.12,77.75,0
2025-01-01 01:30:02,22.01,57.56,95.04,49.04,77.66,0
2025-01-01 01:30:03,22.0,57.59,94.92,49.0,77.72,0
2025-01-01 01:30:04,22.01,57.52,95.05,49.03,77.61,0
2025-01-01 01:30:05,22.01,57.52,95.05,48.95,77.6,0
2025-01-01 01:30:06,22.03,57.5,95.06,48.96,77.52,0
2025-01-01 01:30:07,22.0,57.39,95.08,48.89,77.6,0
2025-01-01 01:30:08,21.98,57.33,95.03,48.95,77.5,0
2025-01-01 01:30:09,21.88,57.24,95.03,48.77,77.43,0
2025-01-01 01:30:10,22.01,57.16,95.0,48.76,77.37,0
2025-01-01 01:30:11,21.96,57.19,95.05,48.85,77.4,0
2025-01-01 01:30:12,21.97,57.19,94.97,48.7,77.3,0
2025-01-01 01:30:13,21.94,57.25,95.0,48.59,77.32,0
2025-01-01 01:30:14,21.92,57.14,95.04,48.72,77.32,0
2025-01-01 01:30:15,21.98,57.02,95.05,48.74,77.38,0
2025-01-01 01:30:16,21.99,57.05,95.09,48.74,77.24,0
2025-01-01 01:30:17,22.03,56.98,95.09,48.69,77.17,0
2025-01-01 01:30:18,21.97,57.03,95.11,48.67,77.25,0
2025-01-01 01:30:19,21.98,57.06,95.1,48.44,77.16,0
2025-01-01 01:30:20,21.98,56.95,95.08,48.62,77.18,0
2025-01-01 01:30:21,21.95,56.87,95.08,48.55,77.08,0
2025-01-01 01:30:22,22.0,56.82,95.12,48.62,77.08,0
2025-01-01 01:30:23,21.9,56.85,95.2,48.4,77.03,0
2025-01-01 01:30:24,22.02,56.79,95.16,48.48,76.99,0
2025-01-01 01:30:25,21.88,56.83,95.13,48.47,77.01,0
2025-01-01 01:30:26,22.05,56.7,95.2,48.3,76.95,0
2025-01-01 01:30:27,22.04,56.69,95.17,48.34,76.97,0
2025-01-01 01:30:28,21.86,56.56,95.32,48.47,76.96,0
2025-01-01 01:30:29,22.02,56.48,95.21,48.36,76.87,0
2025-01-01 01:30:30,21.99,56.61,95.24,48.34,76.92,0
2025-01-01 01:30:31,21.94,56.47,95.25,48.34,76.84,0
2025-01-01 01:30:32,22.0,56.44,95.26,48.35,76.82,0
2025-01-01 01:30:33,22.04,56.38,95.3,48.29,76.8,0
2025-01-01 01:30:34,22.05,56.38,95.4,48.3,76.78,0
2025-01-01 01:30:35,21.97,56.4,95.34,48.27,76.76,0
2025-01-01 01:30:36,22.01,56.31,95.36,48.17,76.81,0
2025-01-01 01:30:37,22.0,56.29,95.42,48.29,76.81,0
2025-01-01 01:30:38,22.03,56.25,95.4,48.15,76.61,0
2025-01-01 01:30:39,21.99,56.12,95.54,48.23,76.66,0
2025-01-01 01:30:40,22.08,56.14,95.47,48.09,76.69,0
2025-01-01 01:30:41,21.99,56.16,95.59,48.24,76.63,0
2025-01-01 01:30:42,22.05,56.07,95.65,48.15,76.61,0
2025-01-01 01:30:43,22.02,56.14,95.61,48.19,76.6,0
2025-01-01 01:30:44,22.03,56.1,95.64,48.09,76.52,0
2025-01-01 01:30:45,22.05,56.06,95.74,48.04,76.55,0
2025-01-01 01:30:46,22.07,55.99,95.74,48.15,76.48,0
2025-01-01 01:30:47,22.0,55.96,95.77,48.11,76.43,0
2025-01-01 01:30:48,22.0,55.95,95.74,48.1,76.54,0
2025-01-01 01:30:49,22.0,55.86,95.76,48.1,76.51,0
2025-01-01 01:30:50,21.99,55.84,95.86,47.98,76.44,0
2025-01-01 01:30:51,22.01,55.78,95.73,48.13,76.41,0
2025-01-01 01:30:52,22.03,55.79,95.84,48.0,76.49,0
2025-01-01 01:30:53,22.17,55.71,95.98,48.07,76.32,0
2025-01-01 01:30:54,22.03,55.78,95.89,48.16,76.35,0
2025-01-01 01:30:55,22.16,55.66,96.04,48.11,76.43,0
2025-01-01 01:30:56,22.06,55.6,96.03,47.96,76.36,0
2025-01-01 01:30:57,22.05,55.66,96.05,47.94,76.4,0
2025-01-01 01:30:58,22.11,55.57,96.17,48.06,76.27,0
2025-01-01 01:30:59,22.08,55.48,96.08,48.04,76.32,0
2025-01-01 01:31:00,22.15,55.57,96.23,48.05,76.18,0
2025-01-01 01:31:01,22.1,55.52,96.18,48.01,76.29,0
2025-01-01 01:31:02,22.14,55.46,96.31,48.01,76.18,0
2025-01-01 01:31:03,22.15,55.42,96.25,48.07,76.27,0
2025-01-01 01:31:04,22.06,55.33,96.33,47.97,76.24,0
2025-01-01 01:31:05,22.09,55.4,96.46,48.03,76.22,0
2025-01-01 01:31:06,22.19,55.3,96.41,48.06,76.22,0
2025-01-01 01:31:07,22.12,55.26,96.46,48.1,76.19,0
2025-01-01 01:31:08,22.16,55.28,96.48,48.06,76.15,0
2025-01-01 01:31:09,22.26,55.2,96.63,47.88,76.11,0
2025-01-01 01:31:10,22.16,55.08,96.66,48.02,76.1,0
2025-01-01 01:31:11,22.18,55.19,96.57,47.94,76.13,0
2025-01-01 01:31:12,22.18,55.11,96.77,48.03,76.17,0
2025-01-01 01:31:13,22.12,55.09,96.75,48.09,76.13,0
2025-01-01 01:31:14,22.16,55.1,96.85,47.98,76.1,0
2025-01-01 01:31:15,22.19,55.08,96.88,48.06,76.08,0
2025-01-01 01:31:16,22.23,55.06,96.9,48.03,76.03,0
2025-01-01 01:31:17,22.18,54.94,96.91,48.1,76.04,0
2025-01-01 01:31:18,22.27,54.94,97.02,48.11,75.97,0
2025-01-01 01:31:19,22.23,54.84,96.97,47.98,76.07,0
2025-01-01 01:31:20,22.21,54.91,97.1,48.04,76.05,0
2025-01-01 01:31:21,22.25,54.82,97.12,48.11,76.03,0
2025-01-01 01:31:22,22.24,54.83,97.23,48.02,76.09,0
2025-01-01 01:31:23,22.29,54.79,97.25,48.06,76.03,0
2025-01-01 01:31:24,22.21,54.74,97.37,48.13,76.02,0
2025-01-01 01:31:25,22.34,54.81,97.36,48.13,75.92,0
2025-01-01 01:31:26,22.23,54.69,97.38,48.21,76.06,0
2025-01-01 01:31:27,22.35,54.65,97.43,48.09,76.04,0
2025-01-01 01:31:28,22.28,54.66,97.57,48.13,75.93,0
2025-01-01 01:31:29,22.4,54.59,97.73,48.17,76.0,0
2025-01-01 01:31:30,22.35,54.47,97.7,48.28,75.91,0
2025-01-01 01:31:31,22.32,54.53,97.75,48.27,76.03,0
2025-01-01 01:31:32,22.45,54.52,97.78,48.2,76.07,0
2025-01-01 01:31:33,22.33,54.52,97.75,48.18,75.97,0
2025-01-01 01:31:34,22.37,54.44,97.93,48.16,75.92,0
2025-01-01 01:31:35,22.31,54.47,97.88,48.24,75.99,0
2025-01-01 01:31:36,22.43,54.38,98.12,48.33,75.98,0
2025-01-01 01:31:37,22.37,54.52,97.99,48.25,76.0,0
2025-01-01 01:31:38,22.4,54.25,98.12,48.22,76.07,0
2025-01-01 01:31:39,22.34,54.31,98.05,48.18,75.96,0
2025-01-01 01:31:40,22.39,54.35,98.21,48.37,75.98,0
2025-01-01 01:31:41,22.46,54.22,98.23,48.23,76.02,0
2025-01-01 01:31:42,22.46,54.26,98.34,48.44,76.01,0
2025-01-01 01:31:43,22.51,54.18,98.35,48.4,76.0,0
2025-01-01 01:31:44,22.51,54.19,98.41,48.43,75.96,0
2025-01-01 01:31:45,22.51,54.21,98.49,48.46,76.03,0
2025-01-01 01:31:46,22.53,54.07,98.58,48.35,76.1,0
2025-01-01 01:31:47,22.4,54.07,98.58,48.48,76.11,0
2025-01-01 01:31:48,22.54,54.21,98.62,48.4,75.98,0
2025-01-01 01:31:49,22.53,53.98,98.71,48.51,75.96,0
2025-01-01 01:31:50,22.48,53.99,98.8,48.56,75.98,0
2025-01-01 01:31:51,22.51,54.01,98.91,48.6,76.06,0
2025-01-01 01:31:52,22.56,53.98,98.92,48.54,75.95,0
2025-01-01 01:31:53,22.61,53.94,99.03,48.43,76.04,0
2025-01-01 01:31:54,22.54,53.98,99.09,48.61,76.03,0
2025-01-01 01:31:55,22.61,53.83,99.11,48.59,76.17,0
2025-01-01 01:31:56,22.68,53.91,99.1,48.69,76.08,0
2025-01-01 01:31:57,22.68,53.84,99.24,48.68,75.98,0
2025-01-01 01:31:58,22.59,53.82,99.36,48.67,76.08,0
2025-01-01 01:31:59,22.56,53.85,99.42,48.75,76.11,0
2025-01-01 01:32:00,22.73,53.71,99.38,48.8,76.15,0
2025-01-01 01:32:01,22.6,53.7,99.57,48.79,76.15,0
2025-01-01 01:32:02,22.62,53.73,99.48,48.7,76.15,0
2025-01-01 01:32:03,22.76,53.66,99.59,48.91,76.12,0
2025-01-01 01:32:04,22.7,53.74,99.66,48.82,76.18,0
2025-01-01 01:32:05,22.68,53.62,99.67,48.89,76.15,0
2025-01-01 01:32:06,22.78,53.65,99.83,48.93,76.15,0
2025-01-01 01:32:07,22.77,53.52,99.74,49.0,76.2,0
2025-01-01 01:32:08,22.75,53.61,99.89,48.93,76.14,0
2025-01-01 01:32:09,22.8,53.45,99.95,49.01,76.13,0
2025-01-01 01:32:10,22.75,53.4,100.08,48.99,76.15,0
2025-01-01 01:32:11,22.73,53.46,100.03,49.15,76.1,0
2025-01-01 01:32:12,22.79,53.47,100.14,49.09,76.19,0
2025-01-01 01:32:13,22.9,53.38,100.12,49.05,76.26,0
2025-01-01 01:32:14,22.83,53.45,100.32,49.11,76.23,0
2025-01-01 01:32:15,22.83,53.49,100.4,49.27,76.32,0
2025-01-01 01:32:16,22.86,53.32,100.43,49.2,76.28,0
2025-01-01 01:32:17,22.87,53.25,100.55,49.23,76.23,0
2025-01-01 01:32:18,22.92,53.28,100.58,49.31,76.37,0
2025-01-01 01:32:19,22.9,53.28,100.58,49.26,76.33,0
2025-01-01 01:32:20,22.91,53.24,100.62,49.32,76.33,0
2025-01-01 01:32:21,22.88,53.3,100.82,49.41,76.33,0
2025-01-01 01:32:22,22.95,53.32,100.74,49.43,76.31,0
2025-01-01 01:32:23,23.05,53.2,100.97,49.51,76.4,0
2025-01-01 01:32:24,22.94,53.21,100.91,49.43,76.34,0
2025-01-01 01:32:25,22.97,53.12,101.01,49.53,76.47,0
2025-01-01 01:32:26,23.03,53.11,101.05,49.56,76.43,0
2025-01-01 01:32:27,23.03,53.13,101.19,49.59,76.51,0
2025-01-01 01:32:28,22.95,53.12,101.16,49.57,76.42,0
2025-01-01 01:32:29,23.0,53.09,101.28,49.59,76.49,0
2025-01-01 01:32:30,23.16,53.06,101.28,49.64,76.47,0
2025-01-01 01:32:31,23.11,53.02,101.34,49.7,76.65,0
2025-01-01 01:32:32,23.03,53.08,101.45,49.68,76.6,0
2025-01-01 01:32:33,23.2,52.98,101.48,49.77,76.62,0
2025-01-01 01:32:34,23.17,53.0,101.55,49.73,76.62,0
2025-01-01 01:32:35,23.12,52.92,101.56,49.83,76.66,0
2025-01-01 01:32:36,23.1,52.91,101.68,49.87,76.7,0
2025-01-01 01:32:37,23.25,52.97,101.68,49.89,76.76,0
2025-01-01 01:32:38,23.33,52.94,101.79,49.95,76.7,0
2025-01-01 01:32:39,23.27,52.95,101.84,49.93,76.65,0
2025-01-01 01:32:40,23.26,52.89,101.84,49.92,76.78,0
2025-01-01 01:32:41,23.16,52.88,101.98,50.04,76.75,0
2025-01-01 01:32:42,23.2,52.88,102.05,50.02,76.82,0
2025-01-01 01:32:43,23.35,52.85,102.03,50.13,76.78,0
2025-01-01 01:32:44,23.23,52.85,102.09,50.1,76.81,0
2025-01-01 01:32:45,23.28,52.86,102.25,50.24,76.92,0
2025-01-01 01:32:46,23.35,52.71,102.21,50.29,76.87,0
2025-01-01 01:32:47,23.42,52.76,102.14,50.24,76.98,0
2025-01-01 01:32:48,23.36,52.8,102.25,50.18,76.96,0
2025-01-01 01:32:49,23.4,52.79,102.42,50.22,76.98,0
2025-01-01 01:32:50,23.42,52.62,102.44,50.29,76.97,0
2025-01-01 01:32:51,23.43,52.64,102.52,50.37,77.08,0
2025-01-01 01:32:52,23.37,52.6,102.56,50.36,77.2,0
2025-01-01 01:32:53,23.47,52.66,102.59,50.35,77.11,0
2025-01-01 01:32:54,23.46,52.64,102.66,50.45,77.02,0
2025-01-01 01:32:55,23.52,52.59,102.7,50.54,77.22,0
2025-01-01 01:32:56,23.41,52.62,102.77,50.43,77.2,0
2025-01-01 01:32:57,23.52,52.61,102.77,50.56,77.23,0
2025-01-01 01:32:58,23.54,52.56,102.84,50.58,77.22,0
2025-01-01 01:32:59,23.59,52.54,102.85,50.62,77.22,0
2025-01-01 01:33:00,23.6,52.55,103.0,50.58,77.28,0
2025-01-01 01:33:01,23.55,52.48,102.97,50.64,77.37,0
2025-01-01 01:33:02,23.57,52.46,103.07,50.7,77.31,0
2025-01-01 01:33:03,23.61,52.56,103.15,50.76,77.31,0
2025-01-01 01:33:04,23.78,52.55,103.19,50.7,77.44,0
2025-01-01 01:33:05,23.63,52.47,103.13,50.73,77.45,0
2025-01-01 01:33:06,23.72,52.5,103.29,50.82,77.44,0
2025-01-01 01:33:07,23.7,52.5,103.31,50.91,77.48,0
2025-01-01 01:33:08,23.66,52.44,103.36,50.88,77.58,0
2025-01-01 01:33:09,23.76,52.36,103.48,50.77,77.66,0
2025-01-01 01:33:10,23.73,52.41,103.44,50.96,77.58,0
2025-01-01 01:33:11,23.75,52.47,103.52,50.92,77.65,0
2025-01-01 01:33:12,23.81,52.36,103.57,50.99,77.64,0
2025-01-01 01:33:13,23.79,52.26,103.55,51.06,77.68,0
2025-01-01 01:33:14,23.75,52.42,103.61,51.0,77.82,0
2025-01-01 01:33:15,23.78,52.4,103.63,51.09,77.7,0
2025-01-01 01:33:16,23.79,52.37,103.73,51.17,77.78,0
2025-01-01 01:33:17,23.98,52.35,103.78,51.07,77.78,0
2025-01-01 01:33:18,23.92,52.32,103.8,51.13,77.85,0
2025-01-01 01:33:19,23.91,52.25,103.86,51.11,77.89,0
2025-01-01 01:33:20,24.02,52.33,103.9,51.18,78.0,0
2025-01-01 01:33:21,24.01,52.25,103.88,51.31,78.04,0
2025-01-01 01:33:22,23.9,52.23,103.94,51.16,77.98,0
2025-01-01 01:33:23,24.04,52.2,103.99,51.27,78.1,0
2025-01-01 01:33:24,23.97,52.33,103.99,51.36,78.06,0
2025-01-01 01:33:25,24.01,52.21,104.08,51.33,78.05,0
2025-01-01 01:33:26,24.11,52.26,104.13,51.35,78.11,0
2025-01-01 01:33:27,24.05,52.24,104.16,51.4,78.12,0
2025-01-01 01:33:28,24.12,52.22,104.09,51.31,78.21,0
2025-01-01 01:33:29,24.06,52.23,104.16,51.45,78.21,0
2025-01-01 01:33:30,24.2,52.25,104.3,51.47,78.31,0
2025-01-01 01:33:31,24.14,52.27,104.26,51.42,78.2,0
2025-01-01 01:33:32,24.24,52.21,104.33,51.59,78.25,0
2025-01-01 01:33:33,24.16,52.16,104.37,51.5,78.31,0
2025-01-01 01:33:34,24.13,52.22,104.32,51.53,78.44,0
2025-01-01 01:33:35,24.18,52.07,104.31,51.57,78.47,0
2025-01-01 01:33:36,24.22,52.17,104.34,51.52,78.6,0
2025-01-01 01:33:37,24.31,52.18,104.42,51.6,78.52,0
2025-01-01 01:33:38,24.34,52.16,104.5,51.63,78.6,0
2025-01-01 01:33:39,24.3,52.13,104.47,51.65,78.54,0
2025-01-01 01:33:40,24.31,52.13,104.41,51.66,78.57,0
2025-01-01 01:33:41,24.35,52.15,104.54,51.72,78.7,0
2025-01-01 01:33:42,24.34,52.18,104.55,51.78,78.7,0
2025-01-01 01:33:43,24.33,52.08,104.55,51.76,78.67,0
2025-01-01 01:33:44,24.46,52.05,104.67,51.74,78.8,0
2025-01-01 01:33:45,24.38,52.11,104.66,51.68,78.77,0
2025-01-01 01:33:46,24.4,52.05,104.74,51.77,78.82,0
2025-01-01 01:33:47,24.42,52.05,104.69,51.73,78.86,0
2025-01-01 01:33:48,24.5,52.08,104.71,51.8,78.94,0
2025-01-01 01:33:49,24.47,52.09,104.76,51.74,78.97,0
2025-01-01 01:33:50,24.43,52.09,104.8,51.8,79.01,0
2025-01-01 01:33:51,24.42,52.11,104.81,51.9,79.13,0
2025-01-01 01:33:52,24.48,52.1,104.87,51.78,79.08,0
2025-01-01 01:33:53,24.55,52.09,104.69,51.96,79.13,0
2025-01-01 01:33:54,24.63,52.04,104.86,51.76,79.15,0
2025-01-01 01:33:55,24.65,52.05,104.76,51.89,79.17,0
2025-01-01 01:33:56,24.58,51.96,104.89,51.96,79.36,0
2025-01-01 01:33:57,24.57,52.07,104.92,51.88,79.24,0
2025-01-01 01:33:58,24.61,52.0,104.9,51.99,79.38,0
2025-01-01 01:33:59,24.6,51.99,104.97,51.89,79.37,0
2025-01-01 01:34:00,24.62,52.08,104.82,51.86,79.46,0
2025-01-01 01:34:01,24.82,52.0,104.92,51.99,79.46,0
2025-01-01 01:34:02,24.72,51.99,104.86,51.97,79.48,0
2025-01-01 01:34:03,24.74,51.96,104.9,51.99,79.57,0
2025-01-01 01:34:04,24.77,51.99,104.91,52.01,79.57,0
2025-01-01 01:34:05,24.82,52.03,104.95,51.91,79.56,0
2025-01-01 01:34:06,24.88,51.97,104.95,51.92,79.58,0
2025-01-01 01:34:07,24.8,52.09,105.01,51.96,79.74,0
2025-01-01 01:34:08,24.86,52.07,105.09,52.04,79.73,0
2025-01-01 01:34:09,24.92,52.0,104.89,51.96,79.72,0
2025-01-01 01:34:10,24.87,52.09,105.05,52.02,79.85,0
2025-01-01 01:34:11,24.83,52.04,105.04,51.88,79.88,0
2025-01-01 01:34:12,24.87,51.9,105.06,51.95,79.85,0
2025-01-01 01:34:13,25.01,51.99,104.99,51.99,79.94,0
2025-01-01 01:34:14,24.97,52.01,104.97,52.02,79.98,0
2025-01-01 01:34:15,25.1,51.98,104.99,52.01,80.05,0
2025-01-01 01:34:16,24.97,52.01,104.87,51.99,80.1,0
2025-01-01 01:34:17,25.01,52.01,104.97,51.96,80.13,0
2025-01-01 01:34:18,25.01,52.02,105.01,51.95,80.13,0
2025-01-01 01:34:19,25.04,52.03,104.93,51.98,80.15,0
2025-01-01 01:34:20,25.16,52.01,105.04,52.02,80.23,0
2025-01-01 01:34:21,25.11,52.05,104.97,51.9,80.23,0
2025-01-01 01:34:22,25.17,51.92,104.94,51.92,80.32,0
2025-01-01 01:34:23,25.25,52.0,105.0,52.01,80.4,0
2025-01-01 01:34:24,25.15,52.0,104.95,51.98,80.49,0
2025-01-01 01:34:25,25.2,51.97,104.9,52.03,80.36,0
2025-01-01 01:34:26,25.26,51.98,104.89,52.0,80.41,0
2025-01-01 01:34:27,25.26,52.04,104.97,51.95,80.52,0
2025-01-01 01:34:28,25.22,51.89,104.97,51.96,80.49,0
2025-01-01 01:34:29,25.21,51.92,104.92,52.03,80.56,0
2025-01-01 01:34:30,25.28,52.02,105.02,51.97,80.56,0
2025-01-01 01:34:31,25.32,52.04,104.85,51.97,80.6,0
2025-01-01 01:34:32,25.27,52.03,104.88,51.92,80.64,0
2025-01-01 01:34:33,25.33,52.09,104.89,51.86,80.62,0
2025-01-01 01:34:34,25.34,52.04,104.83,51.86,80.73,0
2025-01-01 01:34:35,25.4,52.08,104.84,51.89,80.79,0
2025-01-01 01:34:36,25.4,52.09,104.86,51.98,80.87,0
2025-01-01 01:34:37,25.42,52.0,104.86,51.82,80.92,0
2025-01-01 01:34:38,25.42,52.07,104.74,51.89,80.86,0
2025-01-01 01:34:39,25.49,52.05,104.78,51.82,80.94,0
2025-01-01 01:34:40,25.51,52.01,104.7,51.81,80.97,0
2025-01-01 01:34:41,25.47,52.11,104.72,51.8,80.97,0
2025-01-01 01:34:42,25.64,52.19,104.68,51.86,81.07,0
2025-01-01 01:34:43,25.64,52.1,104.7,51.66,81.07,0
2025-01-01 01:34:44,25.58,52.09,104.61,51.73,81.18,0
2025-01-01 01:34:45,25.53,52.1,104.71,51.77,81.2,0
2025-01-01 01:34:46,25.52,52.06,104.73,51.71,81.29,0
2025-01-01 01:34:47,25.61,52.09,104.63,51.73,81.28,0
2025-01-01 01:34:48,25.62,52.05,104.53,51.68,81.29,0
2025-01-01 01:34:49,25.73,52.12,104.58,51.69,81.28,0
2025-01-01 01:34:50,25.7,52.13,104.56,51.61,81.27,0
2025-01-01 01:34:51,25.72,52.15,104.49,51.65,81.46,0
2025-01-01 01:34:52,25.71,52.12,104.47,51.57,81.44,0
2025-01-01 01:34:53,25.75,52.23,104.43,51.62,81.53,0
2025-01-01 01:34:54,25.73,52.22,104.5,51.59,81.5,0
2025-01-01 01:34:55,25.87,52.2,104.39,51.64,81.63,0
2025-01-01 01:34:56,25.8,52.18,104.38,51.55,81.53,0
2025-01-01 01:34:57,25.78,52.11,104.35,51.47,81.65,0
2025-01-01 01:34:58,25.94,52.26,104.2,51.44,81.63,0
2025-01-01 01:34:59,25.81,52.11,104.26,51.52,81.76,0
2025-01-01 01:35:00,25.87,52.19,104.24,51.45,81.79,0
2025-01-01 01:35:01,25.93,52.19,104.1,51.51,81.75,0
2025-01-01 01:35:02,25.95,52.13,104.16,51.42,81.82,0
2025-01-01 01:35:03,26.1,52.2,104.16,51.42,81.82,0
2025-01-01 01:35:04,26.01,52.23,104.13,51.46,81.89,0
2025-01-01 01:35:05,25.97,52.3,104.12,51.3,81.9,0
2025-01-01 01:35:06,26.04,52.25,103.97,51.34,81.99,0
2025-01-01 01:35:07,26.01,52.27,103.95,51.24,81.97,0
2025-01-01 01:35:08,26.04,52.21,103.92,51.27,82.09,0
2025-01-01 01:35:09,26.04,52.23,103.89,51.21,82.09,0
2025-01-01 01:35:10,26.06,52.17,104.04,51.22,82.1,0
2025-01-01 01:35:11,26.02,52.24,103.81,51.2,82.16,0
2025-01-01 01:35:12,26.13,52.26,103.65,51.15,82.14,0
2025-01-01 01:35:13,26.07,52.38,103.66,51.16,82.13,0
2025-01-01 01:35:14,26.16,52.39,103.68,51.19,82.33,0
2025-01-01 01:35:15,26.18,52.39,103.71,51.1,82.28,0
2025-01-01 01:35:16,26.16,52.29,103.54,51.17,82.31,0
2025-01-01 01:35:17,26.2,52.45,103.53,51.05,82.33,0
2025-01-01 01:35:18,26.25,52.38,103.47,50.95,82.32,0
2025-01-01 01:35:19,26.24,52.33,103.42,50.97,82.39,0
2025-01-01 01:35:20,26.27,52.42,103.56,50.94,82.41,0
2025-01-01 01:35:21,26.29,52.48,103.38,50.94,82.48,0
2025-01-01 01:35:22,26.28,52.45,103.42,50.89,82.44,0
2025-01-01 01:35:23,26.3,52.35,103.3,50.91,82.45,0
2025-01-01 01:35:24,26.34,52.52,103.3,50.88,82.46,0
2025-01-01 01:35:25,26.38,52.41,103.15,50.82,82.59,0
2025-01-01 01:35:26,26.41,52.45,103.22,50.79,82.66,0
2025-01-01 01:35:27,26.33,52.57,103.09,50.69,82.67,0
2025-01-01 01:35:28,26.43,52.49,103.16,50.78,82.7,0
2025-01-01 01:35:29,26.44,52.56,102.93,50.66,82.71,0
2025-01-01 01:35:30,26.41,52.54,102.83,50.57,82.78,0
2025-01-01 01:35:31,26.54,52.53,102.91,50.65,82.73,0
2025-01-01 01:35:32,26.51,52.59,102.91,50.5,82.73,0
2025-01-01 01:35:33,26.51,52.61,102.8,50.56,82.77,0
2025-01-01 01:35:34,26.44,52.59,102.73,50.48,82.91,0
2025-01-01 01:35:35,26.57,52.66,102.71,50.44,82.83,0
2025-01-01 01:35:36,26.48,52.61,102.64,50.38,82.91,0
2025-01-01 01:35:37,26.55,52.65,102.65,50.28,82.91,0
2025-01-01 01:35:38,26.46,52.69,102.57,50.3,82.89,0
2025-01-01 01:35:39,26.51,52.7,102.46,50.32,82.96,0
2025-01-01 01:35:40,26.56,52.77,102.44,50.24,82.97,0
2025-01-01 01:35:41,26.59,52.8,102.41,50.26,83.12,0
2025-01-01 01:35:42,26.72,52.74,102.3,50.22,83.01,0
2025-01-01 01:35:43,26.75,52.71,102.3,50.24,83.07,0
2025-01-01 01:35:44,26.77,52.7,102.2,50.15,83.16,0
2025-01-01 01:35:45,26.71,52.71,102.21,50.16,83.08,0
2025-01-01 01:35:46,26.7,52.75,102.08,50.11,83.14,0
2025-01-01 01:35:47,26.71,52.75,102.05,49.97,83.19,0
2025-01-01 01:35:48,26.66,52.85,101.98,50.06,83.25,0
2025-01-01 01:35:49,26.81,52.79,101.92,50.1,83.24,0
2025-01-01 01:35:50,26.74,52.88,101.84,49.91,83.3,0
2025-01-01 01:35:51,26.82,52.84,101.8,49.91,83.2,0
2025-01-01 01:35:52,26.74,52.86,101.74,49.88,83.25,0
2025-01-01 01:35:53,26.81,52.98,101.7,49.92,83.31,0
2025-01-01 01:35:54,26.92,52.98,101.6,49.84,83.28,0
2025-01-01 01:35:55,26.84,53.0,101.6,49.78,83.51,0
2025-01-01 01:35:56,26.86,52.92,101.57,49.8,83.4,0
2025-01-01 01:35:57,26.87,53.04,101.53,49.75,83.34,0
2025-01-01 01:35:58,26.73,53.06,101.34,49.7,83.39,0
2025-01-01 01:35:59,26.88,53.02,101.3,49.71,83.48,0
2025-01-01 01:36:00,26.87,53.03,101.29,49.69,83.52,0
2025-01-01 01:36:01,26.9,53.15,101.12,49.6,83.52,0
2025-01-01 01:36:02,26.86,53.23,101.21,49.61,83.46,0
2025-01-01 01:36:03,26.98,53.18,101.03,49.53,83.58,0
2025-01-01 01:36:04,26.92,53.18,100.94,49.46,83.52,0
2025-01-01 01:36:05,27.04,53.15,100.97,49.44,83.54,0
2025-01-01 01:36:06,27.09,53.15,100.94,49.44,83.56,0
2025-01-01 01:36:07,26.98,53.17,100.8,49.41,83.63,0
2025-01-01 01:36:08,27.04,53.23,100.78,49.4,83.65,0
2025-01-01 01:36:09,27.0,53.25,100.78,49.28,83.64,0
2025-01-01 01:36:10,27.07,53.26,100.74,49.32,83.73,0
2025-01-01 01:36:11,27.1,53.33,100.57,49.26,83.69,0
2025-01-01 01:36:12,27.13,53.36,100.55,49.19,83.64,0
2025-01-01 01:36:13,27.17,53.26,100.48,49.22,83.74,0
2025-01-01 01:36:14,27.16,53.34,100.37,49.17,83.74,0
2025-01-01 01:36:15,27.04,53.41,100.3,49.17,83.75,0
2025-01-01 01:36:16,27.08,53.41,100.29,49.14,83.74,0
2025-01-01 01:36:17,27.12,53.39,100.15,49.13,83.75,0
2025-01-01 01:36:18,27.19,53.38,100.16,49.11,83.68,0
2025-01-01 01:36:19,27.18,53.41,100.07,49.0,83.8,0
2025-01-01 01:36:20,27.23,53.58,100.03,49.03,83.77,0
2025-01-01 01:36:21,27.18,53.58,100.03,49.02,83.82,0
2025-01-01 01:36:22,27.2,53.62,99.94,49.06,83.76,0
2025-01-01 01:36:23,27.31,53.61,99.83,49.0,83.85,0
2025-01-01 01:36:24,27.23,53.6,99.74,48.88,83.88,0
2025-01-01 01:36:25,27.34,53.65,99.68,48.89,83.89,0
2025-01-01 01:36:26,27.2,53.66,99.65,48.89,83.89,0
2025-01-01 01:36:27,27.34,53.66,99.6,48.87,83.87,0
2025-01-01 01:36:28,27.34,53.63,99.53,48.69,83.86,0
2025-01-01 01:36:29,27.34,53.77,99.42,48.78,83.97,0
2025-01-01 01:36:30,27.32,53.68,99.42,48.68,83.86,0
2025-01-01 01:36:31,27.41,53.88,99.3,48.68,83.89,0
2025-01-01 01:36:32,27.35,53.9,99.26,48.67,84.0,0
2025-01-01 01:36:33,27.42,53.88,99.18,48.64,83.88,0
2025-01-01 01:36:34,27.44,53.92,99.13,48.62,83.92,0
2025-01-01 01:36:35,27.34,53.85,99.14,48.57,83.95,0
2025-01-01 01:36:36,27.36,53.9,99.01,48.53,83.99,0
2025-01-01 01:36:37,27.48,53.89,98.97,48.57,83.86,0
2025-01-01 01:36:38,27.38,54.03,98.86,48.61,83.89,0
2025-01-01 01:36:39,27.49,53.97,98.85,48.62,83.9,0
2025-01-01 01:36:40,27.5,54.04,98.96,48.45,83.94,0
2025-01-01 01:36:41,27.52,54.03,98.71,48.53,83.96,0
2025-01-01 01:36:42,27.45,54.11,98.69,48.44,83.96,0
2025-01-01 01:36:43,27.46,54.13,98.6,48.4,83.92,0
2025-01-01 01:36:44,27.53,54.1,98.45,48.36,83.98,0
2025-01-01 01:36:45,27.52,54.14,98.48,48.32,83.95,0
2025-01-01 01:36:46,27.6,54.23,98.46,48.4,84.04,0
2025-01-01 01:36:47,27.49,54.21,98.32,48.3,84.01,0
2025-01-01 01:36:48,27.61,54.22,98.4,48.35,83.96,0
2025-01-01 01:36:49,27.51,54.31,98.26,48.35,83.87,0
2025-01-01 01:36:50,27.59,54.26,98.13,48.3,84.05,0
2025-01-01 01:36:51,27.7,54.33,98.11,48.25,84.05,0
2025-01-01 01:36:52,27.55,54.38,98.1,48.28,83.92,0
2025-01-01 01:36:53,27.59,54.3,98.0,48.3,84.06,0
2025-01-01 01:36:54,27.63,54.37,98.05,48.21,83.94,0
2025-01-01 01:36:55,27.66,54.45,97.88,48.22,84.02,0
2025-01-01 01:36:56,27.65,54.48,97.83,48.23,84.0,0
2025-01-01 01:36:57,27.62,54.48,97.79,48.12,83.96,0
2025-01-01 01:36:58,27.66,54.45,97.71,48.3,83.94,0
2025-01-01 01:36:59,27.65,54.5,97.68,48.12,83.98,0
2025-01-01 01:37:00,27.64,54.63,97.64,48.1,84.03,0
2025-01-01 01:37:01,27.64,54.53,97.58,48.23,83.89,0
2025-01-01 01:37:02,27.63,54.67,97.49,48.16,83.94,0
2025-01-01 01:37:03,27.71,54.75,97.41,48.17,84.01,0
2025-01-01 01:37:04,27.64,54.72,97.42,48.11,83.99,0
2025-01-01 01:37:05,27.7,54.73,97.37,48.13,83.89,0
2025-01-01 01:37:06,27.79,54.7,97.35,48.09,83.9,0
2025-01-01 01:37:07,27.76,54.74,97.31,48.04,83.88,0
2025-01-01 01:37:08,27.82,54.82,97.25,48.02,83.85,0
2025-01-01 01:37:09,27.84,54.85,97.18,48.09,83.93,0
2025-01-01 01:37:10,27.77,54.96,97.1,48.1,83.84,0
2025-01-01 01:37:11,27.82,54.83,97.1,48.06,83.92,0
2025-01-01 01:37:12,27.77,54.93,96.96,48.03,84.03,0
2025-01-01 01:37:13,27.85,54.93,96.96,48.03,83.9,0
2025-01-01 01:37:14,27.74,55.02,96.94,47.98,84.0,0
2025-01-01 01:37:15,27.87,55.06,96.79,48.04,83.91,0
2025-01-01 01:37:16,27.83,55.14,96.8,48.12,83.91,0
2025-01-01 01:37:17,27.8,55.21,96.8,47.99,83.88,0
2025-01-01 01:37:18,27.85,55.12,96.72,47.97,83.78,0
2025-01-01 01:37:19,27.83,55.16,96.69,47.98,83.79,0
2025-01-01 01:37:20,27.78,55.24,96.58,47.98,83.83,0
2025-01-01 01:37:21,27.81,55.19,96.53,48.07,83.87,0
2025-01-01 01:37:22,27.91,55.33,96.41,48.02,83.79,0
2025-01-01 01:37:23,27.91,55.25,96.43,47.93,83.79,0
2025-01-01 01:37:24,27.9,55.33,96.38,48.11,83.83,0
2025-01-01 01:37:25,27.9,55.42,96.31,47.96,83.82,0
2025-01-01 01:37:26,27.83,55.37,96.35,47.94,83.75,0
2025-01-01 01:37:27,27.92,55.45,96.36,48.05,83.78,0
2025-01-01 01:37:28,27.9,55.46,96.23,47.95,83.71,0
2025-01-01 01:37:29,27.87,55.45,96.24,48.02,83.74,0
2025-01-01 01:37:30,27.91,55.57,96.18,48.06,83.74,0
2025-01-01 01:37:31,27.95,55.63,96.17,48.02,83.7,0
2025-01-01 01:37:32,27.88,55.56,96.15,47.97,83.76,0
2025-01-01 01:37:33,27.9,55.76,96.03,48.04,83.65,0
2025-01-01 01:37:34,27.87,55.7,95.97,48.0,83.68,0
2025-01-01 01:37:35,27.95,55.61,96.02,48.04,83.59,0
2025-01-01 01:37:36,27.88,55.61,96.04,48.09,83.55,0
2025-01-01 01:37:37,27.97,55.72,95.96,48.03,83.58,0
2025-01-01 01:37:38,27.92,55.75,95.95,48.1,83.59,0
2025-01-01 01:37:39,27.99,55.74,95.78,48.09,83.6,0
2025-01-01 01:37:40,27.95,55.76,95.76,48.1,83.67,0
2025-01-01 01:37:41,28.0,55.96,95.79,48.1,83.48,0
2025-01-01 01:37:42,27.99,55.92,95.78,48.1,83.52,0
2025-01-01 01:37:43,27.95,55.97,95.76,48.04,83.42,0
2025-01-01 01:37:44,27.97,56.06,95.76,48.06,83.45,0
2025-01-01 01:37:45,27.88,56.0,95.7,48.13,83.43,0
2025-01-01 01:37:46,27.99,56.02,95.7,48.14,83.41,0
2025-01-01 01:37:47,27.99,56.14,95.67,48.14,83.46,0
2025-01-01 01:37:48,27.97,56.1,95.52,48.11,83.35,0
2025-01-01 01:37:49,28.03,56.2,95.47,48.09,83.31,0
2025-01-01 01:37:50,27.93,56.18,95.56,48.17,83.43,0
2025-01-01 01:37:51,27.89,56.22,95.52,48.25,83.31,0
2025-01-01 01:37:52,28.03,56.31,95.42,48.24,83.34,0
2025-01-01 01:37:53,27.95,56.39,95.38,48.25,83.21,0
2025-01-01 01:37:54,27.99,56.29,95.38,48.18,83.29,0
2025-01-01 01:37:55,28.0,56.43,95.36,48.33,83.23,0
2025-01-01 01:37:56,27.99,56.52,95.33,48.35,83.23,0
2025-01-01 01:37:57,27.96,56.38,95.28,48.36,83.27,0
2025-01-01 01:37:58,27.99,56.49,95.35,48.33,83.21,0
2025-01-01 01:37:59,28.01,56.53,95.25,48.3,82.98,0
2025-01-01 01:38:00,28.05,56.55,95.25,48.26,83.08,0
2025-01-01 01:38:01,27.96,56.55,95.26,48.39,83.02,0
2025-01-01 01:38:02,27.93,56.56,95.32,48.48,83.02,0
2025-01-01 01:38:03,27.9,56.67,95.21,48.44,83.07,0
2025-01-01 01:38:04,28.02,56.64,95.21,48.48,82.97,0
2025-01-01 01:38:05,28.01,56.71,95.27,48.4,83.04,0
2025-01-01 01:38:06,27.92,56.86,95.1,48.49,82.87,0
2025-01-01 01:38:07,27.93,56.86,95.19,48.52,82.96,0
2025-01-01 01:38:08,28.05,56.81,95.06,48.53,82.87,0
2025-01-01 01:38:09,28.02,56.91,95.08,48.59,82.9,0
2025-01-01 01:38:10,28.04,56.9,95.14,48.6,82.87,0
2025-01-01 01:38:11,28.08,56.97,95.06,48.54,82.87,0
2025-01-01 01:38:12,28.02,57.08,94.98,48.67,82.77,0
2025-01-01 01:38:13,27.98,56.99,95.11,48.68,82.7,0
2025-01-01 01:38:14,28.01,57.1,95.07,48.73,82.71,0
2025-01-01 01:38:15,27.89,57.12,95.06,48.71,82.75,0
2025-01-01 01:38:16,27.9,57.13,94.99,48.66,82.66,0
2025-01-01 01:38:17,28.03,57.2,95.0,48.74,82.68,0
2025-01-01 01:38:18,28.03,57.19,95.0,48.69,82.59,0
2025-01-01 01:38:19,27.91,57.36,94.98,48.86,82.67,0
2025-01-01 01:38:20,28.0,57.29,94.95,48.8,82.63,0
2025-01-01 01:38:21,28.01,57.33,95.08,48.89,82.51,0
2025-01-01 01:38:22,28.0,57.33,94.98,48.87,82.51,0
2025-01-01 01:38:23,27.93,57.41,94.98,48.86,82.43,0
2025-01-01 01:38:24,27.87,57.41,94.95,48.92,82.31,0
2025-01-01 01:38:25,28.0,57.53,94.99,48.99,82.36,0
2025-01-01 01:38:26,27.91,57.52,95.03,48.93,82.33,0
2025-01-01 01:38:27,27.97,57.7,95.01,48.93,82.22,0
2025-01-01 01:38:28,28.02,57.72,94.99,49.04,82.31,0
2025-01-01 01:38:29,27.94,57.51,95.05,49.05,82.31,0
2025-01-01 01:38:30,27.94,57.68,95.05,49.17,82.24,0
2025-01-01 01:38:31,27.98,57.74,95.03,49.08,82.13,0
2025-01-01 01:38:32,27.86,57.79,94.99,49.21,82.18,0
2025-01-01 01:38:33,27.92,57.78,95.0,49.17,82.17,0
2025-01-01 01:38:34,28.09,57.88,95.02,49.3,82.18,0
2025-01-01 01:38:35,27.89,57.93,95.07,49.32,82.1,0
2025-01-01 01:38:36,27.95,58.01,95.05,49.27,82.05,0
2025-01-01 01:38:37,28.0,57.95,95.07,49.33,81.96,0
2025-01-01 01:38:38,27.91,57.91,95.13,49.35,81.78,0
2025-01-01 01:38:39,27.97,58.04,94.97,49.35,81.87,0
2025-01-01 01:38:40,27.91,58.12,95.07,49.4,81.94,0
2025-01-01 01:38:41,27.96,58.01,95.05,49.47,81.8,0
2025-01-01 01:38:42,28.04,58.14,95.06,49.43,81.86,0
2025-01-01 01:38:43,27.9,58.19,95.05,49.52,81.74,0
2025-01-01 01:38:44,27.91,58.17,95.17,49.53,81.73,0
2025-01-01 01:38:45,27.92,58.33,95.18,49.62,81.63,0
2025-01-01 01:38:46,27.88,58.35,95.09,49.62,81.62,0
2025-01-01 01:38:47,27.86,58.42,95.2,49.7,81.67,0
2025-01-01 01:38:48,27.9,58.34,95.16,49.67,81.68,0
2025-01-01 01:38:49,27.83,58.38,95.16,49.77,81.65,0
2025-01-01 01:38:50,27.91,58.47,95.22,49.77,81.56,0
2025-01-01 01:38:51,27.91,58.51,95.28,49.69,81.48,0
2025-01-01 01:38:52,27.9,58.55,95.25,49.82,81.41,0
2025-01-01 01:38:53,27.79,58.62,95.22,49.84,81.37,0
2025-01-01 01:38:54,27.95,58.6,95.28,49.92,81.48,0
2025-01-01 01:38:55,27.89,58.63,95.36,49.83,81.34,0
2025-01-01 01:38:56,27.96,58.69,95.35,49.95,81.28,0
2025-01-01 01:38:57,27.87,58.76,95.35,49.86,81.28,0
2025-01-01 01:38:58,27.96,58.75,95.32,50.05,81.31,0
2025-01-01 01:38:59,27.87,58.89,95.45,50.08,81.16,0
2025-01-01 01:39:00,27.85,58.84,95.44,50.07,81.16,0
2025-01-01 01:39:01,27.77,58.92,95.42,50.1,81.12,0
2025-01-01 01:39:02,27.78,58.82,95.47,50.07,81.1,0
2025-01-01 01:39:03,27.76,59.04,95.52,50.18,80.93,0
2025-01-01 01:39:04,27.82,59.0,95.48,50.22,80.97,0
2025-01-01 01:39:05,27.79,59.04,95.55,50.26,80.95,0
2025-01-01 01:39:06,27.82,59.05,95.55,50.24,80.99,0
2025-01-01 01:39:07,27.84,59.18,95.7,50.29,80.89,0
2025-01-01 01:39:08,27.79,59.19,95.65,50.35,80.84,0
2025-01-01 01:39:09,27.8,59.23,95.7,50.38,80.81,0
2025-01-01 01:39:10,27.85,59.15,95.68,50.44,80.77,0
2025-01-01 01:39:11,27.77,59.31,95.77,50.41,80.75,0
2025-01-01 01:39:12,27.75,59.3,95.83,50.51,80.69,0
2025-01-01 01:39:13,27.83,59.43,95.88,50.64,80.63,0
2025-01-01 01:39:14,27.71,59.44,95.85,50.54,80.55,0
2025-01-01 01:39:15,27.76,59.37,95.9,50.57,80.54,0
2025-01-01 01:39:16,27.63,59.39,95.9,50.63,80.53,0
2025-01-01 01:39:17,27.71,59.48,95.99,50.55,80.36,0
2025-01-01 01:39:18,27.69,59.53,96.06,50.67,80.52,0
2025-01-01 01:39:19,27.67,59.62,96.04,50.77,80.39,0
2025-01-01 01:39:20,27.73,59.59,96.07,50.72,80.42,0
2025-01-01 01:39:21,27.56,59.66,96.11,50.66,80.3,0
2025-01-01 01:39:22,27.59,59.6,96.15,50.78,80.27,0
2025-01-01 01:39:23,27.67,59.72,96.3,50.82,80.31,0
2025-01-01 01:39:24,27.56,59.76,96.28,50.84,80.15,0
2025-01-01 01:39:25,27.55,59.88,96.32,50.89,80.14,0
2025-01-01 01:39:26,27.57,59.88,96.27,50.87,80.18,0
2025-01-01 01:39:27,27.53,59.95,96.45,50.98,80.1,0
2025-01-01 01:39:28,27.59,59.93,96.31,50.97,80.02,0
2025-01-01 01:39:29,27.56,60.0,96.47,50.97,80.08,0
2025-01-01 01:39:30,27.62,60.08,96.5,51.05,79.92,0
2025-01-01 01:39:31,27.61,60.07,96.5,51.06,79.91,0
2025-01-01 01:39:32,27.68,60.14,96.68,51.14,79.88,0
2025-01-01 01:39:33,27.54,60.07,96.6,51.15,79.83,0
2025-01-01 01:39:34,27.57,60.1,96.71,51.19,79.71,0
2025-01-01 01:39:35,27.55,60.31,96.82,51.14,79.8,0
2025-01-01 01:39:36,27.6,60.3,96.85,51.19,79.74,0
2025-01-01 01:39:37,27.48,60.31,96.86,51.19,79.67,0
2025-01-01 01:39:38,27.54,60.46,96.78,51.35,79.63,0
2025-01-01 01:39:39,27.54,60.46,97.01,51.24,79.59,0
2025-01-01 01:39:40,27.48,60.42,97.05,51.29,79.48,0
2025-01-01 01:39:41,27.44,60.4,97.02,51.36,79.49,0
2025-01-01 01:39:42,27.44,60.5,97.09,51.37,79.52,0
2025-01-01 01:39:43,27.56,60.56,97.17,51.29,79.42,0
2025-01-01 01:39:44,27.42,60.55,97.16,51.39,79.38,0
2025-01-01 01:39:45,27.55,60.66,97.34,51.5,79.33,0
2025-01-01 01:39:46,27.41,60.66,97.28,51.39,79.3,0
2025-01-01 01:39:47,27.42,60.73,97.35,51.46,79.33,0
2025-01-01 01:39:48,27.38,60.83,97.3,51.52,79.27,0
2025-01-01 01:39:49,27.34,60.78,97.47,51.56,79.12,0
2025-01-01 01:39:50,27.4,60.81,97.56,51.44,79.29,0
2025-01-01 01:39:51,27.31,60.95,97.55,51.51,79.14,0
2025-01-01 01:39:52,27.39,60.84,97.65,51.57,79.12,0
2025-01-01 01:39:53,27.33,60.93,97.61,51.63,79.08,0
2025-01-01 01:39:54,27.35,61.02,97.77,51.69,78.92,0
2025-01-01 01:39:55,27.18,61.12,97.71,51.58,78.96,0
2025-01-01 01:39:56,27.21,61.06,97.79,51.64,78.95,0
2025-01-01 01:39:57,27.26,61.1,97.9,51.72,78.98,0
2025-01-01 01:39:58,27.25,61.25,97.99,51.63,78.79,0
2025-01-01 01:39:59,27.22,61.27,97.98,51.61,78.81,0
2025-01-01 01:40:00,27.14,61.18,98.03,51.73,78.83,0
2025-01-01 01:40:01,27.26,61.21,98.1,51.75,78.73,0
2025-01-01 01:40:02,27.19,61.23,98.12,51.74,78.55,0
2025-01-01 01:40:03,27.23,61.28,98.27,51.8,78.64,0
2025-01-01 01:40:04,27.23,61.43,98.28,51.77,78.68,0
2025-01-01 01:40:05,27.18,61.48,98.23,51.81,78.51,0
2025-01-01 01:40:06,27.15,61.51,98.5,51.77,78.53,0
2025-01-01 01:40:07,27.13,61.46,98.52,51.83,78.52,0
2025-01-01 01:40:08,27.16,61.55,98.49,51.84,78.44,0
2025-01-01 01:40:09,27.12,61.64,98.53,51.78,78.45,0
2025-01-01 01:40:10,27.06,61.63,98.67,51.76,78.44,0
2025-01-01 01:40:11,27.02,61.67,98.68,51.85,78.45,0
2025-01-01 01:40:12,27.08,61.75,98.78,51.92,78.35,0
2025-01-01 01:40:13,27.07,61.8,98.84,52.02,78.35,0
2025-01-01 01:40:14,26.98,61.78,98.91,51.91,78.3,0
2025-01-01 01:40:15,27.06,61.75,99.02,51.9,78.2,0
2025-01-01 01:40:16,26.98,61.9,99.0,51.9,78.17,0
2025-01-01 01:40:17,26.9,61.86,99.01,51.93,78.19,0
2025-01-01 01:40:18,27.01,62.0,99.19,51.92,78.12,0
2025-01-01 01:40:19,26.96,61.87,99.14,51.95,78.07,0
2025-01-01 01:40:20,26.98,62.04,99.17,51.99,78.06,0
2025-01-01 01:40:21,26.97,62.11,99.32,52.03,77.97,0
2025-01-01 01:40:22,26.87,62.12,99.37,51.99,78.08,0
2025-01-01 01:40:23,26.92,62.14,99.4,51.89,77.94,0
2025-01-01 01:40:24,26.94,62.16,99.53,52.05,77.98,0
2025-01-01 01:40:25,26.89,62.22,99.5,51.96,77.86,0
2025-01-01 01:40:26,26.81,62.26,99.73,52.07,77.85,0
2025-01-01 01:40:27,26.88,62.25,99.77,51.92,77.85,0
2025-01-01 01:40:28,26.85,62.29,99.75,51.94,77.72,0
2025-01-01 01:40:29,26.73,62.4,99.88,51.89,77.83,0
2025-01-01 01:40:30,26.79,62.42,99.81,52.07,77.72,0
2025-01-01 01:40:31,26.83,62.5,100.01,51.97,77.67,0
2025-01-01 01:40:32,26.73,62.52,100.03,52.05,77.7,0
2025-01-01 01:40:33,26.66,62.58,100.12,51.98,77.63,0
2025-01-01 01:40:34,26.72,62.58,100.12,52.02,77.58,0
2025-01-01 01:40:35,26.69,62.6,100.33,51.96,77.54,0
2025-01-01 01:40:36,26.66,62.6,100.3,52.03,77.52,0
2025-01-01 01:40:37,26.73,62.71,100.31,51.92,77.53,0
2025-01-01 01:40:38,26.67,62.71,100.36,52.03,77.47,0
2025-01-01 01:40:39,26.63,62.68,100.5,52.02,77.44,0
2025-01-01 01:40:40,26.5,62.78,100.5,51.95,77.43,0
2025-01-01 01:40:41,26.65,62.84,100.62,51.93,77.34,0
2025-01-01 01:40:42,26.6,62.82,100.67,51.95,77.4,0
2025-01-01 01:40:43,26.53,63.0,100.8,51.96,77.36,0
2025-01-01 01:40:44,26.54,62.98,100.75,51.89,77.1,0
2025-01-01 01:40:45,26.53,62.98,100.88,51.95,77.3,0
2025-01-01 01:40:46,26.5,62.99,100.93,51.82,77.22,0
2025-01-01 01:40:47,26.49,63.11,100.91,51.96,77.23,0
2025-01-01 01:40:48,26.42,63.07,100.98,51.98,77.19,0
2025-01-01 01:40:49,26.46,63.06,101.12,51.92,77.05,0
2025-01-01 01:40:50,26.38,63.17,101.06,52.0,77.06,0
2025-01-01 01:40:51,26.44,63.2,101.15,51.79,77.09,0
2025-01-01 01:40:52,26.38,63.23,101.24,51.9,77.13,0
2025-01-01 01:40:53,26.38,63.24,101.22,51.87,77.04,0
2025-01-01 01:40:54,26.36,63.32,101.36,51.8,77.01,0
2025-01-01 01:40:55,26.36,63.34,101.4,51.82,76.98,0
2025-01-01 01:40:56,26.34,63.46,101.53,51.87,76.93,0
2025-01-01 01:40:57,26.23,63.37,101.51,51.81,76.92,0
2025-01-01 01:40:58,26.35,63.46,101.66,51.8,76.91,0
2025-01-01 01:40:59,26.31,63.49,101.73,51.84,76.8,0
2025-01-01 01:41:00,26.27,63.51,101.83,51.77,76.79,0
2025-01-01 01:41:01,26.28,63.58,101.78,51.76,76.87,0
2025-01-01 01:41:02,26.2,63.57,101.81,51.81,76.81,0
2025-01-01 01:41:03,26.17,63.57,101.99,51.79,76.81,0
2025-01-01 01:41:04,26.21,63.73,101.9,51.76,76.72,0
2025-01-01 01:41:05,26.18,63.73,102.01,51.68,76.7,0
2025-01-01 01:41:06,26.07,63.77,102.02,51.78,76.69,0
2025-01-01 01:41:07,26.22,63.67,102.16,51.72,76.74,0
2025-01-01 01:41:08,26.06,63.76,102.21,51.66,76.67,0
2025-01-01 01:41:09,26.1,63.91,102.37,51.63,76.66,0
2025-01-01 01:41:10,26.1,63.93,102.34,51.56,76.58,0
2025-01-01 01:41:11,26.03,64.04,102.38,51.56,76.56,0
2025-01-01 01:41:12,26.1,63.98,102.44,51.55,76.59,0
2025-01-01 01:41:13,26.05,63.93,102.41,51.57,76.56,0
2025-01-01 01:41:14,26.05,64.05,102.59,51.49,76.56,0
2025-01-01 01:41:15,26.04,64.03,102.57,51.49,76.62,0
2025-01-01 01:41:16,25.99,64.1,102.61,51.46,76.43,0
2025-01-01 01:41:17,26.02,64.15,102.66,51.42,76.48,0
2025-01-01 01:41:18,25.92,64.14,102.66,51.45,76.47,0
2025-01-01 01:41:19,25.98,64.17,102.76,51.34,76.49,0
2025-01-01 01:41:20,25.95,64.22,102.76,51.33,76.39,0
2025-01-01 01:41:21,25.94,64.26,102.81,51.39,76.36,0
2025-01-01 01:41:22,25.84,64.33,102.97,51.4,76.38,0
2025-01-01 01:41:23,25.89,64.29,102.97,51.3,76.37,0
2025-01-01 01:41:24,25.77,64.34,103.11,51.24,76.28,0
2025-01-01 01:41:25,25.75,64.52,103.11,51.25,76.34,0
2025-01-01 01:41:26,25.8,64.38,103.11,51.23,76.28,0
2025-01-01 01:41:27,25.75,64.47,103.13,51.34,76.34,0
2025-01-01 01:41:28,25.69,64.36,103.19,51.22,76.31,0
2025-01-01 01:41:29,25.73,64.49,103.23,51.14,76.22,0
2025-01-01 01:41:30,25.7,64.62,103.28,51.16,76.3,0
2025-01-01 01:41:31,25.64,64.54,103.42,51.06,76.24,0
2025-01-01 01:41:32,25.78,64.66,103.42,51.12,76.23,0
2025-01-01 01:41:33,25.71,64.55,103.45,50.94,76.23,0
2025-01-01 01:41:34,25.63,64.75,103.54,50.99,76.18,0
2025-01-01 01:41:35,25.64,64.68,103.55,51.06,76.15,0
2025-01-01 01:41:36,25.58,64.73,103.75,50.99,76.24,0
2025-01-01 01:41:37,25.62,64.82,103.66,50.95,76.1,0
2025-01-01 01:41:38,25.58,64.8,103.71,50.9,76.2,0
2025-01-01 01:41:39,25.59,64.7,103.7,50.78,76.16,0
2025-01-01 01:41:40,25.5,64.94,103.77,50.82,76.18,0
2025-01-01 01:41:41,25.48,64.88,103.82,50.89,76.17,0
2025-01-01 01:41:42,25.51,65.07,103.81,50.74,76.12,0
2025-01-01 01:41:43,25.54,64.92,103.97,50.68,76.1,0
2025-01-01 01:41:44,25.45,64.95,103.89,50.76,76.17,0
2025-01-01 01:41:45,25.31,65.04,103.95,50.69,76.07,0
2025-01-01 01:41:46,25.34,65.14,104.06,50.65,76.06,0
2025-01-01 01:41:47,25.35,64.96,104.05,50.67,76.08,0
2025-01-01 01:41:48,25.36,65.13,104.03,50.57,76.06,0
2025-01-01 01:41:49,25.38,65.22,104.1,50.51,76.06,0
2025-01-01 01:41:50,25.42,65.14,104.19,50.6,76.03,0
2025-01-01 01:41:51,25.27,65.24,104.2,50.53,76.15,0
2025-01-01 01:41:52,25.29,65.18,104.22,50.48,76.1,0
2025-01-01 01:41:53,25.25,65.25,104.18,50.46,76.2,0
2025-01-01 01:41:54,25.23,65.33,104.25,50.34,76.05,0
2025-01-01 01:41:55,25.22,65.21,104.39,50.39,76.03,0
2025-01-01 01:41:56,25.18,65.38,104.36,50.36,76.07,0
2025-01-01 01:41:57,25.25,65.49,104.33,50.27,76.03,0
2025-01-01 01:41:58,25.12,65.39,104.43,50.31,76.08,0
2025-01-01 01:41:59,25.13,65.48,104.44,50.24,75.97,0
2025-01-01 01:42:00,25.07,65.51,104.42,50.11,76.01,0
2025-01-01 01:42:01,25.17,65.37,104.47,50.2,75.91,0
2025-01-01 01:42:02,25.07,65.48,104.46,50.12,75.95,0
2025-01-01 01:42:03,25.0,65.57,104.65,50.14,76.05,0
2025-01-01 01:42:04,25.08,65.56,104.58,50.13,76.04,0
2025-01-01 01:42:05,25.03,65.65,104.72,50.08,75.98,0
2025-01-01 01:42:06,25.0,65.6,104.73,50.08,76.0,0
2025-01-01 01:42:07,25.09,65.71,104.62,50.02,76.02,0
2025-01-01 01:42:08,25.0,65.64,104.62,50.01,76.09,0
2025-01-01 01:42:09,25.01,65.85,104.71,49.93,75.96,0
2025-01-01 01:42:10,24.89,65.67,104.69,49.77,76.06,0
2025-01-01 01:42:11,24.92,65.69,104.72,49.94,76.0,0
2025-01-01 01:42:12,24.83,65.73,104.66,49.83,75.99,0
2025-01-01 01:42:13,24.84,65.83,104.76,49.71,76.03,0
2025-01-01 01:42:14,24.77,65.84,104.84,49.76,76.05,0
2025-01-01 01:42:15,24.93,65.9,104.8,49.69,75.99,0
2025-01-01 01:42:16,24.75,65.93,104.84,49.69,76.02,0
2025-01-01 01:42:17,24.83,65.96,104.82,49.59,75.95,0
2025-01-01 01:42:18,24.84,65.95,104.81,49.59,76.01,0
2025-01-01 01:42:19,24.82,65.99,105.0,49.58,76.14,0
2025-01-01 01:42:20,24.77,66.05,104.96,49.6,76.07,0
2025-01-01 01:42:21,24.82,66.04,104.84,49.47,76.13,0
2025-01-01 01:42:22,24.76,66.06,104.79,49.47,76.0,0
2025-01-01 01:42:23,24.64,66.06,104.84,49.54,76.02,0
2025-01-01 01:42:24,24.71,66.13,104.87,49.44,76.04,0
2025-01-01 01:42:25,24.61,66.17,104.9,49.3,76.07,0
2025-01-01 01:42:26,24.65,66.15,104.96,49.42,76.07,0
2025-01-01 01:42:27,24.59,66.22,104.92,49.27,76.04,0
2025-01-01 01:42:28,24.58,66.28,105.0,49.27,76.15,0
2025-01-01 01:42:29,24.56,66.27,104.8,49.21,76.03,0
2025-01-01 01:42:30,24.56,66.3,104.92,49.24,76.04,0
2025-01-01 01:42:31,24.45,66.28,105.01,49.26,76.09,0
2025-01-01 01:42:32,24.55,66.34,105.0,49.16,76.12,0
2025-01-01 01:42:33,24.49,66.4,104.95,49.12,76.23,0
2025-01-01 01:42:34,24.45,66.4,105.05,49.08,76.15,0
2025-01-01 01:42:35,24.47,66.47,104.88,49.04,76.12,0
2025-01-01 01:42:36,24.4,66.39,105.03,49.05,76.22,0
2025-01-01 01:42:37,24.43,66.49,104.98,49.02,76.17,0
2025-01-01 01:42:38,24.3,66.53,105.0,48.91,76.23,0
2025-01-01 01:42:39,24.34,66.4,104.93,48.92,76.22,0
2025-01-01 01:42:40,24.37,66.57,105.03,48.93,76.31,0
2025-01-01 01:42:41,24.34,66.56,105.02,48.88,76.24,0
2025-01-01 01:42:42,24.18,66.56,105.08,48.88,76.26,0
2025-01-01 01:42:43,24.32,66.62,104.95,48.85,76.21,0
2025-01-01 01:42:44,24.26,66.58,105.03,48.79,76.24,0
2025-01-01 01:42:45,24.23,66.66,104.92,48.77,76.3,0
2025-01-01 01:42:46,24.28,66.54,105.0,48.75,76.29,0
2025-01-01 01:42:47,24.16,66.67,105.0,48.71,76.41,0
2025-01-01 01:42:48,24.2,66.72,104.95,48.77,76.41,0
2025-01-01 01:42:49,24.1,66.7,104.98,48.74,76.35,0
2025-01-01 01:42:50,24.1,66.76,105.01,48.67,76.32,0
2025-01-01 01:42:51,24.12,66.81,104.92,48.7,76.44,0
2025-01-01 01:42:52,24.09,66.8,104.83,48.68,76.4,0
2025-01-01 01:42:53,24.06,66.79,104.93,48.53,76.38,0
2025-01-01 01:42:54,24.06,66.81,104.91,48.54,76.53,0
2025-01-01 01:42:55,24.07,66.89,104.85,48.66,76.45,0
2025-01-01 01:42:56,23.98,66.91,104.88,48.48,76.6,0
2025-01-01 01:42:57,24.05,66.9,104.97,48.54,76.51,0
2025-01-01 01:42:58,24.1,66.95,104.87,48.46,76.53,0
2025-01-01 01:42:59,23.94,67.01,104.74,48.52,76.5,0
2025-01-01 01:43:00,23.94,66.94,104.78,48.47,76.57,0
2025-01-01 01:43:01,23.89,66.99,104.75,48.39,76.51,0
2025-01-01 01:43:02,23.89,67.02,104.77,48.49,76.74,0
2025-01-01 01:43:03,23.87,66.98,104.81,48.39,76.69,0
2025-01-01 01:43:04,23.89,67.03,104.72,48.38,76.64,0
2025-01-01 01:43:05,23.91,66.99,104.77,48.24,76.68,0
2025-01-01 01:43:06,23.82,67.0,104.58,48.26,76.7,0
2025-01-01 01:43:07,23.79,67.04,104.73,48.24,76.75,0
2025-01-01 01:43:08,23.75,67.05,104.61,48.31,76.67,0
2025-01-01 01:43:09,23.79,67.08,104.58,48.29,76.87,0
2025-01-01 01:43:10,23.71,67.18,104.58,48.23,76.84,0
2025-01-01 01:43:11,23.7,67.11,104.59,48.31,76.85,0
2025-01-01 01:43:12,23.65,67.15,104.59,48.3,76.85,0
2025-01-01 01:43:13,23.68,67.28,104.51,48.17,76.82,0
2025-01-01 01:43:14,23.63,67.36,104.56,48.16,76.97,0
2025-01-01 01:43:15,23.7,67.26,104.43,48.15,76.91,0
2025-01-01 01:43:16,23.55,67.23,104.43,48.23,76.91,0
2025-01-01 01:43:17,23.67,67.17,104.46,48.1,76.97,0
2025-01-01 01:43:18,23.64,67.3,104.37,48.08,76.95,0
2025-01-01 01:43:19,23.65,67.27,104.34,48.05,77.06,0
2025-01-01 01:43:20,23.52,67.36,104.26,48.16,77.04,0
2025-01-01 01:43:21,23.54,67.41,104.28,48.09,77.12,0
2025-01-01 01:43:22,23.47,67.22,104.3,48.05,77.14,0
2025-01-01 01:43:23,23.53,67.31,104.24,48.06,77.07,0
2025-01-01 01:43:24,23.46,67.29,104.2,48.03,77.15,0
2025-01-01 01:43:25,23.48,67.35,104.07,48.19,77.18,0
2025-01-01 01:43:26,23.57,67.47,104.09,48.07,77.22,0
2025-01-01 01:43:27,23.55,67.47,104.03,48.07,77.28,0
2025-01-01 01:43:28,23.38,67.47,104.1,48.0,77.23,0
2025-01-01 01:43:29,23.48,67.44,103.95,48.08,77.33,0
2025-01-01 01:43:30,23.41,67.53,104.02,48.03,77.43,0
2025-01-01 01:43:31,23.47,67.39,103.87,47.91,77.34,0
2025-01-01 01:43:32,23.31,67.46,103.94,47.93,77.39,0
2025-01-01 01:43:33,23.36,67.51,103.85,47.9,77.38,0
2025-01-01 01:43:34,23.42,67.47,103.89,47.94,77.37,0
2025-01-01 01:43:35,23.28,67.6,103.74,48.03,77.48,0
2025-01-01 01:43:36,23.31,67.62,103.76,47.95,77.5,0
2025-01-01 01:43:37,23.38,67.58,103.61,47.93,77.59,0
2025-01-01 01:43:38,23.31,67.53,103.68,48.08,77.65,0
2025-01-01 01:43:39,23.34,67.62,103.59,47.98,77.6,0
2025-01-01 01:43:40,23.2,67.59,103.61,47.92,77.56,0
2025-01-01 01:43:41,23.27,67.6,103.41,48.0,77.66,0
2025-01-01 01:43:42,23.19,67.66,103.4,48.0,77.69,0
2025-01-01 01:43:43,23.2,67.55,103.39,48.0,77.76,0
2025-01-01 01:43:44,23.27,67.69,103.39,48.07,77.75,0
2025-01-01 01:43:45,23.24,67.72,103.3,48.1,77.82,0
2025-01-01 01:43:46,23.26,67.69,103.25,47.97,77.82,0
2025-01-01 01:43:47,23.1,67.75,103.23,47.93,77.88,0
2025-01-01 01:43:48,23.12,67.67,103.2,48.01,77.93,0
2025-01-01 01:43:49,23.13,67.73,103.07,48.13,77.86,0
2025-01-01 01:43:50,23.08,67.66,103.1,48.03,77.96,0
2025-01-01 01:43:51,23.14,67.78,103.02,48.07,78.08,0
2025-01-01 01:43:52,23.11,67.73,102.91,48.05,78.07,0
2025-01-01 01:43:53,23.0,67.75,102.93,48.11,78.17,0
2025-01-01 01:43:54,23.08,67.76,102.94,48.08,78.11,0
2025-01-01 01:43:55,23.11,67.73,102.86,48.1,78.13,0
2025-01-01 01:43:56,23.02,67.83,102.79,48.09,78.19,0
2025-01-01 01:43:57,23.02,67.78,102.71,48.08,78.28,0
2025-01-01 01:43:58,22.88,67.75,102.79,48.1,78.23,0
2025-01-01 01:43:59,22.99,67.77,102.52,48.11,78.25,0
2025-01-01 01:44:00,22.94,67.83,102.58,48.02,78.33,0
2025-01-01 01:44:01,22.94,67.75,102.44,48.06,78.4,0
2025-01-01 01:44:02,22.81,67.87,102.48,48.12,78.32,0
2025-01-01 01:44:03,22.85,67.88,102.47,48.09,78.49,0
2025-01-01 01:44:04,22.91,67.85,102.32,48.12,78.56,0
2025-01-01 01:44:05,22.87,67.92,102.31,48.14,78.54,0
2025-01-01 01:44:06,22.96,67.83,102.29,48.19,78.47,0
2025-01-01 01:44:07,22.76,67.85,102.2,48.24,78.51,0
2025-01-01 01:44:08,22.85,67.87,102.13,48.24,78.71,0
2025-01-01 01:44:09,22.82,67.82,102.06,48.27,78.7,0
2025-01-01 01:44:10,22.83,67.86,101.95,48.27,78.64,0
2025-01-01 01:44:11,22.82,67.93,101.93,48.25,78.74,0
2025-01-01 01:44:12,22.74,67.83,101.9,48.28,78.84,0
2025-01-01 01:44:13,22.72,67.96,101.78,48.22,78.8,0
2025-01-01 01:44:14,22.69,67.85,101.88,48.28,78.96,0
2025-01-01 01:44:15,22.68,67.84,101.79,48.29,78.89,0
2025-01-01 01:44:16,22.65,67.92,101.6,48.34,78.9,0
2025-01-01 01:44:17,22.71,67.96,101.62,48.38,78.96,0
2025-01-01 01:44:18,22.67,67.96,101.54,48.38,79.02,0
2025-01-01 01:44:19,22.62,68.01,101.48,48.41,79.04,0
2025-01-01 01:44:20,22.7,67.96,101.43,48.49,78.92,0
2025-01-01 01:44:21,22.71,68.0,101.28,48.49,79.17,0
2025-01-01 01:44:22,22.67,67.88,101.34,48.51,79.13,0
2025-01-01 01:44:23,22.65,67.94,101.29,48.47,79.17,0
2025-01-01 01:44:24,22.61,67.9,101.18,48.52,79.28,0
2025-01-01 01:44:25,22.61,67.9,101.19,48.6,79.28,0
2025-01-01 01:44:26,22.55,67.94,101.06,48.57,79.3,0
2025-01-01 01:44:27,22.54,68.02,101.02,48.52,79.37,0
2025-01-01 01:44:28,22.57,67.94,101.0,48.6,79.38,0
2025-01-01 01:44:29,22.55,68.0,100.88,48.62,79.49,0
2025-01-01 01:44:30,22.47,67.92,100.86,48.77,79.52,0
2025-01-01 01:44:31,22.63,67.96,100.73,48.69,79.56,0
2025-01-01 01:44:32,22.46,67.98,100.7,48.66,79.53,0
2025-01-01 01:44:33,22.55,68.01,100.67,48.74,79.55,0
2025-01-01 01:44:34,22.52,67.94,100.56,48.7,79.6,0
2025-01-01 01:44:35,22.49,67.97,100.47,48.83,79.67,0
2025-01-01 01:44:36,22.45,67.94,100.35,48.79,79.64,0
2025-01-01 01:44:37,22.5,68.0,100.46,48.84,79.72,0
2025-01-01 01:44:38,22.36,68.04,100.26,48.83,79.88,0
2025-01-01 01:44:39,22.48,68.02,100.31,48.93,79.91,0
2025-01-01 01:44:40,22.4,67.98,100.15,48.91,79.87,0
2025-01-01 01:44:41,22.34,67.97,100.21,48.95,79.95,0
2025-01-01 01:44:42,22.41,67.91,100.07,49.02,79.89,0
2025-01-01 01:44:43,22.44,67.91,100.01,49.02,79.98,0
2025-01-01 01:44:44,22.52,67.98,99.92,49.03,79.99,0
2025-01-01 01:44:45,22.31,67.94,99.92,49.04,80.16,0
2025-01-01 01:44:46,22.35,68.03,99.85,49.06,80.07,0
2025-01-01 01:44:47,22.28,68.03,99.82,49.03,80.13,0
2025-01-01 01:44:48,22.32,68.03,99.68,49.21,80.17,0
2025-01-01 01:44:49,22.28,67.97,99.62,49.2,80.21,0
2025-01-01 01:44:50,22.36,67.96,99.56,49.16,80.23,0
2025-01-01 01:44:51,22.39,67.96,99.49,49.29,80.35,0
2025-01-01 01:44:52,22.4,68.02,99.42,49.37,80.38,0
2025-01-01 01:44:53,22.3,67.99,99.4,49.28,80.32,0
2025-01-01 01:44:54,22.38,67.99,99.34,49.43,80.4,0
2025-01-01 01:44:55,22.32,67.95,99.28,49.37,80.51,0
2025-01-01 01:44:56,22.34,67.95,99.27,49.46,80.5,0
2025-01-01 01:44:57,22.27,67.96,99.13,49.36,80.59,0
2025-01-01 01:44:58,22.16,67.94,99.08,49.52,80.56,0
2025-01-01 01:44:59,22.28,67.97,99.07,49.5,80.67,0
2025-01-01 01:45:00,22.22,67.92,98.98,49.49,80.67,0
2025-01-01 01:45:01,22.26,68.03,98.94,49.52,80.65,0
2025-01-01 01:45:02,22.32,67.89,98.81,49.62,80.83,0
2025-01-01 01:45:03,22.22,67.96,98.73,49.62,80.73,0
2025-01-01 01:45:04,22.18,67.99,98.69,49.69,80.82,0
2025-01-01 01:45:05,22.14,68.01,98.59,49.65,80.86,0
2025-01-01 01:45:06,22.25,67.92,98.55,49.72,80.89,0
2025-01-01 01:45:07,22.17,67.95,98.47,49.66,81.05,0
2025-01-01 01:45:08,22.2,67.95,98.43,49.83,80.96,0
2025-01-01 01:45:09,22.04,67.91,98.4,49.81,81.01,0
2025-01-01 01:45:10,22.14,67.89,98.34,49.76,80.96,0
2025-01-01 01:45:11,22.17,67.93,98.34,49.87,81.04,0
2025-01-01 01:45:12,22.07,67.87,98.26,49.99,81.14,0
2025-01-01 01:45:13,22.1,67.87,98.14,49.93,81.23,0
2025-01-01 01:45:14,22.21,67.9,98.13,49.94,81.13,0
2025-01-01 01:45:15,22.23,67.78,97.97,50.1,81.25,0
2025-01-01 01:45:16,22.08,67.93,98.04,49.98,81.26,0
2025-01-01 01:45:17,22.18,67.85,97.96,50.15,81.21,0
2025-01-01 01:45:18,22.11,67.89,97.8,50.09,81.42,0
2025-01-01 01:45:19,22.09,67.8,97.89,50.17,81.4,0
2025-01-01 01:45:20,22.11,67.92,97.79,50.21,81.4,0
2025-01-01 01:45:21,22.01,67.89,97.78,50.2,81.52,0
2025-01-01 01:45:22,22.09,67.85,97.76,50.23,81.5,0
2025-01-01 01:45:23,22.01,67.88,97.58,50.29,81.54,0
2025-01-01 01:45:24,22.07,67.83,97.56,50.37,81.66,0
2025-01-01 01:45:25,22.12,67.89,97.55,50.37,81.7,0
2025-01-01 01:45:26,22.02,67.78,97.41,50.36,81.7,0
2025-01-01 01:45:27,22.02,67.83,97.37,50.39,81.71,0
2025-01-01 01:45:28,22.16,67.76,97.34,50.39,81.7,0
2025-01-01 01:45:29,22.02,67.8,97.31,50.51,81.73,0
2025-01-01 01:45:30,22.09,67.79,97.24,50.45,81.81,0
2025-01-01 01:45:31,22.07,67.78,97.21,50.57,81.79,0
2025-01-01 01:45:32,22.05,67.79,97.12,50.62,81.88,0
2025-01-01 01:45:33,21.96,67.8,97.08,50.52,81.9,0
2025-01-01 01:45:34,21.99,67.78,97.03,50.59,81.99,0
2025-01-01 01:45:35,22.07,67.72,96.92,50.62,81.94,0
2025-01-01 01:45:36,22.08,67.64,96.93,50.69,82.07,0
2025-01-01 01:45:37,22.05,67.74,96.86,50.67,82.03,0
2025-01-01 01:45:38,22.08,67.74,96.81,50.72,82.03,0
2025-01-01 01:45:39,22.03,67.7,96.86,50.8,82.15,0
2025-01-01 01:45:40,21.99,67.68,96.75,50.81,82.15,0
2025-01-01 01:45:41,22.03,67.69,96.75,50.74,82.24,0
2025-01-01 01:45:42,21.94,67.67,96.76,50.88,82.23,0
2025-01-01 01:45:43,22.01,67.68,96.62,50.88,82.25,0
2025-01-01 01:45:44,21.96,67.63,96.53,50.95,82.25,0
2025-01-01 01:45:45,22.01,67.62,96.51,50.98,82.31,0
2025-01-01 01:45:46,21.98,67.61,96.46,51.05,82.41,0
2025-01-01 01:45:47,21.95,67.63,96.46,50.96,82.41,0
2025-01-01 01:45:48,22.06,67.54,96.37,51.07,82.44,0
2025-01-01 01:45:49,21.96,67.63,96.23,51.15,82.47,0
2025-01-01 01:45:50,21.98,67.6,96.24,51.12,82.49,0
2025-01-01 01:45:51,22.02,67.5,96.23,51.15,82.47,0
2025-01-01 01:45:52,22.02,67.5,96.26,51.25,82.53,0
2025-01-01 01:45:53,22.05,67.51,96.12,51.17,82.58,0
2025-01-01 01:45:54,21.91,67.54,96.13,51.27,82.63,0
2025-01-01 01:45:55,22.01,67.47,96.17,51.36,82.62,0
2025-01-01 01:45:56,22.05,67.44,96.02,51.25,82.7,0
2025-01-01 01:45:57,21.95,67.54,96.06,51.33,82.68,0
2025-01-01 01:45:58,22.04,67.3,96.0,51.33,82.63,0
2025-01-01 01:45:59,22.02,67.46,95.85,51.29,82.85,0
2025-01-01 01:46:00,21.99,67.47,95.96,51.39,82.83,0
2025-01-01 01:46:01,21.89,67.39,95.71,51.31,82.78,0
2025-01-01 01:46:02,21.97,67.39,95.83,51.43,82.84,0
2025-01-01 01:46:03,22.02,67.32,95.76,51.44,82.86,0
2025-01-01 01:46:04,21.95,67.41,95.8,51.42,82.88,0
2025-01-01 01:46:05,22.1,67.35,95.75,51.46,82.9,0
2025-01-01 01:46:06,22.08,67.33,95.7,51.51,83.07,0
2025-01-01 01:46:07,22.0,67.27,95.64,51.57,82.9,0
2025-01-01 01:46:08,22.03,67.26,95.54,51.51,83.0,0
2025-01-01 01:46:09,22.07,67.32,95.59,51.62,83.01,0
2025-01-01 01:46:10,21.93,67.26,95.5,51.63,83.09,0
2025-01-01 01:46:11,21.96,67.25,95.56,51.66,83.02,0
2025-01-01 01:46:12,22.04,67.16,95.56,51.69,83.07,0
2025-01-01 01:46:13,22.07,67.13,95.55,51.73,83.15,0
2025-01-01 01:46:14,22.0,67.2,95.44,51.8,83.12,0
2025-01-01 01:46:15,22.08,67.13,95.52,51.79,83.2,0
2025-01-01 01:46:16,22.03,67.11,95.36,51.72,83.27,0
2025-01-01 01:46:17,21.99,67.25,95.36,51.74,83.24,0
2025-01-01 01:46:18,22.01,67.02,95.34,51.75,83.24,0
2025-01-01 01:46:19,22.05,67.14,95.33,51.71,83.35,0
2025-01-01 01:46:20,21.95,67.05,95.28,51.81,83.36,0
2025-01-01 01:46:21,22.02,67.07,95.32,51.88,83.23,0
2025-01-01 01:46:22,22.06,67.06,95.26,51.82,83.38,0
2025-01-01 01:46:23,22.06,67.13,95.27,51.82,83.35,0
2025-01-01 01:46:24,22.06,67.0,95.24,51.83,83.38,0
2025-01-01 01:46:25,22.01,67.01,95.21,51.87,83.41,0
2025-01-01 01:46:26,22.02,67.04,95.2,51.89,83.39,0
2025-01-01 01:46:27,21.94,66.92,95.08,51.86,83.52,0
2025-01-01 01:46:28,22.0,66.82,95.24,51.86,83.47,0
2025-01-01 01:46:29,22.09,66.93,95.19,51.94,83.4,0
2025-01-01 01:46:30,21.98,66.94,95.1,51.87,83.44,0
2025-01-01 01:46:31,22.04,66.85,95.08,51.86,83.54,0
2025-01-01 01:46:32,22.02,66.81,95.0,52.02,83.59,0
2025-01-01 01:46:33,22.04,66.78,95.1,51.93,83.5,0
2025-01-01 01:46:34,21.94,66.78,95.01,51.95,83.59,0
2025-01-01 01:46:35,22.02,66.76,95.16,51.99,83.57,0
2025-01-01 01:46:36,22.19,66.7,95.02,51.95,83.54,0
2025-01-01 01:46:37,22.17,66.75,95.02,51.98,83.64,0
2025-01-01 01:46:38,22.07,66.66,94.97,52.08,83.58,0
2025-01-01 01:46:39,22.18,66.65,95.08,52.0,83.7,0
2025-01-01 01:46:40,22.13,66.59,95.0,51.91,83.69,0
2025-01-01 01:46:41,22.04,66.55,95.01,51.87,83.71,0
2025-01-01 01:46:42,22.04,66.59,94.9,52.07,83.64,0
2025-01-01 01:46:43,22.09,66.52,94.97,52.08,83.74,0
2025-01-01 01:46:44,22.08,66.58,94.98,51.99,83.78,0
2025-01-01 01:46:45,22.11,66.57,95.02,51.98,83.72,0
2025-01-01 01:46:46,22.1,66.57,95.04,51.94,83.75,0
2025-01-01 01:46:47,22.1,66.56,94.98,52.11,83.79,0
2025-01-01 01:46:48,22.2,66.44,95.0,52.03,83.74,0
2025-01-01 01:46:49,22.15,66.52,94.98,51.96,83.9,0
2025-01-01 01:46:50,22.1,66.45,94.97,51.95,83.86,0
2025-01-01 01:46:51,22.15,66.44,94.89,52.02,83.79,0
2025-01-01 01:46:52,22.07,66.49,95.03,52.01,83.9,0
2025-01-01 01:46:53,22.19,66.33,95.0,51.96,83.83,0
2025-01-01 01:46:54,22.12,66.3,95.06,52.01,83.84,0
2025-01-01 01:46:55,22.14,66.3,94.93,52.0,83.92,0
2025-01-01 01:46:56,22.31,66.24,95.07,51.95,83.83,0
2025-01-01 01:46:57,22.14,66.28,94.98,51.95,83.87,0
2025-01-01 01:46:58,22.17,66.21,94.91,51.98,83.9,0
2025-01-01 01:46:59,22.18,66.24,95.11,51.97,83.98,0
2025-01-01 01:47:00,22.34,66.33,94.99,51.91,83.9,0
2025-01-01 01:47:01,22.24,66.25,95.09,51.9,83.9,0
2025-01-01 01:47:02,22.24,66.07,95.07,51.89,83.85,0
2025-01-01 01:47:03,22.2,66.14,95.1,51.95,83.99,0
2025-01-01 01:47:04,22.3,66.11,95.09,51.94,83.94,0
2025-01-01 01:47:05,22.15,66.13,95.12,51.87,84.02,0
2025-01-01 01:47:06,22.24,66.04,95.17,51.93,84.03,0
2025-01-01 01:47:07,22.26,66.1,95.09,51.98,83.85,0
2025-01-01 01:47:08,22.23,66.01,95.12,51.9,83.97,0
2025-01-01 01:47:09,22.24,65.91,95.17,51.85,84.04,0
2025-01-01 01:47:10,22.3,65.98,95.2,51.85,83.88,0
2025-01-01 01:47:11,22.37,65.86,95.17,51.86,83.98,0
2025-01-01 01:47:12,22.37,65.89,95.2,51.9,84.02,0
2025-01-01 01:47:13,22.3,65.8,95.18,51.84,83.93,0
2025-01-01 01:47:14,22.35,65.82,95.12,51.76,83.85,0
2025-01-01 01:47:15,22.33,65.86,95.17,51.75,83.99,0
2025-01-01 01:47:16,22.31,65.72,95.31,51.77,83.92,0
2025-01-01 01:47:17,22.27,65.86,95.36,51.76,84.0,0
2025-01-01 01:47:18,22.36,65.75,95.29,51.74,84.02,0
2025-01-01 01:47:19,22.46,65.73,95.41,51.74,83.97,0
2025-01-01 01:47:20,22.3,65.67,95.39,51.72,83.96,0
2025-01-01 01:47:21,22.47,65.67,95.46,51.67,83.96,0
2025-01-01 01:47:22,22.48,65.61,95.39,51.68,84.0,0
2025-01-01 01:47:23,22.48,65.57,95.49,51.71,83.95,0
2025-01-01 01:47:24,22.4,65.53,95.41,51.64,84.07,0
2025-01-01 01:47:25,22.45,65.48,95.6,51.6,83.95,0
2025-01-01 01:47:26,22.52,65.53,95.52,51.67,84.01,0
2025-01-01 01:47:27,22.41,65.34,95.53,51.66,83.97,0
2025-01-01 01:47:28,22.51,65.44,95.5,51.57,84.01,0
2025-01-01 01:47:29,22.45,65.39,95.64,51.57,84.04,0
2025-01-01 01:47:30,22.52,65.33,95.62,51.55,84.05,0
2025-01-01 01:47:31,22.49,65.26,95.7,51.49,83.91,0
2025-01-01 01:47:32,22.53,65.36,95.68,51.53,84.01,0
2025-01-01 01:47:33,22.58,65.25,95.69,51.43,84.01,0
2025-01-01 01:47:34,22.58,65.21,95.88,51.41,84.01,0
2025-01-01 01:47:35,22.64,65.23,95.77,51.4,83.94,0
2025-01-01 01:47:36,22.63,65.13,95.75,51.43,83.98,0
2025-01-01 01:47:37,22.68,65.1,95.87,51.45,83.95,0
2025-01-01 01:47:38,22.59,65.17,95.88,51.41,83.87,0
2025-01-01 01:47:39,22.53,65.09,95.82,51.35,83.84,0
2025-01-01 01:47:40,22.64,65.08,95.98,51.34,83.93,0
2025-01-01 01:47:41,22.62,65.13,96.04,51.33,83.97,0
2025-01-01 01:47:42,22.68,65.11,96.07,51.26,83.87,0
2025-01-01 01:47:43,22.65,64.94,96.14,51.19,83.9,0
2025-01-01 01:47:44,22.7,64.95,96.1,51.25,83.88,0
2025-01-01 01:47:45,22.54,64.87,96.25,51.26,83.9,0
2025-01-01 01:47:46,22.74,64.85,96.21,51.22,83.89,0
2025-01-01 01:47:47,22.71,64.84,96.32,51.19,83.89,0
2025-01-01 01:47:48,22.73,64.8,96.34,51.05,83.8,0
2025-01-01 01:47:49,22.66,64.85,96.31,51.1,83.83,0
2025-01-01 01:47:50,22.89,64.78,96.3,51.11,83.81,0
2025-01-01 01:47:51,22.75,64.69,96.44,51.03,83.78,0
2025-01-01 01:47:52,22.75,64.7,96.36,50.92,83.88,0
2025-01-01 01:47:53,22.8,64.63,96.44,50.96,83.84,0
2025-01-01 01:47:54,22.93,64.72,96.52,50.91,83.7,0
2025-01-01 01:47:55,22.77,64.58,96.6,51.01,83.7,0
2025-01-01 01:47:56,22.83,64.46,96.68,50.81,83.8,0
2025-01-01 01:47:57,22.83,64.46,96.6,50.79,83.75,0
2025-01-01 01:47:58,22.88,64.47,96.8,50.76,83.57,0
2025-01-01 01:47:59,22.89,64.53,96.87,50.72,83.68,0
2025-01-01 01:48:00,22.92,64.4,96.86,50.72,83.63,0
2025-01-01 01:48:01,22.85,64.44,96.9,50.78,83.7,0
2025-01-01 01:48:02,22.99,64.4,96.99,50.68,83.81,0
2025-01-01 01:48:03,22.93,64.23,97.01,50.61,83.69,0
2025-01-01 01:48:04,22.98,64.29,97.0,50.63,83.59,0
2025-01-01 01:48:05,23.0,64.29,97.25,50.57,83.59,0
2025-01-01 01:48:06,22.96,64.22,97.2,50.55,83.69,0
2025-01-01 01:48:07,23.02,64.17,97.16,50.58,83.57,0
2025-01-01 01:48:08,23.0,64.13,97.25,50.47,83.62,0
2025-01-01 01:48:09,23.05,64.12,97.3,50.47,83.53,0
2025-01-01 01:48:10,22.98,64.0,97.32,50.43,83.48,0
2025-01-01 01:48:11,23.09,64.04,97.51,50.37,83.5,0
2025-01-01 01:48:12,23.05,64.04,97.52,50.4,83.37,0
2025-01-01 01:48:13,23.1,63.94,97.5,50.37,83.4,0
2025-01-01 01:48:14,23.15,63.93,97.68,50.31,83.52,0
2025-01-01 01:48:15,23.17,63.89,97.56,50.27,83.39,0
2025-01-01 01:48:16,23.2,63.87,97.67,50.17,83.42,0
2025-01-01 01:48:17,23.08,63.87,97.77,50.17,83.42,0
2025-01-01 01:48:18,23.14,63.74,97.87,50.12,83.38,0
2025-01-01 01:48:19,23.19,63.8,97.87,50.09,83.41,0
2025-01-01 01:48:20,23.23,63.77,97.84,50.05,83.34,0
2025-01-01 01:48:21,23.1,63.72,97.9,50.03,83.21,0
2025-01-01 01:48:22,23.23,63.73,98.04,50.06,83.27,0
2025-01-01 01:48:23,23.27,63.66,97.95,50.05,83.28,0
2025-01-01 01:48:24,23.23,63.5,98.15,49.99,83.19,0
2025-01-01 01:48:25,23.28,63.62,98.32,49.94,83.21,0
2025-01-01 01:48:26,23.24,63.5,98.25,49.96,83.21,0
2025-01-01 01:48:27,23.4,63.42,98.25,49.93,83.21,0
2025-01-01 01:48:28,23.32,63.23,98.34,49.85,83.07,0
2025-01-01 01:48:29,23.34,63.51,98.5,49.84,83.09,0
2025-01-01 01:48:30,23.33,63.42,98.49,49.77,82.99,0
2025-01-01 01:48:31,23.33,63.39,98.5,49.75,83.06,0
2025-01-01 01:48:32,23.41,63.34,98.64,49.67,82.94,0
2025-01-01 01:48:33,23.36,63.31,98.61,49.62,82.94,0
2025-01-01 01:48:34,23.33,63.18,98.78,49.6,82.87,0
2025-01-01 01:48:35,23.41,63.23,98.7,49.65,82.86,0
2025-01-01 01:48:36,23.43,63.14,98.83,49.57,82.95,0
2025-01-01 01:48:37,23.47,63.1,98.94,49.55,82.85,0
2025-01-01 01:48:38,23.49,63.05,98.93,49.55,82.87,0
2025-01-01 01:48:39,23.54,63.09,98.99,49.53,82.81,0
2025-01-01 01:48:40,23.57,63.01,99.11,49.46,82.84,0
2025-01-01 01:48:41,23.46,62.9,99.19,49.43,82.73,0
2025-01-01 01:48:42,23.57,62.87,99.38,49.45,82.77,0
2025-01-01 01:48:43,23.58,62.87,99.22,49.34,82.66,0
2025-01-01 01:48:44,23.55,62.8,99.36,49.3,82.7,0
2025-01-01 01:48:45,23.63,62.84,99.54,49.33,82.58,0
2025-01-01 01:48:46,23.65,62.79,99.4,49.18,82.64,0
2025-01-01 01:48:47,23.68,62.7,99.58,49.24,82.65,0
2025-01-01 01:48:48,23.72,62.71,99.68,49.14,82.68,0
2025-01-01 01:48:49,23.64,62.68,99.63,49.14,82.67,0
2025-01-01 01:48:50,23.67,62.69,99.71,49.18,82.47,0
2025-01-01 01:48:51,23.73,62.64,99.74,49.24,82.5,0
2025-01-01 01:48:52,23.72,62.53,99.85,49.01,82.52,0
2025-01-01 01:48:53,23.77,62.53,99.96,49.01,82.34,0
2025-01-01 01:48:54,23.76,62.5,99.99,48.94,82.34,0
2025-01-01 01:48:55,23.63,62.39,100.07,49.03,82.28,0
2025-01-01 01:48:56,23.79,62.42,100.15,49.03,82.31,0
2025-01-01 01:48:57,23.81,62.31,100.16,49.03,82.33,0
2025-01-01 01:48:58,23.85,62.35,100.18,48.88,82.24,0
2025-01-01 01:48:59,23.87,62.35,100.33,48.9,82.15,0
2025-01-01 01:49:00,23.83,62.22,100.35,48.74,82.17,0
2025-01-01 01:49:01,23.97,62.26,100.39,48.78,82.18,0
2025-01-01 01:49:02,23.93,62.17,100.44,48.8,82.09,0
2025-01-01 01:49:03,23.98,62.21,100.46,48.7,82.14,0
2025-01-01 01:49:04,23.96,62.05,100.64,48.76,82.14,0
2025-01-01 01:49:05,23.96,62.13,100.58,48.78,82.05,0
2025-01-01 01:49:06,24.07,62.09,100.71,48.63,81.93,0
2025-01-01 01:49:07,23.92,61.95,100.8,48.66,81.92,0
2025-01-01 01:49:08,23.99,61.87,100.85,48.66,81.85,0
2025-01-01 01:49:09,24.02,61.99,100.96,48.54,81.86,0
2025-01-01 01:49:10,24.14,61.87,100.95,48.65,81.87,0
2025-01-01 01:49:11,24.13,61.82,101.06,48.64,81.79,0
2025-01-01 01:49:12,24.09,61.86,101.19,48.65,81.73,0
2025-01-01 01:49:13,24.11,61.71,101.15,48.47,81.69,0
2025-01-01 01:49:14,24.18,61.74,101.12,48.58,81.63,0
2025-01-01 01:49:15,24.12,61.62,101.23,48.43,81.6,0
2025-01-01 01:49:16,24.06,61.65,101.34,48.57,81.63,0
2025-01-01 01:49:17,24.18,61.54,101.38,48.46,81.55,0
2025-01-01 01:49:18,24.23,61.66,101.43,48.32,81.58,0
2025-01-01 01:49:19,24.26,61.44,101.53,48.34,81.52,0
2025-01-01 01:49:20,24.36,61.48,101.62,48.31,81.38,0
2025-01-01 01:49:21,24.38,61.46,101.66,48.41,81.4,0
2025-01-01 01:49:22,24.34,61.44,101.62,48.41,81.45,0
2025-01-01 01:49:23,24.25,61.38,101.73,48.39,81.28,0
2025-01-01 01:49:24,24.52,61.32,101.84,48.37,81.3,0
2025-01-01 01:49:25,24.35,61.26,101.82,48.3,81.26,0
2025-01-01 01:49:26,24.35,61.23,101.95,48.23,81.22,0
2025-01-01 01:49:27,24.44,61.22,101.92,48.25,81.22,0
2025-01-01 01:49:28,24.47,61.13,102.0,48.2,81.12,0
2025-01-01 01:49:29,24.46,61.16,102.14,48.21,81.05,0
2025-01-01 01:49:30,24.49,61.1,102.15,48.14,81.07,0
2025-01-01 01:49:31,24.42,61.07,102.18,48.16,80.96,0
2025-01-01 01:49:32,24.55,61.0,102.26,48.14,80.92,0
2025-01-01 01:49:33,24.49,60.95,102.33,48.14,80.93,0
2025-01-01 01:49:34,24.46,60.93,102.33,48.22,80.93,0
2025-01-01 01:49:35,24.58,60.88,102.43,48.09,80.83,0
2025-01-01 01:49:36,24.58,60.88,102.38,48.1,80.94,0
2025-01-01 01:49:37,24.62,60.89,102.5,48.09,80.86,0
2025-01-01 01:49:38,24.65,60.77,102.52,48.16,80.89,0
2025-01-01 01:49:39,24.56,60.8,102.62,48.08,80.74,0
2025-01-01 01:49:40,24.59,60.69,102.61,48.11,80.8,0
2025-01-01 01:49:41,24.64,60.64,102.74,48.12,80.67,0
2025-01-01 01:49:42,24.74,60.59,102.82,47.9,80.64,0
2025-01-01 01:49:43,24.65,60.56,102.89,47.98,80.63,0
2025-01-01 01:49:44,24.73,60.61,102.85,47.96,80.53,0
2025-01-01 01:49:45,24.78,60.53,102.89,47.96,80.48,0
2025-01-01 01:49:46,24.8,60.48,103.08,48.02,80.36,0
2025-01-01 01:49:47,24.85,60.42,103.06,48.07,80.48,0
2025-01-01 01:49:48,24.81,60.43,103.13,47.99,80.36,0
2025-01-01 01:49:49,24.86,60.3,103.19,48.03,80.35,0
2025-01-01 01:49:50,24.93,60.31,103.2,48.01,80.29,0
2025-01-01 01:49:51,24.89,60.32,103.21,47.98,80.32,0
2025-01-01 01:49:52,24.86,60.22,103.26,47.92,80.22,0
2025-01-01 01:49:53,24.97,60.17,103.26,48.01,80.14,0
2025-01-01 01:49:54,24.8,60.13,103.41,48.06,80.22,0
2025-01-01 01:49:55,24.99,60.14,103.37,48.08,80.16,0
2025-01-01 01:49:56,24.95,60.09,103.5,48.07,80.05,0
2025-01-01 01:49:57,24.96,59.99,103.57,47.9,79.86,0
2025-01-01 01:49:58,25.06,59.99,103.57,47.93,79.89,0
2025-01-01 01:49:59,25.0,59.95,103.58,48.05,79.89,0
2025-01-01 01:50:00,25.03,59.93,103.63,47.99,79.86,0
2025-01-01 01:50:01,25.03,59.87,103.72,48.02,79.82,0
2025-01-01 01:50:02,25.08,59.89,103.66,48.1,79.82,0
2025-01-01 01:50:03,25.1,59.82,103.67,48.08,79.87,0
2025-01-01 01:50:04,25.19,59.63,103.86,48.09,79.81,0
2025-01-01 01:50:05,25.08,59.74,103.95,48.02,79.62,0
2025-01-01 01:50:06,25.21,59.71,103.89,47.96,79.7,0
2025-01-01 01:50:07,25.15,59.63,104.01,47.94,79.66,0
2025-01-01 01:50:08,25.2,59.56,104.0,47.99,79.52,0
2025-01-01 01:50:09,25.14,59.6,103.99,48.07,79.51,0
2025-01-01 01:50:10,25.19,59.53,104.06,48.03,79.51,0
2025-01-01 01:50:11,25.22,59.51,104.15,48.09,79.44,0
2025-01-01 01:50:12,25.3,59.49,104.18,48.16,79.38,0
2025-01-01 01:50:13,25.27,59.38,104.18,48.06,79.36,0
2025-01-01 01:50:14,25.4,59.33,104.13,48.02,79.35,0
2025-01-01 01:50:15,25.5,59.25,104.21,48.21,79.27,0
2025-01-01 01:50:16,25.39,59.35,104.21,48.08,79.23,0
2025-01-01 01:50:17,25.32,59.29,104.26,48.06,79.2,0
2025-01-01 01:50:18,25.46,59.18,104.28,48.14,79.22,0
2025-01-01 01:50:19,25.43,59.12,104.4,48.12,79.22,0
2025-01-01 01:50:20,25.41,59.06,104.34,48.13,79.1,0
2025-01-01 01:50:21,25.4,59.06,104.44,48.08,79.04,0
2025-01-01 01:50:22,25.52,58.96,104.43,48.22,79.11,0
2025-01-01 01:50:23,25.53,58.97,104.44,48.23,79.04,0
2025-01-01 01:50:24,25.47,58.98,104.47,48.15,78.94,0
2025-01-01 01:50:25,25.6,58.91,104.54,48.23,78.93,0
2025-01-01 01:50:26,25.56,58.89,104.52,48.26,78.91,0
2025-01-01 01:50:27,25.62,58.86,104.6,48.3,78.72,0
2025-01-01 01:50:28,25.65,58.88,104.57,48.22,78.86,0
2025-01-01 01:50:29,25.58,58.71,104.63,48.23,78.8,0
2025-01-01 01:50:30,25.61,58.72,104.66,48.37,78.78,0
2025-01-01 01:50:31,25.64,58.6,104.71,48.27,78.66,0
2025-01-01 01:50:32,25.63,58.65,104.66,48.32,78.64,0
2025-01-01 01:50:33,25.72,58.61,104.7,48.31,78.51,0
2025-01-01 01:50:34,25.73,58.53,104.7,48.36,78.61,0
2025-01-01 01:50:35,25.8,58.43,104.74,48.43,78.61,0
2025-01-01 01:50:36,25.72,58.53,104.71,48.46,78.48,0
2025-01-01 01:50:37,25.86,58.4,104.78,48.41,78.38,0
2025-01-01 01:50:38,25.72,58.41,104.86,48.47,78.36,0
2025-01-01 01:50:39,25.85,58.3,104.85,48.52,78.4,0
2025-01-01 01:50:40,25.92,58.3,104.83,48.49,78.28,0
2025-01-01 01:50:41,25.84,58.25,104.84,48.52,78.23,0
2025-01-01 01:50:42,25.82,58.29,104.77,48.56,78.25,0
2025-01-01 01:50:43,25.91,58.27,104.88,48.58,78.24,0
2025-01-01 01:50:44,25.91,58.14,104.93,48.54,78.14,0
2025-01-01 01:50:45,25.94,58.12,104.82,48.6,78.1,0
2025-01-01 01:50:46,25.99,57.98,105.02,48.61,78.09,0
2025-01-01 01:50:47,25.96,58.06,104.98,48.63,78.02,0
2025-01-01 01:50:48,25.93,58.01,104.99,48.73,78.07,0
2025-01-01 01:50:49,26.06,58.05,105.01,48.74,77.98,0
2025-01-01 01:50:50,26.08,57.94,104.99,48.79,78.01,0
2025-01-01 01:50:51,26.05,57.83,104.95,48.76,77.97,0
2025-01-01 01:50:52,26.08,57.89,105.02,48.77,77.88,0
2025-01-01 01:50:53,26.11,57.91,105.0,48.79,77.91,0
2025-01-01 01:50:54,26.14,57.79,105.05,48.85,77.92,0
2025-01-01 01:50:55,26.14,57.8,105.05,48.9,77.86,0
2025-01-01 01:50:56,26.26,57.74,104.95,48.89,77.77,0
2025-01-01 01:50:57,26.27,57.71,105.1,48.87,77.81,0
2025-01-01 01:50:58,26.11,57.53,104.98,49.01,77.67,0
2025-01-01 01:50:59,26.2,57.63,105.04,49.08,77.69,0
2025-01-01 01:51:00,26.19,57.48,104.98,48.94,77.56,0
2025-01-01 01:51:01,26.33,57.5,105.13,48.98,77.6,0
2025-01-01 01:51:02,26.21,57.43,105.04,49.08,77.63,0
2025-01-01 01:51:03,26.34,57.48,104.95,49.06,77.56,0
2025-01-01 01:51:04,26.48,57.42,105.0,49.15,77.5,0
2025-01-01 01:51:05,26.32,57.39,104.99,49.1,77.49,0
2025-01-01 01:51:06,26.31,57.24,104.96,49.1,77.4,0
2025-01-01 01:51:07,26.29,57.32,105.06,49.13,77.51,0
2025-01-01 01:51:08,26.31,57.27,104.99,49.27,77.34,0
2025-01-01 01:51:09,26.29,57.15,104.99,49.36,77.32,0
2025-01-01 01:51:10,26.39,57.12,104.96,49.2,77.42,0
2025-01-01 01:51:11,26.42,57.17,104.94,49.34,77.37,0
2025-01-01 01:51:12,26.44,57.09,104.91,49.33,77.23,0
2025-01-01 01:51:13,26.41,57.11,105.03,49.33,77.27,0
2025-01-01 01:51:14,26.45,57.08,104.93,49.42,77.19,0
2025-01-01 01:51:15,26.41,57.01,104.93,49.47,77.17,0
2025-01-01 01:51:16,26.49,56.97,104.95,49.43,77.14,0
2025-01-01 01:51:17,26.45,56.91,104.93,49.5,77.11,0
2025-01-01 01:51:18,26.52,56.98,104.94,49.59,77.13,0
2025-01-01 01:51:19,26.55,56.78,104.81,49.55,77.04,0
2025-01-01 01:51:20,26.54,56.78,104.85,49.58,77.08,0
2025-01-01 01:51:21,26.58,56.76,104.79,49.68,77.0,0
2025-01-01 01:51:22,26.69,56.7,104.81,49.71,77.04,0
2025-01-01 01:51:23,26.67,56.77,104.83,49.71,76.95,0
2025-01-01 01:51:24,26.63,56.72,104.71,49.71,76.94,0
2025-01-01 01:51:25,26.61,56.58,104.85,49.77,76.95,0
2025-01-01 01:51:26,26.59,56.51,104.79,49.9,76.91,0
2025-01-01 01:51:27,26.67,56.56,104.59,49.86,76.82,0
2025-01-01 01:51:28,26.74,56.39,104.67,49.88,76.81,0
2025-01-01 01:51:29,26.7,56.51,104.68,49.87,76.87,0
2025-01-01 01:51:30,26.75,56.44,104.61,49.82,76.76,0
2025-01-01 01:51:31,26.7,56.36,104.59,49.99,76.82,0
2025-01-01 01:51:32,26.82,56.4,104.56,50.02,76.83,0
2025-01-01 01:51:33,26.71,56.39,104.54,50.06,76.75,0
2025-01-01 01:51:34,26.81,56.39,104.54,50.0,76.73,0
2025-01-01 01:51:35,26.81,56.27,104.58,50.11,76.71,0
2025-01-01 01:51:36,26.84,56.3,104.49,50.11,76.71,0
2025-01-01 01:51:37,26.8,56.2,104.47,50.17,76.76,0
2025-01-01 01:51:38,26.93,56.19,104.48,50.18,76.63,0
2025-01-01 01:51:39,26.91,56.12,104.43,50.23,76.61,0
2025-01-01 01:51:40,26.87,56.11,104.29,50.35,76.51,0
2025-01-01 01:51:41,26.86,56.06,104.39,50.42,76.57,0
2025-01-01 01:51:42,26.93,56.01,104.41,50.47,76.53,0
2025-01-01 01:51:43,26.97,55.96,104.3,50.47,76.47,0
2025-01-01 01:51:44,26.84,55.95,104.33,50.42,76.52,0
2025-01-01 01:51:45,27.01,55.9,104.26,50.47,76.38,0
2025-01-01 01:51:46,26.99,55.79,104.2,50.45,76.51,0
2025-01-01 01:51:47,27.02,55.85,104.16,50.56,76.36,0
2025-01-01 01:51:48,26.97,55.86,104.11,50.43,76.5,0
2025-01-01 01:51:49,27.09,55.8,104.1,50.66,76.47,0
2025-01-01 01:51:50,27.12,55.76,104.07,50.58,76.32,0
2025-01-01 01:51:51,27.09,55.72,104.01,50.67,76.35,0
2025-01-01 01:51:52,27.12,55.62,103.93,50.66,76.4,0
2025-01-01 01:51:53,27.03,55.68,103.87,50.69,76.27,0
2025-01-01 01:51:54,26.97,55.61,103.9,50.66,76.3,0
2025-01-01 01:51:55,27.14,55.54,103.86,50.74,76.28,0
2025-01-01 01:51:56,27.1,55.5,103.79,50.74,76.27,0
2025-01-01 01:51:57,27.12,55.44,103.83,50.88,76.28,0
2025-01-01 01:51:58,27.16,55.43,103.8,50.94,76.25,0
2025-01-01 01:51:59,27.15,55.45,103.71,50.86,76.27,0
2025-01-01 01:52:00,27.24,55.36,103.79,50.84,76.19,0
2025-01-01 01:52:01,27.21,55.48,103.6,50.89,76.25,0
2025-01-01 01:52:02,27.2,55.36,103.58,50.93,76.33,0
2025-01-01 01:52:03,27.08,55.39,103.58,50.96,76.29,0
2025-01-01 01:52:04,27.17,55.32,103.39,50.97,76.13,0
2025-01-01 01:52:05,27.22,55.23,103.41,50.96,76.2,0
2025-01-01 01:52:06,27.27,55.22,103.41,51.13,76.16,0
2025-01-01 01:52:07,27.33,55.13,103.32,51.18,76.22,0
2025-01-01 01:52:08,27.32,55.09,103.26,51.21,76.2,0
2025-01-01 01:52:09,27.3,55.22,103.28,51.11,76.11,0
2025-01-01 01:52:10,27.32,55.08,103.28,51.15,76.05,0
2025-01-01 01:52:11,27.36,55.02,103.29,51.27,76.08,0
2025-01-01 01:52:12,27.41,55.05,103.15,51.24,76.12,0
2025-01-01 01:52:13,27.25,55.05,102.9,51.25,76.01,0
2025-01-01 01:52:14,27.35,54.95,102.96,51.16,76.09,0
2025-01-01 01:52:15,27.49,54.9,103.02,51.4,75.98,0
2025-01-01 01:52:16,27.37,54.82,102.88,51.43,76.08,0
2025-01-01 01:52:17,27.45,54.85,102.81,51.41,76.12,0
2025-01-01 01:52:18,27.43,54.85,102.75,51.43,76.12,0
2025-01-01 01:52:19,27.45,54.71,102.84,51.37,76.07,0
2025-01-01 01:52:20,27.49,54.82,102.62,51.45,76.04,0
2025-01-01 01:52:21,27.53,54.76,102.73,51.49,76.03,0
2025-01-01 01:52:22,27.47,54.78,102.54,51.53,76.0,0
2025-01-01 01:52:23,27.43,54.73,102.51,51.53,76.0,0
2025-01-01 01:52:24,27.37,54.67,102.5,51.44,75.99,0
2025-01-01 01:52:25,27.41,54.65,102.51,51.6,76.07,0
2025-01-01 01:52:26,27.48,54.61,102.39,51.58,76.06,0
2025-01-01 01:52:27,27.58,54.54,102.26,51.59,76.0,0
2025-01-01 01:52:28,27.55,54.57,102.18,51.58,75.96,0
2025-01-01 01:52:29,27.6,54.49,102.2,51.66,75.98,0
2025-01-01 01:52:30,27.55,54.56,102.26,51.63,75.99,0
2025-01-01 01:52:31,27.53,54.34,102.16,51.79,75.98,0
2025-01-01 01:52:32,27.53,54.4,102.06,51.63,75.98,0
2025-01-01 01:52:33,27.63,54.39,102.06,51.73,75.95,0
2025-01-01 01:52:34,27.57,54.37,101.88,51.66,75.94,0
2025-01-01 01:52:35,27.63,54.31,101.94,51.7,75.88,0
2025-01-01 01:52:36,27.61,54.38,101.82,51.69,75.92,0
2025-01-01 01:52:37,27.68,54.23,101.84,51.81,75.96,0
2025-01-01 01:52:38,27.69,54.2,101.63,51.75,76.04,0
2025-01-01 01:52:39,27.7,54.2,101.55,51.73,75.95,0
2025-01-01 01:52:40,27.59,54.2,101.68,51.86,75.95,0
2025-01-01 01:52:41,27.63,54.14,101.55,51.91,75.99,0
2025-01-01 01:52:42,27.75,54.24,101.45,51.83,75.99,0
2025-01-01 01:52:43,27.68,54.09,101.45,51.78,75.99,0
2025-01-01 01:52:44,27.7,54.12,101.46,51.8,75.99,0
2025-01-01 01:52:45,27.58,54.0,101.2,51.85,76.01,0
2025-01-01 01:52:46,27.73,54.01,101.25,51.9,75.98,0
2025-01-01 01:52:47,27.63,54.03,101.25,52.03,76.08,0
2025-01-01 01:52:48,27.8,54.0,101.12,51.92,76.03,0
2025-01-01 01:52:49,27.76,53.92,101.04,51.86,76.07,0
2025-01-01 01:52:50,27.69,53.92,101.01,51.96,76.09,0
2025-01-01 01:52:51,27.74,53.92,100.9,51.84,76.08,0
2025-01-01 01:52:52,27.77,53.92,100.86,51.87,76.06,0
2025-01-01 01:52:53,27.81,53.87,100.79,51.87,76.02,0
2025-01-01 01:52:54,27.8,53.73,100.72,51.96,76.13,0
2025-01-01 01:52:55,27.81,53.84,100.69,51.93,76.05,0
2025-01-01 01:52:56,27.74,53.8,100.58,51.95,76.09,0
2025-01-01 01:52:57,27.88,53.77,100.51,51.99,76.18,0
2025-01-01 01:52:58,27.83,53.64,100.44,51.93,76.18,0
2025-01-01 01:52:59,27.87,53.66,100.39,51.99,76.12,0
2025-01-01 01:53:00,27.77,53.66,100.29,52.05,76.04,0
2025-01-01 01:53:01,27.73,53.67,100.24,51.97,76.14,0
2025-01-01 01:53:02,27.86,53.61,100.33,52.0,76.21,0
2025-01-01 01:53:03,27.85,53.7,100.23,52.0,76.19,0
2025-01-01 01:53:04,27.83,53.56,100.05,51.96,76.28,0
2025-01-01 01:53:05,27.79,53.51,100.05,52.0,76.2,0
2025-01-01 01:53:06,27.83,53.55,100.05,52.06,76.18,0
2025-01-01 01:53:07,27.89,53.44,99.89,51.94,76.21,0
2025-01-01 01:53:08,27.82,53.4,99.85,51.91,76.29,0
2025-01-01 01:53:09,27.84,53.5,99.78,51.94,76.3,0
2025-01-01 01:53:10,27.88,53.53,99.72,51.97,76.3,0
2025-01-01 01:53:11,27.93,53.42,99.84,51.98,76.2,0
2025-01-01 01:53:12,27.84,53.37,99.69,51.98,76.36,0
2025-01-01 01:53:13,27.92,53.42,99.57,52.0,76.33,0
2025-01-01 01:53:14,27.87,53.31,99.51,52.08,76.23,0
2025-01-01 01:53:15,27.8,53.31,99.48,51.98,76.27,0
2025-01-01 01:53:16,27.91,53.21,99.4,51.96,76.34,0
2025-01-01 01:53:17,27.94,53.29,99.28,52.02,76.4,0
2025-01-01 01:53:18,27.83,53.24,99.19,51.9,76.4,0
2025-01-01 01:53:19,27.9,53.23,99.15,51.97,76.42,0
2025-01-01 01:53:20,28.04,53.2,99.05,51.92,76.45,0
2025-01-01 01:53:21,27.89,53.12,99.02,51.91,76.37,0
2025-01-01 01:53:22,27.95,53.17,99.04,51.91,76.47,0
2025-01-01 01:53:23,27.92,53.09,98.91,51.84,76.55,0
2025-01-01 01:53:24,27.95,53.09,98.86,51.79,76.55,0
2025-01-01 01:53:25,28.01,53.11,98.83,51.84,76.44,0
2025-01-01 01:53:26,27.87,53.08,98.81,51.87,76.54,0
2025-01-01 01:53:27,28.0,52.99,98.79,51.93,76.57,0
2025-01-01 01:53:28,28.0,53.1,98.65,51.94,76.54,0
2025-01-01 01:53:29,27.98,53.09,98.44,51.87,76.62,0
2025-01-01 01:53:30,27.88,53.02,98.47,51.86,76.6,0
2025-01-01 01:53:31,27.92,53.04,98.43,51.84,76.69,0
2025-01-01 01:53:32,27.92,52.97,98.37,51.8,76.75,0
2025-01-01 01:53:33,28.0,52.97,98.36,51.82,76.58,0
2025-01-01 01:53:34,28.09,52.86,98.36,51.81,76.7,0
2025-01-01 01:53:35,27.96,53.04,98.25,51.77,76.68,0
2025-01-01 01:53:36,27.95,52.9,98.11,51.79,76.7,0
2025-01-01 01:53:37,28.03,52.93,98.1,51.77,76.79,0
2025-01-01 01:53:38,27.91,52.95,98.03,51.75,76.82,0
2025-01-01 01:53:39,27.86,52.81,98.03,51.71,76.84,0
2025-01-01 01:53:40,27.99,52.88,97.93,51.76,76.78,0
2025-01-01 01:53:41,27.98,52.78,97.89,51.65,76.84,0
2025-01-01 01:53:42,27.96,52.76,97.82,51.55,76.76,0
2025-01-01 01:53:43,28.0,52.63,97.75,51.61,76.93,0
2025-01-01 01:53:44,27.96,52.83,97.75,51.53,76.92,0
2025-01-01 01:53:45,28.07,52.7,97.65,51.66,76.93,0
2025-01-01 01:53:46,28.05,52.67,97.45,51.63,77.0,0
2025-01-01 01:53:47,28.02,52.65,97.49,51.61,77.02,0
2025-01-01 01:53:48,27.99,52.7,97.56,51.56,77.01,0
2025-01-01 01:53:49,27.93,52.7,97.39,51.45,77.13,0
2025-01-01 01:53:50,28.04,52.67,97.32,51.57,77.14,0
2025-01-01 01:53:51,27.98,52.61,97.33,51.44,77.23,0
2025-01-01 01:53:52,27.98,52.57,97.35,51.41,77.18,0
2025-01-01 01:53:53,28.03,52.61,97.17,51.41,77.11,0
2025-01-01 01:53:54,28.0,52.63,97.25,51.34,77.19,0
2025-01-01 01:53:55,27.97,52.59,97.04,51.32,77.15,0
2025-01-01 01:53:56,27.93,52.53,97.15,51.36,77.26,0
2025-01-01 01:53:57,28.07,52.57,97.04,51.29,77.26,0
2025-01-01 01:53:58,27.93,52.5,96.95,51.31,77.32,0
2025-01-01 01:53:59,27.98,52.47,96.94,51.24,77.37,0
2025-01-01 01:54:00,27.9,52.52,96.91,51.27,77.37,0
2025-01-01 01:54:01,28.04,52.43,96.81,51.2,77.46,0
2025-01-01 01:54:02,27.89,52.43,96.86,51.06,77.48,0
2025-01-01 01:54:03,27.96,52.48,96.79,51.17,77.54,0
2025-01-01 01:54:04,27.97,52.43,96.72,51.11,77.53,0
2025-01-01 01:54:05,28.05,52.48,96.55,51.09,77.55,0
2025-01-01 01:54:06,27.98,52.43,96.6,51.05,77.55,0
2025-01-01 01:54:07,27.93,52.39,96.46,51.05,77.59,0
2025-01-01 01:54:08,27.94,52.49,96.48,51.03,77.6,0
2025-01-01 01:54:09,27.96,52.4,96.43,50.99,77.7,0
2025-01-01 01:54:10,27.95,52.31,96.33,51.03,77.74,0
2025-01-01 01:54:11,28.01,52.34,96.3,50.92,77.72,0
2025-01-01 01:54:12,27.92,52.28,96.23,50.94,77.7,0
2025-01-01 01:54:13,27.99,52.32,96.31,50.89,77.78,0
2025-01-01 01:54:14,27.98,52.32,96.21,50.89,77.8,0
2025-01-01 01:54:15,27.96,52.25,96.21,50.78,77.83,0
2025-01-01 01:54:16,27.92,52.3,96.06,50.82,77.89,0
2025-01-01 01:54:17,27.94,52.22,96.14,50.72,77.99,0
2025-01-01 01:54:18,27.98,52.36,96.08,50.77,77.98,0
2025-01-01 01:54:19,27.93,52.28,96.0,50.79,77.99,0
2025-01-01 01:54:20,27.95,52.28,95.95,50.72,77.98,0
2025-01-01 01:54:21,27.89,52.25,95.9,50.7,78.05,0
2025-01-01 01:54:22,27.78,52.25,95.95,50.57,78.03,0
2025-01-01 01:54:23,27.93,52.21,95.84,50.51,78.14,0
2025-01-01 01:54:24,27.98,52.25,95.77,50.56,78.21,0
2025-01-01 01:54:25,28.0,52.17,95.82,50.53,78.18,0
2025-01-01 01:54:26,27.96,52.2,95.74,50.43,78.3,0
2025-01-01 01:54:27,27.87,52.14,95.77,50.43,78.21,0
2025-01-01 01:54:28,27.89,52.15,95.69,50.53,78.3,0
2025-01-01 01:54:29,27.87,52.28,95.73,50.4,78.31,0
2025-01-01 01:54:30,27.97,52.21,95.67,50.25,78.39,0
2025-01-01 01:54:31,27.99,52.17,95.61,50.29,78.42,0
2025-01-01 01:54:32,27.86,52.15,95.67,50.34,78.42,0
2025-01-01 01:54:33,27.96,52.19,95.6,50.26,78.45,0
2025-01-01 01:54:34,27.87,52.18,95.48,50.15,78.55,0
2025-01-01 01:54:35,27.84,52.17,95.47,50.18,78.59,0
2025-01-01 01:54:36,27.85,52.11,95.45,50.14,78.56,0
2025-01-01 01:54:37,27.86,52.16,95.4,50.08,78.67,0
2025-01-01 01:54:38,27.76,52.2,95.48,49.99,78.58,0
2025-01-01 01:54:39,27.86,52.05,95.46,50.06,78.73,0
2025-01-01 01:54:40,27.83,52.18,95.42,50.03,78.82,0
2025-01-01 01:54:41,27.8,52.16,95.35,49.99,78.79,0
2025-01-01 01:54:42,27.75,52.13,95.24,49.89,78.81,0
2025-01-01 01:54:43,27.74,52.03,95.33,49.89,78.86,0
2025-01-01 01:54:44,27.78,52.08,95.28,49.79,78.9,0
2025-01-01 01:54:45,27.76,52.12,95.25,49.96,79.0,0
2025-01-01 01:54:46,27.81,52.09,95.15,49.85,78.95,0
2025-01-01 01:54:47,27.81,52.02,95.2,49.76,79.03,0
2025-01-01 01:54:48,27.8,52.06,95.13,49.85,79.08,0
2025-01-01 01:54:49,27.81,52.03,95.15,49.71,79.12,0
2025-01-01 01:54:50,27.85,52.15,95.25,49.58,79.12,0
2025-01-01 01:54:51,27.8,52.02,95.16,49.53,79.23,0
2025-01-01 01:54:52,27.68,51.96,95.1,49.6,79.14,0
2025-01-01 01:54:53,27.71,52.09,95.13,49.59,79.2,0
2025-01-01 01:54:54,27.75,52.02,95.08,49.54,79.21,0
2025-01-01 01:54:55,27.77,52.01,95.09,49.55,79.36,0
2025-01-01 01:54:56,27.72,51.97,95.16,49.41,79.41,0
2025-01-01 01:54:57,27.65,52.07,95.13,49.35,79.44,0
2025-01-01 01:54:58,27.74,52.05,95.09,49.36,79.45,0
2025-01-01 01:54:59,27.8,51.96,95.08,49.44,79.45,0
2025-01-01 01:55:00,27.63,51.95,95.07,49.28,79.53,0
2025-01-01 01:55:01,27.77,52.01,95.0,49.32,79.58,0
2025-01-01 01:55:02,27.71,52.09,95.06,49.39,79.64,0
2025-01-01 01:55:03,27.64,52.12,95.02,49.2,79.78,0
2025-01-01 01:55:04,27.63,51.97,94.99,49.23,79.75,0
2025-01-01 01:55:05,27.53,52.05,94.99,49.17,79.83,0
2025-01-01 01:55:06,27.66,52.03,95.01,49.2,79.86,0
2025-01-01 01:55:07,27.52,52.06,95.09,49.16,79.79,0
2025-01-01 01:55:08,27.57,52.12,94.96,49.18,79.88,0
2025-01-01 01:55:09,27.73,51.98,94.92,49.07,79.83,0
2025-01-01 01:55:10,27.75,52.03,95.04,49.08,79.91,0
2025-01-01 01:55:11,27.6,52.01,95.1,48.96,79.94,0
2025-01-01 01:55:12,27.57,51.97,94.93,48.85,79.93,0
2025-01-01 01:55:13,27.64,52.0,95.04,48.93,80.05,0
2025-01-01 01:55:14,27.65,52.08,95.05,48.94,80.13,0
2025-01-01 01:55:15,27.58,51.99,94.98,48.96,80.08,0
2025-01-01 01:55:16,27.63,51.99,94.94,48.85,80.14,0
2025-01-01 01:55:17,27.51,51.97,94.98,48.83,80.22,0
2025-01-01 01:55:18,27.57,51.99,95.03,48.82,80.29,0
2025-01-01 01:55:19,27.52,51.97,94.98,48.8,80.36,0
2025-01-01 01:55:20,27.5,51.97,95.02,48.74,80.31,0
2025-01-01 01:55:21,27.43,52.0,95.05,48.69,80.34,0
2025-01-01 01:55:22,27.44,51.94,95.0,48.7,80.35,0
2025-01-01 01:55:23,27.47,51.98,95.01,48.71,80.43,0
2025-01-01 01:55:24,27.44,52.08,95.01,48.74,80.48,0
2025-01-01 01:55:25,27.4,51.99,95.07,48.7,80.58,0
2025-01-01 01:55:26,27.44,52.08,94.99,48.63,80.59,0
2025-01-01 01:55:27,27.45,51.94,95.04,48.58,80.67,0
2025-01-01 01:55:28,27.51,51.99,95.04,48.61,80.79,0
2025-01-01 01:55:29,27.46,51.99,95.26,48.58,80.66,0
2025-01-01 01:55:30,27.49,51.99,95.1,48.56,80.73,0
2025-01-01 01:55:31,27.38,52.04,95.2,48.38,80.79,0
2025-01-01 01:55:32,27.36,52.0,95.13,48.35,80.77,0
2025-01-01 01:55:33,27.42,52.09,95.17,48.39,80.89,0
2025-01-01 01:55:34,27.41,52.1,95.15,48.39,80.98,0
2025-01-01 01:55:35,27.27,52.08,95.13,48.4,80.96,0
2025-01-01 01:55:36,27.32,52.09,95.17,48.35,80.99,0
2025-01-01 01:55:37,27.34,52.08,95.3,48.29,80.99,0
2025-01-01 01:55:38,27.39,52.13,95.3,48.35,81.1,0
2025-01-01 01:55:39,27.3,52.0,95.34,48.29,81.12,0
2025-01-01 01:55:40,27.19,52.16,95.3,48.26,81.09,0
2025-01-01 01:55:41,27.24,52.09,95.4,48.3,81.05,0
2025-01-01 01:55:42,27.18,52.23,95.37,48.33,81.19,0
2025-01-01 01:55:43,27.18,52.07,95.39,48.24,81.34,0
2025-01-01 01:55:44,27.18,52.05,95.45,48.3,81.28,0
2025-01-01 01:55:45,27.17,52.02,95.49,48.28,81.29,0
2025-01-01 01:55:46,27.19,52.11,95.54,48.17,81.32,0
2025-01-01 01:55:47,27.14,52.14,95.49,48.21,81.35,0
2025-01-01 01:55:48,27.23,52.11,95.57,48.35,81.38,0
2025-01-01 01:55:49,27.16,52.13,95.64,48.16,81.48,0
2025-01-01 01:55:50,27.14,52.14,95.61,48.17,81.53,0
2025-01-01 01:55:51,27.13,52.13,95.58,48.18,81.57,0
2025-01-01 01:55:52,27.17,52.26,95.6,48.14,81.57,0
2025-01-01 01:55:53,27.03,52.2,95.7,48.07,81.59,0
2025-01-01 01:55:54,27.05,52.1,95.69,48.06,81.66,0
2025-01-01 01:55:55,27.07,52.21,95.74,48.18,81.65,0
2025-01-01 01:55:56,27.01,52.23,95.75,48.15,81.75,0
2025-01-01 01:55:57,27.13,52.2,95.71,48.1,81.75,0
2025-01-01 01:55:58,27.04,52.25,95.79,48.02,81.79,0
2025-01-01 01:55:59,26.88,52.23,95.84,48.11,81.73,0
2025-01-01 01:56:00,26.99,52.31,95.92,48.11,81.88,0
2025-01-01 01:56:01,26.89,52.25,95.95,48.0,81.89,0
2025-01-01 01:56:02,26.81,52.24,95.94,48.11,81.9,0
2025-01-01 01:56:03,26.93,52.26,95.97,48.07,81.87,0
2025-01-01 01:56:04,26.98,52.27,96.1,47.89,81.88,0
2025-01-01 01:56:05,26.9,52.31,96.05,48.05,82.09,0
2025-01-01 01:56:06,26.93,52.3,96.12,47.99,82.07,0
2025-01-01 01:56:07,26.83,52.27,96.18,47.99,82.07,0
2025-01-01 01:56:08,26.89,52.34,96.19,48.0,82.16,0
2025-01-01 01:56:09,26.9,52.34,96.18,48.0,82.15,0
2025-01-01 01:56:10,26.78,52.36,96.31,48.04,82.16,0
2025-01-01 01:56:11,26.82,52.35,96.34,48.01,82.24,0
2025-01-01 01:56:12,26.79,52.42,96.32,47.99,82.33,0
2025-01-01 01:56:13,26.74,52.34,96.44,47.93,82.34,0
2025-01-01 01:56:14,26.74,52.41,96.39,48.06,82.28,0
2025-01-01 01:56:15,26.79,52.34,96.58,48.0,82.47,0
2025-01-01 01:56:16,26.7,52.39,96.6,47.93,82.37,0
2025-01-01 01:56:17,26.74,52.37,96.61,48.01,82.36,0
2025-01-01 01:56:18,26.75,52.37,96.67,48.01,82.45,0
2025-01-01 01:56:19,26.63,52.47,96.63,48.07,82.56,0
2025-01-01 01:56:20,26.75,52.48,96.7,47.99,82.51,0
2025-01-01 01:56:21,26.67,52.5,96.83,48.01,82.49,0
2025-01-01 01:56:22,26.62,52.57,96.74,48.05,82.57,0
2025-01-01 01:56:23,26.58,52.53,96.95,48.04,82.61,0
2025-01-01 01:56:24,26.54,52.51,96.85,48.01,82.65,0
2025-01-01 01:56:25,26.47,52.6,96.9,48.02,82.71,0
2025-01-01 01:56:26,26.63,52.51,96.89,48.09,82.65,0
2025-01-01 01:56:27,26.57,52.58,96.9,47.96,82.72,0
2025-01-01 01:56:28,26.41,52.51,97.12,48.05,82.79,0
2025-01-01 01:56:29,26.54,52.51,97.1,48.1,82.87,0
2025-01-01 01:56:30,26.45,52.62,97.26,48.08,82.81,0
2025-01-01 01:56:31,26.45,52.72,97.28,48.1,82.87,0
2025-01-01 01:56:32,26.43,52.64,97.31,48.07,82.9,0
2025-01-01 01:56:33,26.4,52.59,97.4,48.07,82.89,0
2025-01-01 01:56:34,26.33,52.72,97.46,48.14,82.96,0
2025-01-01 01:56:35,26.34,52.7,97.45,48.07,82.99,0
2025-01-01 01:56:36,26.48,52.78,97.57,48.13,82.98,0
2025-01-01 01:56:37,26.33,52.71,97.64,48.23,82.98,0
2025-01-01 01:56:38,26.26,52.71,97.69,48.26,83.11,0
2025-01-01 01:56:39,26.41,52.71,97.66,48.1,83.04,0
2025-01-01 01:56:40,36.37,32.85,127.78,33.17,108.04,1
2025-01-01 01:56:41,36.3,32.8,127.74,33.24,108.1,1
2025-01-01 01:56:42,36.33,32.8,127.89,33.17,108.13,1
2025-01-01 01:56:43,36.3,32.82,127.87,33.23,108.19,1
2025-01-01 01:56:44,36.32,32.9,127.98,33.21,108.18,1
2025-01-01 01:56:45,36.21,32.88,128.1,33.32,108.2,1
2025-01-01 01:56:46,36.19,32.86,128.0,33.21,108.24,1
2025-01-01 01:56:47,36.22,32.92,128.12,33.26,108.25,1
2025-01-01 01:56:48,36.16,32.95,128.15,33.25,108.27,1
2025-01-01 01:56:49,36.09,32.84,128.2,33.31,108.34,1
2025-01-01 01:56:50,36.17,33.03,128.34,33.35,108.32,1
2025-01-01 01:56:51,36.11,33.07,128.41,33.38,108.3,1
2025-01-01 01:56:52,36.13,33.02,128.51,33.41,108.37,1
2025-01-01 01:56:53,36.08,33.0,128.52,33.46,108.45,1
2025-01-01 01:56:54,36.11,33.13,128.44,33.4,108.42,1
2025-01-01 01:56:55,36.02,33.0,128.55,33.43,108.48,1
2025-01-01 01:56:56,36.07,33.03,128.7,33.53,108.38,1
2025-01-01 01:56:57,36.0,33.1,128.75,33.53,108.4,1
2025-01-01 01:56:58,35.94,33.14,128.73,33.55,108.52,1
2025-01-01 01:56:59,36.01,33.1,128.9,33.47,108.5,1
2025-01-01 01:57:00,25.96,53.1,98.95,48.49,83.55,0
2025-01-01 01:57:01,26.02,53.11,99.0,48.49,83.51,0
2025-01-01 01:57:02,25.95,53.17,99.09,48.62,83.57,0
2025-01-01 01:57:03,25.85,53.25,99.13,48.55,83.54,0
2025-01-01 01:57:04,25.74,53.16,99.17,48.59,83.57,0
2025-01-01 01:57:05,25.93,53.31,99.21,48.71,83.69,0
2025-01-01 01:57:06,25.87,53.29,99.36,48.74,83.58,0
2025-01-01 01:57:07,25.81,53.27,99.42,48.69,83.62,0
2025-01-01 01:57:08,25.85,53.33,99.53,48.7,83.65,0
2025-01-01 01:57:09,25.84,53.28,99.56,48.71,83.72,0
2025-01-01 01:57:10,25.67,53.37,99.48,48.9,83.65,0
2025-01-01 01:57:11,25.7,53.41,99.58,48.86,83.69,0
2025-01-01 01:57:12,25.69,53.41,99.62,48.87,83.78,0
2025-01-01 01:57:13,25.73,53.46,99.64,48.86,83.74,0
2025-01-01 01:57:14,25.76,53.43,99.69,48.86,83.73,0
2025-01-01 01:57:15,25.56,53.53,99.79,48.96,83.72,0
2025-01-01 01:57:16,25.72,53.49,99.9,48.99,83.74,0
2025-01-01 01:57:17,25.66,53.5,99.96,48.99,83.75,0
2025-01-01 01:57:18,25.6,53.56,99.94,49.08,83.86,0
2025-01-01 01:57:19,25.5,53.47,100.16,49.09,83.86,0
2025-01-01 01:57:20,25.5,53.69,100.14,49.09,83.85,0
2025-01-01 01:57:21,25.63,53.63,100.26,49.11,83.79,0
2025-01-01 01:57:22,25.41,53.64,100.23,49.16,83.87,0
2025-01-01 01:57:23,25.52,53.62,100.42,49.2,83.81,0
2025-01-01 01:57:24,25.59,53.68,100.36,49.17,83.8,0
2025-01-01 01:57:25,25.54,53.77,100.53,49.26,83.95,0
2025-01-01 01:57:26,25.44,53.76,100.51,49.26,83.92,0
2025-01-01 01:57:27,25.28,53.74,100.62,49.29,83.88,0
2025-01-01 01:57:28,25.44,53.76,100.61,49.39,83.97,0
2025-01-01 01:57:29,25.36,53.81,100.78,49.36,83.95,0
2025-01-01 01:57:30,25.39,53.83,100.82,49.34,83.95,0
2025-01-01 01:57:31,25.35,53.85,100.8,49.43,83.94,0
2025-01-01 01:57:32,25.29,53.81,100.84,49.44,83.96,0
2025-01-01 01:57:33,25.4,53.92,100.9,49.48,84.01,0
2025-01-01 01:57:34,25.26,54.0,101.05,49.55,84.05,0
2025-01-01 01:57:35,25.18,54.02,101.1,49.5,83.96,0
2025-01-01 01:57:36,25.34,54.07,101.07,49.55,84.02,0
2025-01-01 01:57:37,25.23,54.02,101.15,49.58,83.91,0
2025-01-01 01:57:38,25.13,53.99,101.24,49.61,83.94,0
2025-01-01 01:57:39,25.24,54.03,101.42,49.66,84.0,0
2025-01-01 01:57:40,25.2,54.06,101.39,49.69,84.0,0
2025-01-01 01:57:41,25.15,54.1,101.47,49.76,84.08,0
2025-01-01 01:57:42,25.14,54.16,101.55,49.73,83.91,0
2025-01-01 01:57:43,25.1,54.24,101.65,49.72,84.03,0
2025-01-01 01:57:44,24.98,54.24,101.67,49.76,84.05,0
2025-01-01 01:57:45,25.16,54.24,101.71,49.95,83.94,0
2025-01-01 01:57:46,25.0,54.23,101.77,49.92,83.97,0
2025-01-01 01:57:47,25.02,54.27,101.8,49.91,83.96,0
2025-01-01 01:57:48,24.91,54.32,101.78,50.02,83.97,0
2025-01-01 01:57:49,24.99,54.34,101.93,50.08,83.93,0
2025-01-01 01:57:50,24.89,54.39,101.97,50.07,84.04,0
2025-01-01 01:57:51,24.9,54.44,102.0,50.08,83.94,0
2025-01-01 01:57:52,24.94,54.44,102.05,50.05,84.04,0
2025-01-01 01:57:53,24.89,54.52,102.14,50.21,83.95,0
2025-01-01 01:57:54,24.97,54.51,102.24,50.13,84.03,0
2025-01-01 01:57:55,24.91,54.51,102.17,50.16,83.94,0
2025-01-01 01:57:56,24.87,54.53,102.31,50.22,84.06,0
2025-01-01 01:57:57,24.83,54.6,102.36,50.28,83.94,0
2025-01-01 01:57:58,24.83,54.56,102.48,50.28,84.03,0
2025-01-01 01:57:59,24.89,54.65,102.56,50.38,83.91,0
2025-01-01 01:58:00,24.78,54.7,102.58,50.39,83.98,0
2025-01-01 01:58:01,24.75,54.71,102.54,50.4,83.9,0
2025-01-01 01:58:02,24.71,54.71,102.62,50.39,83.98,0
2025-01-01 01:58:03,24.7,54.74,102.64,50.46,84.02,0
2025-01-01 01:58:04,24.75,54.81,102.75,50.54,83.92,0
2025-01-01 01:58:05,24.66,54.79,102.86,50.58,83.94,0
2025-01-01 01:58:06,24.74,54.88,102.88,50.58,83.88,0
2025-01-01 01:58:07,24.59,54.88,102.91,50.63,83.9,0
2025-01-01 01:58:08,24.62,54.92,102.97,50.64,83.85,0
2025-01-01 01:58:09,24.48,54.9,102.99,50.61,83.91,0
2025-01-01 01:58:10,24.63,55.02,103.09,50.75,83.86,0
2025-01-01 01:58:11,24.53,55.04,103.09,50.71,83.99,0
2025-01-01 01:58:12,24.54,55.13,103.07,50.73,83.91,0
2025-01-01 01:58:13,24.52,54.97,103.2,50.92,83.89,0
2025-01-01 01:58:14,24.52,55.07,103.27,50.82,83.93,0
2025-01-01 01:58:15,24.53,55.16,103.31,50.77,83.78,0
2025-01-01 01:58:16,24.46,55.21,103.42,50.84,83.78,0
2025-01-01 01:58:17,24.48,55.16,103.32,50.89,83.81,0
2025-01-01 01:58:18,24.48,55.28,103.41,51.01,83.83,0
2025-01-01 01:58:19,24.45,55.33,103.48,51.0,83.8,0
2025-01-01 01:58:20,24.42,55.3,103.58,51.08,83.83,0
2025-01-01 01:58:21,24.35,55.33,103.43,50.99,83.84,0
2025-01-01 01:58:22,24.39,55.33,103.63,51.05,83.81,0
2025-01-01 01:58:23,24.43,55.43,103.63,51.08,83.84,0
2025-01-01 01:58:24,24.23,55.4,103.74,51.18,83.78,0
2025-01-01 01:58:25,24.25,55.49,103.77,51.16,83.73,0
2025-01-01 01:58:26,24.26,55.45,103.91,51.18,83.75,0
2025-01-01 01:58:27,24.23,55.57,103.77,51.11,83.71,0
2025-01-01 01:58:28,24.32,55.62,103.83,51.25,83.66,0
2025-01-01 01:58:29,24.22,55.62,103.96,51.17,83.61,0
2025-01-01 01:58:30,24.18,55.58,103.89,51.29,83.62,0
2025-01-01 01:58:31,24.28,55.63,103.97,51.31,83.57,0
2025-01-01 01:58:32,24.17,55.71,104.01,51.34,83.65,0
2025-01-01 01:58:33,24.2,55.85,104.01,51.28,83.62,0
2025-01-01 01:58:34,24.0,55.79,104.1,51.39,83.58,0
2025-01-01 01:58:35,24.1,55.82,104.14,51.33,83.59,0
2025-01-01 01:58:36,24.16,55.84,104.17,51.5,83.52,0
2025-01-01 01:58:37,24.09,55.84,104.26,51.48,83.52,0
2025-01-01 01:58:38,24.02,55.95,104.14,51.45,83.55,0
2025-01-01 01:58:39,24.0,55.94,104.17,51.45,83.54,0
2025-01-01 01:58:40,23.95,55.9,104.35,51.54,83.43,0
2025-01-01 01:58:41,23.98,55.95,104.32,51.54,83.42,0
2025-01-01 01:58:42,23.99,56.08,104.38,51.58,83.37,0
2025-01-01 01:58:43,24.0,56.07,104.35,51.58,83.46,0
2025-01-01 01:58:44,23.94,56.05,104.46,51.59,83.43,0
2025-01-01 01:58:45,23.86,56.19,104.46,51.67,83.3,0
2025-01-01 01:58:46,23.81,56.16,104.55,51.73,83.31,0
2025-01-01 01:58:47,23.86,56.22,104.54,51.7,83.28,0
2025-01-01 01:58:48,23.85,56.15,104.57,51.66,83.25,0
2025-01-01 01:58:49,23.84,56.26,104.62,51.65,83.4,0
2025-01-01 01:58:50,23.85,56.38,104.53,51.8,83.21,0
2025-01-01 01:58:51,23.78,56.42,104.63,51.66,83.3,0
2025-01-01 01:58:52,23.79,56.37,104.56,51.76,83.21,0
2025-01-01 01:58:53,23.76,56.35,104.64,51.78,83.29,0
2025-01-01 01:58:54,23.72,56.53,104.72,51.79,83.12,0
2025-01-01 01:58:55,23.67,56.53,104.67,51.76,83.14,0
2025-01-01 01:58:56,23.69,56.58,104.7,51.84,83.15,0
2025-01-01 01:58:57,23.59,56.58,104.61,51.77,83.12,0
2025-01-01 01:58:58,23.66,56.52,104.71,51.7,83.01,0
2025-01-01 01:58:59,23.67,56.61,104.79,51.84,83.05,0
2025-01-01 01:59:00,23.68,56.67,104.84,51.73,83.08,0
2025-01-01 01:59:01,23.54,56.66,104.78,51.92,82.95,0
2025-01-01 01:59:02,23.56,56.7,104.84,51.92,83.05,0
2025-01-01 01:59:03,23.69,56.82,104.87,51.83,83.04,0
2025-01-01 01:59:04,23.57,56.81,104.88,51.87,82.8,0
2025-01-01 01:59:05,23.57,56.93,104.9,51.91,82.89,0
2025-01-01 01:59:06,23.53,56.9,104.89,51.92,82.94,0
2025-01-01 01:59:07,23.53,56.94,104.94,51.96,82.88,0
2025-01-01 01:59:08,23.45,56.95,104.87,51.98,82.84,0
2025-01-01 01:59:09,23.4,57.03,104.99,51.94,82.79,0
2025-01-01 01:59:10,23.49,56.98,104.94,52.02,82.72,0
2025-01-01 01:59:11,23.47,57.08,104.91,51.96,82.69,0
2025-01-01 01:59:12,23.37,57.11,104.96,51.96,82.67,0
2025-01-01 01:59:13,23.41,57.18,104.91,51.96,82.56,0
2025-01-01 01:59:14,23.37,57.2,105.0,51.99,82.65,0
2025-01-01 01:59:15,23.37,57.2,104.92,51.97,82.56,0
2025-01-01 01:59:16,23.34,57.24,105.0,51.99,82.59,0
2025-01-01 01:59:17,23.35,57.3,104.98,52.02,82.66,0
2025-01-01 01:59:18,23.27,57.35,104.93,51.99,82.47,0
2025-01-01 01:59:19,23.29,57.39,104.97,51.91,82.54,0
2025-01-01 01:59:20,23.32,57.41,104.95,52.0,82.46,0
2025-01-01 01:59:21,23.3,57.5,105.05,51.91,82.39,0
2025-01-01 01:59:22,23.3,57.45,105.06,52.09,82.44,0
2025-01-01 01:59:23,23.27,57.51,105.01,51.93,82.31,0
2025-01-01 01:59:24,23.18,57.58,104.98,52.01,82.36,0
2025-01-01 01:59:25,23.17,57.62,104.98,52.01,82.31,0
2025-01-01 01:59:26,23.23,57.68,105.02,51.93,82.19,0
2025-01-01 01:59:27,23.13,57.7,104.93,52.01,82.23,0
2025-01-01 01:59:28,23.06,57.67,105.04,52.03,82.14,0
2025-01-01 01:59:29,23.09,57.64,105.06,51.99,82.24,0
2025-01-01 01:59:30,23.11,57.82,105.02,52.07,82.14,0
2025-01-01 01:59:31,23.11,57.84,104.92,51.96,82.08,0
2025-01-01 01:59:32,23.16,57.86,105.02,51.97,82.11,0
2025-01-01 01:59:33,23.11,57.95,105.01,52.01,82.06,0
2025-01-01 01:59:34,23.17,58.04,104.97,51.94,81.99,0
2025-01-01 01:59:35,22.95,58.04,104.89,52.02,82.04,0
2025-01-01 01:59:36,22.96,58.03,104.88,51.87,81.9,0
2025-01-01 01:59:37,23.05,58.11,104.93,51.86,81.88,0
2025-01-01 01:59:38,22.93,58.04,104.86,51.99,81.86,0
2025-01-01 01:59:39,23.0,58.11,104.88,51.86,81.87,0
2025-01-01 01:59:40,23.08,58.22,104.92,51.91,81.68,0
2025-01-01 01:59:41,22.91,58.21,104.85,51.88,81.73,0
2025-01-01 01:59:42,22.9,58.38,104.79,51.94,81.68,0
2025-01-01 01:59:43,22.95,58.33,104.85,51.83,81.64,0
2025-01-01 01:59:44,22.92,58.35,104.77,51.94,81.49,0
2025-01-01 01:59:45,22.89,58.34,104.82,51.92,81.51,0
2025-01-01 01:59:46,23.0,58.43,104.81,51.78,81.54,0
2025-01-01 01:59:47,22.92,58.47,104.78,51.84,81.44,0
2025-01-01 01:59:48,22.79,58.56,104.8,51.88,81.43,0
2025-01-01 01:59:49,22.83,58.6,104.67,51.87,81.4,0
2025-01-01 01:59:50,22.79,58.58,104.66,51.7,81.4,0
2025-01-01 01:59:51,22.84,58.68,104.72,51.88,81.43,0
2025-01-01 01:59:52,22.84,58.68,104.73,51.66,81.3,0
2025-01-01 01:59:53,22.69,58.73,104.61,51.9,81.26,0
2025-01-01 01:59:54,22.78,58.72,104.6,51.67,81.18,0
2025-01-01 01:59:55,22.65,58.81,104.58,51.82,81.15,0
2025-01-01 01:59:56,22.82,58.9,104.64,51.71,81.15,0
2025-01-01 01:59:57,22.8,58.82,104.56,51.68,81.09,0
2025-01-01 01:59:58,22.73,58.93,104.48,51.69,80.98,0
2025-01-01 01:59:59,22.66,58.91,104.52,51.69,81.06,0
2025-01-01 02:00:00,22.72,58.97,104.49,51.65,80.99,0
2025-01-01 02:00:01,22.66,59.05,104.53,51.67,80.92,0
2025-01-01 02:00:02,22.61,59.03,104.42,51.59,81.0,0
2025-01-01 02:00:03,22.72,59.1,104.37,51.59,80.95,0
2025-01-01 02:00:04,22.67,59.11,104.32,51.49,80.87,0
2025-01-01 02:00:05,22.66,59.21,104.38,51.6,80.75,0
2025-01-01 02:00:06,22.64,59.24,104.29,51.46,80.85,0
2025-01-01 02:00:07,22.58,59.14,104.26,51.47,80.84,0
2025-01-01 02:00:08,22.62,59.28,104.21,51.45,80.81,0
2025-01-01 02:00:09,22.62,59.26,104.18,51.44,80.61,0
2025-01-01 02:00:10,22.48,59.4,104.12,51.48,80.62,0
2025-01-01 02:00:11,22.54,59.29,104.18,51.4,80.56,0
2025-01-01 02:00:12,22.5,59.53,104.03,51.35,80.57,0
2025-01-01 02:00:13,22.61,59.48,104.01,51.34,80.55,0
2025-01-01 02:00:14,22.58,59.46,104.02,51.24,80.51,0
2025-01-01 02:00:15,22.54,59.53,104.05,51.31,80.44,0
2025-01-01 02:00:16,22.49,59.61,103.92,51.23,80.45,0
2025-01-01 02:00:17,22.47,59.63,103.89,51.31,80.4,0
2025-01-01 02:00:18,22.46,59.75,103.86,51.17,80.28,0
2025-01-01 02:00:19,22.54,59.84,103.83,51.16,80.26,0
2025-01-01 02:00:20,22.42,59.74,103.74,51.15,80.23,0
2025-01-01 02:00:21,22.44,59.8,103.77,51.12,80.18,0
2025-01-01 02:00:22,22.43,59.93,103.67,51.13,80.11,0
2025-01-01 02:00:23,22.45,59.92,103.71,51.06,80.05,0
2025-01-01 02:00:24,22.38,59.98,103.71,51.09,80.0,0
2025-01-01 02:00:25,22.45,59.93,103.55,51.03,80.04,0
2025-01-01 02:00:26,22.4,59.98,103.57,50.96,80.05,0
2025-01-01 02:00:27,22.32,60.06,103.41,50.92,79.92,0
2025-01-01 02:00:28,22.45,60.16,103.47,50.93,79.92,0
2025-01-01 02:00:29,22.43,60.17,103.39,50.98,79.91,0
2025-01-01 02:00:30,22.37,60.15,103.31,50.86,79.85,0
2025-01-01 02:00:31,22.39,60.14,103.19,50.79,79.77,0
2025-01-01 02:00:32,22.4,60.24,103.26,50.83,79.7,0
2025-01-01 02:00:33,22.4,60.26,103.27,50.77,79.69,0
2025-01-01 02:00:34,22.27,60.34,103.26,50.77,79.68,0
2025-01-01 02:00:35,22.28,60.4,103.11,50.72,79.65,0
2025-01-01 02:00:36,22.21,60.41,102.99,50.69,79.55,0
2025-01-01 02:00:37,22.26,60.39,103.06,50.62,79.52,0
2025-01-01 02:00:38,22.36,60.52,102.85,50.69,79.59,0
2025-01-01 02:00:39,22.36,60.57,102.84,50.59,79.4,0
2025-01-01 02:00:40,22.23,60.52,102.82,50.57,79.41,0
2025-01-01 02:00:41,22.24,60.6,102.87,50.64,79.37,0
2025-01-01 02:00:42,22.27,60.61,102.78,50.47,79.31,0
2025-01-01 02:00:43,22.35,60.62,102.57,50.5,79.29,0
2025-01-01 02:00:44,22.21,60.87,102.68,50.43,79.24,0
2025-01-01 02:00:45,22.25,60.69,102.56,50.4,79.24,0
2025-01-01 02:00:46,22.22,60.78,102.58,50.28,79.18,0
2025-01-01 02:00:47,22.19,60.9,102.46,50.36,79.17,0
2025-01-01 02:00:48,22.12,60.89,102.34,50.32,79.08,0
2025-01-01 02:00:49,22.26,60.92,102.33,50.33,79.03,0
2025-01-01 02:00:50,22.24,60.99,102.3,50.17,79.1,0
2025-01-01 02:00:51,22.21,60.97,102.27,50.25,79.0,0
2025-01-01 02:00:52,22.19,61.1,102.28,50.16,78.89,0
2025-01-01 02:00:53,22.11,61.06,102.1,50.05,79.01,0
2025-01-01 02:00:54,22.19,61.1,102.09,50.01,78.94,0
2025-01-01 02:00:55,22.06,61.19,101.94,50.05,78.91,0
2025-01-01 02:00:56,22.07,61.2,102.01,50.06,78.81,0
2025-01-01 02:00:57,22.17,61.22,102.01,49.92,78.83,0
2025-01-01 02:00:58,22.15,61.32,101.9,50.0,78.69,0
2025-01-01 02:00:59,22.12,61.25,101.79,49.95,78.72,0
2025-01-01 02:01:00,22.15,61.28,101.72,49.87,78.59,0
2025-01-01 02:01:01,22.08,61.41,101.76,49.82,78.56,0
2025-01-01 02:01:02,22.09,61.46,101.69,49.83,78.51,0
2025-01-01 02:01:03,22.05,61.49,101.62,49.89,78.48,0
2025-01-01 02:01:04,22.11,61.47,101.46,49.72,78.49,0
2025-01-01 02:01:05,22.06,61.69,101.42,49.79,78.43,0
2025-01-01 02:01:06,22.21,61.62,101.43,49.67,78.48,0
2025-01-01 02:01:07,22.11,61.62,101.27,49.66,78.38,0
2025-01-01 02:01:08,22.13,61.67,101.17,49.67,78.42,0
2025-01-01 02:01:09,22.0,61.81,101.28,49.57,78.26,0
2025-01-01 02:01:10,22.13,61.69,101.11,49.51,78.28,0
2025-01-01 02:01:11,22.15,61.82,101.14,49.52,78.25,0
2025-01-01 02:01:12,22.01,61.83,100.99,49.5,78.2,0
2025-01-01 02:01:13,22.05,61.98,101.05,49.55,78.27,0
2025-01-01 02:01:14,22.13,61.91,100.89,49.46,78.13,0
2025-01-01 02:01:15,22.0,61.97,100.76,49.42,78.06,0
2025-01-01 02:01:16,22.05,62.0,100.76,49.3,78.01,0
2025-01-01 02:01:17,22.07,62.0,100.74,49.35,78.03,0
2025-01-01 02:01:18,22.06,62.04,100.67,49.3,78.13,0
2025-01-01 02:01:19,21.99,62.09,100.58,49.22,78.0,0
2025-01-01 02:01:20,22.02,62.03,100.56,49.22,77.93,0
2025-01-01 02:01:21,22.07,62.17,100.45,49.35,77.79,0
2025-01-01 02:01:22,21.97,62.17,100.49,49.16,77.88,0
2025-01-01 02:01:23,22.01,62.29,100.34,49.18,77.89,0
2025-01-01 02:01:24,22.05,62.26,100.3,49.25,77.82,0
2025-01-01 02:01:25,22.03,62.27,100.25,49.15,77.78,0
2025-01-01 02:01:26,22.03,62.52,100.2,49.13,77.73,0
2025-01-01 02:01:27,22.01,62.45,100.09,49.04,77.72,0
2025-01-01 02:01:28,21.99,62.46,100.03,49.06,77.63,0
2025-01-01 02:01:29,21.92,62.48,99.99,49.03,77.6,0
2025-01-01 02:01:30,22.04,62.59,99.94,48.92,77.57,0
2025-01-01 02:01:31,22.03,62.65,99.84,48.92,77.5,0
2025-01-01 02:01:32,21.99,62.57,99.78,48.82,77.52,0
2025-01-01 02:01:33,21.96,62.69,99.68,48.84,77.52,0
2025-01-01 02:01:34,21.98,62.8,99.7,48.85,77.49,0
2025-01-01 02:01:35,21.89,62.78,99.62,48.81,77.47,0
2025-01-01 02:01:36,22.04,62.74,99.55,48.84,77.44,0
2025-01-01 02:01:37,21.99,62.81,99.54,48.8,77.32,0
2025-01-01 02:01:38,22.03,62.85,99.47,48.74,77.33,0
2025-01-01 02:01:39,21.93,62.83,99.41,48.72,77.32,0
2025-01-01 02:01:40,22.07,62.96,99.25,48.75,77.21,0
2025-01-01 02:01:41,22.02,62.96,99.28,48.68,77.25,0
2025-01-01 02:01:42,21.99,63.11,99.16,48.67,77.13,0
2025-01-01 02:01:43,21.96,63.04,99.02,48.64,77.17,0
2025-01-01 02:01:44,21.95,63.02,99.11,48.61,77.13,0
2025-01-01 02:01:45,22.04,63.13,98.96,48.62,77.2,0
2025-01-01 02:01:46,22.04,63.09,98.86,48.46,77.09,0
2025-01-01 02:01:47,21.98,63.15,98.85,48.61,77.08,0
2025-01-01 02:01:48,22.0,63.11,98.9,48.43,77.03,0
2025-01-01 02:01:49,22.04,63.25,98.81,48.51,77.04,0
2025-01-01 02:01:50,22.05,63.33,98.64,48.5,77.0,0
2025-01-01 02:01:51,22.0,63.32,98.59,48.41,77.04,0
2025-01-01 02:01:52,21.93,63.29,98.59,48.41,77.01,0
2025-01-01 02:01:53,22.02,63.32,98.5,48.42,76.95,0
2025-01-01 02:01:54,21.98,63.41,98.4,48.31,76.84,0
2025-01-01 02:01:55,22.03,63.41,98.4,48.33,76.82,0
2025-01-01 02:01:56,21.99,63.6,98.31,48.37,76.87,0
2025-01-01 02:01:57,21.94,63.6,98.24,48.25,76.81,0
2025-01-01 02:01:58,22.0,63.6,98.16,48.43,76.76,0
2025-01-01 02:01:59,22.05,63.5,98.13,48.3,76.73,0
2025-01-01 02:02:00,22.09,63.66,98.07,48.29,76.73,0
2025-01-01 02:02:01,22.08,63.72,98.04,48.28,76.66,0
2025-01-01 02:02:02,22.09,63.7,98.02,48.27,76.77,0
2025-01-01 02:02:03,21.97,63.7,98.02,48.14,76.64,0
2025-01-01 02:02:04,22.03,63.78,97.83,48.23,76.72,0
2025-01-01 02:02:05,22.03,63.8,97.8,48.16,76.56,0
2025-01-01 02:02:06,22.05,63.89,97.73,48.06,76.6,0
2025-01-01 02:02:07,22.08,63.81,97.72,48.14,76.6,0
2025-01-01 02:02:08,22.0,63.86,97.7,48.19,76.62,0
2025-01-01 02:02:09,22.09,63.98,97.62,48.1,76.63,0
2025-01-01 02:02:10,22.11,64.01,97.51,48.06,76.56,0
2025-01-01 02:02:11,22.13,63.96,97.52,48.09,76.5,0
2025-01-01 02:02:12,21.99,64.02,97.45,48.14,76.52,0
2025-01-01 02:02:13,22.03,64.04,97.36,48.07,76.5,0
2025-01-01 02:02:14,22.04,64.11,97.31,48.1,76.53,0
2025-01-01 02:02:15,22.05,64.19,97.34,48.1,76.51,0
2025-01-01 02:02:16,22.04,64.16,97.19,48.06,76.48,0
2025-01-01 02:02:17,22.03,64.22,97.2,48.07,76.41,0
2025-01-01 02:02:18,22.09,64.2,97.04,47.97,76.4,0
2025-01-01 02:02:19,22.13,64.33,97.11,48.11,76.38,0
2025-01-01 02:02:20,22.08,64.4,96.96,47.98,76.34,0
2025-01-01 02:02:21,22.07,64.36,96.91,48.05,76.32,0
2025-01-01 02:02:22,22.16,64.34,96.89,48.01,76.34,0
2025-01-01 02:02:23,22.15,64.44,96.84,48.05,76.35,0
2025-01-01 02:02:24,22.12,64.48,96.83,47.93,76.28,0
2025-01-01 02:02:25,22.13,64.48,96.74,48.03,76.3,0
2025-01-01 02:02:26,22.14,64.49,96.64,48.05,76.23,0
2025-01-01 02:02:27,22.08,64.52,96.72,48.02,76.27,0
2025-01-01 02:02:28,22.16,64.59,96.67,47.94,76.18,0
2025-01-01 02:02:29,22.08,64.65,96.59,47.98,76.21,0
2025-01-01 02:02:30,22.2,64.62,96.54,47.97,76.27,0
2025-01-01 02:02:31,22.18,64.62,96.47,47.9,76.24,0
2025-01-01 02:02:32,22.25,64.62,96.36,48.01,76.19,0
2025-01-01 02:02:33,22.14,64.67,96.41,48.05,76.32,0
2025-01-01 02:02:34,22.23,64.72,96.35,48.03,76.13,0
2025-01-01 02:02:35,22.21,64.86,96.37,48.04,76.17,0
2025-01-01 02:02:36,22.15,64.79,96.28,47.99,76.13,0
2025-01-01 02:02:37,22.24,64.95,96.16,48.0,76.11,0
2025-01-01 02:02:38,22.21,64.8,96.11,48.01,76.16,0
2025-01-01 02:02:39,22.2,64.98,96.15,48.08,76.19,0
2025-01-01 02:02:40,22.17,65.02,96.13,48.15,76.06,0
2025-01-01 02:02:41,22.21,64.96,96.02,48.05,76.1,0
2025-01-01 02:02:42,22.25,65.07,96.01,48.02,76.04,0
2025-01-01 02:02:43,22.19,65.07,96.0,48.07,76.11,0
2025-01-01 02:02:44,22.31,65.05,95.94,48.0,76.13,0
2025-01-01 02:02:45,22.22,65.19,95.99,48.07,76.08,0
2025-01-01 02:02:46,22.25,65.15,95.86,48.05,76.15,0
2025-01-01 02:02:47,22.21,65.2,95.88,48.05,76.07,0
2025-01-01 02:02:48,22.19,65.29,95.87,48.07,76.0,0
2025-01-01 02:02:49,22.32,65.2,95.73,48.08,76.11,0
2025-01-01 02:02:50,22.32,65.25,95.66,48.1,76.05,0
2025-01-01 02:02:51,22.29,65.41,95.7,47.99,76.01,0
2025-01-01 02:02:52,22.32,65.36,95.67,48.1,75.92,0
2025-01-01 02:02:53,22.31,65.36,95.66,48.15,76.08,0
2025-01-01 02:02:54,22.27,65.34,95.59,48.1,75.97,0
2025-01-01 02:02:55,22.4,65.44,95.69,48.15,75.95,0
2025-01-01 02:02:56,22.3,65.51,95.5,48.19,75.99,0
2025-01-01 02:02:57,22.3,65.56,95.5,48.14,76.0,0
2025-01-01 02:02:58,22.33,65.63,95.56,48.16,75.98,0
2025-01-01 02:02:59,22.26,65.56,95.44,48.21,75.9,0
2025-01-01 02:03:00,22.37,65.66,95.45,48.19,76.0,0
2025-01-01 02:03:01,22.38,65.72,95.41,48.18,76.0,0
2025-01-01 02:03:02,22.4,65.66,95.44,48.35,75.97,0
2025-01-01 02:03:03,22.37,65.57,95.41,48.23,76.04,0
2025-01-01 02:03:04,22.39,65.78,95.28,48.34,76.05,0
2025-01-01 02:03:05,22.45,65.66,95.36,48.31,75.91,0
2025-01-01 02:03:06,22.51,65.73,95.38,48.32,76.05,0
2025-01-01 02:03:07,22.4,65.79,95.29,48.33,75.96,0
2025-01-01 02:03:08,22.3,65.76,95.3,48.29,75.95,0
2025-01-01 02:03:09,22.39,65.84,95.2,48.44,76.04,0
2025-01-01 02:03:10,22.49,65.87,95.19,48.36,76.05,0
2025-01-01 02:03:11,22.53,65.92,95.18,48.4,75.97,0
2025-01-01 02:03:12,22.54,65.81,95.08,48.34,75.91,0
2025-01-01 02:03:13,22.58,65.98,95.11,48.46,76.09,0
2025-01-01 02:03:14,22.55,66.07,95.15,48.45,75.97,0
2025-01-01 02:03:15,22.53,66.04,95.15,48.49,76.09,0
2025-01-01 02:03:16,22.57,66.01,95.09,48.52,76.06,0
2025-01-01 02:03:17,22.52,65.98,95.09,48.55,76.11,0
2025-01-01 02:03:18,22.51,66.08,95.09,48.56,76.12,0
2025-01-01 02:03:19,22.58,66.05,95.13,48.64,76.0,0
2025-01-01 02:03:20,22.53,66.14,95.08,48.6,76.11,0
2025-01-01 02:03:21,22.57,66.17,95.13,48.63,75.98,0
2025-01-01 02:03:22,22.6,66.18,95.11,48.65,76.16,0
2025-01-01 02:03:23,22.56,66.21,95.04,48.76,76.01,0
2025-01-01 02:03:24,22.66,66.21,95.12,48.68,76.11,0
2025-01-01 02:03:25,22.61,66.26,95.01,48.73,76.0,0
2025-01-01 02:03:26,22.69,66.22,94.97,48.7,76.05,0
2025-01-01 02:03:27,22.7,66.32,95.05,48.75,76.13,0
2025-01-01 02:03:28,22.66,66.37,95.04,48.79,76.18,0
2025-01-01 02:03:29,22.73,66.28,94.93,48.79,76.22,0
2025-01-01 02:03:30,22.67,66.47,94.95,48.82,76.19,0
2025-01-01 02:03:31,22.78,66.42,95.04,48.87,76.2,0
2025-01-01 02:03:32,22.75,66.4,95.01,48.99,76.19,0
2025-01-01 02:03:33,22.65,66.49,95.04,48.95,76.19,0
2025-01-01 02:03:34,22.77,66.37,94.98,48.98,76.19,0
2025-01-01 02:03:35,22.76,66.53,94.96,49.07,76.24,0
2025-01-01 02:03:36,22.86,66.6,95.09,48.99,76.24,0
2025-01-01 02:03:37,22.77,66.7,95.03,49.15,76.25,0
2025-01-01 02:03:38,22.69,66.52,94.97,49.09,76.26,0
2025-01-01 02:03:39,22.86,66.45,95.0,49.12,76.33,0
2025-01-01 02:03:40,22.88,66.6,95.02,49.09,76.31,0
2025-01-01 02:03:41,22.84,66.59,95.08,49.22,76.26,0
2025-01-01 02:03:42,22.85,66.67,95.04,49.24,76.24,0
2025-01-01 02:03:43,22.84,66.64,95.02,49.26,76.31,0
2025-01-01 02:03:44,22.9,66.79,95.08,49.36,76.36,0
2025-01-01 02:03:45,22.92,66.74,95.06,49.37,76.3,0
2025-01-01 02:03:46,22.97,66.75,94.96,49.36,76.3,0
2025-01-01 02:03:47,22.92,66.75,94.99,49.39,76.39,0
2025-01-01 02:03:48,23.0,66.76,95.09,49.42,76.38,0
2025-01-01 02:03:49,22.9,66.8,95.12,49.41,76.41,0
2025-01-01 02:03:50,22.99,66.88,95.1,49.5,76.44,0
2025-01-01 02:03:51,22.98,66.79,95.1,49.54,76.46,0
2025-01-01 02:03:52,23.1,66.91,95.19,49.45,76.55,0
2025-01-01 02:03:53,23.05,66.91,95.18,49.58,76.44,0
2025-01-01 02:03:54,23.13,66.87,95.1,49.6,76.49,0
2025-01-01 02:03:55,23.07,66.92,95.24,49.67,76.49,0
2025-01-01 02:03:56,23.05,66.93,95.17,49.66,76.5,0
2025-01-01 02:03:57,23.12,66.94,95.15,49.74,76.62,0
2025-01-01 02:03:58,23.1,67.07,95.33,49.77,76.57,0
2025-01-01 02:03:59,23.15,66.94,95.2,49.7,76.59,0
2025-01-01 02:04:00,23.09,67.06,95.22,49.83,76.68,0
2025-01-01 02:04:01,23.22,67.03,95.29,49.86,76.72,0
2025-01-01 02:04:02,23.22,67.13,95.22,49.85,76.73,0
2025-01-01 02:04:03,23.22,67.07,95.3,49.95,76.61,0
2025-01-01 02:04:04,23.25,67.1,95.32,49.97,76.71,0
2025-01-01 02:04:05,23.23,67.12,95.4,49.99,76.66,0
2025-01-01 02:04:06,23.17,67.08,95.41,50.04,76.86,0
2025-01-01 02:04:07,23.21,67.22,95.32,50.05,76.81,0
2025-01-01 02:04:08,23.29,67.16,95.45,50.02,76.87,0
2025-01-01 02:04:09,23.31,67.21,95.45,50.1,76.87,0
2025-01-01 02:04:10,23.39,67.14,95.42,50.16,76.85,0
2025-01-01 02:04:11,23.33,67.22,95.55,50.17,76.84,0
2025-01-01 02:04:12,23.3,67.23,95.49,50.21,76.92,0
2025-01-01 02:04:13,23.34,67.27,95.5,50.2,76.89,0
2025-01-01 02:04:14,23.42,67.39,95.56,50.27,76.94,0
2025-01-01 02:04:15,23.4,67.26,95.65,50.35,76.94,0
2025-01-01 02:04:16,23.42,67.22,95.66,50.33,77.01,0
2025-01-01 02:04:17,23.41,67.3,95.69,50.39,77.07,0
2025-01-01 02:04:18,23.45,67.31,95.79,50.49,77.02,0
2025-01-01 02:04:19,23.47,67.33,95.81,50.44,77.11,0
2025-01-01 02:04:20,23.5,67.36,95.88,50.5,77.18,0
2025-01-01 02:04:21,23.48,67.38,95.87,50.54,77.1,0
2025-01-01 02:04:22,23.52,67.43,95.86,50.56,77.19,0
2025-01-01 02:04:23,23.42,67.35,95.95,50.56,77.23,0
2025-01-01 02:04:24,23.55,67.39,95.92,50.62,77.27,0
2025-01-01 02:04:25,23.67,67.42,96.06,50.59,77.3,0
2025-01-01 02:04:26,23.59,67.45,96.01,50.64,77.35,0
2025-01-01 02:04:27,23.56,67.49,96.09,50.77,77.39,0
2025-01-01 02:04:28,23.65,67.46,96.05,50.67,77.31,0
2025-01-01 02:04:29,23.64,67.47,96.19,50.73,77.4,0
2025-01-01 02:04:30,23.64,67.45,96.22,50.83,77.47,0
2025-01-01 02:04:31,23.7,67.49,96.17,50.84,77.54,0
2025-01-01 02:04:32,23.71,67.59,96.22,50.91,77.47,0
2025-01-01 02:04:33,23.72,67.54,96.34,50.93,77.45,0
2025-01-01 02:04:34,23.79,67.69,96.32,50.91,77.62,0
2025-01-01 02:04:35,23.75,67.58,96.47,50.87,77.55,0
2025-01-01 02:04:36,23.78,67.52,96.4,50.95,77.67,0
2025-01-01 02:04:37,23.81,67.52,96.43,50.97,77.64,0
2025-01-01 02:04:38,23.74,67.64,96.47,51.06,77.68,0
2025-01-01 02:04:39,23.77,67.7,96.63,51.07,77.7,0
2025-01-01 02:04:40,23.78,67.7,96.64,51.04,77.71,0
2025-01-01 02:04:41,23.88,67.6,96.61,51.06,77.73,0
2025-01-01 02:04:42,23.84,67.71,96.6,51.16,77.83,0
2025-01-01 02:04:43,23.94,67.69,96.72,51.13,77.9,0
2025-01-01 02:04:44,23.93,67.67,96.83,51.17,77.88,0
2025-01-01 02:04:45,23.9,67.73,96.79,51.21,77.88,0
2025-01-01 02:04:46,23.96,67.73,96.83,51.27,77.88,0
2025-01-01 02:04:47,24.07,67.7,96.99,51.28,78.0,0
2025-01-01 02:04:48,23.93,67.78,96.99,51.32,78.01,0
2025-01-01 02:04:49,24.01,67.7,97.03,51.3,78.02,0
2025-01-01 02:04:50,24.03,67.77,97.1,51.34,78.11,0
2025-01-01 02:04:51,24.05,67.77,97.14,51.43,78.06,0
2025-01-01 02:04:52,24.04,67.79,97.11,51.47,78.17,0
2025-01-01 02:04:53,24.13,67.84,97.26,51.31,78.2,0
2025-01-01 02:04:54,24.11,67.74,97.2,51.47,78.17,0
2025-01-01 02:04:55,24.22,67.81,97.41,51.47,78.3,0
2025-01-01 02:04:56,24.14,67.86,97.29,51.53,78.34,0
2025-01-01 02:04:57,24.15,67.8,97.43,51.53,78.4,0
2025-01-01 02:04:58,24.15,67.74,97.63,51.57,78.36,0
2025-01-01 02:04:59,24.25,67.88,97.58,51.53,78.45,0
2025-01-01 02:05:00,24.27,67.76,97.62,51.59,78.46,0
2025-01-01 02:05:01,24.23,67.91,97.66,51.6,78.5,0
2025-01-01 02:05:02,24.24,67.79,97.73,51.63,78.5,0
2025-01-01 02:05:03,24.26,67.71,97.84,51.68,78.49,0
2025-01-01 02:05:04,24.26,67.94,97.78,51.68,78.57,0
2025-01-01 02:05:05,24.33,67.88,97.88,51.69,78.61,0
2025-01-01 02:05:06,24.24,67.84,97.9,51.61,78.69,0
2025-01-01 02:05:07,24.34,67.91,98.03,51.75,78.73,0
2025-01-01 02:05:08,24.32,67.93,98.07,51.83,78.75,0
2025-01-01 02:05:09,24.41,67.9,98.12,51.74,78.76,0
2025-01-01 02:05:10,24.42,67.94,98.16,51.8,78.86,0
2025-01-01 02:05:11,24.38,67.87,98.26,51.74,78.81,0
2025-01-01 02:05:12,24.53,67.87,98.22,51.75,78.91,0
2025-01-01 02:05:13,24.47,68.02,98.32,51.82,79.0,0
2025-01-01 02:05:14,24.45,67.97,98.32,51.91,79.03,0
2025-01-01 02:05:15,24.47,67.98,98.54,51.77,78.99,0
2025-01-01 02:05:16,24.59,67.95,98.55,51.85,79.1,0
2025-01-01 02:05:17,24.57,67.95,98.49,51.89,79.13,0
2025-01-01 02:05:18,24.5,67.89,98.68,51.88,79.04,0
2025-01-01 02:05:19,24.54,67.97,98.75,51.85,79.17,0
2025-01-01 02:05:20,24.56,68.03,98.78,51.86,79.15,0
2025-01-01 02:05:21,24.56,68.06,98.83,51.88,79.24,0
2025-01-01 02:05:22,24.61,67.96,98.9,51.91,79.23,0
2025-01-01 02:05:23,24.71,67.94,98.92,51.89,79.28,0
2025-01-01 02:05:24,24.7,68.02,98.98,51.84,79.32,0
2025-01-01 02:05:25,24.68,67.92,99.05,51.91,79.41,0
2025-01-01 02:05:26,24.65,68.01,99.22,52.02,79.42,0
2025-01-01 02:05:27,24.78,68.01,99.2,51.96,79.52,0
2025-01-01 02:05:28,24.81,67.95,99.3,52.04,79.57,0
2025-01-01 02:05:29,24.86,67.86,99.36,51.98,79.62,0
2025-01-01 02:05:30,24.75,67.97,99.43,51.92,79.62,0
2025-01-01 02:05:31,24.82,67.98,99.48,51.92,79.61,0
2025-01-01 02:05:32,24.84,67.93,99.57,51.94,79.73,0
2025-01-01 02:05:33,24.82,68.03,99.49,52.06,79.78,0
2025-01-01 02:05:34,24.86,67.96,99.66,51.91,79.77,0
2025-01-01 02:05:35,24.86,67.98,99.67,51.95,79.89,0
2025-01-01 02:05:36,24.96,67.92,99.72,52.04,79.9,0
2025-01-01 02:05:37,24.87,68.03,99.84,51.9,79.87,0
2025-01-01 02:05:38,24.96,68.0,99.82,51.96,79.9,0
2025-01-01 02:05:39,24.96,67.97,99.94,52.02,80.06,0
2025-01-01 02:05:40,25.05,68.07,99.99,51.95,80.05,0
2025-01-01 02:05:41,25.02,68.04,100.03,52.03,80.04,0
2025-01-01 02:05:42,25.02,67.98,100.16,52.04,80.07,0
2025-01-01 02:05:43,25.08,68.02,100.24,52.05,80.22,0
2025-01-01 02:05:44,25.06,68.07,100.27,51.94,80.13,0
2025-01-01 02:05:45,25.13,68.03,100.27,51.95,80.18,0
2025-01-01 02:05:46,25.08,67.9,100.27,51.97,80.26,0
2025-01-01 02:05:47,25.18,67.93,100.38,51.96,80.29,0
2025-01-01 02:05:48,25.21,68.03,100.49,52.0,80.28,0
2025-01-01 02:05:49,25.19,67.99,100.64,52.0,80.33,0
2025-01-01 02:05:50,25.17,67.97,100.56,51.96,80.4,0
2025-01-01 02:05:51,25.25,68.02,100.7,51.88,80.39,0
2025-01-01 02:05:52,25.21,68.02,100.79,51.95,80.6,0
2025-01-01 02:05:53,25.34,68.04,100.85,51.97,80.54,0
2025-01-01 02:05:54,25.19,67.93,100.87,51.95,80.56,0
2025-01-01 02:05:55,25.32,67.87,100.97,51.94,80.6,0
2025-01-01 02:05:56,25.37,67.92,100.99,51.94,80.6,0
2025-01-01 02:05:57,25.24,67.91,101.06,51.91,80.68,0
2025-01-01 02:05:58,25.33,67.9,101.13,51.9,80.75,0
2025-01-01 02:05:59,25.35,67.86,101.06,51.88,80.77,0
2025-01-01 02:06:00,25.39,67.93,101.17,51.79,80.82,0
2025-01-01 02:06:01,25.41,67.94,101.23,51.83,80.84,0
2025-01-01 02:06:02,25.46,67.94,101.44,51.84,80.94,0
2025-01-01 02:06:03,25.47,67.95,101.48,51.82,80.9,0
2025-01-01 02:06:04,25.42,67.99,101.5,51.89,80.97,0
2025-01-01 02:06:05,25.56,67.9,101.6,51.81,81.0,0
2025-01-01 02:06:06,25.56,68.05,101.65,51.86,81.01,0
2025-01-01 02:06:07,25.55,67.92,101.74,51.79,81.14,0
2025-01-01 02:06:08,25.5,67.99,101.68,51.83,81.07,0
2025-01-01 02:06:09,25.61,67.87,101.84,51.81,81.12,0
2025-01-01 02:06:10,25.63,67.96,101.8,51.7,81.14,0
2025-01-01 02:06:11,25.56,67.85,101.95,51.76,81.14,0
2025-01-01 02:06:12,25.61,67.84,102.0,51.7,81.19,0
2025-01-01 02:06:13,25.67,67.92,101.97,51.69,81.26,0
2025-01-01 02:06:14,25.74,67.86,102.04,51.68,81.33,0
2025-01-01 02:06:15,25.73,67.94,102.19,51.65,81.39,0
2025-01-01 02:06:16,25.79,67.95,102.14,51.68,81.44,0
2025-01-01 02:06:17,25.78,67.92,102.19,51.59,81.5,0
2025-01-01 02:06:18,25.76,67.74,102.21,51.64,81.53,0
2025-01-01 02:06:19,25.71,67.9,102.34,51.54,81.5,0
2025-01-01 02:06:20,25.73,67.81,102.31,51.56,81.59,0
2025-01-01 02:06:21,25.75,67.83,102.42,51.58,81.49,0
2025-01-01 02:06:22,25.87,67.73,102.51,51.49,81.62,0
2025-01-01 02:06:23,25.78,67.9,102.51,51.44,81.76,0
2025-01-01 02:06:24,25.89,67.74,102.62,51.47,81.63,0
2025-01-01 02:06:25,25.85,67.8,102.74,51.45,81.74,0
2025-01-01 02:06:26,25.87,67.84,102.77,51.48,81.79,0
2025-01-01 02:06:27,25.85,67.83,102.78,51.4,81.84,0
2025-01-01 02:06:28,25.96,67.72,102.82,51.29,81.86,0
2025-01-01 02:06:29,26.03,67.67,102.89,51.4,81.93,0
2025-01-01 02:06:30,25.95,67.69,102.91,51.4,81.84,0
2025-01-01 02:06:31,25.94,67.72,102.94,51.31,82.03,0
2025-01-01 02:06:32,25.96,67.72,103.03,51.27,81.91,0
2025-01-01 02:06:33,26.01,67.69,103.12,51.29,81.95,0
2025-01-01 02:06:34,26.04,67.68,103.23,51.25,82.01,0
2025-01-01 02:06:35,26.04,67.68,103.2,51.24,82.11,0
2025-01-01 02:06:36,26.09,67.68,103.22,51.1,82.13,0
2025-01-01 02:06:37,26.09,67.59,103.4,51.17,82.17,0
2025-01-01 02:06:38,26.12,67.7,103.27,51.12,82.15,0
2025-01-01 02:06:39,26.19,67.61,103.43,51.1,82.27,0
2025-01-01 02:06:40,26.19,67.69,103.37,51.12,82.17,0
2025-01-01 02:06:41,26.19,67.6,103.39,51.0,82.27,0
2025-01-01 02:06:42,26.2,67.59,103.51,50.98,82.31,0
2025-01-01 02:06:43,26.21,67.61,103.59,51.03,82.37,0
2025-01-01 02:06:44,26.27,67.61,103.58,51.01,82.35,0
2025-01-01 02:06:45,26.16,67.53,103.71,50.92,82.44,0
2025-01-01 02:06:46,26.27,67.59,103.68,50.9,82.49,0
2025-01-01 02:06:47,26.28,67.57,103.71,50.87,82.45,0
2025-01-01 02:06:48,26.31,67.51,103.82,50.76,82.57,0
2025-01-01 02:06:49,26.25,67.55,103.76,50.84,82.55,0
2025-01-01 02:06:50,26.28,67.58,103.88,50.81,82.55,0
2025-01-01 02:06:51,26.41,67.43,103.77,50.67,82.57,0
2025-01-01 02:06:52,26.35,67.46,103.9,50.69,82.54,0
2025-01-01 02:06:53,26.42,67.46,103.93,50.76,82.66,0
2025-01-01 02:06:54,26.43,67.5,103.93,50.66,82.74,0
2025-01-01 02:06:55,26.44,67.38,104.01,50.63,82.63,0
2025-01-01 02:06:56,26.39,67.53,104.1,50.67,82.8,0
2025-01-01 02:06:57,26.5,67.4,104.13,50.63,82.83,0
2025-01-01 02:06:58,26.5,67.39,104.17,50.5,82.84,0
2025-01-01 02:06:59,26.48,67.36,104.13,50.48,82.81,0
2025-01-01 02:07:00,26.61,67.32,104.23,50.42,82.88,0
2025-01-01 02:07:01,26.56,67.26,104.18,50.38,82.84,0
2025-01-01 02:07:02,26.57,67.35,104.23,50.41,82.91,0
2025-01-01 02:07:03,26.57,67.29,104.34,50.45,83.0,0
2025-01-01 02:07:04,26.67,67.23,104.31,50.36,83.06,0
2025-01-01 02:07:05,26.65,67.23,104.35,50.32,83.0,0
2025-01-01 02:07:06,26.59,67.25,104.4,50.21,83.09,0
2025-01-01 02:07:07,26.63,67.25,104.48,50.23,83.11,0
2025-01-01 02:07:08,26.61,67.26,104.5,50.16,83.08,0
2025-01-01 02:07:09,26.67,67.23,104.51,50.12,83.11,0
2025-01-01 02:07:10,26.78,67.25,104.56,50.13,83.24,0
2025-01-01 02:07:11,26.76,67.18,104.55,50.08,83.18,0
2025-01-01 02:07:12,26.76,67.2,104.56,50.0,83.2,0
2025-01-01 02:07:13,26.78,67.1,104.59,50.1,83.15,0
2025-01-01 02:07:14,26.75,67.2,104.63,49.98,83.23,0
2025-01-01 02:07:15,26.82,67.1,104.67,49.98,83.27,0
2025-01-01 02:07:16,26.83,67.08,104.62,49.96,83.27,0
2025-01-01 02:07:17,26.79,67.1,104.75,49.89,83.3,0
2025-01-01 02:07:18,26.77,67.04,104.72,49.87,83.31,0
2025-01-01 02:07:19,26.88,67.04,104.86,49.85,83.21,0
2025-01-01 02:07:20,26.8,67.04,104.72,49.77,83.31,0
2025-01-01 02:07:21,26.85,67.01,104.79,49.72,83.43,0
2025-01-01 02:07:22,26.83,67.0,104.8,49.69,83.36,0
2025-01-01 02:07:23,26.92,66.93,104.79,49.74,83.46,0
2025-01-01 02:07:24,26.87,66.94,104.77,49.71,83.53,0
2025-01-01 02:07:25,26.89,66.92,104.88,49.64,83.5,0
2025-01-01 02:07:26,26.95,66.85,104.86,49.66,83.51,0
2025-01-01 02:07:27,27.05,66.79,104.89,49.54,83.47,0
2025-01-01 02:07:28,27.05,66.85,104.86,49.56,83.42,0
2025-01-01 02:07:29,27.06,66.93,104.94,49.53,83.54,0
2025-01-01 02:07:30,26.96,66.88,104.95,49.5,83.58,0
2025-01-01 02:07:31,27.04,66.77,105.04,49.43,83.56,0
2025-01-01 02:07:32,27.1,66.77,104.93,49.48,83.64,0
2025-01-01 02:07:33,27.09,66.68,104.96,49.33,83.6,0
2025-01-01 02:07:34,27.08,66.73,104.98,49.39,83.68,0
2025-01-01 02:07:35,27.02,66.83,104.96,49.38,83.53,0
2025-01-01 02:07:36,27.08,66.61,104.92,49.29,83.65,0
2025-01-01 02:07:37,27.18,66.75,104.92,49.23,83.63,0
2025-01-01 02:07:38,27.18,66.65,104.98,49.24,83.69,0
2025-01-01 02:07:39,27.1,66.62,104.97,49.21,83.63,0
2025-01-01 02:07:40,27.16,66.56,105.0,49.21,83.7,0
2025-01-01 02:07:41,27.23,66.49,105.07,49.19,83.7,0
2025-01-01 02:07:42,27.14,66.48,105.04,49.09,83.74,0
2025-01-01 02:07:43,27.14,66.62,104.95,49.07,83.78,0
2025-01-01 02:07:44,27.19,66.48,104.98,49.07,83.77,0
2025-01-01 02:07:45,27.3,66.44,105.04,48.93,83.76,0
2025-01-01 02:07:46,27.2,66.4,105.01,48.98,83.7,0
2025-01-01 02:07:47,27.35,66.45,105.0,49.02,83.87,0
2025-01-01 02:07:48,27.25,66.31,105.03,48.88,83.9,0
2025-01-01 02:07:49,27.24,66.37,104.93,48.84,83.84,0
2025-01-01 02:07:50,27.28,66.34,105.09,48.9,83.86,0
2025-01-01 02:07:51,27.16,66.38,105.14,48.84,83.83,0
2025-01-01 02:07:52,27.32,66.24,105.01,48.89,83.84,0
2025-01-01 02:07:53,27.3,66.29,104.95,48.72,83.87,0
2025-01-01 02:07:54,27.31,66.33,105.03,48.83,83.94,0
2025-01-01 02:07:55,27.36,66.2,105.03,48.76,83.84,0
2025-01-01 02:07:56,27.32,66.15,104.85,48.73,83.85,0
2025-01-01 02:07:57,27.34,66.19,104.94,48.65,84.0,0
2025-01-01 02:07:58,27.31,66.09,104.96,48.63,83.9,0
2025-01-01 02:07:59,27.35,66.16,104.94,48.64,83.91,0
2025-01-01 02:08:00,27.38,66.11,104.97,48.69,84.0,0
2025-01-01 02:08:01,27.45,66.14,104.85,48.55,83.98,0
2025-01-01 02:08:02,27.43,66.08,104.94,48.61,83.9,0
2025-01-01 02:08:03,27.45,65.99,104.84,48.46,83.97,0
2025-01-01 02:08:04,27.37,66.03,104.93,48.55,83.97,0
2025-01-01 02:08:05,27.55,66.0,104.81,48.51,84.07,0
2025-01-01 02:08:06,27.43,65.89,104.87,48.47,83.95,0
2025-01-01 02:08:07,27.43,65.83,104.75,48.54,83.98,0
2025-01-01 02:08:08,27.41,65.96,104.87,48.5,83.96,0
2025-01-01 02:08:09,27.5,65.88,104.86,48.39,83.95,0
2025-01-01 02:08:10,27.56,65.91,104.76,48.43,84.0,0
2025-01-01 02:08:11,27.52,65.78,104.69,48.34,83.94,0
2025-01-01 02:08:12,27.56,65.85,104.74,48.31,84.04,0
2025-01-01 02:08:13,27.57,65.79,104.68,48.39,84.05,0
2025-01-01 02:08:14,27.56,65.77,104.74,48.3,83.99,0
2025-01-01 02:08:15,27.58,65.66,104.69,48.35,83.99,0
2025-01-01 02:08:16,27.61,65.75,104.62,48.3,83.97,0
2025-01-01 02:08:17,27.57,65.67,104.63,48.29,84.0,0
2025-01-01 02:08:18,27.63,65.71,104.65,48.27,84.03,0
2025-01-01 02:08:19,27.6,65.59,104.59,48.24,84.04,0
2025-01-01 02:08:20,27.69,65.56,104.44,48.32,83.97,0
2025-01-01 02:08:21,27.65,65.58,104.59,48.29,83.98,0
2025-01-01 02:08:22,27.71,65.52,104.63,48.24,83.99,0
2025-01-01 02:08:23,27.62,65.35,104.49,48.23,84.03,0
2025-01-01 02:08:24,27.55,65.39,104.46,48.25,83.99,0
2025-01-01 02:08:25,27.73,65.37,104.41,48.14,84.05,0
2025-01-01 02:08:26,27.66,65.48,104.36,48.08,83.93,0
2025-01-01 02:08:27,27.66,65.38,104.31,48.08,84.02,0
2025-01-01 02:08:28,27.54,65.31,104.24,48.07,83.99,0
2025-01-01 02:08:29,27.7,65.29,104.34,48.1,84.06,0
2025-01-01 02:08:30,27.75,65.23,104.34,48.11,84.06,0
2025-01-01 02:08:31,27.71,65.26,104.23,48.07,84.02,0
2025-01-01 02:08:32,27.83,65.1,104.22,48.03,83.82,0
2025-01-01 02:08:33,27.77,65.21,104.18,48.08,83.99,0
2025-01-01 02:08:34,27.72,65.17,104.14,48.12,83.94,0
2025-01-01 02:08:35,27.75,65.12,104.01,48.09,83.86,0
2025-01-01 02:08:36,27.79,65.1,103.96,47.97,83.88,0
2025-01-01 02:08:37,27.76,65.13,103.99,48.06,83.98,0
2025-01-01 02:08:38,27.84,65.03,103.93,48.05,83.88,0
2025-01-01 02:08:39,27.88,65.04,103.93,48.05,83.91,0
2025-01-01 02:08:40,27.78,64.99,103.87,48.12,83.86,0
2025-01-01 02:08:41,27.83,64.9,103.8,47.93,83.9,0
2025-01-01 02:08:42,27.78,64.96,103.82,48.02,83.8,0
2025-01-01 02:08:43,27.85,64.84,103.69,48.03,83.8,0
2025-01-01 02:08:44,27.72,64.91,103.69,47.92,83.81,0
2025-01-01 02:08:45,27.8,64.87,103.6,47.94,83.89,0
2025-01-01 02:08:46,27.82,64.79,103.61,48.1,83.77,0
2025-01-01 02:08:47,27.86,64.82,103.57,47.96,83.86,0
2025-01-01 02:08:48,27.9,64.67,103.62,48.0,83.83,0
2025-01-01 02:08:49,27.93,64.72,103.51,47.97,83.93,0
2025-01-01 02:08:50,27.82,64.66,103.49,48.03,83.89,0
2025-01-01 02:08:51,27.87,64.61,103.49,48.0,83.81,0
2025-01-01 02:08:52,27.88,64.63,103.41,47.98,83.66,0
2025-01-01 02:08:53,27.8,64.46,103.32,47.89,83.73,0
2025-01-01 02:08:54,27.89,64.56,103.3,48.05,83.75,0
2025-01-01 02:08:55,27.88,64.48,103.19,48.02,83.63,0
2025-01-01 02:08:56,27.95,64.4,103.19,48.03,83.76,0
2025-01-01 02:08:57,27.82,64.4,103.16,48.11,83.68,0
2025-01-01 02:08:58,27.88,64.48,103.12,48.09,83.61,0
2025-01-01 02:08:59,27.94,64.3,102.97,48.06,83.68,0
2025-01-01 02:09:00,27.89,64.39,102.97,48.02,83.63,0
2025-01-01 02:09:01,27.91,64.35,102.88,48.01,83.56,0
2025-01-01 02:09:02,28.02,64.23,102.84,48.04,83.64,0
2025-01-01 02:09:03,27.96,64.19,102.81,47.99,83.59,0
2025-01-01 02:09:04,28.0,64.15,102.81,48.04,83.51,0
2025-01-01 02:09:05,27.97,64.26,102.75,48.06,83.53,0
2025-01-01 02:09:06,28.04,64.13,102.64,48.08,83.54,0
2025-01-01 02:09:07,27.97,64.15,102.69,48.11,83.51,0
2025-01-01 02:09:08,27.97,64.01,102.62,48.1,83.51,0
2025-01-01 02:09:09,28.04,64.04,102.53,48.09,83.47,0
2025-01-01 02:09:10,27.9,64.0,102.35,48.18,83.49,0
2025-01-01 02:09:11,27.97,63.91,102.4,48.05,83.47,0
2025-01-01 02:09:12,27.96,63.98,102.37,48.17,83.43,0
2025-01-01 02:09:13,27.92,63.85,102.3,48.15,83.36,0
2025-01-01 02:09:14,27.96,63.84,102.36,48.16,83.33,0
2025-01-01 02:09:15,27.96,63.87,102.26,48.29,83.35,0
2025-01-01 02:09:16,28.01,63.71,102.11,48.15,83.35,0
2025-01-01 02:09:17,27.98,63.74,102.03,48.27,83.18,0
2025-01-01 02:09:18,27.97,63.69,101.91,48.26,83.27,0
2025-01-01 02:09:19,28.01,63.76,101.97,48.3,83.32,0
2025-01-01 02:09:20,28.01,63.58,101.82,48.29,83.21,0
2025-01-01 02:09:21,28.05,63.56,101.84,48.23,83.19,0
2025-01-01 02:09:22,27.94,63.51,101.78,48.28,83.31,0
2025-01-01 02:09:23,28.03,63.57,101.72,48.33,83.14,0
2025-01-01 02:09:24,28.12,63.47,101.63,48.31,83.15,0
2025-01-01 02:09:25,28.06,63.5,101.57,48.32,83.17,0
2025-01-01 02:09:26,28.1,63.4,101.61,48.31,83.04,0
2025-01-01 02:09:27,27.94,63.39,101.48,48.41,83.12,0
2025-01-01 02:09:28,27.96,63.34,101.36,48.48,83.09,0
2025-01-01 02:09:29,28.02,63.3,101.34,48.37,83.02,0
2025-01-01 02:09:30,28.04,63.36,101.29,48.48,83.03,0
2025-01-01 02:09:31,28.06,63.19,101.23,48.46,82.91,0
2025-01-01 02:09:32,28.07,63.19,101.18,48.52,82.93,0
2025-01-01 02:09:33,27.99,63.11,101.2,48.5,82.85,0
2025-01-01 02:09:34,28.0,63.22,101.02,48.59,82.86,0
2025-01-01 02:09:35,28.01,63.12,100.92,48.53,82.89,0
2025-01-01 02:09:36,28.0,63.05,100.98,48.55,82.87,0
2025-01-01 02:09:37,28.04,63.02,100.9,48.68,82.75,0
2025-01-01 02:09:38,28.03,63.05,100.85,48.64,82.87,0
2025-01-01 02:09:39,28.01,63.0,100.74,48.73,82.7,0
2025-01-01 02:09:40,28.01,62.86,100.79,48.69,82.64,0
2025-01-01 02:09:41,28.0,62.88,100.63,48.68,82.72,0
2025-01-01 02:09:42,28.06,62.74,100.53,48.74,82.61,0
2025-01-01 02:09:43,28.02,62.87,100.49,48.85,82.53,0
2025-01-01 02:09:44,28.02,62.71,100.47,48.71,82.51,0
2025-01-01 02:09:45,28.02,62.67,100.37,48.92,82.55,0
2025-01-01 02:09:46,28.04,62.63,100.25,48.85,82.44,0
2025-01-01 02:09:47,27.96,62.64,100.25,48.9,82.51,0
2025-01-01 02:09:48,27.93,62.54,100.09,48.89,82.49,0
2025-01-01 02:09:49,28.06,62.56,100.2,48.96,82.43,0
2025-01-01 02:09:50,27.96,62.4,100.13,48.96,82.46,0
2025-01-01 02:09:51,27.94,62.6,100.0,48.96,82.35,0
2025-01-01 02:09:52,27.99,62.44,99.92,48.93,82.28,0
2025-01-01 02:09:53,28.03,62.36,99.8,49.0,82.29,0
2025-01-01 02:09:54,27.94,62.35,99.78,49.13,82.28,0
2025-01-01 02:09:55,28.09,62.31,99.75,49.17,82.24,0
2025-01-01 02:09:56,27.92,62.31,99.72,49.05,82.16,0
2025-01-01 02:09:57,27.98,62.32,99.67,49.15,82.12,0
2025-01-01 02:09:58,28.01,62.09,99.53,49.27,82.14,0
2025-01-01 02:09:59,27.93,62.11,99.55,49.24,82.08,0
2025-01-01 02:10:00,27.98,62.14,99.45,49.2,82.0,0
2025-01-01 02:10:01,27.99,62.12,99.41,49.27,82.06,0
2025-01-01 02:10:02,27.93,62.12,99.29,49.3,81.98,0
2025-01-01 02:10:03,27.99,62.02,99.26,49.34,81.97,0
2025-01-01 02:10:04,27.94,61.94,99.21,49.4,82.03,0
2025-01-01 02:10:05,27.91,61.9,99.15,49.37,81.83,0
2025-01-01 02:10:06,27.87,61.86,99.04,49.39,81.83,0
2025-01-01 02:10:07,27.82,61.89,98.99,49.47,81.84,0
2025-01-01 02:10:08,27.95,61.79,98.98,49.6,81.72,0
2025-01-01 02:10:09,27.96,61.73,98.95,49.52,81.7,0
2025-01-01 02:10:10,27.98,61.78,98.8,49.59,81.67,0
2025-01-01 02:10:11,27.84,61.72,98.75,49.57,81.73,0
2025-01-01 02:10:12,27.87,61.67,98.77,49.64,81.59,0
2025-01-01 02:10:13,27.92,61.65,98.7,49.78,81.57,0
2025-01-01 02:10:14,27.91,61.53,98.62,49.72,81.55,0
2025-01-01 02:10:15,27.87,61.53,98.54,49.7,81.5,0
2025-01-01 02:10:16,27.89,61.43,98.42,49.75,81.56,0
2025-01-01 02:10:17,27.84,61.47,98.36,49.78,81.37,0
2025-01-01 02:10:18,27.91,61.37,98.4,49.87,81.4,0
2025-01-01 02:10:19,27.92,61.55,98.32,49.83,81.45,0
2025-01-01 02:10:20,27.88,61.46,98.21,49.98,81.33,0
2025-01-01 02:10:21,28.0,61.3,98.33,49.97,81.34,0
2025-01-01 02:10:22,27.94,61.23,98.17,49.97,81.27,0
2025-01-01 02:10:23,27.85,61.26,98.09,49.99,81.23,0
2025-01-01 02:10:24,27.73,61.24,98.09,50.06,81.1,0
2025-01-01 02:10:25,27.87,61.12,97.96,50.12,81.17,0
2025-01-01 02:10:26,27.89,61.12,97.9,50.15,81.1,0
2025-01-01 02:10:27,27.79,61.1,97.78,50.14,81.0,0
2025-01-01 02:10:28,27.79,61.01,97.73,50.24,81.08,0
2025-01-01 02:10:29,27.88,60.99,97.7,50.25,81.0,0
2025-01-01 02:10:30,27.81,60.83,97.7,50.28,80.95,0
2025-01-01 02:10:31,27.84,60.95,97.58,50.27,80.86,0
2025-01-01 02:10:32,27.86,60.93,97.52,50.34,80.89,0
2025-01-01 02:10:33,27.75,60.84,97.54,50.39,80.95,0
2025-01-01 02:10:34,27.78,60.79,97.48,50.37,80.76,0
2025-01-01 02:10:35,27.72,60.59,97.43,50.33,80.71,0
2025-01-01 02:10:36,27.77,60.7,97.45,50.37,80.83,0
2025-01-01 02:10:37,27.82,60.72,97.36,50.5,80.59,0
2025-01-01 02:10:38,27.77,60.56,97.21,50.5,80.59,0
2025-01-01 02:10:39,27.78,60.59,97.2,50.54,80.6,0
2025-01-01 02:10:40,27.68,60.5,97.13,50.52,80.63,0
2025-01-01 02:10:41,27.65,60.64,97.1,50.61,80.49,0
2025-01-01 02:10:42,27.74,60.47,97.05,50.68,80.51,0
2025-01-01 02:10:43,27.76,60.47,96.93,50.56,80.45,0
2025-01-01 02:10:44,27.7,60.5,96.93,50.72,80.44,0
2025-01-01 02:10:45,27.71,60.4,96.84,50.68,80.34,0
2025-01-01 02:10:46,27.57,60.32,96.8,50.78,80.31,0
2025-01-01 02:10:47,27.61,60.34,96.79,50.84,80.29,0
2025-01-01 02:10:48,27.68,60.17,96.8,50.87,80.24,0
2025-01-01 02:10:49,27.66,60.25,96.67,50.77,80.18,0
2025-01-01 02:10:50,27.64,60.16,96.71,50.83,80.12,0
2025-01-01 02:10:51,27.57,60.14,96.52,50.95,80.07,0
2025-01-01 02:10:52,27.58,60.17,96.61,50.95,80.01,0
2025-01-01 02:10:53,27.71,60.03,96.52,51.02,79.94,0
2025-01-01 02:10:54,27.57,60.0,96.47,50.94,80.02,0
2025-01-01 02:10:55,27.59,60.04,96.47,51.02,79.95,0
2025-01-01 02:10:56,27.63,59.93,96.31,51.16,79.87,0
2025-01-01 02:10:57,27.69,59.9,96.3,50.97,79.92,0
2025-01-01 02:10:58,27.48,59.86,96.39,51.06,79.88,0
2025-01-01 02:10:59,27.51,59.86,96.25,51.14,79.86,0
2025-01-01 02:11:00,27.57,59.72,96.3,51.09,79.77,0
2025-01-01 02:11:01,27.48,59.64,96.11,51.19,79.74,0
2025-01-01 02:11:02,27.57,59.75,96.14,51.2,79.73,0
2025-01-01 02:11:03,27.47,59.56,96.14,51.31,79.6,0
2025-01-01 02:11:04,27.59,59.63,96.07,51.25,79.65,0
2025-01-01 02:11:05,27.4,59.54,95.98,51.23,79.6,0
2025-01-01 02:11:06,27.49,59.56,95.96,51.37,79.52,0
2025-01-01 02:11:07,27.43,59.45,95.84,51.41,79.53,0
2025-01-01 02:11:08,27.59,59.42,95.87,51.29,79.49,0
2025-01-01 02:11:09,27.47,59.48,95.82,51.43,79.38,0
2025-01-01 02:11:10,27.49,59.39,95.75,51.41,79.26,0
2025-01-01 02:11:11,27.35,59.26,95.77,51.43,79.33,0
2025-01-01 02:11:12,27.41,59.28,95.78,51.41,79.29,0
2025-01-01 02:11:13,27.46,59.23,95.76,51.51,79.29,0
2025-01-01 02:11:14,27.39,59.24,95.72,51.54,79.23,0
2025-01-01 02:11:15,27.31,59.1,95.65,51.61,79.16,0
2025-01-01 02:11:16,27.37,59.02,95.65,51.56,78.99,0
2025-01-01 02:11:17,27.35,59.0,95.57,51.63,79.1,0
2025-01-01 02:11:18,27.3,59.01,95.56,51.6,78.99,0
2025-01-01 02:11:19,27.37,58.94,95.46,51.67,78.99,0
2025-01-01 02:11:20,27.3,58.99,95.48,51.64,79.0,0
2025-01-01 02:11:21,27.37,58.9,95.47,51.68,78.94,0
2025-01-01 02:11:22,27.27,58.96,95.38,51.6,78.81,0
2025-01-01 02:11:23,27.32,58.87,95.37,51.68,78.85,0
2025-01-01 02:11:24,27.14,58.81,95.36,51.74,78.76,0
2025-01-01 02:11:25,27.25,58.83,95.44,51.75,78.77,0
2025-01-01 02:11:26,27.15,58.7,95.36,51.73,78.66,0
2025-01-01 02:11:27,27.23,58.63,95.42,51.77,78.75,0
2025-01-01 02:11:28,27.24,58.75,95.33,51.75,78.65,0
2025-01-01 02:11:29,27.26,58.54,95.26,51.8,78.62,0
2025-01-01 02:11:30,27.22,58.5,95.27,51.79,78.54,0
2025-01-01 02:11:31,27.2,58.52,95.25,51.78,78.53,0
2025-01-01 02:11:32,27.09,58.53,95.29,51.92,78.54,0
2025-01-01 02:11:33,27.11,58.43,95.24,51.85,78.47,0
2025-01-01 02:11:34,27.1,58.47,95.18,51.92,78.45,0
2025-01-01 02:11:35,27.08,58.33,95.18,51.89,78.39,0
2025-01-01 02:11:36,27.12,58.31,95.16,51.82,78.4,0
2025-01-01 02:11:37,27.05,58.37,95.19,51.9,78.39,0
2025-01-01 02:11:38,27.07,58.3,95.09,51.93,78.32,0
2025-01-01 02:11:39,26.96,58.29,95.07,51.85,78.12,0
2025-01-01 02:11:40,27.05,58.09,95.08,51.96,78.23,0
2025-01-01 02:11:41,26.98,58.06,95.09,51.97,78.22,0
2025-01-01 02:11:42,27.08,58.06,95.02,51.95,78.16,0
2025-01-01 02:11:43,26.98,58.02,94.94,51.9,78.14,0
2025-01-01 02:11:44,26.98,58.07,95.08,51.99,78.12,0
2025-01-01 02:11:45,26.95,57.98,94.91,51.93,78.02,0
2025-01-01 02:11:46,26.93,57.9,95.09,51.92,78.07,0
2025-01-01 02:11:47,26.87,57.87,95.0,51.95,78.04,0
2025-01-01 02:11:48,26.89,57.85,94.99,51.97,77.95,0
2025-01-01 02:11:49,26.88,57.82,95.07,52.0,77.85,0
2025-01-01 02:11:50,26.87,57.76,95.04,51.99,77.93,0
2025-01-01 02:11:51,26.82,57.74,94.96,51.99,77.76,0
2025-01-01 02:11:52,26.86,57.71,95.02,52.03,77.82,0
2025-01-01 02:11:53,26.76,57.65,95.0,51.98,77.76,0
2025-01-01 02:11:54,26.89,57.64,95.02,51.9,77.78,0
2025-01-01 02:11:55,26.94,57.66,94.98,52.11,77.71,0
2025-01-01 02:11:56,26.79,57.55,94.99,51.89,77.71,0
2025-01-01 02:11:57,26.75,57.51,95.01,51.98,77.66,0
2025-01-01 02:11:58,26.8,57.5,94.99,51.99,77.62,0
2025-01-01 02:11:59,26.69,57.46,95.04,52.0,77.56,0
2025-01-01 02:12:00,26.7,57.44,94.95,51.96,77.47,0
2025-01-01 02:12:01,26.7,57.41,95.07,52.07,77.48,0
2025-01-01 02:12:02,26.69,57.31,95.09,52.06,77.49,0
2025-01-01 02:12:03,26.63,57.12,94.94,51.9,77.38,0
2025-01-01 02:12:04,26.74,57.19,94.97,51.94,77.55,0
2025-01-01 02:12:05,26.63,57.27,95.03,51.88,77.47,0
2025-01-01 02:12:06,26.63,57.18,95.12,51.96,77.35,0
2025-01-01 02:12:07,26.58,57.2,95.08,51.99,77.28,0
2025-01-01 02:12:08,26.56,57.05,95.11,51.89,77.38,0
2025-01-01 02:12:09,26.62,57.02,95.04,51.92,77.29,0
2025-01-01 02:12:10,26.61,57.09,95.05,52.01,77.3,0
2025-01-01 02:12:11,26.52,56.99,95.16,52.0,77.28,0
2025-01-01 02:12:12,26.64,56.99,95.11,52.0,77.29,0
2025-01-01 02:12:13,26.46,56.91,95.05,51.94,77.2,0
2025-01-01 02:12:14,26.43,56.94,95.09,51.89,77.19,0
2025-01-01 02:12:15,26.43,56.78,95.17,51.9,77.16,0
2025-01-01 02:12:16,26.48,56.72,95.21,51.99,77.13,0
2025-01-01 02:12:17,26.48,56.76,95.13,51.9,77.09,0
2025-01-01 02:12:18,26.45,56.72,95.15,51.8,77.05,0
2025-01-01 02:12:19,26.37,56.69,95.28,51.89,77.01,0
2025-01-01 02:12:20,26.41,56.74,95.13,51.82,76.96,0
2025-01-01 02:12:21,26.3,56.61,95.15,51.89,76.92,0
2025-01-01 02:12:22,26.34,56.59,95.27,51.7,76.94,0
2025-01-01 02:12:23,26.3,56.58,95.21,51.83,76.96,0
2025-01-01 02:12:24,26.31,56.48,95.25,51.83,76.89,0
2025-01-01 02:12:25,26.3,56.48,95.32,51.78,76.82,0
2025-01-01 02:12:26,26.3,56.46,95.39,51.82,76.83,0
2025-01-01 02:12:27,26.27,56.36,95.35,51.77,76.71,0
2025-01-01 02:12:28,26.25,56.33,95.33,51.71,76.77,0
2025-01-01 02:12:29,26.14,56.38,95.41,51.82,76.76,0
2025-01-01 02:12:30,26.22,56.26,95.36,51.73,76.67,0
2025-01-01 02:12:31,26.2,56.36,95.5,51.71,76.71,0
2025-01-01 02:12:32,26.13,56.23,95.45,51.6,76.68,0
2025-01-01 02:12:33,26.19,56.13,95.57,51.71,76.68,0
2025-01-01 02:12:34,26.13,56.15,95.53,51.6,76.64,0
2025-01-01 02:12:35,26.1,56.22,95.59,51.6,76.61,0
2025-01-01 02:12:36,26.04,56.07,95.63,51.56,76.56,0
2025-01-01 02:12:37,26.03,56.02,95.67,51.58,76.56,0
2025-01-01 02:12:38,26.04,56.04,95.61,51.48,76.62,0
2025-01-01 02:12:39,26.07,56.01,95.73,51.62,76.5,0
2025-01-01 02:12:40,25.95,55.99,95.64,51.51,76.5,0
2025-01-01 02:12:41,26.02,55.9,95.8,51.44,76.53,0
2025-01-01 02:12:42,25.93,55.91,95.73,51.46,76.54,0
2025-01-01 02:12:43,25.95,55.91,95.81,51.41,76.46,0
2025-01-01 02:12:44,25.96,55.72,95.87,51.37,76.38,0
2025-01-01 02:12:45,25.93,55.85,95.89,51.32,76.38,0
2025-01-01 02:12:46,25.87,55.76,95.91,51.39,76.45,0
2025-01-01 02:12:47,25.89,55.76,95.94,51.51,76.41,0
2025-01-01 02:12:48,25.88,55.77,95.99,51.28,76.43,0
2025-01-01 02:12:49,25.9,55.66,96.11,51.29,76.4,0
2025-01-01 02:12:50,25.89,55.62,96.09,51.32,76.31,0
2025-01-01 02:12:51,25.75,55.65,96.12,51.21,76.32,0
2025-01-01 02:12:52,25.8,55.47,96.18,51.23,76.38,0
2025-01-01 02:12:53,25.74,55.58,96.18,51.19,76.3,0
2025-01-01 02:12:54,25.84,55.42,96.25,51.16,76.27,0
2025-01-01 02:12:55,25.74,55.5,96.29,51.19,76.24,0
2025-01-01 02:12:56,25.69,55.37,96.41,51.09,76.23,0
2025-01-01 02:12:57,25.71,55.44,96.31,51.13,76.21,0
2025-01-01 02:12:58,25.73,55.32,96.43,51.05,76.16,0
2025-01-01 02:12:59,25.57,55.28,96.49,50.92,76.22,0
2025-01-01 02:13:00,25.63,55.2,96.44,50.95,76.19,0
2025-01-01 02:13:01,25.67,55.31,96.51,50.92,76.1,0
2025-01-01 02:13:02,25.56,55.18,96.57,50.93,76.14,0
2025-01-01 02:13:03,25.54,55.16,96.59,50.97,76.18,0
2025-01-01 02:13:04,25.56,55.21,96.71,50.94,76.17,0
2025-01-01 02:13:05,25.53,55.1,96.67,50.89,76.13,0
2025-01-01 02:13:06,25.43,54.99,96.86,50.76,76.09,0
2025-01-01 02:13:07,25.54,55.0,96.83,50.87,76.22,0
2025-01-01 02:13:08,25.44,55.03,96.83,50.75,76.17,0
2025-01-01 02:13:09,25.37,55.03,96.89,50.79,76.16,0
2025-01-01 02:13:10,25.4,54.96,97.0,50.74,75.96,0
2025-01-01 02:13:11,25.44,55.02,97.01,50.7,76.14,0
2025-01-01 02:13:12,25.39,54.95,97.05,50.62,76.04,0
2025-01-01 02:13:13,25.37,54.97,97.06,50.62,76.08,0
2025-01-01 02:13:14,25.41,54.93,97.11,50.53,76.03,0
2025-01-01 02:13:15,25.3,54.8,97.22,50.49,76.02,0
2025-01-01 02:13:16,25.26,54.81,97.25,50.48,76.0,0
2025-01-01 02:13:17,25.2,54.84,97.29,50.6,76.08,0
2025-01-01 02:13:18,25.35,54.77,97.37,50.4,75.99,0
2025-01-01 02:13:19,25.3,54.71,97.45,50.44,76.05,0
2025-01-01 02:13:20,25.2,54.72,97.46,50.37,76.06,0
2025-01-01 02:13:21,25.2,54.54,97.57,50.4,75.93,0
2025-01-01 02:13:22,25.13,54.71,97.59,50.3,76.0,0
2025-01-01 02:13:23,25.11,54.57,97.68,50.27,76.04,0
2025-01-01 02:13:24,25.23,54.52,97.7,50.29,75.96,0
2025-01-01 02:13:25,25.13,54.61,97.73,50.26,76.0,0
2025-01-01 02:13:26,25.19,54.41,97.8,50.09,75.97,0
2025-01-01 02:13:27,25.05,54.45,97.8,50.13,76.03,0
2025-01-01 02:13:28,24.98,54.4,98.04,50.12,75.91,0
2025-01-01 02:13:29,24.97,54.41,97.97,50.04,76.11,0
2025-01-01 02:13:30,25.15,54.36,98.07,50.08,76.05,0
2025-01-01 02:13:31,24.97,54.44,98.08,50.02,76.0,0
2025-01-01 02:13:32,24.97,54.33,98.08,49.87,75.99,0
2025-01-01 02:13:33,24.92,54.32,98.22,49.94,76.07,0
2025-01-01 02:13:34,24.94,54.19,98.25,49.96,75.91,0
2025-01-01 02:13:35,24.92,54.26,98.45,49.93,76.01,0
2025-01-01 02:13:36,24.93,54.11,98.32,49.87,76.01,0
2025-01-01 02:13:37,24.9,54.18,98.43,49.81,75.95,0
2025-01-01 02:13:38,24.85,54.09,98.46,49.83,76.0,0
2025-01-01 02:13:39,24.87,54.13,98.53,49.69,75.99,0
2025-01-01 02:13:40,24.83,54.13,98.62,49.74,75.94,0
2025-01-01 02:13:41,24.84,54.01,98.72,49.7,75.93,0
2025-01-01 02:13:42,24.82,54.09,98.8,49.6,76.03,0
2025-01-01 02:13:43,24.8,54.05,98.82,49.58,76.08,0
2025-01-01 02:13:44,24.79,53.98,98.82,49.54,76.1,0
2025-01-01 02:13:45,24.77,53.96,98.91,49.45,76.03,0
2025-01-01 02:13:46,24.64,53.94,99.04,49.46,76.06,0
2025-01-01 02:13:47,24.73,53.92,99.01,49.48,76.1,0
2025-01-01 02:13:48,24.68,53.88,99.16,49.47,76.0,0
2025-01-01 02:13:49,24.67,53.91,99.1,49.3,76.01,0
2025-01-01 02:13:50,24.62,53.88,99.18,49.41,75.93,0
2025-01-01 02:13:51,24.61,53.79,99.39,49.25,76.08,0
2025-01-01 02:13:52,24.49,53.76,99.26,49.43,76.07,0
2025-01-01 02:13:53,24.55,53.76,99.35,49.34,76.13,0
2025-01-01 02:13:54,24.59,53.67,99.53,49.3,76.09,0
2025-01-01 02:13:55,24.57,53.72,99.45,49.21,76.09,0
2025-01-01 02:13:56,24.51,53.73,99.51,49.17,76.08,0
2025-01-01 02:13:57,24.44,53.62,99.66,49.19,76.15,0
2025-01-01 02:13:58,24.47,53.67,99.84,49.14,76.2,0
2025-01-01 02:13:59,24.49,53.7,99.81,49.06,76.17,0
2025-01-01 02:14:00,24.44,53.63,99.8,49.14,76.17,0
2025-01-01 02:14:01,24.45,53.58,99.91,49.05,76.21,0
2025-01-01 02:14:02,24.48,53.44,100.0,49.02,76.18,0
2025-01-01 02:14:03,24.25,53.54,100.03,48.94,76.2,0
2025-01-01 02:14:04,24.33,53.41,100.1,48.99,76.19,0
2025-01-01 02:14:05,24.34,53.47,100.21,48.92,76.27,0
2025-01-01 02:14:06,24.29,53.54,100.2,48.87,76.24,0
2025-01-01 02:14:07,24.25,53.36,100.32,48.72,76.22,0
2025-01-01 02:14:08,24.2,53.41,100.24,48.87,76.3,0
2025-01-01 02:14:09,24.17,53.39,100.43,48.86,76.21,0
2025-01-01 02:14:10,24.15,53.43,100.43,48.76,76.33,0
2025-01-01 02:14:11,24.15,53.32,100.58,48.69,76.29,0
2025-01-01 02:14:12,24.14,53.27,100.65,48.81,76.34,0
2025-01-01 02:14:13,24.2,53.31,100.62,48.73,76.28,0
2025-01-01 02:14:14,24.1,53.26,100.66,48.62,76.33,0
2025-01-01 02:14:15,24.19,53.32,100.78,48.69,76.35,0
2025-01-01 02:14:16,24.01,53.18,100.83,48.65,76.39,0
2025-01-01 02:14:17,24.08,53.18,100.92,48.55,76.45,0
2025-01-01 02:14:18,24.05,53.29,100.95,48.57,76.4,0
2025-01-01 02:14:19,24.03,53.19,101.02,48.62,76.47,0
2025-01-01 02:14:20,24.04,53.16,101.15,48.58,76.48,0
2025-01-01 02:14:21,24.04,53.06,101.28,48.55,76.52,0
2025-01-01 02:14:22,24.0,52.99,101.19,48.5,76.47,0
2025-01-01 02:14:23,23.94,53.06,101.31,48.54,76.54,0
2025-01-01 02:14:24,23.93,53.04,101.33,48.47,76.57,0
2025-01-01 02:14:25,23.92,53.07,101.41,48.41,76.48,0
2025-01-01 02:14:26,23.88,53.1,101.36,48.48,76.5,0
2025-01-01 02:14:27,23.87,52.98,101.6,48.4,76.6,0
2025-01-01 02:14:28,23.84,53.01,101.54,48.36,76.61,0
2025-01-01 02:14:29,23.91,53.0,101.58,48.32,76.62,0
2025-01-01 02:14:30,23.86,52.99,101.7,48.23,76.71,0
2025-01-01 02:14:31,23.77,52.89,101.76,48.31,76.74,0
2025-01-01 02:14:32,23.78,52.86,101.79,48.35,76.75,0
2025-01-01 02:14:33,23.8,52.95,101.92,48.32,76.68,0
2025-01-01 02:14:34,23.82,52.86,101.9,48.23,76.76,0
2025-01-01 02:14:35,23.73,52.86,101.97,48.26,76.82,0
2025-01-01 02:14:36,23.73,52.8,101.93,48.27,76.82,0
2025-01-01 02:14:37,23.71,52.87,102.03,48.22,76.79,0
2025-01-01 02:14:38,23.74,52.69,102.19,48.24,76.82,0
2025-01-01 02:14:39,23.69,52.74,102.23,48.23,76.84,0
2025-01-01 02:14:40,23.6,52.82,102.36,48.2,76.94,0
2025-01-01 02:14:41,23.63,52.76,102.33,48.15,77.01,0
2025-01-01 02:14:42,23.64,52.75,102.36,48.15,77.03,0
2025-01-01 02:14:43,23.62,52.72,102.43,48.12,76.92,0
2025-01-01 02:14:44,23.68,52.75,102.54,48.07,77.09,0
2025-01-01 02:14:45,23.68,52.73,102.62,48.15,77.0,0
2025-01-01 02:14:46,23.59,52.61,102.56,48.12,77.08,0
2025-01-01 02:14:47,23.57,52.56,102.63,48.12,77.14,0
2025-01-01 02:14:48,23.57,52.65,102.68,48.11,77.11,0
2025-01-01 02:14:49,23.56,52.64,102.74,48.03,77.21,0
2025-01-01 02:14:50,23.52,52.71,102.82,48.1,77.11,0
2025-01-01 02:14:51,23.49,52.57,102.89,48.07,77.26,0
2025-01-01 02:14:52,23.57,52.53,102.95,48.08,77.34,0
2025-01-01 02:14:53,23.48,52.59,102.99,48.09,77.34,0
2025-01-01 02:14:54,23.38,52.52,103.09,47.94,77.29,0
2025-01-01 02:14:55,23.41,52.52,103.13,48.05,77.31,0
2025-01-01 02:14:56,23.36,52.53,103.16,48.03,77.35,0
2025-01-01 02:14:57,23.34,52.52,103.17,47.98,77.44,0
2025-01-01 02:14:58,23.44,52.49,103.21,47.96,77.46,0
2025-01-01 02:14:59,23.36,52.46,103.21,48.1,77.47,0
2025-01-01 02:15:00,23.28,52.5,103.3,48.01,77.53,0
2025-01-01 02:15:01,23.18,52.36,103.41,48.0,77.49,0
2025-01-01 02:15:02,23.22,52.44,103.4,48.08,77.56,0
2025-01-01 02:15:03,23.26,52.44,103.49,48.05,77.61,0
2025-01-01 02:15:04,23.27,52.38,103.43,47.94,77.63,0
2025-01-01 02:15:05,23.27,52.45,103.55,48.05,77.63,0
2025-01-01 02:15:06,23.26,52.33,103.56,47.91,77.67,0
2025-01-01 02:15:07,23.27,52.37,103.65,48.01,77.68,0
2025-01-01 02:15:08,23.18,52.42,103.69,47.97,77.67,0
2025-01-01 02:15:09,23.19,52.32,103.69,47.93,77.82,0
2025-01-01 02:15:10,23.16,52.34,103.7,47.99,77.81,0
2025-01-01 02:15:11,23.12,52.31,103.85,47.92,77.85,0
2025-01-01 02:15:12,23.09,52.38,103.81,47.96,77.86,0
2025-01-01 02:15:13,23.13,52.44,103.75,47.96,77.97,0
2025-01-01 02:15:14,23.02,52.29,103.87,47.99,77.93,0
2025-01-01 02:15:15,23.07,52.33,104.0,48.05,77.96,0
2025-01-01 02:15:16,23.08,52.31,104.03,48.05,78.08,0
2025-01-01 02:15:17,23.02,52.32,104.05,48.01,78.05,0
2025-01-01 02:15:18,23.05,52.24,104.04,47.97,78.04,0
2025-01-01 02:15:19,23.01,52.21,104.04,48.1,78.11,0
2025-01-01 02:15:20,23.12,52.24,104.17,48.05,78.11,0
2025-01-01 02:15:21,23.01,52.29,104.15,48.09,78.2,0
2025-01-01 02:15:22,22.97,52.21,104.14,48.08,78.25,0
2025-01-01 02:15:23,22.98,52.21,104.26,48.1,78.26,0
2025-01-01 02:15:24,22.99,52.2,104.25,48.12,78.29,0
2025-01-01 02:15:25,22.92,52.19,104.3,48.05,78.34,0
2025-01-01 02:15:26,23.01,52.13,104.3,48.26,78.32,0
2025-01-01 02:15:27,22.97,52.16,104.36,48.12,78.42,0
2025-01-01 02:15:28,22.81,52.17,104.36,48.05,78.49,0
2025-01-01 02:15:29,22.77,52.26,104.44,48.09,78.54,0
2025-01-01 02:15:30,22.83,52.11,104.35,48.12,78.47,0
2025-01-01 02:15:31,22.89,52.2,104.41,48.19,78.46,0
2025-01-01 02:15:32,22.85,52.24,104.41,48.14,78.62,0
2025-01-01 02:15:33,22.86,52.08,104.6,48.17,78.71,0
2025-01-01 02:15:34,22.83,52.18,104.57,48.26,78.7,0
2025-01-01 02:15:35,22.85,52.11,104.53,48.24,78.67,0
2025-01-01 02:15:36,22.75,52.19,104.63,48.28,78.79,0
2025-01-01 02:15:37,22.8,52.19,104.52,48.22,78.74,0
2025-01-01 02:15:38,22.68,52.1,104.66,48.39,78.86,0
2025-01-01 02:15:39,22.72,52.11,104.58,48.31,78.86,0
2025-01-01 02:15:40,22.68,52.07,104.66,48.28,78.92,0
2025-01-01 02:15:41,22.77,52.1,104.69,48.31,78.91,0
2025-01-01 02:15:42,22.69,52.02,104.79,48.35,79.0,0
2025-01-01 02:15:43,22.62,52.03,104.8,48.43,78.94,0
2025-01-01 02:15:44,22.69,52.07,104.74,48.42,78.96,0
2025-01-01 02:15:45,22.62,52.08,104.79,48.43,79.07,0
2025-01-01 02:15:46,22.68,52.08,104.85,48.45,79.1,0
2025-01-01 02:15:47,22.61,51.99,104.81,48.43,79.24,0
2025-01-01 02:15:48,22.57,52.09,104.83,48.47,79.22,0
2025-01-01 02:15:49,22.54,52.0,104.8,48.49,79.19,0
2025-01-01 02:15:50,22.67,52.0,104.75,48.51,79.32,0
2025-01-01 02:15:51,22.67,52.02,104.86,48.55,79.34,0
2025-01-01 02:15:52,22.52,52.01,104.9,48.58,79.35,0
2025-01-01 02:15:53,22.52,52.04,104.91,48.6,79.34,0
2025-01-01 02:15:54,22.59,51.97,105.0,48.56,79.47,0
2025-01-01 02:15:55,22.45,51.9,104.9,48.53,79.51,0
2025-01-01 02:15:56,22.53,52.08,104.93,48.68,79.5,0
2025-01-01 02:15:57,22.48,51.99,104.89,48.72,79.54,0
2025-01-01 02:15:58,22.5,52.15,104.94,48.74,79.59,0
2025-01-01 02:15:59,22.56,52.02,104.95,48.86,79.59,0
2025-01-01 02:16:00,22.48,52.05,104.93,48.81,79.65,0
2025-01-01 02:16:01,22.53,52.05,104.98,48.75,79.7,0
2025-01-01 02:16:02,22.46,52.05,105.0,48.86,79.77,0
2025-01-01 02:16:03,22.5,51.99,105.0,48.86,79.77,0
2025-01-01 02:16:04,22.49,52.05,105.05,48.84,79.85,0
2025-01-01 02:16:05,22.49,52.08,104.92,48.91,79.86,0
2025-01-01 02:16:06,22.5,51.89,104.95,49.01,79.89,0
2025-01-01 02:16:07,22.35,52.08,104.93,49.02,79.88,0
2025-01-01 02:16:08,22.33,52.01,104.96,49.01,80.08,0
2025-01-01 02:16:09,22.39,52.08,105.02,49.07,79.92,0
2025-01-01 02:16:10,22.42,52.02,104.98,49.15,80.05,0
2025-01-01 02:16:11,22.29,52.04,104.93,49.09,80.18,0
2025-01-01 02:16:12,22.39,51.99,104.98,49.18,80.09,0
2025-01-01 02:16:13,22.39,52.11,105.02,49.13,80.19,0
2025-01-01 02:16:14,22.32,51.97,104.99,49.21,80.31,0
2025-01-01 02:16:15,22.24,51.88,105.06,49.21,80.28,0
2025-01-01 02:16:16,22.35,52.0,105.07,49.26,80.29,0
2025-01-01 02:16:17,22.3,52.0,104.93,49.35,80.36,0
2025-01-01 02:16:18,22.25,52.03,105.03,49.35,80.36,0
2025-01-01 02:16:19,22.24,52.08,104.87,49.35,80.41,0
2025-01-01 02:16:20,22.36,51.96,104.91,49.39,80.51,0
2025-01-01 02:16:21,22.35,52.04,104.95,49.44,80.44,0
2025-01-01 02:16:22,22.23,51.95,104.79,49.47,80.62,0
2025-01-01 02:16:23,22.29,52.04,104.92,49.46,80.68,0
2025-01-01 02:16:24,22.34,52.0,104.96,49.55,80.66,0
2025-01-01 02:16:25,22.27,52.05,104.82,49.44,80.71,0
2025-01-01 02:16:26,22.19,51.96,104.77,49.53,80.73,0
2025-01-01 02:16:27,22.26,52.08,104.84,49.59,80.79,0
2025-01-01 02:16:28,22.25,52.01,104.86,49.52,80.79,0
2025-01-01 02:16:29,22.19,52.12,104.78,49.66,80.81,0
2025-01-01 02:16:30,22.18,52.07,104.79,49.78,80.77,0
2025-01-01 02:16:31,22.24,52.05,104.79,49.73,80.96,0
2025-01-01 02:16:32,22.21,52.11,104.78,49.7,80.94,0
2025-01-01 02:16:33,22.25,52.04,104.71,49.81,81.0,0
2025-01-01 02:16:34,22.14,52.06,104.73,49.82,81.06,0
2025-01-01 02:16:35,22.16,52.11,104.69,49.93,81.15,0
2025-01-01 02:16:36,22.13,52.02,104.75,49.89,81.13,0
2025-01-01 02:16:37,22.13,52.08,104.66,49.93,81.08,0
2025-01-01 02:16:38,22.15,52.03,104.63,49.94,81.2,0
2025-01-01 02:16:39,22.18,52.13,104.56,50.04,81.18,0
2025-01-01 02:16:40,22.12,52.11,104.59,50.03,81.28,0
2025-01-01 02:16:41,22.1,52.1,104.58,50.1,81.27,0
2025-01-01 02:16:42,22.11,52.06,104.51,50.01,81.29,0
2025-01-01 02:16:43,22.21,52.16,104.6,50.07,81.27,0
2025-01-01 02:16:44,22.14,52.22,104.48,50.15,81.33,0
2025-01-01 02:16:45,22.12,52.13,104.37,50.13,81.39,0
2025-01-01 02:16:46,22.03,52.11,104.48,50.18,81.54,0
2025-01-01 02:16:47,22.09,52.17,104.45,50.32,81.48,0
2025-01-01 02:16:48,22.12,52.11,104.48,50.23,81.57,0
2025-01-01 02:16:49,22.17,52.11,104.39,50.26,81.71,0
2025-01-01 02:16:50,21.99,52.1,104.27,50.29,81.65,0
2025-01-01 02:16:51,22.17,52.24,104.31,50.38,81.63,0
2025-01-01 02:16:52,22.1,52.18,104.28,50.37,81.64,0
2025-01-01 02:16:53,22.08,52.2,104.2,50.41,81.76,0
2025-01-01 02:16:54,22.09,52.3,104.27,50.42,81.76,0
2025-01-01 02:16:55,22.0,52.13,104.28,50.58,81.78,0
2025-01-01 02:16:56,22.12,52.3,104.04,50.58,81.82,0
2025-01-01 02:16:57,22.08,52.39,104.18,50.57,81.95,0
2025-01-01 02:16:58,21.96,52.27,104.09,50.64,81.89,0
2025-01-01 02:16:59,22.07,52.3,103.91,50.62,81.9,0
2025-01-01 02:17:00,22.08,52.34,103.96,50.61,81.99,0
2025-01-01 02:17:01,21.99,52.27,103.93,50.73,82.03,0
2025-01-01 02:17:02,22.05,52.37,103.92,50.71,82.04,0
2025-01-01 02:17:03,22.0,52.25,103.8,50.82,82.05,0
2025-01-01 02:17:04,22.05,52.3,103.83,50.85,82.13,0
2025-01-01 02:17:05,21.99,52.29,103.83,50.85,82.2,0
2025-01-01 02:17:06,22.02,52.26,103.77,50.87,82.2,0
2025-01-01 02:17:07,21.96,52.31,103.66,50.9,82.24,0
2025-01-01 02:17:08,22.02,52.4,103.74,50.93,82.29,0
2025-01-01 02:17:09,21.99,52.33,103.67,50.9,82.32,0
2025-01-01 02:17:10,22.1,52.41,103.57,50.9,82.33,0
2025-01-01 02:17:11,22.07,52.38,103.59,51.02,82.37,0
2025-01-01 02:17:12,22.0,52.33,103.47,51.01,82.41,0
2025-01-01 02:17:13,22.01,52.47,103.46,51.03,82.38,0
2025-01-01 02:17:14,21.98,52.44,103.38,51.03,82.5,0
2025-01-01 02:17:15,22.02,52.46,103.31,51.06,82.47,0
2025-01-01 02:17:16,21.91,52.5,103.27,51.13,82.53,0
2025-01-01 02:17:17,22.0,52.41,103.33,51.09,82.43,0
2025-01-01 02:17:18,22.05,52.41,103.27,51.21,82.59,0
2025-01-01 02:17:19,21.98,52.46,103.14,51.18,82.66,0
2025-01-01 02:17:20,21.97,52.54,103.17,51.2,82.65,0
2025-01-01 02:17:21,21.96,52.52,103.04,51.24,82.67,0
2025-01-01 02:17:22,21.94,52.59,102.96,51.24,82.68,0
2025-01-01 02:17:23,21.98,52.57,102.97,51.24,82.77,0
2025-01-01 02:17:24,21.99,52.58,103.03,51.41,82.76,0
2025-01-01 02:17:25,21.93,52.52,102.92,51.35,82.77,0
2025-01-01 02:17:26,21.94,52.62,102.87,51.47,82.79,0
2025-01-01 02:17:27,22.03,52.61,102.81,51.42,82.8,0
2025-01-01 02:17:28,22.07,52.63,102.69,51.45,82.83,0
2025-01-01 02:17:29,22.02,52.64,102.62,51.59,82.84,0
2025-01-01 02:17:30,22.02,52.66,102.55,51.47,82.85,0
2025-01-01 02:17:31,22.1,52.66,102.54,51.61,82.91,0
2025-01-01 02:17:32,22.07,52.72,102.4,51.52,83.0,0
2025-01-01 02:17:33,22.0,52.71,102.41,51.52,82.99,0
2025-01-01 02:17:34,22.1,52.68,102.36,51.58,82.95,0
2025-01-01 02:17:35,22.03,52.68,102.28,51.54,82.97,0
2025-01-01 02:17:36,22.07,52.79,102.32,51.66,83.07,0
2025-01-01 02:17:37,22.01,52.83,102.3,51.57,83.23,0
2025-01-01 02:17:38,21.94,52.77,102.17,51.66,83.23,0
2025-01-01 02:17:39,22.06,52.83,102.16,51.69,83.12,0
2025-01-01 02:17:40,22.04,52.83,102.01,51.75,83.18,0
2025-01-01 02:17:41,21.96,52.8,102.02,51.76,83.23,0
2025-01-01 02:17:42,22.04,52.82,101.94,51.71,83.22,0
2025-01-01 02:17:43,22.01,52.85,101.92,51.69,83.19,0
2025-01-01 02:17:44,21.98,52.95,101.84,51.67,83.3,0
2025-01-01 02:17:45,22.02,52.9,101.75,51.71,83.31,0
2025-01-01 02:17:46,21.96,52.92,101.69,51.83,83.32,0
2025-01-01 02:17:47,22.06,52.9,101.64,51.83,83.4,0
2025-01-01 02:17:48,21.97,52.93,101.61,51.9,83.38,0
2025-01-01 02:17:49,21.98,52.94,101.53,51.85,83.37,0
2025-01-01 02:17:50,21.98,53.07,101.45,51.87,83.32,0
2025-01-01 02:17:51,22.1,53.0,101.47,51.89,83.35,0
2025-01-01 02:17:52,22.05,53.14,101.32,51.95,83.47,0
2025-01-01 02:17:53,22.11,53.08,101.28,51.97,83.5,0
2025-01-01 02:17:54,22.04,53.12,101.2,51.9,83.55,0
2025-01-01 02:17:55,22.05,53.07,101.12,51.91,83.47,0
2025-01-01 02:17:56,21.99,53.08,101.16,51.91,83.53,0
2025-01-01 02:17:57,22.01,53.13,101.01,51.91,83.46,0
2025-01-01 02:17:58,22.12,53.18,100.99,51.98,83.6,0
2025-01-01 02:17:59,22.04,53.23,100.95,51.96,83.63,0
2025-01-01 02:18:00,22.11,53.26,100.93,51.95,83.6,0
2025-01-01 02:18:01,22.12,53.23,100.82,51.93,83.5,0
2025-01-01 02:18:02,22.11,53.18,100.7,52.0,83.67,0
2025-01-01 02:18:03,22.15,53.18,100.69,51.95,83.7,0
2025-01-01 02:18:04,22.17,53.24,100.61,52.01,83.65,0
2025-01-01 02:18:05,22.18,53.31,100.53,51.92,83.69,0
2025-01-01 02:18:06,21.95,53.34,100.55,51.91,83.62,0
2025-01-01 02:18:07,22.16,53.43,100.36,52.07,83.73,0
2025-01-01 02:18:08,22.17,53.35,100.44,51.98,83.71,0
2025-01-01 02:18:09,22.14,53.4,100.22,52.0,83.72,0
2025-01-01 02:18:10,22.09,53.5,100.36,51.95,83.76,0
2025-01-01 02:18:11,22.11,53.58,100.2,52.04,83.83,0
2025-01-01 02:18:12,22.14,53.48,100.19,52.04,83.74,0
2025-01-01 02:18:13,22.11,53.49,100.11,52.07,83.9,0
2025-01-01 02:18:14,22.11,53.54,99.97,51.99,83.85,0
2025-01-01 02:18:15,22.15,53.62,99.9,52.04,83.8,0
2025-01-01 02:18:16,22.07,53.53,99.87,52.09,83.81,0
2025-01-01 02:18:17,22.16,53.63,99.77,51.97,83.85,0
2025-01-01 02:18:18,22.15,53.54,99.71,52.03,83.89,0
2025-01-01 02:18:19,22.25,53.71,99.63,51.96,83.83,0
2025-01-01 02:18:20,22.18,53.65,99.6,51.95,83.91,0
2025-01-01 02:18:21,22.15,53.65,99.58,52.02,83.87,0
2025-01-01 02:18:22,22.25,53.77,99.58,52.02,83.98,0
2025-01-01 02:18:23,22.21,53.82,99.5,51.97,83.87,0
2025-01-01 02:18:24,22.19,53.8,99.31,51.95,83.97,0
2025-01-01 02:18:25,22.26,53.68,99.24,52.07,83.98,0
2025-01-01 02:18:26,22.2,53.75,99.18,51.98,84.03,0
2025-01-01 02:18:27,22.33,53.77,99.16,51.91,83.94,0
2025-01-01 02:18:28,22.18,53.85,99.07,51.97,83.92,0
2025-01-01 02:18:29,22.24,53.93,99.14,52.04,83.97,0
2025-01-01 02:18:30,22.26,54.0,99.05,51.97,83.87,0
2025-01-01 02:18:31,22.33,53.97,98.89,51.88,83.99,0
2025-01-01 02:18:32,22.15,53.98,98.84,51.87,83.94,0
2025-01-01 02:18:33,22.21,54.06,98.71,51.91,83.93,0
2025-01-01 02:18:34,22.4,54.04,98.64,51.92,83.92,0
2025-01-01 02:18:35,22.36,54.09,98.76,51.89,84.02,0
2025-01-01 02:18:36,22.32,54.06,98.68,51.8,83.98,0
2025-01-01 02:18:37,22.3,54.16,98.52,51.83,83.99,0
2025-01-01 02:18:38,22.41,54.12,98.49,51.77,83.94,0
2025-01-01 02:18:39,22.36,54.17,98.45,51.91,83.91,0
2025-01-01 02:18:40,22.47,54.26,98.38,51.83,83.96,0
2025-01-01 02:18:41,22.38,54.33,98.3,51.79,83.96,0
2025-01-01 02:18:42,22.34,54.23,98.22,51.77,84.0,0
2025-01-01 02:18:43,22.36,54.17,98.21,51.77,84.09,0
2025-01-01 02:18:44,22.39,54.36,98.14,51.82,83.95,0
2025-01-01 02:18:45,22.42,54.38,98.13,51.84,83.97,0
2025-01-01 02:18:46,22.48,54.42,98.04,51.81,83.99,0
2025-01-01 02:18:47,22.42,54.39,97.92,51.74,84.03,0
2025-01-01 02:18:48,22.42,54.51,97.91,51.6,84.09,0
2025-01-01 02:18:49,22.49,54.48,97.85,51.68,83.93,0
2025-01-01 02:18:50,22.44,54.43,97.83,51.69,83.94,0
2025-01-01 02:18:51,22.5,54.52,97.79,51.62,84.03,0
2025-01-01 02:18:52,22.44,54.45,97.63,51.58,83.91,0
2025-01-01 02:18:53,22.56,54.56,97.69,51.63,83.99,0
2025-01-01 02:18:54,22.67,54.74,97.66,51.52,84.06,0
2025-01-01 02:18:55,22.42,54.7,97.41,51.53,84.04,0
2025-01-01 02:18:56,22.54,54.58,97.49,51.54,83.99,0
2025-01-01 02:18:57,22.51,54.73,97.49,51.5,84.05,0
2025-01-01 02:18:58,22.53,54.69,97.44,51.55,83.94,0
2025-01-01 02:18:59,22.51,54.83,97.32,51.46,83.95,0
2025-01-01 02:19:00,22.63,54.88,97.27,51.56,83.93,0
2025-01-01 02:19:01,22.56,54.84,97.18,51.45,83.92,0
2025-01-01 02:19:02,22.51,54.75,97.15,51.41,83.88,0
2025-01-01 02:19:03,22.61,54.88,97.11,51.32,83.95,0
2025-01-01 02:19:04,22.6,54.95,97.0,51.35,83.87,0
2025-01-01 02:19:05,22.61,54.87,96.97,51.31,83.89,0
2025-01-01 02:19:06,22.71,55.02,97.0,51.33,83.92,0
2025-01-01 02:19:07,22.71,54.98,97.02,51.22,83.85,0
2025-01-01 02:19:08,22.59,54.96,96.78,51.25,83.94,0
2025-01-01 02:19:09,22.67,54.98,96.79,51.25,83.87,0
2025-01-01 02:19:10,22.64,55.01,96.75,51.15,83.87,0
2025-01-01 02:19:11,22.72,55.1,96.73,51.18,83.81,0
2025-01-01 02:19:12,22.8,55.11,96.7,51.07,83.86,0
2025-01-01 02:19:13,22.73,55.26,96.62,51.17,83.86,0
2025-01-01 02:19:14,22.83,55.12,96.61,50.94,83.83,0
2025-01-01 02:19:15,22.8,55.32,96.57,51.03,83.85,0
2025-01-01 02:19:16,22.89,55.28,96.54,51.0,83.87,0
2025-01-01 02:19:17,22.82,55.28,96.49,51.03,83.84,0
2025-01-01 02:19:18,22.79,55.4,96.36,50.96,83.79,0
2025-01-01 02:19:19,22.86,55.33,96.37,50.91,83.78,0
2025-01-01 02:19:20,22.84,55.34,96.38,50.92,83.72,0
2025-01-01 02:19:21,22.81,55.51,96.3,50.82,83.71,0
2025-01-01 02:19:22,22.87,55.51,96.25,50.83,83.77,0
2025-01-01 02:19:23,22.84,55.46,96.27,50.84,83.68,0
2025-01-01 02:19:24,22.88,55.54,96.14,50.79,83.66,0
2025-01-01 02:19:25,22.93,55.57,96.03,50.74,83.66,0
2025-01-01 02:19:26,22.75,55.6,96.13,50.71,83.71,0
2025-01-01 02:19:27,22.91,55.62,96.0,50.62,83.7,0
2025-01-01 02:19:28,22.97,55.66,95.9,50.68,83.59,0
2025-01-01 02:19:29,22.95,55.63,95.97,50.62,83.5,0
2025-01-01 02:19:30,23.04,55.72,95.91,50.62,83.6,0
2025-01-01 02:19:31,22.99,55.72,95.88,50.47,83.58,0
2025-01-01 02:19:32,23.06,55.73,95.84,50.42,83.57,0
2025-01-01 02:19:33,23.03,55.86,95.79,50.39,83.49,0
2025-01-01 02:19:34,23.08,55.92,95.78,50.47,83.48,0
2025-01-01 02:19:35,23.1,55.87,95.77,50.37,83.51,0
2025-01-01 02:19:36,23.11,55.9,95.76,50.35,83.45,0
2025-01-01 02:19:37,23.06,56.03,95.67,50.4,83.53,0
2025-01-01 02:19:38,23.04,55.94,95.64,50.4,83.42,0
2025-01-01 02:19:39,23.14,56.04,95.71,50.41,83.49,0
2025-01-01 02:19:40,23.03,55.96,95.6,50.31,83.44,0
2025-01-01 02:19:41,23.09,56.04,95.61,50.33,83.36,0
2025-01-01 02:19:42,23.18,56.28,95.53,50.19,83.4,0
2025-01-01 02:19:43,23.14,56.26,95.49,50.17,83.28,0
2025-01-01 02:19:44,23.16,56.17,95.5,50.05,83.38,0
2025-01-01 02:19:45,23.14,56.35,95.53,50.13,83.23,0
2025-01-01 02:19:46,23.17,56.25,95.39,50.15,83.28,0
2025-01-01 02:19:47,23.19,56.29,95.38,50.06,83.18,0
2025-01-01 02:19:48,23.24,56.39,95.3,49.93,83.23,0
2025-01-01 02:19:49,23.32,56.46,95.33,50.04,83.2,0
2025-01-01 02:19:50,23.25,56.44,95.38,49.9,83.17,0
2025-01-01 02:19:51,23.22,56.49,95.36,49.95,83.1,0
2025-01-01 02:19:52,23.28,56.57,95.3,49.87,83.14,0
2025-01-01 02:19:53,23.34,56.56,95.24,49.88,83.06,0
2025-01-01 02:19:54,23.4,56.54,95.28,49.79,83.07,0
2025-01-01 02:19:55,23.42,56.65,95.23,49.86,83.11,0
2025-01-01 02:19:56,23.33,56.54,95.22,49.81,83.07,0
2025-01-01 02:19:57,23.46,56.66,95.19,49.7,83.03,0
2025-01-01 02:19:58,23.44,56.81,95.27,49.75,83.02,0
2025-01-01 02:19:59,23.4,56.77,95.2,49.64,82.91,0
2025-01-01 02:20:00,23.41,56.84,95.13,49.61,82.93,0
2025-01-01 02:20:01,23.41,56.83,95.11,49.54,82.85,0
2025-01-01 02:20:02,23.46,56.9,95.17,49.47,82.96,0
2025-01-01 02:20:03,23.5,56.85,95.09,49.41,82.77,0
2025-01-01 02:20:04,23.59,56.91,95.12,49.47,82.82,0
2025-01-01 02:20:05,23.54,56.88,95.15,49.44,82.77,0
2025-01-01 02:20:06,23.56,56.99,95.08,49.4,82.8,0
2025-01-01 02:20:07,23.55,57.01,95.08,49.37,82.64,0
2025-01-01 02:20:08,23.58,57.07,95.07,49.3,82.65,0
2025-01-01 02:20:09,23.65,57.18,95.04,49.34,82.72,0
2025-01-01 02:20:10,23.61,57.11,95.05,49.33,82.68,0
2025-01-01 02:20:11,23.63,57.24,95.02,49.31,82.68,0
2025-01-01 02:20:12,23.58,57.3,95.13,49.25,82.64,0
2025-01-01 02:20:13,23.63,57.26,95.01,49.17,82.49,0
2025-01-01 02:20:14,23.67,57.36,94.95,49.17,82.53,0
2025-01-01 02:20:15,23.68,57.38,95.03,49.11,82.55,0
2025-01-01 02:20:16,23.74,57.47,95.0,49.09,82.45,0
2025-01-01 02:20:17,23.79,57.43,95.0,49.17,82.36,0
2025-01-01 02:20:18,23.77,57.47,94.99,49.0,82.37,0
2025-01-01 02:20:19,23.75,57.53,95.04,48.92,82.31,0
2025-01-01 02:20:20,23.82,57.58,94.93,49.03,82.33,0
2025-01-01 02:20:21,23.85,57.54,94.93,48.94,82.29,0
2025-01-01 02:20:22,23.81,57.6,95.09,48.84,82.23,0
2025-01-01 02:20:23,23.82,57.66,95.04,48.94,82.29,0
2025-01-01 02:20:24,23.89,57.61,94.92,48.93,82.26,0
2025-01-01 02:20:25,23.91,57.7,95.0,48.82,82.12,0
2025-01-01 02:20:26,23.91,57.89,94.99,48.88,82.09,0
2025-01-01 02:20:27,23.84,57.87,95.01,48.85,82.17,0
2025-01-01 02:20:28,23.92,57.92,94.98,48.72,82.12,0
2025-01-01 02:20:29,23.88,57.89,95.1,48.8,82.01,0
2025-01-01 02:20:30,24.03,57.88,95.01,48.72,82.02,0
2025-01-01 02:20:31,23.94,58.06,94.96,48.69,81.97,0
2025-01-01 02:20:32,23.93,58.08,95.02,48.67,81.94,0
2025-01-01 02:20:33,23.96,57.99,95.15,48.63,81.76,0
2025-01-01 02:20:34,24.04,58.09,95.09,48.51,81.86,0
2025-01-01 02:20:35,24.03,58.14,95.12,48.61,81.89,0
2025-01-01 02:20:36,24.2,58.11,95.09,48.6,81.78,0
2025-01-01 02:20:37,23.97,58.19,95.18,48.47,81.76,0
2025-01-01 02:20:38,24.03,58.29,95.15,48.49,81.69,0
2025-01-01 02:20:39,24.07,58.33,95.11,48.52,81.63,0
2025-01-01 02:20:40,24.28,58.4,95.27,48.59,81.61,0
2025-01-01 02:20:41,24.14,58.46,95.17,48.5,81.57,0
2025-01-01 02:20:42,24.17,58.44,95.1,48.47,81.59,0
2025-01-01 02:20:43,24.2,58.44,95.22,48.43,81.57,0
2025-01-01 02:20:44,24.2,58.61,95.22,48.39,81.59,0
2025-01-01 02:20:45,24.17,58.61,95.26,48.35,81.4,0
2025-01-01 02:20:46,24.22,58.54,95.29,48.39,81.43,0
2025-01-01 02:20:47,24.27,58.66,95.43,48.41,81.36,0
2025-01-01 02:20:48,24.35,58.66,95.39,48.3,81.3,0
2025-01-01 02:20:49,24.4,58.69,95.28,48.34,81.4,0
2025-01-01 02:20:50,24.32,58.67,95.36,48.32,81.27,0
2025-01-01 02:20:51,24.44,58.77,95.43,48.23,81.17,0
2025-01-01 02:20:52,24.38,58.73,95.43,48.15,81.17,0
2025-01-01 02:20:53,24.4,58.78,95.42,48.23,81.22,0
2025-01-01 02:20:54,24.39,58.89,95.49,48.22,81.09,0
2025-01-01 02:20:55,24.4,59.01,95.49,48.19,81.18,0
2025-01-01 02:20:56,24.49,59.08,95.44,48.18,80.97,0
2025-01-01 02:20:57,24.49,58.98,95.52,48.18,80.98,0
2025-01-01 02:20:58,24.51,58.99,95.64,48.11,80.97,0
2025-01-01 02:20:59,24.48,59.03,95.56,48.14,80.93,0
2025-01-01 02:21:00,24.5,59.09,95.58,48.08,80.94,0
2025-01-01 02:21:01,24.51,59.15,95.74,48.19,80.87,0
2025-01-01 02:21:02,24.59,59.23,95.71,48.18,80.8,0
2025-01-01 02:21:03,24.67,59.21,95.82,48.09,80.69,0
2025-01-01 02:21:04,24.64,59.31,95.84,48.04,80.64,0
2025-01-01 02:21:05,24.68,59.33,95.72,48.07,80.67,0
2025-01-01 02:21:06,24.72,59.33,95.8,48.08,80.58,0
2025-01-01 02:21:07,24.79,59.44,95.82,48.01,80.56,0
2025-01-01 02:21:08,24.74,59.38,95.88,47.97,80.6,0
2025-01-01 02:21:09,24.76,59.46,95.94,48.09,80.54,0
2025-01-01 02:21:10,24.79,59.45,95.98,48.05,80.55,0
2025-01-01 02:21:11,24.78,59.54,95.97,48.11,80.33,0
2025-01-01 02:21:12,24.82,59.59,96.03,48.01,80.41,0
2025-01-01 02:21:13,24.84,59.59,96.08,48.04,80.32,0
2025-01-01 02:21:14,24.86,59.69,96.08,47.96,80.29,0
2025-01-01 02:21:15,24.86,59.7,96.23,48.0,80.25,0
2025-01-01 02:21:16,24.91,59.7,96.16,47.97,80.1,0
2025-01-01 02:21:17,24.92,59.84,96.28,48.1,80.29,0
2025-01-01 02:21:18,24.9,59.88,96.27,47.98,80.13,0
2025-01-01 02:21:19,24.92,59.88,96.4,48.04,80.09,0
2025-01-01 02:21:20,24.9,59.94,96.41,48.06,80.08,0
2025-01-01 02:21:21,25.0,59.99,96.34,48.01,80.1,0
2025-01-01 02:21:22,25.02,59.98,96.58,48.1,80.01,0
2025-01-01 02:21:23,25.0,60.06,96.49,48.06,79.91,0
2025-01-01 02:21:24,25.02,60.1,96.59,47.93,79.88,0
2025-01-01 02:21:25,24.97,60.06,96.52,48.03,79.9,0
2025-01-01 02:21:26,25.07,60.15,96.69,47.95,79.76,0
2025-01-01 02:21:27,25.13,60.17,96.63,48.03,79.71,0
2025-01-01 02:21:28,25.07,60.11,96.74,48.09,79.74,0
2025-01-01 02:21:29,25.09,60.36,96.8,48.13,79.74,0
2025-01-01 02:21:30,25.17,60.38,96.81,48.03,79.57,0
2025-01-01 02:21:31,25.26,60.37,96.86,48.07,79.59,0
2025-01-01 02:21:32,25.17,60.42,96.92,48.05,79.63,0
2025-01-01 02:21:33,25.25,60.36,97.03,48.01,79.58,0
2025-01-01 02:21:34,25.2,60.45,97.03,48.07,79.58,0
2025-01-01 02:21:35,25.28,60.48,97.09,48.06,79.5,0
2025-01-01 02:21:36,25.3,60.48,97.02,48.11,79.45,0
2025-01-01 02:21:37,25.31,60.54,97.23,48.08,79.41,0
2025-01-01 02:21:38,25.33,60.54,97.24,48.14,79.39,0
2025-01-01 02:21:39,25.34,60.65,97.33,48.14,79.31,0
2025-01-01 02:21:40,25.37,60.72,97.35,48.05,79.35,0
2025-01-01 02:21:41,25.4,60.81,97.32,48.04,79.36,0
2025-01-01 02:21:42,25.45,60.75,97.48,48.08,79.13,0
2025-01-01 02:21:43,25.31,60.83,97.56,48.19,79.24,0
2025-01-01 02:21:44,25.47,60.88,97.6,48.03,79.19,0
2025-01-01 02:21:45,25.4,60.86,97.63,48.19,79.07,0
2025-01-01 02:21:46,25.5,60.97,97.64,48.16,79.16,0
2025-01-01 02:21:47,25.48,60.97,97.71,48.16,79.06,0
2025-01-01 02:21:48,25.58,61.01,97.72,48.28,78.99,0
2025-01-01 02:21:49,25.45,61.16,97.87,48.27,79.02,0
2025-01-01 02:21:50,25.68,61.05,97.83,48.18,78.88,0
2025-01-01 02:21:51,25.58,61.12,97.87,48.18,78.85,0
2025-01-01 02:21:52,25.65,61.15,98.03,48.17,78.67,0
2025-01-01 02:21:53,25.6,61.19,98.0,48.21,78.76,0
2025-01-01 02:21:54,25.58,61.22,98.04,48.17,78.64,0
2025-01-01 02:21:55,25.77,61.3,98.24,48.28,78.71,0
2025-01-01 02:21:56,25.68,61.37,98.16,48.29,78.69,0
2025-01-01 02:21:57,25.59,61.45,98.33,48.22,78.6,0
2025-01-01 02:21:58,25.71,61.46,98.41,48.31,78.72,0
2025-01-01 02:21:59,25.72,61.45,98.42,48.38,78.58,0
2025-01-01 02:22:00,25.85,61.51,98.41,48.34,78.6,0
2025-01-01 02:22:01,25.8,61.46,98.43,48.4,78.52,0
2025-01-01 02:22:02,25.75,61.49,98.52,48.5,78.48,0
2025-01-01 02:22:03,25.85,61.68,98.6,48.42,78.41,0
2025-01-01 02:22:04,25.84,61.71,98.79,48.5,78.42,0
2025-01-01 02:22:05,25.94,61.68,98.81,48.51,78.37,0
2025-01-01 02:22:06,25.85,61.66,98.83,48.52,78.28,0
2025-01-01 02:22:07,25.88,61.73,98.83,48.51,78.2,0
2025-01-01 02:22:08,25.87,61.85,99.01,48.66,78.21,0
2025-01-01 02:22:09,25.98,61.87,98.99,48.6,78.25,0
2025-01-01 02:22:10,25.91,61.86,99.04,48.57,78.22,0
2025-01-01 02:22:11,25.92,61.9,99.14,48.63,78.11,0
2025-01-01 02:22:12,26.06,61.94,99.17,48.55,78.08,0
2025-01-01 02:22:13,25.93,61.96,99.15,48.63,78.05,0
2025-01-01 02:22:14,26.0,62.02,99.29,48.67,78.02,0
2025-01-01 02:22:15,26.03,62.1,99.36,48.7,78.03,0
2025-01-01 02:22:16,26.08,62.12,99.49,48.75,77.95,0
2025-01-01 02:22:17,26.07,62.17,99.45,48.68,77.93,0
2025-01-01 02:22:18,26.13,62.15,99.61,48.72,77.86,0
2025-01-01 02:22:19,26.19,62.26,99.6,48.84,77.91,0
2025-01-01 02:22:20,26.05,62.34,99.65,48.89,77.79,0
2025-01-01 02:22:21,26.23,62.31,99.68,48.91,77.85,0
2025-01-01 02:22:22,26.22,62.36,99.84,48.89,77.78,0
2025-01-01 02:22:23,26.2,62.25,99.82,48.95,77.73,0
2025-01-01 02:22:24,26.2,62.43,99.99,48.99,77.57,0
2025-01-01 02:22:25,26.32,62.37,100.04,48.92,77.72,0
2025-01-01 02:22:26,26.22,62.52,99.95,49.06,77.64,0
2025-01-01 02:22:27,26.29,62.59,100.13,49.04,77.55,0
2025-01-01 02:22:28,26.25,62.64,100.14,48.99,77.51,0
2025-01-01 02:22:29,26.32,62.6,100.27,49.01,77.38,0
2025-01-01 02:22:30,26.32,62.71,100.22,49.17,77.55,0
2025-01-01 02:22:31,26.33,62.74,100.38,49.16,77.5,0
2025-01-01 02:22:32,26.44,62.7,100.42,49.15,77.44,0
2025-01-01 02:22:33,26.35,62.83,100.56,49.27,77.45,0
2025-01-01 02:22:34,26.34,62.76,100.57,49.27,77.47,0
2025-01-01 02:22:35,26.3,62.88,100.65,49.26,77.29,0
2025-01-01 02:22:36,26.4,62.8,100.75,49.46,77.29,0
2025-01-01 02:22:37,26.4,62.85,100.68,49.33,77.34,0
2025-01-01 02:22:38,26.61,62.92,100.76,49.33,77.28,0
2025-01-01 02:22:39,26.49,63.0,100.84,49.49,77.26,0
2025-01-01 02:22:40,26.52,63.05,100.91,49.42,77.22,0
2025-01-01 02:22:41,26.52,63.1,100.91,49.5,77.15,0
2025-01-01 02:22:42,26.48,63.14,101.06,49.64,77.16,0
2025-01-01 02:22:43,26.52,63.14,101.05,49.61,77.13,0
2025-01-01 02:22:44,26.57,63.12,101.21,49.54,77.06,0
2025-01-01 02:22:45,26.58,63.19,101.19,49.61,77.11,0
2025-01-01 02:22:46,26.63,63.29,101.31,49.63,77.09,0
2025-01-01 02:22:47,26.52,63.31,101.39,49.68,76.97,0
2025-01-01 02:22:48,26.62,63.29,101.44,49.76,77.0,0
2025-01-01 02:22:49,26.66,63.4,101.51,49.71,76.87,0
2025-01-01 02:22:50,26.67,63.44,101.45,49.79,76.98,0
2025-01-01 02:22:51,26.67,63.51,101.66,49.81,76.88,0
2025-01-01 02:22:52,26.67,63.48,101.59,49.78,76.76,0
2025-01-01 02:22:53,26.7,63.61,101.61,49.87,76.84,0
2025-01-01 02:22:54,26.71,63.6,101.72,49.82,76.8,0
2025-01-01 02:22:55,26.7,63.47,101.84,49.89,76.8,0
2025-01-01 02:22:56,26.74,63.56,101.93,49.97,76.78,0
2025-01-01 02:22:57,26.8,63.66,101.95,49.97,76.7,0
2025-01-01 02:22:58,26.79,63.64,102.04,50.04,76.76,0
2025-01-01 02:22:59,26.75,63.66,102.14,50.07,76.75,0
2025-01-01 02:23:00,26.75,63.74,102.18,50.04,76.8,0
2025-01-01 02:23:01,26.84,63.75,102.18,50.2,76.62,0
2025-01-01 02:23:02,26.82,63.84,102.25,50.17,76.66,0
2025-01-01 02:23:03,26.91,63.87,102.24,50.21,76.71,0
2025-01-01 02:23:04,26.9,63.96,102.31,50.26,76.64,0
2025-01-01 02:23:05,26.97,63.99,102.33,50.34,76.66,0
2025-01-01 02:23:06,26.88,63.92,102.44,50.32,76.54,0
2025-01-01 02:23:07,26.87,64.07,102.46,50.32,76.54,0
2025-01-01 02:23:08,26.87,63.96,102.53,50.42,76.53,0
2025-01-01 02:23:09,26.86,64.14,102.65,50.42,76.51,0
2025-01-01 02:23:10,27.01,64.22,102.7,50.46,76.42,0
2025-01-01 02:23:11,27.0,64.18,102.71,50.45,76.49,0
2025-01-01 02:23:12,26.95,64.21,102.74,50.4,76.42,0
2025-01-01 02:23:13,27.02,64.23,102.84,50.48,76.43,0
2025-01-01 02:23:14,27.01,64.22,102.82,50.57,76.56,0
2025-01-01 02:23:15,27.14,64.22,102.92,50.59,76.39,0
2025-01-01 02:23:16,27.11,64.3,102.93,50.69,76.31,0
2025-01-01 02:23:17,27.09,64.27,102.97,50.71,76.32,0
2025-01-01 02:23:18,27.0,64.34,103.03,50.64,76.37,0
2025-01-01 02:23:19,27.03,64.38,103.12,50.71,76.3,0
2025-01-01 02:23:20,27.08,64.38,103.13,50.79,76.28,0
2025-01-01 02:23:21,27.14,64.53,103.24,50.73,76.31,0
2025-01-01 02:23:22,27.2,64.48,103.18,50.8,76.29,0
2025-01-01 02:23:23,27.19,64.51,103.21,50.79,76.28,0
2025-01-01 02:23:24,27.28,64.57,103.42,50.83,76.22,0
2025-01-01 02:23:25,27.07,64.62,103.36,50.94,76.21,0
2025-01-01 02:23:26,27.3,64.73,103.33,50.97,76.18,0
2025-01-01 02:23:27,27.25,64.6,103.56,51.02,76.14,0
2025-01-01 02:23:28,27.22,64.71,103.57,51.0,76.23,0
2025-01-01 02:23:29,27.24,64.77,103.51,51.03,76.24,0
2025-01-01 02:23:30,27.33,64.78,103.62,51.13,76.17,0
2025-01-01 02:23:31,27.33,64.79,103.67,51.03,76.1,0
2025-01-01 02:23:32,27.33,64.92,103.71,51.11,76.2,0
2025-01-01 02:23:33,27.31,64.74,103.8,51.07,76.14,0
2025-01-01 02:23:34,27.29,64.86,103.79,51.21,76.13,0
2025-01-01 02:23:35,27.39,65.0,103.91,51.19,76.09,0
2025-01-01 02:23:36,27.33,65.01,103.93,51.09,76.12,0
2025-01-01 02:23:37,27.23,64.99,103.89,51.21,76.14,0
2025-01-01 02:23:38,27.33,65.02,103.9,51.28,76.14,0
2025-01-01 02:23:39,27.33,65.08,103.99,51.3,76.07,0
2025-01-01 02:23:40,27.42,65.12,104.02,51.34,76.11,0
2025-01-01 02:23:41,27.42,65.1,104.12,51.39,76.17,0
2025-01-01 02:23:42,27.33,65.18,104.16,51.42,76.05,0
2025-01-01 02:23:43,27.35,65.25,104.11,51.38,76.16,0
2025-01-01 02:23:44,27.37,65.25,104.13,51.38,76.06,0
2025-01-01 02:23:45,27.48,65.28,104.26,51.41,75.98,0
2025-01-01 02:23:46,27.44,65.28,104.23,51.29,75.94,0
2025-01-01 02:23:47,27.45,65.34,104.22,51.53,75.96,0
2025-01-01 02:23:48,27.49,65.34,104.32,51.46,75.95,0
2025-01-01 02:23:49,27.52,65.28,104.29,51.6,76.03,0
2025-01-01 02:23:50,27.52,65.42,104.39,51.55,75.97,0
2025-01-01 02:23:51,27.64,65.4,104.41,51.6,75.99,0
2025-01-01 02:23:52,27.5,65.52,104.39,51.62,76.06,0
2025-01-01 02:23:53,27.52,65.47,104.5,51.61,75.9,0
2025-01-01 02:23:54,27.62,65.45,104.49,51.57,75.98,0
2025-01-01 02:23:55,27.53,65.54,104.46,51.75,76.01,0
2025-01-01 02:23:56,27.61,65.56,104.58,51.57,75.97,0
2025-01-01 02:23:57,27.55,65.56,104.59,51.72,76.0,0
2025-01-01 02:23:58,27.58,65.74,104.6,51.6,76.04,0
2025-01-01 02:23:59,27.62,65.7,104.64,51.68,76.04,0
2025-01-01 02:24:00,27.61,65.73,104.71,51.74,76.04,0
2025-01-01 02:24:01,27.67,65.71,104.76,51.81,75.97,0
2025-01-01 02:24:02,27.64,65.77,104.78,51.81,76.02,0
2025-01-01 02:24:03,27.7,65.75,104.65,51.82,75.98,0
2025-01-01 02:24:04,27.78,65.8,104.76,51.77,76.07,0
2025-01-01 02:24:05,27.65,65.81,104.74,51.75,75.99,0
2025-01-01 02:24:06,27.69,65.76,104.81,51.82,76.02,0
2025-01-01 02:24:07,27.56,65.88,104.73,51.83,75.93,0
2025-01-01 02:24:08,27.64,65.89,104.78,51.9,75.92,0
2025-01-01 02:24:09,27.69,65.92,104.79,51.82,76.07,0
2025-01-01 02:24:10,27.8,65.86,104.79,51.83,76.01,0
2025-01-01 02:24:11,27.77,66.0,104.84,51.89,76.01,0
2025-01-01 02:24:12,27.75,66.05,104.89,51.79,76.03,0
2025-01-01 02:24:13,27.71,66.08,104.89,51.94,76.01,0
2025-01-01 02:24:14,27.78,66.12,104.81,51.86,76.08,0
2025-01-01 02:24:15,27.73,66.13,104.91,51.97,76.01,0
2025-01-01 02:24:16,27.76,66.12,104.88,51.99,75.96,0
2025-01-01 02:24:17,27.77,66.07,104.87,52.0,76.01,0
2025-01-01 02:24:18,27.71,66.19,104.88,52.01,76.1,0
2025-01-01 02:24:19,27.73,66.23,104.85,51.99,76.01,0
2025-01-01 02:24:20,27.75,66.19,105.02,51.94,76.08,0
2025-01-01 02:24:21,27.76,66.19,104.91,51.99,76.09,0
2025-01-01 02:24:22,27.83,66.25,104.96,52.02,76.08,0
2025-01-01 02:24:23,27.73,66.33,104.94,51.99,76.08,0
2025-01-01 02:24:24,27.76,66.21,105.0,51.82,76.19,0
2025-01-01 02:24:25,27.87,66.29,105.07,52.09,76.12,0
2025-01-01 02:24:26,27.84,66.36,105.07,51.92,76.13,0
2025-01-01 02:24:27,27.87,66.42,104.99,52.07,76.16,0
2025-01-01 02:24:28,27.84,66.44,104.99,52.0,76.12,0
2025-01-01 02:24:29,27.99,66.41,105.04,52.09,76.11,0
2025-01-01 02:24:30,27.88,66.45,105.09,51.95,76.15,0
2025-01-01 02:24:31,27.85,66.45,104.98,52.1,76.2,0
2025-01-01 02:24:32,27.82,66.48,105.02,52.02,76.18,0
2025-01-01 02:24:33,27.79,66.52,104.99,51.97,76.29,0
2025-01-01 02:24:34,27.9,66.55,104.98,52.08,76.18,0
2025-01-01 02:24:35,27.85,66.55,105.01,52.03,76.18,0
2025-01-01 02:24:36,27.85,66.61,104.96,51.97,76.27,0
2025-01-01 02:24:37,27.84,66.63,105.02,51.99,76.35,0
2025-01-01 02:24:38,27.93,66.64,104.96,52.07,76.26,0
2025-01-01 02:24:39,27.89,66.64,104.99,52.09,76.32,0
2025-01-01 02:24:40,27.89,66.69,104.9,51.97,76.41,0
2025-01-01 02:24:41,27.94,66.77,105.01,51.94,76.44,0
2025-01-01 02:24:42,27.83,66.74,104.85,51.88,76.4,0
2025-01-01 02:24:43,27.88,66.81,104.83,51.95,76.31,0
2025-01-01 02:24:44,27.91,66.85,105.02,51.98,76.31,0
2025-01-01 02:24:45,27.87,66.8,104.88,51.98,76.49,0
2025-01-01 02:24:46,27.88,66.77,104.85,51.92,76.43,0
2025-01-01 02:24:47,27.94,66.88,104.92,51.92,76.45,0
2025-01-01 02:24:48,27.94,66.85,104.85,51.86,76.47,0
2025-01-01 02:24:49,27.92,66.9,104.87,51.91,76.53,0
2025-01-01 02:24:50,27.88,66.98,104.75,51.97,76.51,0
2025-01-01 02:24:51,27.93,66.84,104.81,51.88,76.53,0
2025-01-01 02:24:52,28.03,66.94,104.84,51.89,76.52,0
2025-01-01 02:24:53,27.95,66.95,104.84,51.82,76.54,0
2025-01-01 02:24:54,27.98,66.92,104.8,51.83,76.61,0
2025-01-01 02:24:55,28.03,66.97,104.81,51.85,76.58,0
2025-01-01 02:24:56,27.97,67.08,104.75,51.89,76.62,0
2025-01-01 02:24:57,27.9,67.02,104.66,51.8,76.63,0
2025-01-01 02:24:58,28.06,67.13,104.72,51.86,76.65,0
2025-01-01 02:24:59,27.9,67.1,104.71,51.74,76.65,0
2025-01-01 02:25:00,28.03,67.0,104.7,51.75,76.74,0
2025-01-01 02:25:01,28.03,67.06,104.59,51.83,76.73,0
2025-01-01 02:25:02,28.0,67.17,104.58,51.78,76.79,0
2025-01-01 02:25:03,28.06,67.21,104.6,51.76,76.78,0
2025-01-01 02:25:04,27.99,67.1,104.56,51.61,76.8,0
2025-01-01 02:25:05,28.05,67.22,104.56,51.67,76.8,0
2025-01-01 02:25:06,27.94,67.24,104.45,51.59,76.9,0
2025-01-01 02:25:07,28.0,67.22,104.51,51.75,76.88,0
2025-01-01 02:25:08,28.01,67.33,104.47,51.71,76.8,0
2025-01-01 02:25:09,27.94,67.21,104.47,51.7,76.9,0
2025-01-01 02:25:10,28.04,67.38,104.49,51.57,77.0,0
2025-01-01 02:25:11,28.01,67.25,104.4,51.54,76.99,0
2025-01-01 02:25:12,27.93,67.21,104.34,51.56,76.95,0
2025-01-01 02:25:13,28.02,67.32,104.35,51.57,77.1,0
2025-01-01 02:25:14,28.03,67.31,104.3,51.62,77.11,0
2025-01-01 02:25:15,28.0,67.34,104.23,51.42,77.18,0
2025-01-01 02:25:16,28.02,67.3,104.22,51.52,77.1,0
2025-01-01 02:25:17,27.96,67.39,104.22,51.41,77.12,0
2025-01-01 02:25:18,28.02,67.34,104.13,51.41,77.21,0
2025-01-01 02:25:19,27.98,67.44,104.18,51.36,77.36,0
2025-01-01 02:25:20,28.07,67.44,104.07,51.34,77.31,0
2025-01-01 02:25:21,28.01,67.37,103.96,51.35,77.27,0
2025-01-01 02:25:22,27.95,67.38,103.91,51.28,77.27,0
2025-01-01 02:25:23,28.03,67.46,104.03,51.32,77.34,0
2025-01-01 02:25:24,28.05,67.41,103.91,51.38,77.25,0
2025-01-01 02:25:25,27.98,67.52,103.8,51.2,77.48,0
2025-01-01 02:25:26,28.0,67.48,103.87,51.18,77.49,0
2025-01-01 02:25:27,27.94,67.5,103.74,51.17,77.43,0
2025-01-01 02:25:28,28.05,67.49,103.8,51.16,77.38,0
2025-01-01 02:25:29,27.96,67.51,103.82,51.16,77.51,0
2025-01-01 02:25:30,27.78,67.47,103.73,51.14,77.5,0
2025-01-01 02:25:31,27.99,67.57,103.66,51.06,77.61,0
2025-01-01 02:25:32,28.04,67.54,103.55,51.01,77.6,0
2025-01-01 02:25:33,28.0,67.64,103.61,51.04,77.64,0
2025-01-01 02:25:34,28.07,67.61,103.55,51.01,77.65,0
2025-01-01 02:25:35,27.97,67.69,103.47,50.94,77.66,0
2025-01-01 02:25:36,28.0,67.61,103.45,50.94,77.7,0
2025-01-01 02:25:37,27.91,67.6,103.34,50.85,77.78,0
2025-01-01 02:25:38,28.08,67.64,103.32,50.84,77.84,0
2025-01-01 02:25:39,27.99,67.67,103.23,50.79,77.83,0
2025-01-01 02:25:40,27.98,67.68,103.28,50.75,77.87,0
2025-01-01 02:25:41,27.98,67.65,103.16,50.81,77.84,0
2025-01-01 02:25:42,28.08,67.73,103.14,50.74,77.97,0
2025-01-01 02:25:43,27.94,67.7,103.17,50.69,77.97,0
2025-01-01 02:25:44,27.92,67.74,103.08,50.77,77.95,0
2025-01-01 02:25:45,27.88,67.72,102.97,50.65,78.06,0
2025-01-01 02:25:46,28.06,67.72,102.84,50.61,78.08,0
2025-01-01 02:25:47,27.9,67.77,102.9,50.61,78.14,0
2025-01-01 02:25:48,27.94,67.79,102.76,50.51,78.12,0
2025-01-01 02:25:49,27.89,67.78,102.78,50.51,78.22,0
2025-01-01 02:25:50,27.94,67.73,102.71,50.53,78.22,0
2025-01-01 02:25:51,27.99,67.84,102.67,50.54,78.32,0
2025-01-01 02:25:52,27.83,67.8,102.61,50.42,78.24,0
2025-01-01 02:25:53,27.87,67.86,102.53,50.4,78.25,0
2025-01-01 02:25:54,27.98,67.82,102.57,50.38,78.34,0
2025-01-01 02:25:55,27.91,67.9,102.43,50.21,78.35,0
2025-01-01 02:25:56,27.84,67.89,102.41,50.34,78.43,0
2025-01-01 02:25:57,27.9,67.85,102.44,50.28,78.52,0
2025-01-01 02:25:58,27.95,67.84,102.31,50.22,78.56,0
2025-01-01 02:25:59,27.84,67.82,102.24,50.14,78.51,0
2025-01-01 02:26:00,27.94,67.9,102.18,50.21,78.68,0
2025-01-01 02:26:01,27.89,67.95,102.19,50.12,78.62,0
2025-01-01 02:26:02,27.9,67.84,101.96,50.06,78.54,0
2025-01-01 02:26:03,27.83,67.8,102.07,50.01,78.71,0
2025-01-01 02:26:04,27.9,67.93,101.88,50.09,78.75,0
2025-01-01 02:26:05,27.89,67.99,101.96,49.94,78.79,0
2025-01-01 02:26:06,27.77,67.9,101.83,49.97,78.72,0
2025-01-01 02:26:07,27.77,67.89,101.79,49.91,78.91,0
2025-01-01 02:26:08,27.86,67.94,101.72,49.83,78.88,0
2025-01-01 02:26:09,27.92,67.94,101.74,49.93,78.94,0
2025-01-01 02:26:10,27.83,67.88,101.61,49.82,78.97,0
2025-01-01 02:26:11,27.74,67.91,101.58,49.77,78.95,0
2025-01-01 02:26:12,27.77,67.93,101.39,49.73,79.08,0
2025-01-01 02:26:13,27.82,67.97,101.35,49.71,79.06,0
2025-01-01 02:26:14,27.82,68.01,101.43,49.67,79.08,0
2025-01-01 02:26:15,27.86,67.94,101.27,49.66,79.22,0
2025-01-01 02:26:16,27.73,67.94,101.22,49.68,79.2,0
2025-01-01 02:26:17,27.82,68.04,101.13,49.57,79.2,0
2025-01-01 02:26:18,27.77,67.99,101.12,49.54,79.31,0
2025-01-01 02:26:19,27.78,67.99,100.98,49.6,79.31,0
2025-01-01 02:26:20,27.74,67.93,100.99,49.46,79.24,0
2025-01-01 02:26:21,27.7,67.9,100.96,49.42,79.42,0
2025-01-01 02:26:22,27.65,68.04,100.94,49.39,79.42,0
2025-01-01 02:26:23,27.68,68.01,100.93,49.47,79.43,0
2025-01-01 02:26:24,27.72,68.06,100.8,49.43,79.54,0
2025-01-01 02:26:25,27.71,67.98,100.65,49.31,79.5,0
2025-01-01 02:26:26,27.68,67.99,100.65,49.33,79.62,0
2025-01-01 02:26:27,27.67,68.03,100.65,49.31,79.59,0
2025-01-01 02:26:28,27.73,68.02,100.56,49.33,79.7,0
2025-01-01 02:26:29,27.75,67.99,100.44,49.28,79.65,0
2025-01-01 02:26:30,27.75,68.06,100.41,49.25,79.77,0
2025-01-01 02:26:31,27.59,67.96,100.36,49.17,79.85,0
2025-01-01 02:26:32,27.66,67.93,100.25,49.17,79.73,0
2025-01-01 02:26:33,27.56,67.98,100.26,49.09,79.88,0
2025-01-01 02:26:34,27.62,67.99,100.12,49.11,79.84,0
2025-01-01 02:26:35,27.6,68.06,100.05,48.96,79.84,0
2025-01-01 02:26:36,27.64,68.04,100.01,48.95,79.97,0
2025-01-01 02:26:37,27.65,67.94,100.02,48.9,79.96,0
2025-01-01 02:26:38,27.59,68.05,99.98,49.01,80.14,0
2025-01-01 02:26:39,27.58,67.97,99.9,49.0,80.15,0
2025-01-01 02:26:40,27.59,68.07,99.8,48.9,80.18,0
2025-01-01 02:26:41,27.58,68.04,99.71,48.92,80.22,0
2025-01-01 02:26:42,27.55,67.96,99.72,48.78,80.17,0
2025-01-01 02:26:43,27.54,67.87,99.67,48.82,80.34,0
2025-01-01 02:26:44,27.61,67.99,99.6,48.74,80.32,0
2025-01-01 02:26:45,27.48,68.03,99.51,48.76,80.37,0
2025-01-01 02:26:46,27.54,68.0,99.53,48.73,80.46,0
2025-01-01 02:26:47,27.54,67.9,99.42,48.77,80.43,0
2025-01-01 02:26:48,27.49,68.01,99.35,48.67,80.54,0
2025-01-01 02:26:49,27.41,67.9,99.25,48.73,80.49,0
2025-01-01 02:26:50,27.34,67.91,99.18,48.64,80.6,0
2025-01-01 02:26:51,27.44,67.94,99.11,48.66,80.65,0
2025-01-01 02:26:52,27.42,67.98,99.07,48.55,80.66,0
2025-01-01 02:26:53,27.41,67.97,98.97,48.57,80.75,0
2025-01-01 02:26:54,27.38,67.95,98.98,48.57,80.74,0
2025-01-01 02:26:55,27.34,67.98,98.89,48.49,80.77,0
2025-01-01 02:26:56,27.37,67.93,98.84,48.56,80.78,0
2025-01-01 02:26:57,27.39,68.02,98.71,48.49,80.8,0
2025-01-01 02:26:58,27.31,67.93,98.61,48.48,80.82,0
2025-01-01 02:26:59,27.27,67.99,98.64,48.42,80.93,0
2025-01-01 02:27:00,27.29,67.93,98.57,48.47,80.91,0
2025-01-01 02:27:01,27.29,67.99,98.52,48.4,81.03,0
2025-01-01 02:27:02,27.4,67.95,98.4,48.4,80.97,0
2025-01-01 02:27:03,27.36,67.89,98.36,48.31,81.06,0
2025-01-01 02:27:04,27.29,67.96,98.32,48.34,81.06,0
2025-01-01 02:27:05,27.25,67.85,98.32,48.31,81.21,0
2025-01-01 02:27:06,27.25,67.82,98.17,48.3,81.17,0
2025-01-01 02:27:07,27.27,67.92,98.12,48.24,81.18,0
2025-01-01 02:27:08,27.26,67.94,98.05,48.32,81.27,0
2025-01-01 02:27:09,27.17,67.91,98.04,48.2,81.21,0
2025-01-01 02:27:10,27.22,67.87,98.04,48.32,81.34,0
2025-01-01 02:27:11,27.23,67.83,97.84,48.21,81.29,0
2025-01-01 02:27:12,27.19,67.83,97.86,48.19,81.42,0
2025-01-01 02:27:13,27.18,67.85,97.73,48.2,81.34,0
2025-01-01 02:27:14,27.21,67.89,97.78,48.13,81.48,0
2025-01-01 02:27:15,27.1,67.86,97.63,48.16,81.43,0
2025-01-01 02:27:16,27.11,67.76,97.72,48.16,81.54,0
2025-01-01 02:27:17,27.14,67.77,97.53,48.16,81.59,0
2025-01-01 02:27:18,27.05,67.86,97.53,48.15,81.63,0
2025-01-01 02:27:19,27.04,67.82,97.37,48.09,81.64,0
2025-01-01 02:27:20,27.09,67.84,97.37,48.06,81.75,0
2025-01-01 02:27:21,27.03,67.81,97.4,48.09,81.72,0
2025-01-01 02:27:22,27.02,67.77,97.31,47.99,81.74,0
2025-01-01 02:27:23,27.04,67.81,97.32,48.12,81.82,0
2025-01-01 02:27:24,27.0,67.75,97.23,48.08,81.81,0
2025-01-01 02:27:25,26.94,67.76,97.21,48.06,81.87,0
2025-01-01 02:27:26,26.99,67.78,97.11,48.05,81.88,0
2025-01-01 02:27:27,27.01,67.72,97.13,48.05,81.94,0
2025-01-01 02:27:28,26.98,67.7,97.03,48.04,81.99,0
2025-01-01 02:27:29,26.89,67.69,96.86,48.01,81.98,0
2025-01-01 02:27:30,26.88,67.71,96.9,48.05,82.07,0
2025-01-01 02:27:31,26.93,67.74,96.86,48.02,82.12,0
2025-01-01 02:27:32,26.91,67.62,96.79,47.92,82.02,0
2025-01-01 02:27:33,26.84,67.68,96.73,47.92,82.18,0
2025-01-01 02:27:34,26.81,67.7,96.67,47.98,82.2,0
2025-01-01 02:27:35,26.81,67.67,96.67,47.93,82.23,0
2025-01-01 02:27:36,26.77,67.59,96.58,48.04,82.16,0
2025-01-01 02:27:37,26.83,67.65,96.57,48.01,82.26,0
2025-01-01 02:27:38,26.82,67.6,96.44,48.0,82.35,0
2025-01-01 02:27:39,26.79,67.7,96.46,47.99,82.33,0
2025-01-01 02:27:40,26.71,67.58,96.38,47.89,82.35,0
2025-01-01 02:27:41,26.74,67.62,96.36,47.97,82.46,0
2025-01-01 02:27:42,26.65,67.57,96.39,47.97,82.36,0
2025-01-01 02:27:43,26.79,67.6,96.35,48.0,82.5,0
2025-01-01 02:27:44,26.56,67.53,96.31,47.94,82.48,0
2025-01-01 02:27:45,26.69,67.5,96.22,48.03,82.55,0
2025-01-01 02:27:46,26.63,67.48,96.2,48.03,82.58,0
2025-01-01 02:27:47,26.64,67.52,96.18,48.03,82.6,0
2025-01-01 02:27:48,26.59,67.56,96.05,48.01,82.6,0
2025-01-01 02:27:49,26.51,67.5,96.05,48.03,82.64,0
2025-01-01 02:27:50,26.62,67.51,95.97,48.12,82.67,0
2025-01-01 02:27:51,26.6,67.46,95.99,48.07,82.78,0
2025-01-01 02:27:52,26.59,67.42,95.95,48.02,82.78,0
2025-01-01 02:27:53,26.56,67.4,95.98,48.11,82.86,0
2025-01-01 02:27:54,26.48,67.4,95.87,48.19,82.8,0
2025-01-01 02:27:55,26.56,67.44,95.84,48.07,82.85,0
2025-01-01 02:27:56,26.55,67.37,95.78,48.12,82.8,0
2025-01-01 02:27:57,26.48,67.41,95.8,48.06,82.83,0
2025-01-01 02:27:58,26.51,67.34,95.7,48.15,82.95,0
2025-01-01 02:27:59,26.38,67.45,95.68,48.15,83.04,0
2025-01-01 02:28:00,26.46,67.33,95.61,48.22,83.01,0
2025-01-01 02:28:01,26.32,67.37,95.65,48.12,82.96,0
2025-01-01 02:28:02,26.39,67.32,95.59,48.15,83.19,0
2025-01-01 02:28:03,26.38,67.31,95.54,48.09,83.12,0
2025-01-01 02:28:04,26.4,67.33,95.55,48.23,82.94,0
2025-01-01 02:28:05,26.35,67.28,95.49,48.23,83.09,0
2025-01-01 02:28:06,26.3,67.2,95.58,48.17,83.09,0
2025-01-01 02:28:07,26.24,67.18,95.48,48.24,83.11,0
2025-01-01 02:28:08,26.29,67.21,95.4,48.23,83.17,0
2025-01-01 02:28:09,26.26,67.13,95.42,48.24,83.29,0
2025-01-01 02:28:10,26.24,67.21,95.47,48.19,83.2,0
2025-01-01 02:28:11,26.29,67.13,95.37,48.31,83.3,0
2025-01-01 02:28:12,26.2,67.09,95.23,48.29,83.25,0
2025-01-01 02:28:13,26.13,67.08,95.31,48.32,83.28,0
2025-01-01 02:28:14,26.18,67.08,95.37,48.3,83.4,0
2025-01-01 02:28:15,26.19,67.12,95.3,48.33,83.31,0
2025-01-01 02:28:16,26.21,67.08,95.21,48.41,83.31,0
2025-01-01 02:28:17,26.12,67.05,95.32,48.39,83.37,0
2025-01-01 02:28:18,26.09,67.04,95.27,48.4,83.31,0
2025-01-01 02:28:19,25.95,66.98,95.15,48.4,83.41,0
2025-01-01 02:28:20,26.15,66.96,95.23,48.47,83.32,0
2025-01-01 02:28:21,26.01,66.87,95.26,48.37,83.44,0
2025-01-01 02:28:22,26.0,66.86,95.16,48.48,83.49,0
2025-01-01 02:28:23,26.02,66.9,95.16,48.56,83.42,0
2025-01-01 02:28:24,26.01,66.82,95.1,48.54,83.54,0
2025-01-01 02:28:25,25.98,66.8,95.2,48.53,83.5,0
2025-01-01 02:28:26,25.87,66.76,95.03,48.59,83.59,0
2025-01-01 02:28:27,25.87,66.75,95.08,48.6,83.59,0
2025-01-01 02:28:28,25.85,66.78,95.16,48.56,83.59,0
2025-01-01 02:28:29,25.9,66.72,95.1,48.58,83.64,0
2025-01-01 02:28:30,25.86,66.67,95.09,48.63,83.62,0
2025-01-01 02:28:31,25.87,66.68,95.02,48.75,83.54,0
2025-01-01 02:28:32,25.89,66.63,95.01,48.74,83.69,0
2025-01-01 02:28:33,25.82,66.68,95.01,48.83,83.71,0
2025-01-01 02:28:34,25.84,66.64,94.91,48.83,83.71,0
2025-01-01 02:28:35,25.77,66.61,95.0,48.77,83.71,0
2025-01-01 02:28:36,25.69,66.65,95.12,48.8,83.64,0
2025-01-01 02:28:37,25.72,66.61,95.03,48.94,83.78,0
2025-01-01 02:28:38,25.61,66.51,95.03,48.86,83.83,0
2025-01-01 02:28:39,25.64,66.59,94.97,48.92,83.72,0
2025-01-01 02:28:40,25.69,66.58,95.01,49.03,83.74,0
2025-01-01 02:28:41,25.65,66.54,94.95,48.97,83.82,0
2025-01-01 02:28:42,25.67,66.53,94.96,49.01,83.74,0
2025-01-01 02:28:43,25.57,66.44,95.06,49.05,83.82,0
2025-01-01 02:28:44,25.61,66.45,95.02,49.03,83.78,0
2025-01-01 02:28:45,25.56,66.36,95.03,49.16,83.87,0
2025-01-01 02:28:46,25.46,66.35,95.01,49.04,83.85,0
2025-01-01 02:28:47,25.55,66.43,95.1,49.08,83.85,0
2025-01-01 02:28:48,25.5,66.3,95.02,49.17,83.9,0
2025-01-01 02:28:49,25.56,66.31,94.99,49.15,83.98,0
2025-01-01 02:28:50,25.51,66.3,95.02,49.32,83.88,0
2025-01-01 02:28:51,25.36,66.27,94.97,49.28,83.97,0
2025-01-01 02:28:52,25.35,66.19,95.08,49.27,83.93,0
2025-01-01 02:28:53,25.43,66.25,95.01,49.2,83.94,0
2025-01-01 02:28:54,25.31,66.23,95.05,49.35,83.96,0
2025-01-01 02:28:55,25.28,66.15,95.09,49.4,83.91,0
2025-01-01 02:28:56,25.33,66.21,95.12,49.39,84.01,0
2025-01-01 02:28:57,25.37,66.13,95.11,49.4,84.02,0
2025-01-01 02:28:58,25.36,66.09,95.11,49.48,83.92,0
2025-01-01 02:28:59,25.32,66.01,95.12,49.52,83.98,0
2025-01-01 02:29:00,25.32,66.05,95.16,49.46,83.99,0
2025-01-01 02:29:01,25.25,66.02,95.11,49.64,83.98,0
2025-01-01 02:29:02,25.19,65.95,95.2,49.61,83.97,0
2025-01-01 02:29:03,25.2,66.0,95.19,49.59,83.93,0
2025-01-01 02:29:04,25.19,65.89,95.08,49.65,83.97,0
2025-01-01 02:29:05,25.15,65.93,95.09,49.68,84.03,0
2025-01-01 02:29:06,25.12,65.81,95.19,49.77,83.98,0
2025-01-01 02:29:07,25.09,65.86,95.26,49.72,84.0,0
2025-01-01 02:29:08,25.05,65.87,95.32,49.8,84.05,0
2025-01-01 02:29:09,25.05,65.78,95.25,49.85,84.0,0
2025-01-01 02:29:10,25.07,65.75,95.31,49.94,83.9,0
2025-01-01 02:29:11,25.15,65.71,95.32,49.98,84.03,0
2025-01-01 02:29:12,25.06,65.76,95.34,49.99,83.94,0
2025-01-01 02:29:13,25.03,65.7,95.43,50.02,84.01,0
2025-01-01 02:29:14,24.97,65.63,95.38,49.95,84.09,0
2025-01-01 02:29:15,25.02,65.63,95.46,50.09,83.95,0
2025-01-01 02:29:16,24.98,65.65,95.41,50.01,83.94,0
2025-01-01 02:29:17,24.93,65.5,95.46,50.08,84.0,0
2025-01-01 02:29:18,24.89,65.53,95.52,50.1,84.01,0
2025-01-01 02:29:19,24.85,65.5,95.52,50.2,84.0,0
2025-01-01 02:29:20,24.93,65.47,95.52,50.26,84.01,0
2025-01-01 02:29:21,24.9,65.44,95.51,50.36,83.96,0
2025-01-01 02:29:22,24.77,65.45,95.56,50.26,83.99,0
2025-01-01 02:29:23,24.8,65.36,95.72,50.31,83.94,0
2025-01-01 02:29:24,24.84,65.32,95.66,50.3,83.99,0
2025-01-01 02:29:25,24.77,65.32,95.71,50.42,84.01,0
2025-01-01 02:29:26,24.7,65.26,95.78,50.37,83.99,0
2025-01-01 02:29:27,24.77,65.18,95.75,50.49,83.96,0
2025-01-01 02:29:28,24.69,65.27,95.86,50.44,84.05,0
2025-01-01 02:29:29,24.6,65.13,95.81,50.49,83.94,0
2025-01-01 02:29:30,24.64,65.14,95.86,50.51,83.98,0
2025-01-01 02:29:31,24.65,65.13,95.9,50.63,83.92,0
2025-01-01 02:29:32,24.57,65.06,95.93,50.63,83.98,0
2025-01-01 02:29:33,24.69,65.12,95.93,50.63,83.82,0
2025-01-01 02:29:34,24.58,65.02,95.9,50.77,83.9,0
2025-01-01 02:29:35,24.47,65.0,96.14,50.8,83.91,0
2025-01-01 02:29:36,24.56,65.05,96.08,50.75,83.94,0
2025-01-01 02:29:37,24.48,65.03,96.09,50.73,83.9,0
2025-01-01 02:29:38,24.56,64.96,96.17,50.81,83.93,0
2025-01-01 02:29:39,24.49,64.85,96.18,50.87,83.83,0
2025-01-01 02:29:40,24.4,64.85,96.25,50.9,83.79,0
2025-01-01 02:29:41,24.47,64.89,96.25,50.89,83.74,0
2025-01-01 02:29:42,24.48,64.84,96.34,50.85,83.87,0
2025-01-01 02:29:43,24.4,64.63,96.42,51.0,83.89,0
2025-01-01 02:29:44,24.33,64.64,96.4,51.0,83.77,0
2025-01-01 02:29:45,24.3,64.74,96.45,51.03,83.8,0
2025-01-01 02:29:46,24.35,64.67,96.49,51.01,83.74,0
2025-01-01 02:29:47,24.36,64.7,96.53,51.15,83.8,0
2025-01-01 02:29:48,24.33,64.64,96.65,51.06,83.79,0
2025-01-01 02:29:49,24.35,64.55,96.65,51.08,83.73,0
2025-01-01 02:29:50,24.26,64.49,96.69,51.16,83.76,0
2025-01-01 02:29:51,24.22,64.47,96.78,51.14,83.76,0
2025-01-01 02:29:52,24.2,64.49,96.83,51.06,83.75,0
2025-01-01 02:29:53,24.29,64.42,96.85,51.18,83.71,0
2025-01-01 02:29:54,24.32,64.3,96.86,51.29,83.74,0
2025-01-01 02:29:55,24.11,64.34,96.91,51.24,83.66,0
2025-01-01 02:29:56,24.09,64.33,96.94,51.3,83.61,0
2025-01-01 02:29:57,24.13,64.25,97.08,51.31,83.63,0
2025-01-01 02:29:58,24.12,64.27,97.09,51.39,83.6,0
2025-01-01 02:29:59,24.07,64.24,97.11,51.37,83.54,0
2025-01-01 02:30:00,34.14,44.16,127.25,36.4,108.62,1
2025-01-01 02:30:01,34.03,44.07,127.16,36.55,108.53,1
2025-01-01 02:30:02,34.1,44.07,127.3,36.46,108.68,1
2025-01-01 02:30:03,34.01,44.06,127.36,36.42,108.54,1
2025-01-01 02:30:04,34.01,44.03,127.42,36.5,108.54,1
2025-01-01 02:30:05,34.07,44.01,127.43,36.45,108.51,1
2025-01-01 02:30:06,33.94,44.01,127.56,36.5,108.44,1
2025-01-01 02:30:07,34.0,44.0,127.59,36.54,108.37,1
2025-01-01 02:30:08,33.9,43.88,127.64,36.59,108.39,1
2025-01-01 02:30:09,33.89,43.92,127.65,36.57,108.5,1
2025-01-01 02:30:10,33.87,43.89,127.74,36.54,108.35,1
2025-01-01 02:30:11,33.92,43.82,127.71,36.66,108.33,1
2025-01-01 02:30:12,33.88,43.92,127.86,36.69,108.32,1
2025-01-01 02:30:13,33.79,43.8,127.86,36.66,108.4,1
2025-01-01 02:30:14,33.81,43.78,127.97,36.66,108.31,1
2025-01-01 02:30:15,33.77,43.73,128.07,36.71,108.34,1
2025-01-01 02:30:16,33.79,43.69,128.21,36.85,108.24,1
2025-01-01 02:30:17,33.78,43.56,128.16,36.76,108.18,1
2025-01-01 02:30:18,33.81,43.56,128.15,36.78,108.17,1
2025-01-01 02:30:19,33.73,43.63,128.21,36.81,108.14,1
2025-01-01 02:30:20,23.67,63.5,98.43,51.83,83.17,0
2025-01-01 02:30:21,23.67,63.45,98.28,51.89,83.14,0
2025-01-01 02:30:22,23.69,63.44,98.52,51.83,83.09,0
2025-01-01 02:30:23,23.75,63.39,98.39,51.76,83.06,0
2025-01-01 02:30:24,23.66,63.4,98.49,51.83,83.01,0
2025-01-01 02:30:25,23.68,63.39,98.69,51.88,83.11,0
2025-01-01 02:30:26,23.57,63.3,98.6,51.9,83.01,0
2025-01-01 02:30:27,23.47,63.3,98.76,51.85,82.98,0
2025-01-01 02:30:28,23.5,63.17,98.86,51.83,82.94,0
2025-01-01 02:30:29,23.48,63.19,98.86,51.94,82.94,0
2025-01-01 02:30:30,23.61,63.11,98.84,51.88,82.82,0
2025-01-01 02:30:31,23.52,63.09,98.98,51.84,82.86,0
2025-01-01 02:30:32,23.56,63.09,98.92,51.93,82.79,0
2025-01-01 02:30:33,23.48,63.01,99.17,51.94,82.82,0
2025-01-01 02:30:34,23.46,63.01,99.13,51.99,82.75,0
2025-01-01 02:30:35,23.52,62.98,99.2,52.0,82.77,0
2025-01-01 02:30:36,23.47,62.92,99.25,51.97,82.69,0
2025-01-01 02:30:37,23.46,62.95,99.36,52.04,82.74,0
2025-01-01 02:30:38,23.39,62.88,99.33,51.98,82.6,0
2025-01-01 02:30:39,23.38,62.73,99.51,51.96,82.67,0
2025-01-01 02:30:40,23.36,62.67,99.49,51.96,82.6,0
2025-01-01 02:30:41,23.42,62.81,99.56,51.92,82.53,0
2025-01-01 02:30:42,23.36,62.69,99.56,51.97,82.6,0
2025-01-01 02:30:43,23.33,62.66,99.68,51.97,82.53,0
2025-01-01 02:30:44,23.31,62.65,99.79,52.0,82.49,0
2025-01-01 02:30:45,23.25,62.58,99.89,52.0,82.43,0
2025-01-01 02:30:46,23.28,62.48,99.9,52.08,82.37,0
2025-01-01 02:30:47,23.26,62.5,99.95,52.0,82.41,0
2025-01-01 02:30:48,23.18,62.5,100.02,51.91,82.36,0
2025-01-01 02:30:49,23.22,62.38,100.08,51.93,82.28,0
2025-01-01 02:30:50,23.2,62.3,100.08,51.95,82.28,0
2025-01-01 02:30:51,23.21,62.3,100.15,52.0,82.25,0
2025-01-01 02:30:52,23.13,62.4,100.27,51.99,82.19,0
2025-01-01 02:30:53,23.2,62.3,100.24,51.96,82.16,0
2025-01-01 02:30:54,23.14,62.27,100.33,51.99,82.23,0
2025-01-01 02:30:55,23.12,62.16,100.38,51.96,82.06,0
2025-01-01 02:30:56,23.09,62.18,100.51,51.96,81.99,0
2025-01-01 02:30:57,23.13,62.1,100.58,51.93,82.02,0
2025-01-01 02:30:58,23.05,62.01,100.59,51.97,82.02,0
2025-01-01 02:30:59,23.03,61.98,100.68,52.0,81.93,0
2025-01-01 02:31:00,23.05,61.97,100.82,51.93,81.97,0
2025-01-01 02:31:01,23.08,62.04,100.75,51.88,81.96,0
2025-01-01 02:31:02,23.06,61.89,100.72,51.95,81.79,0
2025-01-01 02:31:03,22.96,61.9,100.96,52.02,81.81,0
2025-01-01 02:31:04,22.94,61.89,101.03,51.91,81.8,0
2025-01-01 02:31:05,22.95,61.84,101.15,51.88,81.78,0
2025-01-01 02:31:06,22.88,61.72,101.16,51.91,81.67,0
2025-01-01 02:31:07,22.94,61.77,101.12,51.99,81.72,0
2025-01-01 02:31:08,22.96,61.69,101.34,51.94,81.64,0
2025-01-01 02:31:09,22.95,61.62,101.3,51.95,81.64,0
2025-01-01 02:31:10,22.93,61.67,101.4,51.82,81.66,0
2025-01-01 02:31:11,22.91,61.6,101.43,51.91,81.64,0
2025-01-01 02:31:12,22.85,61.59,101.49,51.74,81.44,0
2025-01-01 02:31:13,22.88,61.55,101.58,51.86,81.6,0
2025-01-01 02:31:14,22.87,61.44,101.6,51.89,81.37,0
2025-01-01 02:31:15,22.89,61.42,101.63,51.73,81.47,0
2025-01-01 02:31:16,22.77,61.38,101.68,51.88,81.36,0
2025-01-01 02:31:17,22.73,61.32,101.86,51.72,81.3,0
2025-01-01 02:31:18,22.85,61.32,101.78,51.76,81.27,0
2025-01-01 02:31:19,22.78,61.31,101.91,51.73,81.24,0
2025-01-01 02:31:20,22.81,61.18,101.85,51.71,81.22,0
2025-01-01 02:31:21,22.73,61.15,102.0,51.7,81.1,0
2025-01-01 02:31:22,22.77,61.01,102.1,51.7,81.15,0
2025-01-01 02:31:23,22.62,61.12,102.1,51.75,81.11,0
2025-01-01 02:31:24,22.65,60.98,102.16,51.69,81.11,0
2025-01-01 02:31:25,22.7,61.03,102.23,51.63,81.07,0
2025-01-01 02:31:26,22.66,61.02,102.27,51.66,81.0,0
2025-01-01 02:31:27,22.72,61.04,102.22,51.63,80.96,0
2025-01-01 02:31:28,22.68,60.91,102.42,51.58,80.94,0
2025-01-01 02:31:29,22.69,60.86,102.45,51.55,80.84,0
2025-01-01 02:31:30,22.72,60.76,102.56,51.56,80.79,0
2025-01-01 02:31:31,22.63,60.85,102.55,51.57,80.84,0
2025-01-01 02:31:32,22.57,60.69,102.63,51.42,80.6,0
2025-01-01 02:31:33,22.57,60.81,102.66,51.48,80.74,0
2025-01-01 02:31:34,22.58,60.65,102.79,51.44,80.66,0
2025-01-01 02:31:35,22.61,60.57,102.72,51.33,80.65,0
2025-01-01 02:31:36,22.55,60.63,102.84,51.32,80.56,0
2025-01-01 02:31:37,22.59,60.53,102.94,51.34,80.58,0
2025-01-01 02:31:38,22.45,60.49,102.92,51.27,80.56,0
2025-01-01 02:31:39,22.49,60.43,103.05,51.32,80.5,0
2025-01-01 02:31:40,22.43,60.38,103.14,51.33,80.37,0
2025-01-01 02:31:41,22.51,60.33,103.16,51.15,80.4,0
2025-01-01 02:31:42,22.51,60.29,103.12,51.26,80.26,0
2025-01-01 02:31:43,22.42,60.3,103.14,51.19,80.3,0
2025-01-01 02:31:44,22.43,60.26,103.25,51.22,80.2,0
2025-01-01 02:31:45,22.43,60.25,103.2,51.16,80.23,0
2025-01-01 02:31:46,22.32,60.16,103.34,51.12,80.16,0
2025-01-01 02:31:47,22.45,60.19,103.4,51.06,80.07,0
2025-01-01 02:31:48,22.45,60.05,103.39,51.08,80.16,0
2025-01-01 02:31:49,22.48,60.07,103.44,50.99,80.16,0
2025-01-01 02:31:50,22.39,60.06,103.52,50.99,80.0,0
2025-01-01 02:31:51,22.33,60.04,103.55,51.06,79.96,0
2025-01-01 02:31:52,22.37,59.89,103.58,50.9,79.96,0
2025-01-01 02:31:53,22.38,59.98,103.57,50.99,79.86,0
2025-01-01 02:31:54,22.39,59.81,103.69,50.78,79.83,0
2025-01-01 02:31:55,22.36,59.91,103.62,50.87,79.8,0
2025-01-01 02:31:56,22.25,59.73,103.74,50.86,79.79,0
2025-01-01 02:31:57,22.27,59.65,103.83,50.8,79.83,0
2025-01-01 02:31:58,22.31,59.76,103.87,50.82,79.73,0
2025-01-01 02:31:59,22.34,59.55,103.87,50.72,79.73,0
2025-01-01 02:32:00,22.26,59.61,103.96,50.73,79.63,0
2025-01-01 02:32:01,22.36,59.6,103.94,50.62,79.61,0
2025-01-01 02:32:02,22.26,59.53,104.06,50.64,79.52,0
2025-01-01 02:32:03,22.27,59.49,103.99,50.71,79.48,0
2025-01-01 02:32:04,22.32,59.41,104.1,50.6,79.47,0
2025-01-01 02:32:05,22.28,59.45,104.1,50.55,79.46,0
2025-01-01 02:32:06,22.2,59.32,104.15,50.43,79.3,0
2025-01-01 02:32:07,22.34,59.42,104.15,50.55,79.4,0
2025-01-01 02:32:08,22.27,59.3,104.25,50.5,79.34,0
2025-01-01 02:32:09,22.16,59.37,104.37,50.34,79.29,0
2025-01-01 02:32:10,22.33,59.28,104.33,50.33,79.27,0
2025-01-01 02:32:11,22.23,59.23,104.26,50.31,79.18,0
2025-01-01 02:32:12,22.2,59.14,104.32,50.32,79.12,0
2025-01-01 02:32:13,22.21,59.04,104.4,50.31,79.05,0
2025-01-01 02:32:14,22.27,59.03,104.46,50.28,79.12,0
2025-01-01 02:32:15,22.2,59.06,104.48,50.33,79.09,0
2025-01-01 02:32:16,22.21,58.92,104.34,50.19,78.96,0
2025-01-01 02:32:17,22.15,58.94,104.52,50.14,79.0,0
2025-01-01 02:32:18,22.17,58.91,104.61,50.14,78.92,0
2025-01-01 02:32:19,22.19,58.96,104.54,50.12,78.87,0
2025-01-01 02:32:20,22.15,58.8,104.54,50.15,78.81,0
2025-01-01 02:32:21,22.08,58.8,104.65,50.1,78.74,0
2025-01-01 02:32:22,22.2,58.85,104.58,49.99,78.7,0
2025-01-01 02:32:23,22.23,58.64,104.62,50.01,78.69,0
2025-01-01 02:32:24,22.09,58.67,104.78,49.92,78.68,0
2025-01-01 02:32:25,22.07,58.65,104.73,49.87,78.68,0
2025-01-01 02:32:26,22.09,58.5,104.73,49.97,78.55,0
2025-01-01 02:32:27,22.13,58.62,104.72,49.76,78.58,0
2025-01-01 02:32:28,22.19,58.49,104.76,49.75,78.53,0
2025-01-01 02:32:29,22.13,58.48,104.75,49.79,78.54,0
2025-01-01 02:32:30,22.14,58.42,104.76,49.83,78.47,0
2025-01-01 02:32:31,22.08,58.32,104.76,49.67,78.45,0
2025-01-01 02:32:32,22.07,58.36,104.75,49.74,78.35,0
2025-01-01 02:32:33,22.1,58.29,104.82,49.6,78.37,0
2025-01-01 02:32:34,22.03,58.29,104.85,49.64,78.36,0
2025-01-01 02:32:35,22.06,58.26,104.85,49.64,78.26,0
2025-01-01 02:32:36,22.06,58.18,104.84,49.64,78.27,0
2025-01-01 02:32:37,22.07,58.14,104.95,49.48,78.22,0
2025-01-01 02:32:38,22.17,58.07,104.93,49.49,78.2,0
2025-01-01 02:32:39,22.05,58.05,104.93,49.42,78.02,0
2025-01-01 02:32:40,22.02,58.03,104.88,49.42,78.07,0
2025-01-01 02:32:41,22.05,58.11,105.0,49.41,78.16,0
2025-01-01 02:32:42,22.05,57.96,104.9,49.41,78.13,0
2025-01-01 02:32:43,22.09,58.0,104.82,49.43,77.99,0
2025-01-01 02:32:44,22.16,57.98,105.0,49.27,77.97,0
2025-01-01 02:32:45,21.94,57.9,104.84,49.24,78.01,0
2025-01-01 02:32:46,22.07,57.74,104.91,49.19,77.9,0
2025-01-01 02:32:47,22.08,57.8,104.93,49.22,77.9,0
2025-01-01 02:32:48,22.05,57.86,105.02,49.21,77.92,0
2025-01-01 02:32:49,22.07,57.67,105.05,49.11,77.75,0
2025-01-01 02:32:50,21.98,57.72,105.03,49.15,77.79,0
2025-01-01 02:32:51,22.03,57.64,105.03,49.04,77.66,0
2025-01-01 02:32:52,22.0,57.61,104.97,49.15,77.72,0
2025-01-01 02:32:53,22.02,57.51,105.05,48.95,77.68,0
2025-01-01 02:32:54,21.99,57.51,105.02,48.93,77.55,0
2025-01-01 02:32:55,21.97,57.51,105.02,48.94,77.7,0
2025-01-01 02:32:56,22.08,57.48,104.96,48.98,77.58,0
2025-01-01 02:32:57,21.97,57.39,104.94,48.86,77.48,0
2025-01-01 02:32:58,22.06,57.35,104.94,48.9,77.5,0
2025-01-01 02:32:59,22.06,57.32,104.92,48.82,77.42,0
2025-01-01 02:33:00,22.03,57.33,104.91,48.81,77.5,0
2025-01-01 02:33:01,21.93,57.22,104.98,48.84,77.44,0
2025-01-01 02:33:02,22.04,57.24,104.95,48.85,77.35,0
2025-01-01 02:33:03,21.86,57.08,104.96,48.72,77.32,0
2025-01-01 02:33:04,22.01,57.19,104.98,48.74,77.27,0
2025-01-01 02:33:05,21.98,57.13,104.95,48.71,77.32,0
2025-01-01 02:33:06,22.01,57.13,104.91,48.62,77.17,0
2025-01-01 02:33:07,22.04,56.99,104.99,48.65,77.22,0
2025-01-01 02:33:08,21.95,57.02,104.91,48.63,77.23,0
2025-01-01 02:33:09,22.01,56.9,104.93,48.63,77.19,0
2025-01-01 02:33:10,22.03,56.94,104.87,48.54,77.26,0
2025-01-01 02:33:11,22.07,56.87,104.91,48.5,77.09,0
2025-01-01 02:33:12,21.94,56.85,104.88,48.57,77.08,0
2025-01-01 02:33:13,22.05,56.83,104.97,48.58,77.14,0
2025-01-01 02:33:14,22.04,56.72,104.85,48.59,77.06,0
2025-01-01 02:33:15,21.96,56.74,104.77,48.41,77.03,0
2025-01-01 02:33:16,22.04,56.65,104.77,48.36,76.98,0
2025-01-01 02:33:17,21.91,56.64,104.79,48.33,76.91,0
2025-01-01 02:33:18,22.0,56.61,104.76,48.41,76.85,0
2025-01-01 02:33:19,22.04,56.56,104.72,48.28,76.89,0
2025-01-01 02:33:20,22.03,56.55,104.74,48.34,76.88,0
2025-01-01 02:33:21,21.95,56.51,104.68,48.28,76.89,0
2025-01-01 02:33:22,21.93,56.5,104.71,48.29,76.88,0
2025-01-01 02:33:23,21.99,56.4,104.6,48.3,76.76,0
2025-01-01 02:33:24,21.98,56.4,104.64,48.35,76.83,0
2025-01-01 02:33:25,22.04,56.36,104.6,48.26,76.73,0
2025-01-01 02:33:26,21.98,56.32,104.55,48.21,76.79,0
2025-01-01 02:33:27,21.95,56.24,104.63,48.21,76.78,0
2025-01-01 02:33:28,21.97,56.26,104.58,48.17,76.78,0
2025-01-01 02:33:29,22.01,56.25,104.48,48.28,76.68,0
2025-01-01 02:33:30,22.13,56.25,104.53,48.14,76.65,0
2025-01-01 02:33:31,22.02,56.15,104.47,48.13,76.62,0
2025-01-01 02:33:32,22.03,56.07,104.47,48.17,76.65,0
2025-01-01 02:33:33,22.06,56.0,104.36,48.23,76.62,0
2025-01-01 02:33:34,21.96,56.07,104.33,48.03,76.65,0
2025-01-01 02:33:35,22.05,56.02,104.28,48.07,76.46,0
2025-01-01 02:33:36,22.12,55.89,104.39,48.06,76.46,0
2025-01-01 02:33:37,22.05,55.91,104.28,48.06,76.49,0
2025-01-01 02:33:38,22.02,55.95,104.27,48.1,76.54,0
2025-01-01 02:33:39,22.07,55.88,104.21,48.05,76.43,0
2025-01-01 02:33:40,22.07,55.89,104.21,48.1,76.39,0
2025-01-01 02:33:41,22.09,55.79,104.15,48.09,76.37,0
2025-01-01 02:33:42,22.08,55.78,104.16,48.03,76.41,0
2025-01-01 02:33:43,22.08,55.71,104.04,48.02,76.39,0
2025-01-01 02:33:44,22.17,55.7,104.06,48.04,76.36,0
2025-01-01 02:33:45,22.08,55.71,103.99,48.03,76.35,0
2025-01-01 02:33:46,22.04,55.69,103.94,48.1,76.35,0
2025-01-01 02:33:47,22.17,55.59,103.88,48.08,76.3,0
2025-01-01 02:33:48,22.16,55.6,103.96,47.97,76.36,0
2025-01-01 02:33:49,22.07,55.42,103.89,48.01,76.34,0
2025-01-01 02:33:50,22.12,55.5,103.88,48.02,76.26,0
2025-01-01 02:33:51,22.11,55.48,103.62,48.03,76.33,0
2025-01-01 02:33:52,22.12,55.42,103.74,48.09,76.28,0
2025-01-01 02:33:53,22.14,55.39,103.62,48.0,76.24,0
2025-01-01 02:33:54,22.04,55.34,103.69,47.99,76.1,0
2025-01-01 02:33:55,22.22,55.29,103.57,48.05,76.17,0
2025-01-01 02:33:56,22.05,55.32,103.59,47.98,76.19,0
2025-01-01 02:33:57,22.09,55.22,103.49,48.03,76.19,0
2025-01-01 02:33:58,22.21,55.32,103.5,47.92,76.16,0
2025-01-01 02:33:59,22.21,55.2,103.33,47.97,76.05,0
2025-01-01 02:34:00,22.16,55.14,103.35,48.06,76.09,0
2025-01-01 02:34:01,22.14,55.09,103.37,48.06,76.16,0
2025-01-01 02:34:02,22.2,55.05,103.28,47.95,76.13,0
2025-01-01 02:34:03,22.17,55.05,103.23,48.05,76.21,0
2025-01-01 02:34:04,22.23,55.17,103.19,48.11,76.13,0
2025-01-01 02:34:05,22.22,55.01,103.15,48.04,76.03,0
2025-01-01 02:34:06,22.25,54.91,103.12,48.06,76.16,0
2025-01-01 02:34:07,22.18,54.91,103.09,47.98,76.03,0
2025-01-01 02:34:08,22.24,54.92,102.99,48.06,76.1,0
2025-01-01 02:34:09,22.23,54.9,102.93,48.05,76.0,0
2025-01-01 02:34:10,22.28,54.92,102.91,48.08,76.01,0
2025-01-01 02:34:11,22.18,54.88,102.83,48.07,76.07,0
2025-01-01 02:34:12,22.27,54.84,102.77,47.97,76.08,0
2025-01-01 02:34:13,22.3,54.71,102.67,48.12,76.1,0
2025-01-01 02:34:14,22.14,54.77,102.66,48.09,76.04,0
2025-01-01 02:34:15,22.25,54.75,102.59,48.13,76.08,0
2025-01-01 02:34:16,22.25,54.64,102.57,48.18,76.0,0
2025-01-01 02:34:17,22.28,54.67,102.55,48.14,76.02,0
2025-01-01 02:34:18,22.3,54.64,102.3,48.22,76.01,0
2025-01-01 02:34:19,22.33,54.7,102.37,48.26,76.05,0
2025-01-01 02:34:20,22.35,54.6,102.31,48.07,75.95,0
2025-01-01 02:34:21,22.39,54.49,102.21,48.16,76.04,0
2025-01-01 02:34:22,22.35,54.54,102.3,48.21,76.0,0
2025-01-01 02:34:23,22.33,54.52,102.2,48.15,76.07,0
2025-01-01 02:34:24,22.38,54.48,102.11,48.27,75.92,0
2025-01-01 02:34:25,22.46,54.32,102.0,48.24,75.97,0
2025-01-01 02:34:26,22.37,54.36,101.97,48.26,76.0,0
2025-01-01 02:34:27,22.44,54.37,101.93,48.3,75.91,0
2025-01-01 02:34:28,22.28,54.26,101.88,48.29,75.87,0
2025-01-01 02:34:29,22.41,54.29,101.84,48.19,76.13,0
2025-01-01 02:34:30,22.43,54.22,101.79,48.38,75.94,0
2025-01-01 02:34:31,22.36,54.24,101.72,48.36,76.08,0
2025-01-01 02:34:32,22.49,54.15,101.61,48.3,76.04,0
2025-01-01 02:34:33,22.49,54.26,101.63,48.33,76.0,0
2025-01-01 02:34:34,22.39,54.2,101.51,48.44,76.04,0
2025-01-01 02:34:35,22.57,54.16,101.5,48.39,75.99,0
2025-01-01 02:34:36,22.48,54.16,101.36,48.43,75.93,0
2025-01-01 02:34:37,22.52,54.06,101.39,48.41,76.0,0
2025-01-01 02:34:38,22.54,54.07,101.38,48.44,75.99,0
2025-01-01 02:34:39,22.58,54.01,101.22,48.5,76.02,0
2025-01-01 02:34:40,22.52,53.97,101.25,48.5,76.0,0
2025-01-01 02:34:41,22.53,54.0,101.2,48.52,75.99,0
2025-01-01 02:34:42,22.65,53.96,101.06,48.56,75.98,0
2025-01-01 02:34:43,22.57,53.97,101.06,48.56,76.06,0
2025-01-01 02:34:44,22.64,53.9,100.98,48.62,76.02,0
2025-01-01 02:34:45,22.55,53.93,100.74,48.59,75.99,0
2025-01-01 02:34:46,22.66,53.92,100.78,48.79,76.14,0
2025-01-01 02:34:47,22.63,53.9,100.72,48.66,76.1,0
2025-01-01 02:34:48,22.59,53.73,100.65,48.69,76.11,0
2025-01-01 02:34:49,22.62,53.69,100.65,48.79,76.06,0
2025-01-01 02:34:50,22.74,53.79,100.52,48.72,76.08,0
2025-01-01 02:34:51,22.66,53.6,100.47,48.75,76.2,0
2025-01-01 02:34:52,22.69,53.66,100.42,48.82,76.1,0
2025-01-01 02:34:53,22.66,53.65,100.41,48.76,76.07,0
2025-01-01 02:34:54,22.66,53.6,100.28,48.9,76.19,0
2025-01-01 02:34:55,22.73,53.64,100.22,48.78,76.16,0
2025-01-01 02:34:56,22.74,53.57,100.14,48.85,76.17,0
2025-01-01 02:34:57,22.75,53.64,100.09,48.93,76.17,0
2025-01-01 02:34:58,22.73,53.6,100.13,48.91,76.16,0
2025-01-01 02:34:59,22.84,53.55,100.01,49.01,76.23,0
2025-01-01 02:35:00,22.8,53.52,99.95,49.09,76.19,0
2025-01-01 02:35:01,22.8,53.56,99.9,49.05,76.25,0
2025-01-01 02:35:02,22.82,53.42,99.83,49.04,76.32,0
2025-01-01 02:35:03,22.84,53.39,99.74,49.15,76.19,0
2025-01-01 02:35:04,22.97,53.34,99.74,49.12,76.22,0
2025-01-01 02:35:05,22.88,53.37,99.71,49.1,76.3,0
2025-01-01 02:35:06,22.85,53.38,99.6,49.12,76.3,0
2025-01-01 02:35:07,22.93,53.37,99.49,49.16,76.33,0
2025-01-01 02:35:08,22.99,53.36,99.5,49.31,76.3,0
2025-01-01 02:35:09,22.91,53.35,99.3,49.33,76.4,0
2025-01-01 02:35:10,22.92,53.32,99.29,49.33,76.34,0
2025-01-01 02:35:11,22.96,53.25,99.18,49.32,76.47,0
2025-01-01 02:35:12,22.98,53.13,99.26,49.33,76.43,0
2025-01-01 02:35:13,23.03,53.22,99.09,49.39,76.43,0
2025-01-01 02:35:14,22.92,53.17,99.1,49.42,76.49,0
2025-01-01 02:35:15,22.94,53.01,98.97,49.5,76.48,0
2025-01-01 02:35:16,22.99,53.14,98.95,49.61,76.48,0
2025-01-01 02:35:17,23.0,53.24,98.89,49.45,76.41,0
2025-01-01 02:35:18,23.07,53.02,98.86,49.55,76.55,0
2025-01-01 02:35:19,23.06,53.01,98.82,49.69,76.45,0
2025-01-01 02:35:20,23.03,53.1,98.74,49.77,76.58,0
2025-01-01 02:35:21,23.21,53.05,98.67,49.66,76.53,0
2025-01-01 02:35:22,23.11,53.0,98.46,49.68,76.63,0
2025-01-01 02:35:23,23.12,53.02,98.49,49.77,76.68,0
2025-01-01 02:35:24,23.2,53.01,98.43,49.87,76.67,0
2025-01-01 02:35:25,23.07,52.89,98.34,49.79,76.68,0
2025-01-01 02:35:26,23.21,52.97,98.34,49.97,76.66,0
2025-01-01 02:35:27,23.18,52.91,98.4,49.92,76.63,0
2025-01-01 02:35:28,23.14,52.83,98.23,49.84,76.65,0
2025-01-01 02:35:29,23.27,52.94,98.25,49.88,76.68,0
2025-01-01 02:35:30,23.2,52.96,98.12,50.07,76.78,0
2025-01-01 02:35:31,23.24,52.89,97.97,49.91,76.79,0
2025-01-01 02:35:32,23.26,52.94,97.93,50.07,76.83,0
2025-01-01 02:35:33,23.29,52.88,97.91,50.12,76.85,0
2025-01-01 02:35:34,23.35,52.78,97.83,50.08,76.79,0
2025-01-01 02:35:35,23.28,52.78,97.79,50.15,76.81,0
2025-01-01 02:35:36,23.32,52.75,97.77,50.2,76.88,0
2025-01-01 02:35:37,23.3,52.73,97.77,50.28,76.9,0
2025-01-01 02:35:38,23.35,52.66,97.66,50.18,76.92,0
2025-01-01 02:35:39,23.43,52.65,97.56,50.24,76.89,0
2025-01-01 02:35:40,23.44,52.72,97.64,50.26,76.91,0
2025-01-01 02:35:41,23.46,52.67,97.48,50.42,77.04,0
2025-01-01 02:35:42,23.47,52.64,97.41,50.36,77.09,0
2025-01-01 02:35:43,23.45,52.68,97.26,50.32,76.97,0
2025-01-01 02:35:44,23.44,52.57,97.42,50.44,77.12,0
2025-01-01 02:35:45,23.42,52.57,97.36,50.57,77.16,0
2025-01-01 02:35:46,23.39,52.59,97.25,50.5,77.06,0
2025-01-01 02:35:47,23.61,52.56,97.12,50.54,77.25,0
2025-01-01 02:35:48,23.56,52.52,97.06,50.46,77.21,0
2025-01-01 02:35:49,23.52,52.59,97.05,50.65,77.28,0
2025-01-01 02:35:50,23.53,52.57,97.1,50.59,77.27,0
2025-01-01 02:35:51,23.57,52.52,97.02,50.71,77.33,0
2025-01-01 02:35:52,23.62,52.5,96.95,50.64,77.46,0
2025-01-01 02:35:53,23.69,52.56,96.9,50.75,77.28,0
2025-01-01 02:35:54,23.57,52.44,96.84,50.75,77.44,0
2025-01-01 02:35:55,23.61,52.53,96.74,50.77,77.47,0
2025-01-01 02:35:56,23.7,52.41,96.79,50.83,77.35,0
2025-01-01 02:35:57,23.65,52.43,96.63,50.92,77.47,0
2025-01-01 02:35:58,23.73,52.45,96.68,50.97,77.56,0
2025-01-01 02:35:59,23.81,52.46,96.6,50.93,77.42,0
2025-01-01 02:36:00,23.72,52.41,96.57,50.94,77.6,0
2025-01-01 02:36:01,23.7,52.32,96.45,51.05,77.55,0
2025-01-01 02:36:02,23.74,52.4,96.38,50.96,77.68,0
2025-01-01 02:36:03,23.78,52.46,96.33,51.01,77.66,0
2025-01-01 02:36:04,23.82,52.31,96.35,51.1,77.7,0
2025-01-01 02:36:05,23.78,52.46,96.33,51.12,77.79,0
2025-01-01 02:36:06,23.85,52.3,96.3,51.08,77.8,0
2025-01-01 02:36:07,23.86,52.38,96.19,51.18,77.85,0
2025-01-01 02:36:08,23.88,52.36,96.23,51.2,77.88,0
2025-01-01 02:36:09,23.91,52.28,96.14,51.19,77.92,0
2025-01-01 02:36:10,23.96,52.35,96.18,51.21,78.01,0
2025-01-01 02:36:11,23.94,52.26,96.1,51.27,77.91,0
2025-01-01 02:36:12,23.96,52.25,96.06,51.31,77.97,0
2025-01-01 02:36:13,24.01,52.2,96.06,51.28,78.0,0
2025-01-01 02:36:14,24.02,52.28,95.97,51.28,78.03,0
2025-01-01 02:36:15,24.03,52.27,95.9,51.32,78.1,0
2025-01-01 02:36:16,24.04,52.24,95.77,51.36,78.17,0
2025-01-01 02:36:17,24.03,52.25,95.81,51.32,78.18,0
2025-01-01 02:36:18,24.08,52.2,95.87,51.41,78.16,0
2025-01-01 02:36:19,24.06,52.16,95.82,51.43,78.29,0
2025-01-01 02:36:20,23.97,52.25,95.78,51.46,78.2,0
2025-01-01 02:36:21,24.05,52.23,95.74,51.5,78.3,0
2025-01-01 02:36:22,24.2,52.15,95.68,51.5,78.33,0
2025-01-01 02:36:23,24.24,52.11,95.57,51.46,78.41,0
2025-01-01 02:36:24,24.19,52.09,95.64,51.54,78.44,0
2025-01-01 02:36:25,24.25,52.28,95.55,51.48,78.48,0
2025-01-01 02:36:26,24.28,52.09,95.51,51.61,78.57,0
2025-01-01 02:36:27,24.21,52.15,95.45,51.61,78.52,0
2025-01-01 02:36:28,24.35,52.1,95.55,51.6,78.57,0
2025-01-01 02:36:29,24.4,52.22,95.59,51.67,78.59,0
2025-01-01 02:36:30,24.32,52.14,95.48,51.64,78.6,0
2025-01-01 02:36:31,24.3,52.17,95.5,51.85,78.7,0
2025-01-01 02:36:32,24.31,52.08,95.41,51.78,78.75,0
2025-01-01 02:36:33,24.3,52.1,95.32,51.76,78.71,0
2025-01-01 02:36:34,24.36,52.0,95.4,51.8,78.75,0
2025-01-01 02:36:35,24.4,52.06,95.33,51.72,78.77,0
2025-01-01 02:36:36,24.5,51.95,95.35,51.79,78.95,0
2025-01-01 02:36:37,24.44,52.06,95.26,51.81,78.87,0
2025-01-01 02:36:38,24.41,52.03,95.23,51.75,78.95,0
2025-01-01 02:36:39,24.48,52.09,95.26,51.76,78.87,0
2025-01-01 02:36:40,24.45,52.1,95.27,51.88,79.06,0
2025-01-01 02:36:41,24.58,52.08,95.31,51.86,79.16,0
2025-01-01 02:36:42,24.51,52.02,95.19,51.86,79.08,0
2025-01-01 02:36:43,24.59,52.04,95.15,51.85,79.2,0
2025-01-01 02:36:44,24.6,51.96,95.24,51.9,79.21,0
2025-01-01 02:36:45,24.65,52.09,95.11,51.84,79.33,0
2025-01-01 02:36:46,24.59,52.05,95.22,51.88,79.24,0
2025-01-01 02:36:47,24.69,52.04,95.15,51.91,79.27,0
2025-01-01 02:36:48,24.65,52.09,95.09,51.94,79.28,0
2025-01-01 02:36:49,24.79,52.04,95.11,51.98,79.35,0
2025-01-01 02:36:50,24.76,51.95,95.05,51.9,79.32,0
2025-01-01 02:36:51,24.7,52.02,95.02,51.89,79.45,0
2025-01-01 02:36:52,24.74,52.0,95.0,51.94,79.46,0
2025-01-01 02:36:53,24.77,51.99,95.05,51.9,79.46,0
2025-01-01 02:36:54,24.81,52.05,95.03,51.97,79.55,0
2025-01-01 02:36:55,24.86,52.0,95.01,52.02,79.57,0
2025-01-01 02:36:56,24.83,51.96,95.06,52.02,79.58,0
2025-01-01 02:36:57,24.77,52.02,95.12,52.03,79.68,0
2025-01-01 02:36:58,24.82,51.94,95.05,52.03,79.7,0
2025-01-01 02:36:59,24.87,52.01,95.1,51.99,79.72,0
2025-01-01 02:37:00,24.85,51.96,95.07,52.02,79.79,0
2025-01-01 02:37:01,24.78,51.96,95.02,52.01,79.87,0
2025-01-01 02:37:02,24.88,52.01,94.95,52.0,79.85,0
2025-01-01 02:37:03,25.02,52.02,94.99,52.07,79.91,0
2025-01-01 02:37:04,24.91,52.05,95.01,51.98,79.94,0
2025-01-01 02:37:05,25.03,52.04,94.96,52.03,80.02,0
2025-01-01 02:37:06,24.98,52.0,94.97,52.06,80.02,0
2025-01-01 02:37:07,25.12,52.01,94.91,51.89,80.08,0
2025-01-01 02:37:08,25.13,52.06,95.01,51.96,80.11,0
2025-01-01 02:37:09,25.09,52.06,95.04,52.04,80.2,0
2025-01-01 02:37:10,25.15,51.89,94.97,51.94,80.15,0
2025-01-01 02:37:11,25.12,51.93,94.97,51.98,80.17,0
2025-01-01 02:37:12,25.12,52.04,94.96,52.03,80.25,0
2025-01-01 02:37:13,25.18,51.95,95.05,51.97,80.35,0
2025-01-01 02:37:14,25.16,52.04,95.08,51.98,80.34,0
2025-01-01 02:37:15,25.19,51.95,95.05,52.0,80.49,0
2025-01-01 02:37:16,25.29,51.96,95.06,51.96,80.51,0
2025-01-01 02:37:17,25.21,52.06,95.01,51.95,80.44,0
2025-01-01 02:37:18,25.17,51.97,95.06,52.02,80.47,0
2025-01-01 02:37:19,25.25,51.95,95.14,51.92,80.55,0
2025-01-01 02:37:20,25.29,51.93,95.02,51.89,80.64,0
2025-01-01 02:37:21,25.2,52.05,95.12,51.84,80.63,0
2025-01-01 02:37:22,25.4,51.98,95.09,52.06,80.7,0
2025-01-01 02:37:23,25.35,52.01,95.15,51.94,80.62,0
2025-01-01 02:37:24,25.27,51.99,95.14,51.9,80.68,0
2025-01-01 02:37:25,25.39,52.04,95.12,51.86,80.77,0
2025-01-01 02:37:26,25.45,52.05,95.12,51.92,80.77,0
2025-01-01 02:37:27,25.36,52.04,95.18,51.87,80.82,0
2025-01-01 02:37:28,25.51,52.14,95.21,51.87,80.81,0
2025-01-01 02:37:29,25.46,52.02,95.18,51.81,80.93,0
2025-01-01 02:37:30,25.43,52.04,95.19,51.87,81.01,0
2025-01-01 02:37:31,25.54,52.12,95.22,51.83,81.09,0
2025-01-01 02:37:32,25.5,51.97,95.25,51.85,81.03,0
2025-01-01 02:37:33,25.54,52.04,95.3,51.73,81.04,0
2025-01-01 02:37:34,25.56,52.07,95.39,51.77,81.09,0
2025-01-01 02:37:35,25.56,52.13,95.33,51.7,81.19,0
2025-01-01 02:37:36,25.58,52.12,95.39,51.68,81.32,0
2025-01-01 02:37:37,25.63,51.97,95.42,51.59,81.32,0
2025-01-01 02:37:38,25.66,52.1,95.42,51.73,81.28,0
2025-01-01 02:37:39,25.67,52.12,95.3,51.71,81.38,0
2025-01-01 02:37:40,25.72,52.14,95.55,51.66,81.38,0
2025-01-01 02:37:41,25.68,52.03,95.52,51.62,81.32,0
2025-01-01 02:37:42,25.73,52.13,95.52,51.63,81.37,0
2025-01-01 02:37:43,25.8,52.16,95.62,51.58,81.51,0
2025-01-01 02:37:44,25.68,52.11,95.52,51.6,81.47,0
2025-01-01 02:37:45,25.77,52.16,95.59,51.5,81.64,0
2025-01-01 02:37:46,25.82,52.25,95.59,51.52,81.6,0
2025-01-01 02:37:47,25.91,52.26,95.65,51.48,81.63,0
2025-01-01 02:37:48,25.91,52.19,95.72,51.56,81.72,0
2025-01-01 02:37:49,25.92,52.23,95.81,51.42,81.82,0
2025-01-01 02:37:50,25.94,52.2,95.83,51.44,81.77,0
2025-01-01 02:37:51,25.94,52.26,95.79,51.48,81.76,0
2025-01-01 02:37:52,25.97,52.22,95.75,51.38,81.86,0
2025-01-01 02:37:53,25.93,52.29,95.82,51.42,81.85,0
2025-01-01 02:37:54,25.95,52.18,95.93,51.31,81.86,0
2025-01-01 02:37:55,25.98,52.23,96.0,51.21,81.92,0
2025-01-01 02:37:56,25.99,52.26,95.96,51.37,81.95,0
2025-01-01 02:37:57,26.03,52.32,96.03,51.23,81.97,0
2025-01-01 02:37:58,26.04,52.2,96.03,51.26,82.13,0
2025-01-01 02:37:59,26.08,52.3,96.19,51.27,82.1,0
2025-01-01 02:38:00,26.06,52.24,96.16,51.3,82.17,0
2025-01-01 02:38:01,26.13,52.28,96.11,51.14,82.14,0
2025-01-01 02:38:02,26.09,52.38,96.15,51.15,82.13,0
2025-01-01 02:38:03,26.18,52.36,96.23,51.17,82.12,0
2025-01-01 02:38:04,26.06,52.3,96.21,51.1,82.23,0
2025-01-01 02:38:05,26.15,52.39,96.31,51.01,82.23,0
2025-01-01 02:38:06,26.13,52.34,96.42,50.96,82.28,0
2025-01-01 02:38:07,26.26,52.44,96.4,51.13,82.28,0
2025-01-01 02:38:08,26.22,52.34,96.5,51.13,82.46,0
2025-01-01 02:38:09,26.29,52.38,96.52,51.02,82.43,0
2025-01-01 02:38:10,26.27,52.43,96.62,51.0,82.35,0
2025-01-01 02:38:11,26.29,52.46,96.59,50.96,82.45,0
2025-01-01 02:38:12,26.37,52.43,96.68,50.88,82.57,0
2025-01-01 02:38:13,26.35,52.44,96.7,50.83,82.52,0
2025-01-01 02:38:14,26.29,52.47,96.83,50.88,82.47,0
2025-01-01 02:38:15,26.27,52.46,96.72,50.72,82.6,0
2025-01-01 02:38:16,26.37,52.42,96.91,50.73,82.59,0
2025-01-01 02:38:17,26.44,52.54,96.9,50.69,82.67,0
2025-01-01 02:38:18,26.39,52.52,96.89,50.74,82.75,0
2025-01-01 02:38:19,26.44,52.52,97.05,50.68,82.68,0
2025-01-01 02:38:20,26.5,52.54,96.99,50.62,82.79,0
2025-01-01 02:38:21,26.46,52.52,97.08,50.65,82.78,0
2025-01-01 02:38:22,26.48,52.58,97.21,50.61,82.72,0
2025-01-01 02:38:23,26.54,52.63,97.29,50.52,82.88,0
2025-01-01 02:38:24,26.54,52.56,97.31,50.54,82.82,0
2025-01-01 02:38:25,26.54,52.74,97.29,50.5,82.82,0
2025-01-01 02:38:26,26.52,52.69,97.38,50.42,82.99,0
2025-01-01 02:38:27,26.52,52.66,97.44,50.35,82.96,0
2025-01-01 02:38:28,26.63,52.68,97.44,50.35,82.82,0
2025-01-01 02:38:29,26.65,52.71,97.52,50.25,83.04,0
2025-01-01 02:38:30,26.59,52.74,97.58,50.22,83.07,0
2025-01-01 02:38:31,26.68,52.77,97.65,50.21,83.08,0
2025-01-01 02:38:32,26.76,52.75,97.7,50.18,82.96,0
2025-01-01 02:38:33,26.65,52.84,97.81,50.2,83.11,0
2025-01-01 02:38:34,26.62,52.79,97.77,50.17,83.1,0
2025-01-01 02:38:35,26.68,52.85,97.95,50.13,83.21,0
2025-01-01 02:38:36,26.65,52.81,97.85,50.09,83.2,0
2025-01-01 02:38:37,26.79,52.8,97.99,50.13,83.24,0
2025-01-01 02:38:38,26.76,52.82,97.99,49.99,83.21,0
2025-01-01 02:38:39,26.72,52.91,98.1,50.01,83.14,0
2025-01-01 02:38:40,26.78,52.87,98.25,49.9,83.25,0
2025-01-01 02:38:41,26.81,52.86,98.3,50.03,83.24,0
2025-01-01 02:38:42,26.78,53.03,98.33,49.88,83.33,0
2025-01-01 02:38:43,26.76,53.06,98.32,49.9,83.28,0
2025-01-01 02:38:44,26.79,52.99,98.47,49.81,83.3,0
2025-01-01 02:38:45,26.87,53.07,98.4,49.79,83.41,0
2025-01-01 02:38:46,26.92,52.99,98.55,49.79,83.39,0
2025-01-01 02:38:47,26.93,53.06,98.5,49.81,83.43,0
2025-01-01 02:38:48,26.97,53.04,98.63,49.72,83.46,0
2025-01-01 02:38:49,27.0,53.09,98.67,49.72,83.48,0
2025-01-01 02:38:50,27.08,53.1,98.8,49.68,83.37,0
2025-01-01 02:38:51,26.91,53.08,98.72,49.58,83.43,0
2025-01-01 02:38:52,26.91,53.13,98.95,49.5,83.45,0
2025-01-01 02:38:53,26.95,53.14,98.84,49.5,83.49,0
2025-01-01 02:38:54,27.01,53.18,98.97,49.49,83.52,0
2025-01-01 02:38:55,27.01,53.14,99.12,49.4,83.54,0
2025-01-01 02:38:56,27.07,53.19,99.14,49.53,83.63,0
2025-01-01 02:38:57,26.98,53.17,99.15,49.43,83.66,0
2025-01-01 02:38:58,27.02,53.22,99.21,49.36,83.7,0
2025-01-01 02:38:59,27.06,53.28,99.33,49.43,83.64,0
2025-01-01 02:39:00,27.15,53.38,99.34,49.29,83.76,0
2025-01-01 02:39:01,27.15,53.31,99.44,49.23,83.73,0
2025-01-01 02:39:02,27.02,53.39,99.44,49.17,83.59,0
2025-01-01 02:39:03,27.1,53.39,99.47,49.16,83.68,0
2025-01-01 02:39:04,27.18,53.43,99.6,49.24,83.75,0
2025-01-01 02:39:05,27.13,53.45,99.6,49.19,83.67,0
2025-01-01 02:39:06,27.18,53.49,99.73,49.13,83.76,0
2025-01-01 02:39:07,27.22,53.55,99.82,49.08,83.75,0
2025-01-01 02:39:08,27.15,53.41,99.73,49.05,83.7,0
2025-01-01 02:39:09,27.21,53.47,99.86,48.94,83.77,0
2025-01-01 02:39:10,27.14,53.55,99.99,49.0,83.87,0
2025-01-01 02:39:11,27.24,53.56,100.07,48.96,83.79,0
2025-01-01 02:39:12,27.25,53.5,100.19,48.96,83.81,0
2025-01-01 02:39:13,27.37,53.53,100.24,48.97,83.89,0
2025-01-01 02:39:14,27.27,53.62,100.21,48.95,83.87,0
2025-01-01 02:39:15,27.26,53.61,100.28,48.85,83.93,0
2025-01-01 02:39:16,27.34,53.7,100.36,48.8,83.9,0
2025-01-01 02:39:17,27.21,53.69,100.37,48.77,83.85,0
2025-01-01 02:39:18,27.32,53.71,100.51,48.78,83.88,0
2025-01-01 02:39:19,27.27,53.67,100.55,48.8,83.88,0
2025-01-01 02:39:20,27.4,53.69,100.62,48.7,83.86,0
2025-01-01 02:39:21,27.33,53.78,100.68,48.73,83.9,0
2025-01-01 02:39:22,27.41,53.89,100.71,48.69,83.89,0
2025-01-01 02:39:23,27.37,53.9,100.84,48.65,83.95,0
2025-01-01 02:39:24,27.45,53.84,100.78,48.67,83.98,0
2025-01-01 02:39:25,27.45,53.87,100.98,48.63,83.89,0
2025-01-01 02:39:26,27.35,53.9,100.98,48.57,84.05,0
2025-01-01 02:39:27,27.46,53.89,100.91,48.58,84.01,0
2025-01-01 02:39:28,27.54,53.95,101.17,48.47,83.94,0
2025-01-01 02:39:29,27.41,54.03,101.08,48.54,83.9,0
2025-01-01 02:39:30,27.56,54.0,101.23,48.41,83.9,0
2025-01-01 02:39:31,27.44,54.09,101.3,48.53,83.9,0
2025-01-01 02:39:32,27.52,54.04,101.29,48.43,83.97,0
2025-01-01 02:39:33,27.54,54.15,101.42,48.47,84.08,0
2025-01-01 02:39:34,27.55,54.11,101.48,48.5,83.94,0
2025-01-01 02:39:35,27.51,54.23,101.5,48.43,84.06,0
2025-01-01 02:39:36,27.47,54.16,101.63,48.37,83.89,0
2025-01-01 02:39:37,27.52,54.25,101.69,48.36,84.02,0
2025-01-01 02:39:38,27.54,54.28,101.76,48.37,83.99,0
2025-01-01 02:39:39,27.59,54.31,101.75,48.36,84.02,0
2025-01-01 02:39:40,27.65,54.33,101.78,48.37,84.02,0
2025-01-01 02:39:41,27.58,54.25,101.88,48.37,83.86,0
2025-01-01 02:39:42,27.47,54.39,101.93,48.3,83.97,0
2025-01-01 02:39:43,27.5,54.33,102.06,48.23,83.98,0
2025-01-01 02:39:44,27.49,54.31,102.09,48.22,84.05,0
2025-01-01 02:39:45,27.59,54.36,102.08,48.19,83.96,0
2025-01-01 02:39:46,27.6,54.45,102.13,48.16,84.09,0
2025-01-01 02:39:47,27.67,54.5,102.2,48.22,84.02,0
2025-01-01 02:39:48,27.61,54.44,102.15,48.26,83.97,0
2025-01-01 02:39:49,27.7,54.56,102.36,48.16,83.92,0
2025-01-01 02:39:50,27.62,54.56,102.29,48.11,83.93,0
2025-01-01 02:39:51,27.67,54.58,102.43,48.18,83.97,0
2025-01-01 02:39:52,27.62,54.53,102.49,48.09,83.97,0
2025-01-01 02:39:53,27.72,54.74,102.45,48.06,83.97,0
2025-01-01 02:39:54,27.65,54.62,102.66,48.05,83.91,0
2025-01-01 02:39:55,27.66,54.78,102.61,48.02,83.92,0
2025-01-01 02:39:56,27.73,54.8,102.74,48.04,83.93,0
2025-01-01 02:39:57,27.84,54.84,102.74,47.96,83.93,0
2025-01-01 02:39:58,27.68,54.77,102.75,48.05,83.95,0
2025-01-01 02:39:59,27.72,54.78,102.84,48.03,83.85,0
2025-01-01 02:40:00,27.79,54.84,102.89,48.04,83.93,0
2025-01-01 02:40:01,27.78,54.84,102.97,48.02,83.98,0
2025-01-01 02:40:02,27.82,55.01,102.96,48.1,83.92,0
2025-01-01 02:40:03,27.82,55.01,103.08,47.97,83.96,0
2025-01-01 02:40:04,27.81,54.93,103.08,47.96,83.83,0
2025-01-01 02:40:05,27.84,54.96,103.09,48.12,83.87,0
2025-01-01 02:40:06,27.84,55.12,103.24,48.02,83.88,0
2025-01-01 02:40:07,27.84,55.09,103.28,48.0,83.87,0
2025-01-01 02:40:08,27.91,55.1,103.3,48.03,83.89,0
2025-01-01 02:40:09,27.84,55.1,103.35,48.02,83.91,0
2025-01-01 02:40:10,27.87,55.25,103.34,47.95,83.86,0
2025-01-01 02:40:11,27.9,55.21,103.4,47.92,83.85,0
2025-01-01 02:40:12,27.84,55.23,103.52,48.0,83.82,0
2025-01-01 02:40:13,27.9,55.4,103.5,47.96,83.76,0
2025-01-01 02:40:14,27.88,55.27,103.55,47.99,83.87,0
2025-01-01 02:40:15,27.92,55.28,103.69,47.94,83.79,0
2025-01-01 02:40:16,27.83,55.37,103.6,48.09,83.76,0
2025-01-01 02:40:17,27.89,55.37,103.63,47.98,83.78,0
2025-01-01 02:40:18,27.87,55.5,103.74,48.01,83.77,0
2025-01-01 02:40:19,27.89,55.53,103.81,48.05,83.76,0
2025-01-01 02:40:20,27.96,55.56,103.91,47.99,83.75,0
2025-01-01 02:40:21,27.83,55.6,103.86,48.06,83.78,0
2025-01-01 02:40:22,27.94,55.56,103.85,48.05,83.67,0
2025-01-01 02:40:23,27.94,55.59,103.89,48.01,83.69,0
2025-01-01 02:40:24,27.92,55.61,104.07,48.02,83.54,0
2025-01-01 02:40:25,27.96,55.68,104.01,48.03,83.62,0
2025-01-01 02:40:26,28.0,55.74,104.06,48.03,83.7,0
2025-01-01 02:40:27,27.97,55.8,104.1,48.1,83.62,0
2025-01-01 02:40:28,27.91,55.81,104.23,48.07,83.65,0
2025-01-01 02:40:29,27.99,55.85,104.24,47.96,83.47,0
2025-01-01 02:40:30,28.03,55.82,104.2,48.16,83.56,0
2025-01-01 02:40:31,28.03,55.87,104.26,48.09,83.6,0
2025-01-01 02:40:32,27.93,55.88,104.24,48.08,83.48,0
2025-01-01 02:40:33,27.92,56.01,104.36,48.13,83.46,0
2025-01-01 02:40:34,27.92,55.89,104.34,48.08,83.54,0
2025-01-01 02:40:35,27.89,56.0,104.35,48.15,83.54,0
2025-01-01 02:40:36,27.89,56.05,104.31,48.18,83.4,0
2025-01-01 02:40:37,27.96,56.09,104.42,48.15,83.36,0
2025-01-01 02:40:38,27.97,56.09,104.48,48.17,83.33,0
2025-01-01 02:40:39,28.09,56.25,104.59,48.16,83.32,0
2025-01-01 02:40:40,28.01,56.26,104.51,48.09,83.29,0
2025-01-01 02:40:41,28.0,56.2,104.46,48.2,83.16,0
2025-01-01 02:40:42,27.95,56.25,104.57,48.25,83.32,0
2025-01-01 02:40:43,28.02,56.3,104.51,48.24,83.23,0
2025-01-01 02:40:44,27.91,56.37,104.53,48.29,83.19,0
2025-01-01 02:40:45,27.97,56.35,104.68,48.3,83.19,0
2025-01-01 02:40:46,27.98,56.48,104.72,48.22,83.27,0
2025-01-01 02:40:47,28.05,56.46,104.67,48.28,83.12,0
2025-01-01 02:40:48,28.01,56.48,104.72,48.35,83.28,0
2025-01-01 02:40:49,28.05,56.55,104.61,48.36,83.21,0
2025-01-01 02:40:50,27.97,56.67,104.76,48.38,83.06,0
2025-01-01 02:40:51,28.07,56.55,104.73,48.29,83.13,0
2025-01-01 02:40:52,28.02,56.63,104.81,48.43,83.04,0
2025-01-01 02:40:53,27.96,56.58,104.78,48.36,83.04,0
2025-01-01 02:40:54,27.99,56.68,104.86,48.39,82.91,0
2025-01-01 02:40:55,27.99,56.7,104.83,48.42,83.0,0
2025-01-01 02:40:56,27.95,56.73,104.87,48.48,82.89,0
2025-01-01 02:40:57,27.95,56.79,104.8,48.49,82.91,0
2025-01-01 02:40:58,27.95,56.88,104.82,48.59,82.88,0
2025-01-01 02:40:59,27.97,56.91,104.89,48.59,82.77,0
2025-01-01 02:41:00,28.03,56.9,104.9,48.57,82.91,0
2025-01-01 02:41:01,27.91,57.04,104.95,48.61,82.74,0
2025-01-01 02:41:02,27.92,56.97,104.95,48.62,82.81,0
2025-01-01 02:41:03,27.93,57.04,104.99,48.72,82.69,0
2025-01-01 02:41:04,27.98,57.06,104.91,48.72,82.87,0
2025-01-01 02:41:05,27.94,57.13,104.97,48.71,82.76,0
2025-01-01 02:41:06,28.02,57.04,104.89,48.67,82.63,0
2025-01-01 02:41:07,27.99,57.17,104.88,48.67,82.53,0
2025-01-01 02:41:08,27.92,57.27,104.96,48.73,82.51,0
2025-01-01 02:41:09,27.94,57.29,105.0,48.79,82.56,0
2025-01-01 02:41:10,27.91,57.26,105.01,48.8,82.63,0
2025-01-01 02:41:11,28.05,57.31,104.98,48.97,82.56,0
2025-01-01 02:41:12,27.99,57.38,105.0,48.88,82.43,0
2025-01-01 02:41:13,27.97,57.34,105.03,48.91,82.49,0
2025-01-01 02:41:14,27.92,57.52,105.06,48.86,82.39,0
2025-01-01 02:41:15,27.97,57.41,104.99,49.0,82.36,0
2025-01-01 02:41:16,27.9,57.56,104.96,48.96,82.44,0
2025-01-01 02:41:17,28.0,57.52,104.94,49.07,82.37,0
2025-01-01 02:41:18,27.95,57.54,105.02,49.08,82.27,0
2025-01-01 02:41:19,27.92,57.64,105.02,49.06,82.27,0
2025-01-01 02:41:20,27.99,57.73,104.97,49.06,82.22,0
2025-01-01 02:41:21,28.06,57.63,104.87,49.14,82.17,0
2025-01-01 02:41:22,27.96,57.74,105.04,49.17,82.2,0
2025-01-01 02:41:23,27.84,57.77,104.94,49.09,82.13,0
2025-01-01 02:41:24,27.96,57.81,104.97,49.24,82.14,0
2025-01-01 02:41:25,27.99,57.88,105.08,49.23,81.99,0
2025-01-01 02:41:26,28.02,58.0,104.93,49.37,81.99,0
2025-01-01 02:41:27,27.98,57.98,104.92,49.42,82.08,0
2025-01-01 02:41:28,27.9,57.99,104.99,49.27,81.95,0
2025-01-01 02:41:29,27.86,58.06,104.94,49.37,81.84,0
2025-01-01 02:41:30,27.91,58.09,104.92,49.48,81.94,0
2025-01-01 02:41:31,27.99,58.07,104.93,49.41,81.78,0
2025-01-01 02:41:32,27.99,58.08,104.84,49.49,81.8,0
2025-01-01 02:41:33,27.92,58.29,104.84,49.55,81.78,0
2025-01-01 02:41:34,27.98,58.18,104.86,49.56,81.67,0
2025-01-01 02:41:35,27.83,58.26,104.93,49.57,81.69,0
2025-01-01 02:41:36,27.97,58.29,104.89,49.75,81.64,0
2025-01-01 02:41:37,27.9,58.35,104.91,49.65,81.67,0
2025-01-01 02:41:38,27.92,58.37,104.79,49.65,81.75,0
2025-01-01 02:41:39,27.82,58.34,104.81,49.73,81.58,0
2025-01-01 02:41:40,27.85,58.4,104.76,49.8,81.47,0
2025-01-01 02:41:41,27.9,58.47,104.68,49.72,81.53,0
2025-01-01 02:41:42,27.86,58.59,104.74,49.75,81.47,0
2025-01-01 02:41:43,27.84,58.55,104.78,49.78,81.38,0
2025-01-01 02:41:44,27.82,58.55,104.68,49.84,81.36,0
2025-01-01 02:41:45,27.9,58.61,104.6,49.95,81.29,0
2025-01-01 02:41:46,27.95,58.67,104.65,49.83,81.24,0
2025-01-01 02:41:47,27.74,58.74,104.63,50.01,81.3,0
2025-01-01 02:41:48,27.9,58.76,104.61,50.04,81.18,0
2025-01-01 02:41:49,27.8,58.88,104.49,50.07,81.2,0
2025-01-01 02:41:50,27.78,58.81,104.54,50.09,81.16,0
2025-01-01 02:41:51,27.83,58.9,104.56,50.15,81.18,0
2025-01-01 02:41:52,27.88,58.93,104.54,50.17,81.07,0
2025-01-01 02:41:53,27.77,58.97,104.37,50.24,81.04,0
2025-01-01 02:41:54,27.8,58.98,104.48,50.31,81.01,0
2025-01-01 02:41:55,27.9,59.08,104.38,50.27,80.97,0
2025-01-01 02:41:56,27.76,59.06,104.37,50.29,80.9,0
2025-01-01 02:41:57,27.8,59.15,104.42,50.34,80.84,0
2025-01-01 02:41:58,27.89,59.13,104.31,50.38,80.98,0
2025-01-01 02:41:59,27.79,59.17,104.22,50.3,80.79,0
2025-01-01 02:42:00,27.79,59.17,104.28,50.35,80.71,0
2025-01-01 02:42:01,27.79,59.25,104.3,50.42,80.77,0
2025-01-01 02:42:02,27.86,59.29,104.32,50.48,80.64,0
2025-01-01 02:42:03,27.73,59.34,104.24,50.58,80.7,0
2025-01-01 02:42:04,27.67,59.41,104.05,50.59,80.57,0
2025-01-01 02:42:05,27.75,59.42,104.01,50.62,80.6,0
2025-01-01 02:42:06,27.72,59.38,104.1,50.57,80.54,0
2025-01-01 02:42:07,27.68,59.5,104.05,50.6,80.47,0
2025-01-01 02:42:08,27.73,59.67,103.98,50.71,80.38,0
2025-01-01 02:42:09,27.78,59.56,103.94,50.73,80.36,0
2025-01-01 02:42:10,27.74,59.61,103.95,50.79,80.39,0
2025-01-01 02:42:11,27.71,59.81,103.89,50.77,80.33,0
2025-01-01 02:42:12,27.73,59.84,103.82,50.75,80.34,0
2025-01-01 02:42:13,27.59,59.78,103.8,50.82,80.23,0
2025-01-01 02:42:14,27.56,59.76,103.79,50.75,80.19,0
2025-01-01 02:42:15,27.62,59.74,103.79,50.83,80.18,0
2025-01-01 02:42:16,27.6,59.84,103.65,50.9,80.11,0
2025-01-01 02:42:17,27.58,59.87,103.67,50.94,80.07,0
2025-01-01 02:42:18,27.56,60.04,103.57,50.88,80.05,0
2025-01-01 02:42:19,27.56,60.05,103.58,51.05,79.97,0
2025-01-01 02:42:20,27.58,60.05,103.53,50.98,79.96,0
2025-01-01 02:42:21,27.67,60.06,103.44,51.19,79.91,0
2025-01-01 02:42:22,27.49,60.12,103.48,51.14,79.83,0
2025-01-01 02:42:23,27.58,60.15,103.39,51.08,79.86,0
2025-01-01 02:42:24,27.64,60.07,103.33,51.21,79.72,0
2025-01-01 02:42:25,27.5,60.22,103.22,51.13,79.74,0
2025-01-01 02:42:26,27.57,60.36,103.28,51.25,79.81,0
2025-01-01 02:42:27,27.62,60.33,103.23,51.24,79.67,0
2025-01-01 02:42:28,27.5,60.41,103.19,51.28,79.62,0
2025-01-01 02:42:29,27.47,60.31,103.08,51.29,79.55,0
2025-01-01 02:42:30,27.5,60.47,102.94,51.28,79.63,0
2025-01-01 02:42:31,27.44,60.48,102.97,51.32,79.55,0
2025-01-01 02:42:32,27.5,60.59,102.9,51.38,79.52,0
2025-01-01 02:42:33,27.44,60.53,102.87,51.34,79.4,0
2025-01-01 02:42:34,27.45,60.59,102.82,51.32,79.39,0
2025-01-01 02:42:35,27.31,60.59,102.75,51.48,79.39,0
2025-01-01 02:42:36,27.42,60.66,102.69,51.51,79.27,0
2025-01-01 02:42:37,27.36,60.77,102.64,51.57,79.32,0
2025-01-01 02:42:38,27.44,60.68,102.65,51.45,79.28,0
2025-01-01 02:42:39,27.36,60.81,102.49,51.43,79.21,0
2025-01-01 02:42:40,27.35,60.8,102.41,51.4,79.19,0
2025-01-01 02:42:41,27.34,60.85,102.45,51.61,79.14,0
2025-01-01 02:42:42,27.32,61.03,102.35,51.51,79.09,0
2025-01-01 02:42:43,27.31,61.01,102.3,51.59,79.0,0
2025-01-01 02:42:44,27.35,61.01,102.26,51.61,79.01,0
2025-01-01 02:42:45,27.23,61.1,102.27,51.64,78.97,0
2025-01-01 02:42:46,27.24,61.17,102.24,51.67,78.97,0
2025-01-01 02:42:47,27.34,61.17,102.06,51.66,78.92,0
2025-01-01 02:42:48,27.27,61.2,102.08,51.7,78.72,0
2025-01-01 02:42:49,27.31,61.24,102.09,51.69,78.72,0
2025-01-01 02:42:50,27.23,61.26,101.91,51.79,78.74,0
2025-01-01 02:42:51,27.22,61.26,102.01,51.7,78.77,0
2025-01-01 02:42:52,27.15,61.33,101.77,51.81,78.75,0
2025-01-01 02:42:53,27.21,61.29,101.76,51.76,78.71,0
2025-01-01 02:42:54,27.13,61.45,101.75,51.72,78.62,0
2025-01-01 02:42:55,27.16,61.49,101.61,51.81,78.64,0
2025-01-01 02:42:56,27.16,61.38,101.56,51.86,78.59,0
2025-01-01 02:42:57,27.03,61.52,101.57,51.86,78.55,0
2025-01-01 02:42:58,27.23,61.55,101.48,51.8,78.45,0
2025-01-01 02:42:59,27.09,61.63,101.37,51.92,78.39,0
2025-01-01 02:43:00,27.13,61.66,101.36,51.92,78.37,0
2025-01-01 02:43:01,27.06,61.62,101.28,51.88,78.41,0
2025-01-01 02:43:02,27.09,61.74,101.21,51.91,78.42,0
2025-01-01 02:43:03,26.99,61.66,101.19,51.86,78.22,0
2025-01-01 02:43:04,27.06,61.74,101.18,51.92,78.25,0
2025-01-01 02:43:05,26.98,61.84,100.96,51.8,78.14,0
2025-01-01 02:43:06,27.07,61.82,100.91,51.93,78.3,0
2025-01-01 02:43:07,27.05,61.86,100.88,51.9,78.11,0
2025-01-01 02:43:08,27.01,61.93,100.8,51.88,78.23,0
2025-01-01 02:43:09,27.0,61.94,100.86,51.9,78.07,0
2025-01-01 02:43:10,26.94,62.03,100.69,51.97,77.96,0
2025-01-01 02:43:11,26.91,62.13,100.72,51.93,77.93,0
2025-01-01 02:43:12,26.81,62.13,100.62,51.99,78.06,0
2025-01-01 02:43:13,26.91,62.15,100.48,52.06,77.93,0
2025-01-01 02:43:14,26.85,62.19,100.58,52.09,77.86,0
2025-01-01 02:43:15,26.93,62.23,100.47,52.0,77.9,0
2025-01-01 02:43:16,26.92,62.16,100.38,51.93,77.82,0
2025-01-01 02:43:17,26.84,62.24,100.27,51.92,77.78,0
2025-01-01 02:43:18,26.85,62.37,100.2,52.06,77.8,0
2025-01-01 02:43:19,26.88,62.28,100.19,52.03,77.65,0
2025-01-01 02:43:20,26.91,62.37,100.14,52.05,77.71,0
2025-01-01 02:43:21,26.85,62.54,99.99,52.01,77.72,0
2025-01-01 02:43:22,26.68,62.53,100.07,52.06,77.66,0
2025-01-01 02:43:23,26.82,62.54,99.86,51.97,77.6,0
2025-01-01 02:43:24,26.72,62.55,99.84,52.01,77.65,0
2025-01-01 02:43:25,26.72,62.63,99.69,52.0,77.6,0
2025-01-01 02:43:26,26.76,62.69,99.75,52.02,77.48,0
2025-01-01 02:43:27,26.72,62.64,99.71,51.99,77.48,0
2025-01-01 02:43:28,26.71,62.74,99.63,51.96,77.53,0
2025-01-01 02:43:29,26.66,62.78,99.55,51.95,77.44,0
2025-01-01 02:43:30,26.6,62.8,99.32,51.96,77.39,0
2025-01-01 02:43:31,26.56,62.84,99.4,51.98,77.33,0
2025-01-01 02:43:32,26.64,62.89,99.38,51.97,77.46,0
2025-01-01 02:43:33,26.57,62.86,99.24,52.01,77.38,0
2025-01-01 02:43:34,26.52,62.92,99.22,51.95,77.18,0
2025-01-01 02:43:35,26.58,63.03,99.08,52.04,77.32,0
2025-01-01 02:43:36,26.37,62.9,99.11,52.01,77.23,0
2025-01-01 02:43:37,26.51,63.07,99.01,52.0,77.18,0
2025-01-01 02:43:38,26.41,63.04,99.01,51.91,77.14,0
2025-01-01 02:43:39,26.48,63.14,98.87,51.98,77.12,0
2025-01-01 02:43:40,26.48,63.16,98.85,51.95,77.11,0
2025-01-01 02:43:41,26.44,63.07,98.85,51.89,77.11,0
2025-01-01 02:43:42,26.5,63.27,98.75,51.87,77.17,0
2025-01-01 02:43:43,26.43,63.27,98.68,51.83,76.92,0
2025-01-01 02:43:44,26.46,63.26,98.62,51.86,77.06,0
2025-01-01 02:43:45,26.33,63.35,98.59,51.78,76.89,0
2025-01-01 02:43:46,26.31,63.39,98.51,51.83,76.97,0
2025-01-01 02:43:47,26.29,63.4,98.44,51.78,77.03,0
2025-01-01 02:43:48,26.21,63.51,98.43,51.85,76.89,0
2025-01-01 02:43:49,26.36,63.46,98.35,51.8,76.85,0
2025-01-01 02:43:50,26.28,63.47,98.24,51.86,76.98,0
2025-01-01 02:43:51,26.29,63.6,98.23,51.79,76.84,0
2025-01-01 02:43:52,26.29,63.67,98.11,51.89,76.8,0
2025-01-01 02:43:53,26.23,63.6,98.08,51.77,76.8,0
2025-01-01 02:43:54,26.23,63.64,97.9,51.63,76.75,0
2025-01-01 02:43:55,26.2,63.68,97.95,51.72,76.72,0
2025-01-01 02:43:56,26.14,63.65,97.88,51.73,76.65,0
2025-01-01 02:43:57,26.18,63.84,97.83,51.64,76.73,0
2025-01-01 02:43:58,26.19,63.77,97.73,51.71,76.68,0
2025-01-01 02:43:59,26.13,63.88,97.7,51.65,76.62,0
2025-01-01 02:44:00,26.12,63.91,97.75,51.64,76.62,0
2025-01-01 02:44:01,26.09,63.93,97.61,51.57,76.61,0
2025-01-01 02:44:02,26.09,63.91,97.54,51.48,76.51,0
2025-01-01 02:44:03,26.01,63.95,97.52,51.49,76.46,0
2025-01-01 02:44:04,26.03,64.02,97.51,51.57,76.55,0
2025-01-01 02:44:05,26.01,64.09,97.5,51.47,76.55,0
2025-01-01 02:44:06,25.95,64.09,97.43,51.47,76.44,0
2025-01-01 02:44:07,25.94,64.07,97.27,51.52,76.5,0
2025-01-01 02:44:08,25.91,64.1,97.22,51.4,76.51,0
2025-01-01 02:44:09,25.92,64.29,97.21,51.38,76.48,0
2025-01-01 02:44:10,25.82,64.23,97.1,51.28,76.41,0
2025-01-01 02:44:11,25.93,64.26,97.12,51.23,76.39,0
2025-01-01 02:44:12,25.86,64.32,97.01,51.38,76.36,0
2025-01-01 02:44:13,25.83,64.35,96.95,51.36,76.3,0
2025-01-01 02:44:14,25.86,64.34,96.95,51.14,76.32,0
2025-01-01 02:44:15,25.8,64.46,96.91,51.23,76.37,0
2025-01-01 02:44:16,25.77,64.47,96.88,51.19,76.36,0
2025-01-01 02:44:17,25.8,64.5,96.81,51.24,76.4,0
2025-01-01 02:44:18,25.76,64.47,96.85,51.22,76.26,0
2025-01-01 02:44:19,25.82,64.46,96.75,51.21,76.32,0
2025-01-01 02:44:20,25.67,64.49,96.69,51.16,76.2,0
2025-01-01 02:44:21,25.71,64.51,96.68,51.07,76.23,0
2025-01-01 02:44:22,25.72,64.66,96.6,51.13,76.25,0
2025-01-01 02:44:23,25.73,64.56,96.53,51.04,76.21,0
2025-01-01 02:44:24,25.66,64.69,96.53,50.96,76.32,0
2025-01-01 02:44:25,25.6,64.73,96.44,50.99,76.16,0
2025-01-01 02:44:26,25.61,64.78,96.28,50.94,76.16,0
2025-01-01 02:44:27,25.69,64.82,96.44,50.96,76.17,0
2025-01-01 02:44:28,25.58,64.87,96.4,50.92,76.12,0
2025-01-01 02:44:29,25.58,64.8,96.3,50.9,76.14,0
2025-01-01 02:44:30,25.47,64.85,96.22,50.79,76.12,0
2025-01-01 02:44:31,25.43,64.94,96.21,50.82,76.11,0
2025-01-01 02:44:32,25.47,64.9,96.18,50.71,76.12,0
2025-01-01 02:44:33,25.43,65.06,96.14,50.75,76.05,0
2025-01-01 02:44:34,25.37,65.03,96.16,50.74,76.11,0
2025-01-01 02:44:35,25.43,65.04,96.05,50.65,76.04,0
2025-01-01 02:44:36,25.4,65.14,96.04,50.59,76.07,0
2025-01-01 02:44:37,25.42,65.17,96.05,50.61,76.11,0
2025-01-01 02:44:38,25.37,65.12,95.93,50.6,76.12,0
2025-01-01 02:44:39,25.27,65.18,95.97,50.63,76.09,0
2025-01-01 02:44:40,25.28,65.23,95.92,50.5,76.07,0
2025-01-01 02:44:41,25.29,65.19,95.8,50.5,76.0,0
2025-01-01 02:44:42,25.23,65.2,95.8,50.39,75.93,0
2025-01-01 02:44:43,25.33,65.23,95.74,50.48,75.96,0
2025-01-01 02:44:44,25.17,65.28,95.77,50.4,76.03,0
2025-01-01 02:44:45,25.21,65.36,95.76,50.51,76.02,0
2025-01-01 02:44:46,25.28,65.42,95.67,50.22,76.0,0
2025-01-01 02:44:47,25.16,65.41,95.62,50.27,76.12,0
2025-01-01 02:44:48,25.23,65.32,95.58,50.3,76.08,0
2025-01-01 02:44:49,25.12,65.44,95.57,50.27,75.93,0
2025-01-01 02:44:50,25.02,65.55,95.49,50.31,75.96,0
2025-01-01 02:44:51,25.09,65.53,95.4,50.31,75.99,0
2025-01-01 02:44:52,25.04,65.48,95.5,50.15,75.95,0
2025-01-01 02:44:53,24.99,65.62,95.42,50.01,75.99,0
2025-01-01 02:44:54,25.02,65.7,95.4,50.05,76.01,0
2025-01-01 02:44:55,24.99,65.65,95.35,50.02,76.02,0
2025-01-01 02:44:56,25.06,65.63,95.35,50.08,75.97,0
2025-01-01 02:44:57,24.98,65.77,95.36,49.95,75.99,0
2025-01-01 02:44:58,24.92,65.74,95.29,49.97,76.0,0
2025-01-01 02:44:59,24.95,65.83,95.24,49.9,76.03,0
2025-01-01 02:45:00,24.89,65.82,95.26,49.88,76.0,0
2025-01-01 02:45:01,24.91,65.8,95.27,49.81,75.97,0
2025-01-01 02:45:02,24.9,65.83,95.22,49.82,75.98,0
2025-01-01 02:45:03,24.94,65.98,95.3,49.83,76.05,0
2025-01-01 02:45:04,24.83,65.78,95.16,49.7,76.07,0
2025-01-01 02:45:05,24.83,65.87,95.1,49.82,76.04,0
2025-01-01 02:45:06,24.85,65.91,95.17,49.65,76.02,0
2025-01-01 02:45:07,24.87,65.9,95.16,49.65,76.02,0
2025-01-01 02:45:08,24.81,65.9,95.24,49.53,75.97,0
2025-01-01 02:45:09,24.72,65.98,95.15,49.59,76.04,0
2025-01-01 02:45:10,24.65,66.03,95.12,49.6,76.05,0
2025-01-01 02:45:11,24.72,66.16,95.05,49.49,75.99,0
2025-01-01 02:45:12,24.76,66.17,95.17,49.5,76.07,0
2025-01-01 02:45:13,24.64,66.15,95.02,49.38,76.04,0
2025-01-01 02:45:14,24.74,66.12,95.05,49.42,76.11,0
2025-01-01 02:45:15,24.68,66.11,95.06,49.39,76.09,0
2025-01-01 02:45:16,24.64,66.23,95.05,49.4,76.13,0
2025-01-01 02:45:17,24.63,66.19,95.08,49.37,76.06,0
2025-01-01 02:45:18,24.57,66.32,95.05,49.28,76.17,0
2025-01-01 02:45:19,24.52,66.18,94.99,49.31,76.13,0
2025-01-01 02:45:20,24.53,66.35,95.03,49.21,76.16,0
2025-01-01 02:45:21,24.48,66.34,94.98,49.14,76.08,0
2025-01-01 02:45:22,24.48,66.31,94.98,49.15,76.13,0
2025-01-01 02:45:23,24.39,66.24,95.03,49.14,76.08,0
2025-01-01 02:45:24,24.47,66.41,94.99,49.2,76.22,0
2025-01-01 02:45:25,24.4,66.4,94.93,49.13,76.18,0
2025-01-01 02:45:26,24.45,66.33,95.04,49.02,76.21,0
2025-01-01 02:45:27,24.41,66.46,94.97,49.03,76.15,0
2025-01-01 02:45:28,24.42,66.45,95.0,48.95,76.21,0
2025-01-01 02:45:29,24.29,66.47,95.12,49.0,76.23,0
2025-01-01 02:45:30,24.35,66.55,95.0,48.96,76.19,0
2025-01-01 02:45:31,24.39,66.56,95.05,48.98,76.27,0
2025-01-01 02:45:32,24.25,66.64,95.09,48.77,76.25,0
2025-01-01 02:45:33,24.28,66.59,94.95,48.8,76.18,0
2025-01-01 02:45:34,24.3,66.69,95.08,48.82,76.3,0
2025-01-01 02:45:35,24.28,66.63,94.97,48.76,76.31,0
2025-01-01 02:45:36,24.17,66.69,94.96,48.75,76.34,0
2025-01-01 02:45:37,24.2,66.65,95.07,48.75,76.23,0
2025-01-01 02:45:38,24.19,66.69,95.02,48.67,76.3,0
2025-01-01 02:45:39,24.16,66.76,95.06,48.73,76.39,0
2025-01-01 02:45:40,24.03,66.71,95.12,48.6,76.24,0
2025-01-01 02:45:41,24.21,66.79,95.04,48.59,76.43,0
2025-01-01 02:45:42,24.12,66.81,95.07,48.55,76.41,0
2025-01-01 02:45:43,24.13,66.79,95.12,48.57,76.47,0
2025-01-01 02:45:44,24.01,66.84,95.13,48.53,76.47,0
2025-01-01 02:45:45,24.04,66.86,95.09,48.59,76.42,0
2025-01-01 02:45:46,24.03,66.84,95.13,48.55,76.47,0
2025-01-01 02:45:47,23.85,66.83,95.04,48.5,76.51,0
2025-01-01 02:45:48,23.96,66.89,95.18,48.4,76.58,0
2025-01-01 02:45:49,23.97,66.89,95.16,48.45,76.48,0
2025-01-01 02:45:50,23.98,67.01,95.2,48.48,76.7,0
2025-01-01 02:45:51,23.83,66.98,95.15,48.49,76.6,0
2025-01-01 02:45:52,23.87,66.99,95.3,48.42,76.64,0
2025-01-01 02:45:53,23.96,67.07,95.31,48.37,76.52,0
2025-01-01 02:45:54,23.87,67.0,95.31,48.27,76.7,0
2025-01-01 02:45:55,23.86,67.07,95.32,48.33,76.66,0
2025-01-01 02:45:56,23.89,67.11,95.35,48.31,76.7,0
2025-01-01 02:45:57,23.81,67.01,95.27,48.29,76.63,0
2025-01-01 02:45:58,23.79,67.07,95.36,48.29,76.65,0
2025-01-01 02:45:59,23.79,67.11,95.27,48.24,76.79,0
2025-01-01 02:46:00,23.74,67.13,95.42,48.23,76.78,0
2025-01-01 02:46:01,23.67,67.14,95.53,48.24,76.83,0
2025-01-01 02:46:02,23.69,67.16,95.45,48.26,76.9,0
2025-01-01 02:46:03,23.68,67.2,95.47,48.24,76.89,0
2025-01-01 02:46:04,23.68,67.27,95.54,48.15,76.89,0
2025-01-01 02:46:05,23.66,67.19,95.53,48.23,76.97,0
2025-01-01 02:46:06,23.7,67.29,95.58,48.13,76.97,0
2025-01-01 02:46:07,23.55,67.24,95.65,48.12,77.0,0
2025-01-01 02:46:08,23.6,67.31,95.55,48.2,76.94,0
2025-01-01 02:46:09,23.53,67.36,95.66,48.11,77.1,0
2025-01-01 02:46:10,23.62,67.3,95.68,48.17,77.0,0
2025-01-01 02:46:11,23.63,67.31,95.68,48.16,77.11,0
2025-01-01 02:46:12,23.46,67.35,95.7,48.13,77.19,0
2025-01-01 02:46:13,23.55,67.33,95.83,48.08,77.12,0
2025-01-01 02:46:14,23.49,67.39,95.82,47.95,77.16,0
2025-01-01 02:46:15,23.49,67.42,95.76,48.09,77.19,0
2025-01-01 02:46:16,23.5,67.33,95.83,47.96,77.22,0
2025-01-01 02:46:17,23.44,67.42,95.86,47.99,77.12,0
2025-01-01 02:46:18,23.37,67.41,95.94,48.04,77.31,0
2025-01-01 02:46:19,23.39,67.48,96.04,48.09,77.32,0
2025-01-01 02:46:20,23.41,67.42,96.05,48.01,77.4,0
2025-01-01 02:46:21,23.39,67.48,96.15,48.0,77.36,0
2025-01-01 02:46:22,23.47,67.51,96.17,48.09,77.36,0
2025-01-01 02:46:23,23.4,67.5,96.26,48.09,77.46,0
2025-01-01 02:46:24,23.39,67.49,96.28,47.97,77.47,0
2025-01-01 02:46:25,23.29,67.58,96.33,48.03,77.5,0
2025-01-01 02:46:26,23.3,67.56,96.26,48.09,77.55,0
2025-01-01 02:46:27,23.27,67.57,96.47,48.02,77.62,0
2025-01-01 02:46:28,23.24,67.6,96.33,47.97,77.62,0
2025-01-01 02:46:29,23.21,67.53,96.44,47.98,77.59,0
2025-01-01 02:46:30,23.15,67.54,96.46,47.99,77.69,0
2025-01-01 02:46:31,23.18,67.61,96.5,47.99,77.7,0
2025-01-01 02:46:32,23.15,67.66,96.6,47.96,77.73,0
2025-01-01 02:46:33,23.21,67.67,96.59,48.07,77.84,0
2025-01-01 02:46:34,23.21,67.67,96.63,47.94,77.7,0
2025-01-01 02:46:35,23.1,67.68,96.67,48.08,77.68,0
2025-01-01 02:46:36,23.15,67.7,96.77,48.02,77.86,0
2025-01-01 02:46:37,23.14,67.71,96.77,48.12,77.9,0
2025-01-01 02:46:38,23.12,67.66,96.81,48.09,77.78,0
2025-01-01 02:46:39,23.1,67.71,96.9,48.03,78.02,0
